{"type": "FeatureCollection", "features": [{"type": "Feature", "geometry": {"type": "Polygon", "coordinates": [[[-95.4765170004013, 29.724454000336376], [-95.47639600002746, 29.726045000147113], [-95.46774699981073, 29.726460999899313], [-95.46043499996057, 29.72895300016818], [-95.46039499977759, 29.726211999684786], [-95.46403600008321, 29.725860000213377], [-95.46395599971729, 29.720255000028445], [-95.46809699961508, 29.72021199984524], [-95.46805200030755, 29.71659099971594], [-95.47641399957082, 29.71652700029358], [-95.4765170004013, 29.724454000336376]]]}, "properties": {"geoid": "48201421101", "name": "Census Tract 4211.01", "population": "2746.0", "median_hh_income": "57039.0", "poverty_rate": "0.24726875455207575", "nearest_dollar_store_mi": "1.83", "gap_score": "1917.4"}}, {"type": "Feature", "geometry": {"type": "Polygon", "coordinates": [[[-95.52819599982003, 29.672719999701503], [-95.52517899985348, 29.67187400023795], [-95.52092699962759, 29.67218900023876], [-95.51488699984671, 29.673859999672842], [-95.51145800015149, 29.675897000180843], [-95.5086410002015, 29.676171999963017], [-95.50854199956896, 29.665634000107897], [-95.52431199984015, 29.66546100027372], [-95.52810200010872, 29.664971999683768], [-95.52819599982003, 29.672719999701503]]]}, "properties": {"geoid": "48201423301", "name": "Census Tract 4233.01", "population": "4664.0", "median_hh_income": "52578.0", "poverty_rate": "0.12049742710120069", "nearest_dollar_store_mi": "0.76", "gap_score": "1315.5"}}, {"type": "Feature", "geometry": {"type": "Polygon", "coordinates": [[[-95.5837340000026, 29.659426000009397], [-95.58148199994211, 29.65955799963418], [-95.57077700038177, 29.656214999746556], [-95.57040900013573, 29.653621999781823], [-95.56853100016906, 29.651386999831978], [-95.57136300018769, 29.64872500032061], [-95.58270200013284, 29.65395200037896], [-95.5837340000026, 29.659426000009397]]]}, "properties": {"geoid": "48201453401", "name": "Census Tract 4534.01", "population": "3639.0", "median_hh_income": "74928.0", "poverty_rate": "0.2283507997793712", "nearest_dollar_store_mi": "1.37", "gap_score": "413.1"}}, {"type": "Feature", "geometry": {"type": "Polygon", "coordinates": [[[-95.383270000024, 29.66813100029541], [-95.38193299965742, 29.671744000086242], [-95.3817069997016, 29.677982000069587], [-95.38120399973636, 29.680715999790394], [-95.36664899963301, 29.68097399983967], [-95.35967900008963, 29.680546000218868], [-95.35596499998908, 29.680921000062074], [-95.35571499974381, 29.66909399987432], [-95.35747499970971, 29.66956400000447], [-95.3761099996115, 29.6693190002854], [-95.37782400044496, 29.669105000093452], [-95.38150599986015, 29.667947999617393], [-95.38339300004766, 29.667894000108653], [-95.383270000024, 29.66813100029541]]]}, "properties": {"geoid": "48201331100", "name": "Census Tract 3311", "population": "4129.0", "median_hh_income": "58717.0", "poverty_rate": "0.24660194174757283", "nearest_dollar_store_mi": "4.09", "gap_score": "4381.9"}}, {"type": "Feature", "geometry": {"type": "Polygon", "coordinates": [[[-95.3874929999376, 29.65777300026429], [-95.38646600009069, 29.661903999913385], [-95.38339300004766, 29.667894000108653], [-95.38150599986015, 29.667947999617393], [-95.37782400044496, 29.669105000093452], [-95.3761099996115, 29.6693190002854], [-95.35747499970971, 29.66956400000447], [-95.35571499974381, 29.66909399987432], [-95.35551899992524, 29.658436999629213], [-95.3874929999376, 29.65777300026429]]]}, "properties": {"geoid": "48201331200", "name": "Census Tract 3312", "population": "5016.0", "median_hh_income": "32156.0", "poverty_rate": "0.37042225335201123", "nearest_dollar_store_mi": "3.3", "gap_score": "6874.0"}}, {"type": "Feature", "geometry": {"type": "Polygon", "coordinates": [[[-95.3876689996647, 29.655761999880575], [-95.387513999854, 29.65762599997944], [-95.36801299976379, 29.658258999980127], [-95.3686110001636, 29.655614999780518], [-95.36836299956815, 29.644318999710524], [-95.37034000016735, 29.643462999784248], [-95.37101800003478, 29.642214000314763], [-95.37261399996915, 29.6418980000078], [-95.37375700016699, 29.64043300004993], [-95.37569000038525, 29.6402349996192], [-95.37594899995302, 29.63956299982044], [-95.37549200001854, 29.63757700033949], [-95.37641599993326, 29.636547000326477], [-95.37790999976036, 29.635981000266007], [-95.37807399979191, 29.63265900008942], [-95.37988700035956, 29.631631000254227], [-95.37995900032959, 29.630005999746075], [-95.38141499962357, 29.629408999779706], [-95.38237899972124, 29.629274999896182], [-95.38446500010038, 29.629713000124855], [-95.38535800005296, 29.630912999926856], [-95.38728000040058, 29.63221200031927], [-95.3876689996647, 29.655761999880575]]]}, "properties": {"geoid": "48201331300", "name": "Census Tract 3313", "population": "5819.0", "median_hh_income": "41975.0", "poverty_rate": "0.337891639259131", "nearest_dollar_store_mi": "2.11", "gap_score": "5472.0"}}, {"type": "Feature", "geometry": {"type": "Polygon", "coordinates": [[[-95.3686110001636, 29.655614999780518], [-95.36801299976379, 29.658258999980127], [-95.35551899992524, 29.658436999629213], [-95.35540799959715, 29.65348600004414], [-95.35628600037944, 29.648215000134847], [-95.35760299975622, 29.647931999725383], [-95.35917399957623, 29.64808200037809], [-95.3600859997954, 29.64728299961361], [-95.36405299961595, 29.646482000108975], [-95.36558800034925, 29.646522999630157], [-95.36702500027496, 29.645667999817025], [-95.36746100029305, 29.6444849999026], [-95.36836299956815, 29.644318999710524], [-95.3686110001636, 29.655614999780518]]]}, "properties": {"geoid": "48201331400", "name": "Census Tract 3314", "population": "3353.0", "median_hh_income": "21099.0", "poverty_rate": "0.7807933194154488", "nearest_dollar_store_mi": "2.64", "gap_score": "5256.6"}}, {"type": "Feature", "geometry": {"type": "Polygon", "coordinates": [[[-95.246462999817, 29.67980600029558], [-95.24574599959152, 29.68138399969314], [-95.2454130004039, 29.68318000016553], [-95.22951400026125, 29.6833179998138], [-95.22413700027917, 29.675877000068006], [-95.23065900010893, 29.675736000135196], [-95.23053500026036, 29.669784000008203], [-95.23413100036014, 29.669741000073667], [-95.2356779998907, 29.670432000316723], [-95.23632700034413, 29.671750999828532], [-95.23733499992446, 29.672785000338276], [-95.23913000005044, 29.673323000189278], [-95.24001299995729, 29.67533499978815], [-95.2409510001157, 29.676472000357652], [-95.24439599970444, 29.676684999899376], [-95.24553700025245, 29.678907000295588], [-95.246462999817, 29.67980600029558]]]}, "properties": {"geoid": "48201321700", "name": "Census Tract 3217", "population": "3202.0", "median_hh_income": "77482.0", "poverty_rate": "0.12589815682599187", "nearest_dollar_store_mi": "1.86", "gap_score": "224.7"}}, {"type": "Feature", "geometry": {"type": "Polygon", "coordinates": [[[-95.18421200000898, 30.050024000221907], [-95.18123600005032, 30.05091399979123], [-95.17598899976458, 30.050801000177373], [-95.16946500028502, 30.053267999887773], [-95.16304399983932, 30.0536759999496], [-95.16091499980246, 30.054320999871138], [-95.1605929995872, 30.053265000115477], [-95.16207899991672, 30.048460000182278], [-95.1617190000666, 30.04790999971695], [-95.16065100021183, 30.047893000086525], [-95.15976699958176, 30.04684300015106], [-95.15926100014178, 30.046826000337514], [-95.15791499955435, 30.04568199995958], [-95.15740999993929, 30.04495599992521], [-95.1574950003281, 30.044124999903772], [-95.15714499962542, 30.043544000344536], [-95.15534700002469, 30.04206099979462], [-95.15398000041918, 30.034957000173947], [-95.1561999997943, 30.03661400037702], [-95.16583999987293, 30.03151699973433], [-95.16825599996494, 30.0305270003571], [-95.17426599960861, 30.028917999874405], [-95.17653100008788, 30.02732400017416], [-95.17443300001318, 30.03250399971004], [-95.1740969995542, 30.034418999996216], [-95.17444300005893, 30.036363000247736], [-95.17711400041908, 30.041501999963014], [-95.18190700024505, 30.046261000208833], [-95.18421200000898, 30.050024000221907]]]}, "properties": {"geoid": "48201250901", "name": "Census Tract 2509.01", "population": "4067.0", "median_hh_income": "93466.0", "poverty_rate": "0.09540201622817802", "nearest_dollar_store_mi": "2.91", "gap_score": "0.0"}}, {"type": "Feature", "geometry": {"type": "Polygon", "coordinates": [[[-95.50963700008623, 29.82159899986759], [-95.50919799969508, 29.823395999980402], [-95.50927100038834, 29.8293359997404], [-95.50291799971468, 29.829362000245002], [-95.50287400023207, 29.82557000020212], [-95.49556200038191, 29.825590999962913], [-95.49484099995847, 29.82600200007073], [-95.4939990000595, 29.82542400007328], [-95.49911900012364, 29.820035000372048], [-95.5012430001376, 29.820856000243367], [-95.50962600021558, 29.82114100015316], [-95.50963700008623, 29.82159899986759]]]}, "properties": {"geoid": "48201521402", "name": "Census Tract 5214.02", "population": "3430.0", "median_hh_income": "43276.0", "poverty_rate": "0.4084548104956268", "nearest_dollar_store_mi": "1.21", "gap_score": "1953.7"}}, {"type": "Feature", "geometry": {"type": "Polygon", "coordinates": [[[-95.49320700038928, 29.826263000109343], [-95.4915059999746, 29.82850000011021], [-95.49082499973412, 29.83330699968197], [-95.48885300005611, 29.833014999999506], [-95.4887960001547, 29.829143999940626], [-95.4851480001764, 29.828845999934792], [-95.48454099955576, 29.830393000056336], [-95.48222900011913, 29.83041799967776], [-95.48217999971534, 29.827338999872666], [-95.48144999996937, 29.826100000051703], [-95.48027499998447, 29.826531000099525], [-95.47854099995784, 29.826273000371945], [-95.47668100043285, 29.826711000294313], [-95.4528200001617, 29.80453200005212], [-95.45150700008455, 29.802894000293016], [-95.4508550001564, 29.801518000274545], [-95.44908099994679, 29.80153800029254], [-95.45065299959171, 29.794561999867348], [-95.49368100004219, 29.825761999854688], [-95.49320700038928, 29.826263000109343]]]}, "properties": {"geoid": "48201520501", "name": "Census Tract 5205.01", "population": "4009.0", "median_hh_income": "44181.0", "poverty_rate": "0.32125905570821883", "nearest_dollar_store_mi": "0.45", "gap_score": "794.6"}}, {"type": "Feature", "geometry": {"type": "Polygon", "coordinates": [[[-95.55903099983252, 29.872311000006835], [-95.55578200006238, 29.873516000060235], [-95.52463200040563, 29.859577999746012], [-95.50985899984408, 29.851287999963173], [-95.51159299987071, 29.850956999761845], [-95.51539200036008, 29.85092500012443], [-95.5147470001046, 29.849144999755456], [-95.51470600009674, 29.847486000369564], [-95.5141119998949, 29.846261000355877], [-95.51391199987835, 29.84117500023141], [-95.51510199993186, 29.84103299997761], [-95.55903099983252, 29.872311000006835]]]}, "properties": {"geoid": "48201521701", "name": "Census Tract 5217.01", "population": "4632.0", "median_hh_income": "31588.0", "poverty_rate": "0.4830213321723988", "nearest_dollar_store_mi": "1.16", "gap_score": "2660.0"}}, {"type": "Feature", "geometry": {"type": "Polygon", "coordinates": [[[-95.42950799988657, 29.96529899996662], [-95.42622200030652, 29.9653530001738], [-95.42291499991174, 29.965981999878053], [-95.4192519998648, 29.96573100002432], [-95.41869799984593, 29.963012000285417], [-95.41861300035542, 29.956875999938074], [-95.41994300015101, 29.956761999688155], [-95.42174199957667, 29.95562400037792], [-95.42313900021772, 29.955482999810116], [-95.42338299971688, 29.958941999782457], [-95.42463200021992, 29.961274999998775], [-95.42908600011218, 29.95991699997132], [-95.42915100040952, 29.96371299967457], [-95.42950799988657, 29.96529899996662]]]}, "properties": {"geoid": "48201550201", "name": "Census Tract 5502.01", "population": "1946.0", "median_hh_income": "35625.0", "poverty_rate": "0.3931140801644399", "nearest_dollar_store_mi": "0.45", "gap_score": "409.1"}}, {"type": "Feature", "geometry": {"type": "Polygon", "coordinates": [[[-95.51539200036008, 29.85092500012443], [-95.51159299987071, 29.850956999761845], [-95.50985899984408, 29.851287999963173], [-95.49273299983803, 29.841426000070893], [-95.51391199987835, 29.84117500023141], [-95.5141119998949, 29.846261000355877], [-95.51470600009674, 29.847486000369564], [-95.5147470001046, 29.849144999755456], [-95.51539200036008, 29.85092500012443]]]}, "properties": {"geoid": "48201521702", "name": "Census Tract 5217.02", "population": "3159.0", "median_hh_income": "34656.0", "poverty_rate": "0.35327635327635326", "nearest_dollar_store_mi": "0.42", "gap_score": "604.2"}}, {"type": "Feature", "geometry": {"type": "Polygon", "coordinates": [[[-95.48933000008209, 29.810673999913995], [-95.48498900016774, 29.810571000261806], [-95.48483299963381, 29.8028379999004], [-95.4888599997288, 29.80288400003034], [-95.48933000008209, 29.810673999913995]]]}, "properties": {"geoid": "48201520603", "name": "Census Tract 5206.03", "population": "2037.0", "median_hh_income": "32691.0", "poverty_rate": "0.31795131845841784", "nearest_dollar_store_mi": "0.27", "gap_score": "244.1"}}, {"type": "Feature", "geometry": {"type": "Polygon", "coordinates": [[[-95.50659099980737, 29.81099500007163], [-95.500855999625, 29.81090700033247], [-95.50089199961002, 29.803015999675758], [-95.50652100038548, 29.80307600037826], [-95.50659099980737, 29.81099500007163]]]}, "properties": {"geoid": "48201521201", "name": "Census Tract 5212.01", "population": "2057.0", "median_hh_income": "59139.0", "poverty_rate": "0.3884297520661157", "nearest_dollar_store_mi": "0.86", "gap_score": "680.3"}}, {"type": "Feature", "geometry": {"type": "Polygon", "coordinates": [[[-95.47334300007591, 29.857943999744297], [-95.471034000114, 29.857927999878072], [-95.47094799990029, 29.85602900002206], [-95.46865499983191, 29.856061000360747], [-95.46866900007561, 29.857231000148627], [-95.46388600029539, 29.857286999670695], [-95.46339800039877, 29.85703900021312], [-95.46284600002971, 29.857628999715022], [-95.46328100022289, 29.857990000221868], [-95.46304100002338, 29.858580999881784], [-95.46205299963624, 29.85810500015441], [-95.46199699955973, 29.857328999875904], [-95.46455300029216, 29.85485399991015], [-95.46454400007133, 29.854253000199535], [-95.46302900032781, 29.853193999957327], [-95.46300900023633, 29.85262900024774], [-95.46364799974569, 29.851904000045543], [-95.46370299999728, 29.851382999655836], [-95.46120200041477, 29.84915999982988], [-95.46104900025388, 29.847062999976682], [-95.45864999988032, 29.84233699991343], [-95.46829699963163, 29.842298000323098], [-95.47331700013665, 29.851051000147155], [-95.47334300007591, 29.857943999744297]]]}, "properties": {"geoid": "48201532004", "name": "Census Tract 5320.04", "population": "5291.0", "median_hh_income": "30318.0", "poverty_rate": "0.43677943677943676", "nearest_dollar_store_mi": "0.96", "gap_score": "2440.6"}}, {"type": "Feature", "geometry": {"type": "Polygon", "coordinates": [[[-95.48095000037716, 29.865750999754912], [-95.48037600026682, 29.865658000225025], [-95.47917799981738, 29.864053999627593], [-95.47814299957459, 29.86332700005478], [-95.46682799991888, 29.86332200022048], [-95.46692599982816, 29.861819000343452], [-95.46588800011062, 29.860248999976825], [-95.46460900036864, 29.859200999867316], [-95.46304100002338, 29.858580999881784], [-95.46328100022289, 29.857990000221868], [-95.46287199996898, 29.857552000335794], [-95.46339800039877, 29.85703900021312], [-95.46388600029539, 29.857286999670695], [-95.46866900007561, 29.857231000148627], [-95.46865499983191, 29.856061000360747], [-95.47094799990029, 29.85602900002206], [-95.471034000114, 29.857927999878072], [-95.47334300007591, 29.857943999744297], [-95.47331700013665, 29.851051000147155], [-95.4816159996507, 29.865762999687924], [-95.48095000037716, 29.865750999754912]]]}, "properties": {"geoid": "48201532003", "name": "Census Tract 5320.03", "population": "4018.0", "median_hh_income": "32738.0", "poverty_rate": "0.5214036834245893", "nearest_dollar_store_mi": "0.21", "gap_score": "419.7"}}, {"type": "Feature", "geometry": {"type": "Polygon", "coordinates": [[[-95.24527899961127, 29.79494799976244], [-95.24025599963153, 29.79510400021851], [-95.21891099990985, 29.80261100003379], [-95.21853000014335, 29.778035999879304], [-95.21827400005031, 29.775837000334448], [-95.22318599970197, 29.775716000161964], [-95.22616300038388, 29.776549999760746], [-95.22887999987645, 29.775086999635832], [-95.22996100015, 29.77634400026643], [-95.23102599963173, 29.776568999722986], [-95.23185199963716, 29.777129000316684], [-95.23302599979712, 29.779415999784177], [-95.23362500002186, 29.779750999671982], [-95.23377599963459, 29.78069199983081], [-95.23556699956262, 29.782224999875726], [-95.23483699981665, 29.783754000214422], [-95.23515800020702, 29.78403399991171], [-95.23587100023455, 29.783879999941227], [-95.23650100042141, 29.784340999632132], [-95.23634999991036, 29.785000999921806], [-95.23798900040074, 29.785474000129533], [-95.23816599995276, 29.786221000176187], [-95.23778799966098, 29.786969000369112], [-95.23842600024375, 29.788085000359278], [-95.23901799989746, 29.788172999904692], [-95.23945999976333, 29.789019000003567], [-95.23957500028936, 29.790834000228383], [-95.24053299964095, 29.791999000319247], [-95.24275899976217, 29.793537999898973], [-95.2448719999055, 29.794213000098274], [-95.24527899961127, 29.79494799976244]]]}, "properties": {"geoid": "48201232701", "name": "Census Tract 2327.01", "population": "7134.0", "median_hh_income": "39069.0", "poverty_rate": "0.3148984198645598", "nearest_dollar_store_mi": "1.07", "gap_score": "3345.7"}}, {"type": "Feature", "geometry": {"type": "Polygon", "coordinates": [[[-95.48120200027225, 29.652780999939193], [-95.4772999998507, 29.656684999940378], [-95.47670599964889, 29.659296000162286], [-95.47441000010576, 29.660898000381895], [-95.46521899956572, 29.66937000018371], [-95.46398800040262, 29.670106000167856], [-95.46186699986339, 29.67074999973591], [-95.46399800044838, 29.664304999958283], [-95.46401500016681, 29.660477000146727], [-95.4658310002092, 29.659273999919332], [-95.46715299960889, 29.659146999806747], [-95.4680470002847, 29.658240000248973], [-95.46890900027513, 29.65801999997792], [-95.46909800042103, 29.657327000351785], [-95.47040099955412, 29.657365000155313], [-95.47750499989013, 29.652898999928794], [-95.47988400017222, 29.652551999842412], [-95.48120200027225, 29.652780999939193]]]}, "properties": {"geoid": "48201420600", "name": "Census Tract 4206", "population": "2358.0", "median_hh_income": "92219.0", "poverty_rate": "0.07845631891433417", "nearest_dollar_store_mi": "1.19", "gap_score": "0.0"}}, {"type": "Feature", "geometry": {"type": "Polygon", "coordinates": [[[-95.47687499970328, 29.677388999721643], [-95.46261699970086, 29.679742000067385], [-95.4606700001372, 29.681050000296622], [-95.45905199956321, 29.681396999640228], [-95.45908000005062, 29.679155000183535], [-95.45956999959706, 29.676640000187735], [-95.46186699986339, 29.67074999973591], [-95.46398800040262, 29.670106000167856], [-95.46521899956572, 29.66937000018371], [-95.47441000010576, 29.660898000381895], [-95.47670599964889, 29.659296000162286], [-95.47687499970328, 29.677388999721643]]]}, "properties": {"geoid": "48201420700", "name": "Census Tract 4207", "population": "2872.0", "median_hh_income": "199875.0", "poverty_rate": "0.012186629526462395", "nearest_dollar_store_mi": "0.75", "gap_score": "0.0"}}, {"type": "Feature", "geometry": {"type": "Polygon", "coordinates": [[[-95.40211099979011, 29.701394999803103], [-95.39838599981893, 29.701914000178082], [-95.39660499993663, 29.702999000182448], [-95.3919359999592, 29.701503000255475], [-95.39022600022201, 29.705903999878956], [-95.38886100026633, 29.706523999647626], [-95.38768399973331, 29.706641999774092], [-95.38461599971313, 29.70569899985592], [-95.39046800007135, 29.688800999791688], [-95.3944209996482, 29.689010999923212], [-95.39268400014683, 29.691776000266515], [-95.39220200009797, 29.693146999862496], [-95.39222200018948, 29.69490300037226], [-95.3930620004386, 29.697704000308324], [-95.40083399969798, 29.695782000045874], [-95.40211099979011, 29.701394999803103]]]}, "properties": {"geoid": "48201314001", "name": "Census Tract 3140.01", "population": "3169.0", "median_hh_income": "62500.0", "poverty_rate": "0.14938361131254532", "nearest_dollar_store_mi": "3.05", "gap_score": "2549.7"}}, {"type": "Feature", "geometry": {"type": "Polygon", "coordinates": [[[-95.26785500029266, 29.67566500018831], [-95.25564599996113, 29.684779000077683], [-95.25155500029203, 29.687494000227193], [-95.24947899995864, 29.687543999796514], [-95.24813300026952, 29.688197000363733], [-95.24674200037457, 29.686069999801756], [-95.24825499956995, 29.685249999969333], [-95.24829800012597, 29.684655999846886], [-95.25105399997662, 29.683929000142246], [-95.25373200000944, 29.68218700023206], [-95.25409199985955, 29.679707000230245], [-95.25445699973254, 29.679542000164837], [-95.25472200004641, 29.67879499984356], [-95.2544960000906, 29.677919999821857], [-95.25554200020406, 29.676024000219115], [-95.25587699993982, 29.674517000233372], [-95.25738800038368, 29.67316000024965], [-95.25746399965335, 29.672577000338105], [-95.2591569996721, 29.671378999692703], [-95.25901399955697, 29.67046700026031], [-95.25957500014685, 29.66975499983654], [-95.25943600022967, 29.66924099979399], [-95.26005100034791, 29.668813000183963], [-95.26099700000394, 29.66687099973219], [-95.2640149997954, 29.67135400018396], [-95.26785500029266, 29.67566500018831]]]}, "properties": {"geoid": "48201320602", "name": "Census Tract 3206.02", "population": "4365.0", "median_hh_income": "52061.0", "poverty_rate": "0.293241695303551", "nearest_dollar_store_mi": "0.5", "gap_score": "944.8"}}, {"type": "Feature", "geometry": {"type": "Polygon", "coordinates": [[[-95.62314299988877, 29.674839999888874], [-95.62308400033753, 29.675341000245], [-95.60997500038073, 29.675453999676513], [-95.60823999963088, 29.679698999708272], [-95.60263800041622, 29.678045999857275], [-95.60438099976538, 29.673308000306477], [-95.60430299994756, 29.67105199963281], [-95.60315899992482, 29.668962000273087], [-95.59886800023918, 29.66521400009401], [-95.59805899995219, 29.663643000155098], [-95.59783800001924, 29.66095900023643], [-95.60546600023687, 29.664467000274815], [-95.62248000008995, 29.674073999893185], [-95.62317700022396, 29.674496000021694], [-95.62314299988877, 29.674839999888874]]]}, "properties": {"geoid": "48201453800", "name": "Census Tract 4538", "population": "3614.0", "median_hh_income": "59391.0", "poverty_rate": "0.10049232551404576", "nearest_dollar_store_mi": "2.18", "gap_score": "2378.5"}}, {"type": "Feature", "geometry": {"type": "Polygon", "coordinates": [[[-95.64479099955915, 29.78503500018273], [-95.62376800005273, 29.78506099973243], [-95.62386799961186, 29.774586000340864], [-95.62313200001812, 29.772462000132432], [-95.62522099987198, 29.773605999846268], [-95.63263400000449, 29.773837000024603], [-95.63335600025283, 29.77331399971906], [-95.63410000024251, 29.77107600011288], [-95.63490500033154, 29.77050499995437], [-95.64028800016139, 29.768936999912587], [-95.64331199980064, 29.769367999865818], [-95.64291699979044, 29.772008999734663], [-95.6446039999614, 29.777172999846364], [-95.64479099955915, 29.78503500018273]]]}, "properties": {"geoid": "48201450500", "name": "Census Tract 4505", "population": "3412.0", "median_hh_income": "144891.0", "poverty_rate": "0.038686987104337635", "nearest_dollar_store_mi": "3.17", "gap_score": "0.0"}}, {"type": "Feature", "geometry": {"type": "Polygon", "coordinates": [[[-95.5521089999697, 29.689950999853156], [-95.54971999964185, 29.690519999690398], [-95.53767100004222, 29.69066799994297], [-95.53520100042186, 29.691139999988387], [-95.53075300037737, 29.688058999610313], [-95.53577200015916, 29.68182399978864], [-95.53679399998316, 29.68086100036844], [-95.53747699987348, 29.68104499993973], [-95.53832200014548, 29.680347999887193], [-95.5390219997542, 29.680193000112233], [-95.54392099988539, 29.680859999826954], [-95.54755100032037, 29.681663999621986], [-95.54841699961045, 29.68212299995884], [-95.54944900037853, 29.684172999654614], [-95.54875499971925, 29.686632999978873], [-95.54887199989513, 29.6874450003285], [-95.5521089999697, 29.689950999853156]]]}, "properties": {"geoid": "48201433400", "name": "Census Tract 4334", "population": "4329.0", "median_hh_income": "46243.0", "poverty_rate": "0.2383922383922384", "nearest_dollar_store_mi": "1.17", "gap_score": "2097.2"}}, {"type": "Feature", "geometry": {"type": "Polygon", "coordinates": [[[-95.57373400007387, 29.77612100026808], [-95.56663899995868, 29.781217999990215], [-95.56543499966148, 29.78281799995222], [-95.56517100007083, 29.783725000217718], [-95.56518000029168, 29.784260999821097], [-95.56593000012911, 29.784810000259398], [-95.56318699979896, 29.78480599989929], [-95.56287600035265, 29.77277399993263], [-95.570250999952, 29.77264299979246], [-95.57125699988248, 29.773713999763082], [-95.57348800002657, 29.775170000123676], [-95.57373400007387, 29.77612100026808]]]}, "properties": {"geoid": "48201450100", "name": "Census Tract 4501", "population": "1874.0", "median_hh_income": "151111.0", "poverty_rate": "0.016008537886873", "nearest_dollar_store_mi": "4.0", "gap_score": "0.0"}}, {"type": "Feature", "geometry": {"type": "Polygon", "coordinates": [[[-95.5902879996194, 29.784920000354433], [-95.56593000012911, 29.784810000259398], [-95.56518000029168, 29.784260999821097], [-95.56517100007083, 29.783725000217718], [-95.56543499966148, 29.78281799995222], [-95.56663899995868, 29.781217999990215], [-95.57368999969295, 29.776253000127753], [-95.57348800002657, 29.775170000123676], [-95.57125699988248, 29.773713999763082], [-95.570250999952, 29.77264299979246], [-95.57926900023969, 29.77258699962676], [-95.58241500007767, 29.773245000181483], [-95.58575199971138, 29.773239000117783], [-95.58742800001168, 29.772780000024177], [-95.58979700024804, 29.77123799974804], [-95.5902879996194, 29.784920000354433]]]}, "properties": {"geoid": "48201450200", "name": "Census Tract 4502", "population": "5965.0", "median_hh_income": "150709.0", "poverty_rate": "0.07292539815590947", "nearest_dollar_store_mi": "4.19", "gap_score": "0.0"}}, {"type": "Feature", "geometry": {"type": "Polygon", "coordinates": [[[-95.14055500009488, 29.576517999703867], [-95.13033000003524, 29.583813000055436], [-95.12617499989372, 29.579505999671383], [-95.12200800005664, 29.577488000246717], [-95.1233210001338, 29.57516699974135], [-95.12477599960285, 29.573385999969094], [-95.1324259995618, 29.567763000263795], [-95.14055500009488, 29.576517999703867]]]}, "properties": {"geoid": "48201340600", "name": "Census Tract 3406", "population": "2463.0", "median_hh_income": "124435.0", "poverty_rate": "0.021112464474218433", "nearest_dollar_store_mi": "1.81", "gap_score": "0.0"}}, {"type": "Feature", "geometry": {"type": "Polygon", "coordinates": [[[-95.15757200032101, 29.58035999992848], [-95.15543999991111, 29.581669999812085], [-95.1491800000222, 29.583838000203876], [-95.14689799982446, 29.585749000346365], [-95.14386999998726, 29.589156999916764], [-95.13813599962981, 29.59211799972433], [-95.13525000008282, 29.589465000127007], [-95.13369799963108, 29.5869339998696], [-95.13033000003524, 29.583813000055436], [-95.14880699975329, 29.570584000118238], [-95.1577990001017, 29.58020000023277], [-95.15757200032101, 29.58035999992848]]]}, "properties": {"geoid": "48201340800", "name": "Census Tract 3408", "population": "6143.0", "median_hh_income": "142072.0", "poverty_rate": "0.051277877258668406", "nearest_dollar_store_mi": "2.35", "gap_score": "0.0"}}, {"type": "Feature", "geometry": {"type": "Polygon", "coordinates": [[[-95.5379790000138, 29.704998000280476], [-95.52130300026954, 29.705138999734462], [-95.5205330003406, 29.702813000367595], [-95.51785600013268, 29.700379999776327], [-95.52842199977584, 29.690963000133674], [-95.53075300037737, 29.688058999610313], [-95.53520100042186, 29.691139999988387], [-95.53712500041927, 29.694038999944684], [-95.53776399992866, 29.696524999769075], [-95.5379790000138, 29.704998000280476]]]}, "properties": {"geoid": "48201433300", "name": "Census Tract 4333", "population": "4680.0", "median_hh_income": "86925.0", "poverty_rate": "0.07243589743589744", "nearest_dollar_store_mi": "1.51", "gap_score": "0.0"}}, {"type": "Feature", "geometry": {"type": "Polygon", "coordinates": [[[-95.5149019999153, 29.841176999673827], [-95.49273299983803, 29.841426000070893], [-95.47668100043285, 29.826711000294313], [-95.47854099995784, 29.826273000371945], [-95.48027499998447, 29.826531000099525], [-95.48144999996937, 29.826100000051703], [-95.48217999971534, 29.827338999872666], [-95.48222900011913, 29.83041799967776], [-95.48454099955576, 29.830393000056336], [-95.4851480001764, 29.828845999934792], [-95.4887960001547, 29.829143999940626], [-95.48885300005611, 29.833014999999506], [-95.49082499973412, 29.83330699968197], [-95.4915059999746, 29.82850000011021], [-95.49368100004219, 29.825761999854688], [-95.51510199993186, 29.84103299997761], [-95.5149019999153, 29.841176999673827]]]}, "properties": {"geoid": "48201520502", "name": "Census Tract 5205.02", "population": "4644.0", "median_hh_income": "49909.0", "poverty_rate": "0.16602067183462532", "nearest_dollar_store_mi": "1.07", "gap_score": "1938.6"}}, {"type": "Feature", "geometry": {"type": "Polygon", "coordinates": [[[-95.50089900018102, 29.80395600005081], [-95.500855999625, 29.81090700033247], [-95.49435300006184, 29.81103900030186], [-95.48933000008209, 29.810673999913995], [-95.4888599997288, 29.80288400003034], [-95.50089199961002, 29.803015999675758], [-95.50089900018102, 29.80395600005081]]]}, "properties": {"geoid": "48201520604", "name": "Census Tract 5206.04", "population": "3447.0", "median_hh_income": "81483.0", "poverty_rate": "0.20481578183928054", "nearest_dollar_store_mi": "0.38", "gap_score": "0.0"}}, {"type": "Feature", "geometry": {"type": "Polygon", "coordinates": [[[-95.52636899990699, 29.83044700016596], [-95.52361800007921, 29.83047699969475], [-95.5234549998726, 29.828719000106815], [-95.52279000042397, 29.827193999851353], [-95.52265999982932, 29.824898999956], [-95.51653200018488, 29.825007999732154], [-95.51652200013912, 29.824424000108447], [-95.51745100007672, 29.824270999852416], [-95.51740199967291, 29.82112900031285], [-95.52068399995335, 29.82196599994666], [-95.52628100004344, 29.821945000203588], [-95.52636899990699, 29.83044700016596]]]}, "properties": {"geoid": "48201521501", "name": "Census Tract 5215.01", "population": "2853.0", "median_hh_income": "52917.0", "poverty_rate": "0.35808639771510176", "nearest_dollar_store_mi": "0.27", "gap_score": "351.8"}}, {"type": "Feature", "geometry": {"type": "Polygon", "coordinates": [[[-95.26093199970663, 29.979305000090626], [-95.25825399967377, 29.989990999629995], [-95.2582140003891, 29.99277300030648], [-95.25735800024646, 29.995577000285877], [-95.2574040002772, 29.999157999888244], [-95.24524699982423, 29.999215000211308], [-95.24449000031407, 29.99962699982613], [-95.24210600000912, 29.99925000029797], [-95.21242400024022, 29.999447999622046], [-95.21238599970707, 29.981848000151214], [-95.21743399980117, 29.979337999632325], [-95.2189710001843, 29.980273999611647], [-95.22119300010756, 29.980691000193826], [-95.22486000035246, 29.980454000032957], [-95.2352960002993, 29.978042000122805], [-95.23823200007499, 29.97823799992112], [-95.24299499976374, 29.979168999906417], [-95.25892999989138, 29.979012000188803], [-95.26093199970663, 29.979305000090626]]]}, "properties": {"geoid": "48201250602", "name": "Census Tract 2506.02", "population": "4634.0", "median_hh_income": "50297.0", "poverty_rate": "0.39253344842468707", "nearest_dollar_store_mi": "1.17", "gap_score": "2513.5"}}, {"type": "Feature", "geometry": {"type": "Polygon", "coordinates": [[[-95.55743400007324, 29.689622999654283], [-95.55715399969075, 29.69210200038233], [-95.55737899982167, 29.704502000257406], [-95.55146000041458, 29.70481599991782], [-95.55150100042248, 29.703771000095173], [-95.55226799997837, 29.701961000160736], [-95.55228899989476, 29.700562000374358], [-95.55207800000755, 29.692986999772963], [-95.55119599992562, 29.69025999983673], [-95.55485800014765, 29.689231000296438], [-95.55712299972862, 29.6893559997441], [-95.55743400007324, 29.689622999654283]]]}, "properties": {"geoid": "48201433100", "name": "Census Tract 4331", "population": "3295.0", "median_hh_income": "47480.0", "poverty_rate": "0.31836115326251896", "nearest_dollar_store_mi": "2.27", "gap_score": "3283.3"}}, {"type": "Feature", "geometry": {"type": "Polygon", "coordinates": [[[-95.48492700024345, 29.794909999794413], [-95.48359400007482, 29.79464899976771], [-95.46814199982093, 29.79457099999495], [-95.46799600023107, 29.784464000093987], [-95.4757080001143, 29.784000000090476], [-95.4848529997253, 29.784140999984636], [-95.48492700024345, 29.794909999794413]]]}, "properties": {"geoid": "48201520200", "name": "Census Tract 5202", "population": "3189.0", "median_hh_income": "151607.0", "poverty_rate": "0.038883662590153655", "nearest_dollar_store_mi": "1.28", "gap_score": "0.0"}}, {"type": "Feature", "geometry": {"type": "Polygon", "coordinates": [[[-95.51138000033369, 29.801019000207347], [-95.5093890003891, 29.802768000339842], [-95.50652100038548, 29.80307600037826], [-95.48483299963381, 29.8028379999004], [-95.48492700024345, 29.794909999794413], [-95.4966679998715, 29.794635000272713], [-95.49773400007646, 29.795595000306367], [-95.50258800000181, 29.796785999941825], [-95.50547600009693, 29.795990000114397], [-95.50615599961418, 29.797094999850124], [-95.50731499970554, 29.797316000359697], [-95.50969700036069, 29.798454999862297], [-95.51114000013419, 29.799873000111813], [-95.51138000033369, 29.801019000207347]]]}, "properties": {"geoid": "48201520700", "name": "Census Tract 5207", "population": "4505.0", "median_hh_income": "128966.0", "poverty_rate": "0.035826242722794444", "nearest_dollar_store_mi": "0.51", "gap_score": "0.0"}}, {"type": "Feature", "geometry": {"type": "Polygon", "coordinates": [[[-95.55812399963624, 29.661047999663634], [-95.54217799963793, 29.6758709996431], [-95.53051900002563, 29.676418999767716], [-95.53042299976617, 29.67426200026538], [-95.52979299957931, 29.673360000359086], [-95.53162700006338, 29.673164000380652], [-95.53485699956694, 29.67197700038891], [-95.53814300004532, 29.66883800032434], [-95.54005100014923, 29.668459000370383], [-95.54129700027924, 29.668651999724272], [-95.54308499983422, 29.668119000082022], [-95.54535199996333, 29.666360000278228], [-95.54606300034102, 29.66533200033452], [-95.54714000041662, 29.66491399967958], [-95.54746699975647, 29.664072999763746], [-95.54962599993053, 29.6629849996537], [-95.55016099968283, 29.661917999986425], [-95.55222000029778, 29.661115999909644], [-95.55571099991727, 29.658648999914394], [-95.55611199977527, 29.6584639999739], [-95.55812399963624, 29.661047999663634]]]}, "properties": {"geoid": "48201423100", "name": "Census Tract 4231", "population": "2871.0", "median_hh_income": "34656.0", "poverty_rate": "0.41553465691396724", "nearest_dollar_store_mi": "0.9", "gap_score": "1218.3"}}, {"type": "Feature", "geometry": {"type": "Polygon", "coordinates": [[[-95.51785600013268, 29.700379999776327], [-95.51326699962289, 29.704426000370972], [-95.51123499967042, 29.70387800002117], [-95.50876199967699, 29.703822999993232], [-95.50441400008994, 29.70498399996421], [-95.50357499966572, 29.701886999796166], [-95.50353399965783, 29.699210999898547], [-95.50419800017987, 29.69649000031397], [-95.50614100044388, 29.691706000376602], [-95.50996199977624, 29.6920110002649], [-95.51199600027685, 29.69525800033345], [-95.51785600013268, 29.700379999776327]]]}, "properties": {"geoid": "48201422702", "name": "Census Tract 4227.02", "population": "3445.0", "median_hh_income": "74914.0", "poverty_rate": "0.206966618287373", "nearest_dollar_store_mi": "0.74", "gap_score": "207.5"}}, {"type": "Feature", "geometry": {"type": "Polygon", "coordinates": [[[-95.50996199977624, 29.6920110002649], [-95.50614100044388, 29.691706000376602], [-95.50419800017987, 29.69649000031397], [-95.50353399965783, 29.699210999898547], [-95.50357499966572, 29.701886999796166], [-95.50441400008994, 29.70498399996421], [-95.50114799970305, 29.70539700028147], [-95.49305000003044, 29.7054529997441], [-95.49299300012902, 29.694802999947896], [-95.50873999993568, 29.686784000379976], [-95.50896199969354, 29.688920000128228], [-95.50996199977624, 29.6920110002649]]]}, "properties": {"geoid": "48201422701", "name": "Census Tract 4227.01", "population": "4750.0", "median_hh_income": "55286.0", "poverty_rate": "0.14526315789473684", "nearest_dollar_store_mi": "0.75", "gap_score": "1350.2"}}, {"type": "Feature", "geometry": {"type": "Polygon", "coordinates": [[[-95.47724600032234, 29.746899999966196], [-95.47696699976477, 29.750125999863652], [-95.46723100032501, 29.750282999807087], [-95.46693699969882, 29.74040599981915], [-95.4740820000427, 29.73795099990944], [-95.47657799960236, 29.73781499961572], [-95.4771659999564, 29.7400319997277], [-95.47724600032234, 29.746899999966196]]]}, "properties": {"geoid": "48201431801", "name": "Census Tract 4318.01", "population": "3660.0", "median_hh_income": "78551.0", "poverty_rate": "0.13633879781420766", "nearest_dollar_store_mi": "1.86", "gap_score": "149.5"}}, {"type": "Feature", "geometry": {"type": "Polygon", "coordinates": [[[-95.41073499989253, 29.743410000057445], [-95.41070200028055, 29.752015000057348], [-95.40949700015844, 29.752293999745472], [-95.40220600022468, 29.752426999633737], [-95.40206800013242, 29.742785999913302], [-95.41072900004474, 29.742581000342287], [-95.41073499989253, 29.743410000057445]]]}, "properties": {"geoid": "48201410401", "name": "Census Tract 4104.01", "population": "3899.0", "median_hh_income": "116934.0", "poverty_rate": "0.04744806360605283", "nearest_dollar_store_mi": "1.82", "gap_score": "0.0"}}, {"type": "Feature", "geometry": {"type": "Polygon", "coordinates": [[[-95.41069300005972, 29.73855399963832], [-95.3993139999316, 29.738693000386238], [-95.39943199993236, 29.73447799991044], [-95.41065100022693, 29.73424100020972], [-95.41069300005972, 29.73855399963832]]]}, "properties": {"geoid": "48201410801", "name": "Census Tract 4108.01", "population": "2664.0", "median_hh_income": "83026.0", "poverty_rate": "0.2301051051051051", "nearest_dollar_store_mi": "1.71", "gap_score": "0.0"}}, {"type": "Feature", "geometry": {"type": "Polygon", "coordinates": [[[-95.50114900042628, 29.72810000017151], [-95.49539599980223, 29.728178000219156], [-95.49537200041111, 29.72599799973666], [-95.4895989996956, 29.726446000148215], [-95.48813900020366, 29.726237999676503], [-95.48791400007278, 29.72577199976257], [-95.48979799988724, 29.72506000036863], [-95.49164499989176, 29.723596999855992], [-95.50104200029615, 29.72279300019789], [-95.50114900042628, 29.72810000017151]]]}, "properties": {"geoid": "48201432705", "name": "Census Tract 4327.05", "population": "5242.0", "median_hh_income": "34030.0", "poverty_rate": "0.5210913312693498", "nearest_dollar_store_mi": "0.83", "gap_score": "2217.2"}}, {"type": "Feature", "geometry": {"type": "Polygon", "coordinates": [[[-95.3916339998354, 29.68536299996965], [-95.38461599971313, 29.70569899985592], [-95.38151199970793, 29.70380600013456], [-95.37520900016132, 29.701856999970303], [-95.37954199967974, 29.686923000243713], [-95.381262000361, 29.686806000068014], [-95.38435499959722, 29.68547599984288], [-95.3916339998354, 29.68536299996965]]]}, "properties": {"geoid": "48201313901", "name": "Census Tract 3139.01", "population": "3964.0", "median_hh_income": "80819.0", "poverty_rate": "0.1057013118062563", "nearest_dollar_store_mi": "3.23", "gap_score": "0.0"}}, {"type": "Feature", "geometry": {"type": "Polygon", "coordinates": [[[-95.4033190002853, 29.689907999959445], [-95.40286700037367, 29.69122400016749], [-95.40059799969644, 29.693389000352585], [-95.40083399969798, 29.695782000045874], [-95.3930620004386, 29.697704000308324], [-95.39222200018948, 29.69490300037226], [-95.39220200009797, 29.693146999862496], [-95.39268400014683, 29.691776000266515], [-95.3944209996482, 29.689010999923212], [-95.40005999957108, 29.688929000377442], [-95.39998400030142, 29.685274999925095], [-95.4032270002238, 29.685236000022623], [-95.4033190002853, 29.689907999959445]]]}, "properties": {"geoid": "48201314003", "name": "Census Tract 3140.03", "population": "2689.0", "median_hh_income": "52500.0", "poverty_rate": "0.3289865871833085", "nearest_dollar_store_mi": "3.61", "gap_score": "3573.6"}}, {"type": "Feature", "geometry": {"type": "Polygon", "coordinates": [[[-95.41436299977936, 29.694449000345937], [-95.41212599978748, 29.697311999702762], [-95.41051200030975, 29.697340999728283], [-95.40901299956145, 29.698310000288764], [-95.40772499959867, 29.70036300011522], [-95.4058769997692, 29.698868000305982], [-95.40488000005956, 29.696902000060405], [-95.40469599993654, 29.69223199996115], [-95.4033190002853, 29.689907999959445], [-95.4031519998807, 29.679049000243342], [-95.40766100002456, 29.678269000177067], [-95.41227200027565, 29.67808399963873], [-95.41253699969121, 29.690993999751544], [-95.4135290002763, 29.69353300018063], [-95.41436299977936, 29.694449000345937]]]}, "properties": {"geoid": "48201314402", "name": "Census Tract 3144.02", "population": "2037.0", "median_hh_income": "84961.0", "poverty_rate": "0.09621993127147767", "nearest_dollar_store_mi": "3.1", "gap_score": "0.0"}}, {"type": "Feature", "geometry": {"type": "Polygon", "coordinates": [[[-95.41267099958552, 29.715107000273388], [-95.41131400002574, 29.714913000201122], [-95.4008760004291, 29.71148700036168], [-95.40725000012083, 29.703442000221195], [-95.40902099995738, 29.703776999634613], [-95.4117180002568, 29.70320499979358], [-95.4122320000927, 29.70404600007603], [-95.41256699982844, 29.705308999836696], [-95.41267099958552, 29.715107000273388]]]}, "properties": {"geoid": "48201412201", "name": "Census Tract 4122.01", "population": "2331.0", "median_hh_income": "135417.0", "poverty_rate": "0.15665236051502146", "nearest_dollar_store_mi": "2.88", "gap_score": "0.0"}}, {"type": "Feature", "geometry": {"type": "Polygon", "coordinates": [[[-95.39958400026833, 29.72564199991274], [-95.39945100019895, 29.72787500032451], [-95.3951189996071, 29.728006999765505], [-95.39462700041085, 29.72852399973927], [-95.39103999963358, 29.72855700037748], [-95.39108800021246, 29.73201199964052], [-95.3844719997731, 29.73224699986779], [-95.3906189996841, 29.724529999884577], [-95.3907810000658, 29.723846000318385], [-95.39131900019115, 29.72357699987665], [-95.39365499991722, 29.720637000121645], [-95.39711399974965, 29.722694000365127], [-95.39880699976838, 29.722487000044598], [-95.3993359996729, 29.72284500038609], [-95.39958400026833, 29.72564199991274]]]}, "properties": {"geoid": "48201411902", "name": "Census Tract 4119.02", "population": "2391.0", "median_hh_income": "113125.0", "poverty_rate": "0.149246475449684", "nearest_dollar_store_mi": "1.38", "gap_score": "0.0"}}, {"type": "Feature", "geometry": {"type": "Polygon", "coordinates": [[[-95.37541000000277, 29.6896869998343], [-95.37372000035705, 29.693988999705184], [-95.3712869996483, 29.69328200017872], [-95.37074799969805, 29.694716999612595], [-95.36837599998694, 29.694009999746395], [-95.36921299986304, 29.69187999996831], [-95.36311700000566, 29.689966000374355], [-95.36581299958185, 29.68310699975471], [-95.37472499956434, 29.68590400032435], [-95.3734340001268, 29.689052999740827], [-95.37541000000277, 29.6896869998343]]]}, "properties": {"geoid": "48201313801", "name": "Census Tract 3138.01", "population": "1549.0", "median_hh_income": "19330.0", "poverty_rate": "0.5364751452550033", "nearest_dollar_store_mi": "3.64", "gap_score": "2300.3"}}, {"type": "Feature", "geometry": {"type": "Polygon", "coordinates": [[[-95.40855599962698, 29.924948999866402], [-95.4016089996498, 29.92527200013178], [-95.4005319995742, 29.92406499972202], [-95.40281100029718, 29.92234299961444], [-95.40213199970651, 29.921304999787747], [-95.40292900029796, 29.920820999782663], [-95.40438100029228, 29.920697000110497], [-95.4067489998054, 29.91992799984404], [-95.40855599962698, 29.924948999866402]]]}, "properties": {"geoid": "48201222504", "name": "Census Tract 2225.04", "population": "3340.0", "median_hh_income": "36968.0", "poverty_rate": "0.40718562874251496", "nearest_dollar_store_mi": "0.4", "gap_score": "631.7"}}, {"type": "Feature", "geometry": {"type": "Polygon", "coordinates": [[[-95.288846000012, 29.662114000023916], [-95.27870600034119, 29.66211699986621], [-95.27880199970234, 29.66525499978979], [-95.28134300036614, 29.664910999920693], [-95.2814460002983, 29.672282000042912], [-95.27711299988157, 29.67240599964806], [-95.27670100015291, 29.657899999769313], [-95.28327300021135, 29.657757999623755], [-95.2855649995565, 29.657380000073797], [-95.28576799994607, 29.65759700020587], [-95.28874999975254, 29.657525999944404], [-95.288846000012, 29.662114000023916]]]}, "properties": {"geoid": "48201333501", "name": "Census Tract 3335.01", "population": "3311.0", "median_hh_income": "41558.0", "poverty_rate": "0.2379945635759589", "nearest_dollar_store_mi": "0.8", "gap_score": "1096.3"}}, {"type": "Feature", "geometry": {"type": "Polygon", "coordinates": [[[-95.26718999994571, 29.65192600019495], [-95.26500400000747, 29.651949999799257], [-95.26491199994595, 29.653174000135127], [-95.2639729999626, 29.655614999780518], [-95.26117600010407, 29.653306000154643], [-95.25948599956007, 29.65242099965843], [-95.25737900016286, 29.652105000163623], [-95.25292299972244, 29.652196999753315], [-95.25159299992686, 29.652503000091485], [-95.24515800013576, 29.642845000156765], [-95.24336300000978, 29.640735000375145], [-95.2452450001744, 29.63916000016601], [-95.24583900037625, 29.63815899986415], [-95.24624899955676, 29.632977999647004], [-95.24823600020169, 29.629117999753444], [-95.24837500011887, 29.62716399974162], [-95.26673399983612, 29.62643699999908], [-95.26682000004985, 29.632430000290796], [-95.2646130001952, 29.63247299977097], [-95.26462700043892, 29.635955000344033], [-95.26556899989698, 29.63595899961177], [-95.26688299979904, 29.63676199968689], [-95.26718999994571, 29.65192600019495]]]}, "properties": {"geoid": "48201333302", "name": "Census Tract 3333.02", "population": "3515.0", "median_hh_income": "53783.0", "poverty_rate": "0.18036984352773827", "nearest_dollar_store_mi": "1.35", "gap_score": "1867.7"}}, {"type": "Feature", "geometry": {"type": "Polygon", "coordinates": [[[-95.48617599984819, 29.758539999846732], [-95.48464400038623, 29.758855000188298], [-95.48281999994792, 29.760156999933493], [-95.48264199967268, 29.750035000086847], [-95.48603399955797, 29.749938000328097], [-95.48582799969364, 29.754431000013863], [-95.48617599984819, 29.758539999846732]]]}, "properties": {"geoid": "48201431505", "name": "Census Tract 4315.05", "population": "1480.0", "median_hh_income": "89904.0", "poverty_rate": "0.07650273224043716", "nearest_dollar_store_mi": "1.53", "gap_score": "0.0"}}, {"type": "Feature", "geometry": {"type": "Polygon", "coordinates": [[[-95.48491200017483, 29.795415000222032], [-95.48483299963381, 29.8028379999004], [-95.47546100024209, 29.802844999853715], [-95.47592200037454, 29.799595999924616], [-95.47566499955828, 29.79453999963864], [-95.48359400007482, 29.79464899976771], [-95.48492700024345, 29.794909999794413], [-95.48491200017483, 29.795415000222032]]]}, "properties": {"geoid": "48201520302", "name": "Census Tract 5203.02", "population": "2591.0", "median_hh_income": "78026.0", "poverty_rate": "0.23697414125820146", "nearest_dollar_store_mi": "0.68", "gap_score": "57.0"}}, {"type": "Feature", "geometry": {"type": "Polygon", "coordinates": [[[-95.47592200037454, 29.799595999924616], [-95.47546100024209, 29.802844999853715], [-95.46822899985956, 29.802905999983352], [-95.46814199982093, 29.79457099999495], [-95.47566499955828, 29.79453999963864], [-95.47592200037454, 29.799595999924616]]]}, "properties": {"geoid": "48201520301", "name": "Census Tract 5203.01", "population": "2443.0", "median_hh_income": "67930.0", "poverty_rate": "0.2271796970937372", "nearest_dollar_store_mi": "1.13", "gap_score": "547.2"}}, {"type": "Feature", "geometry": {"type": "Polygon", "coordinates": [[[-95.38965299993657, 29.74537000030446], [-95.38153400034756, 29.745525999999185], [-95.38222399991055, 29.738901999958518], [-95.38888499965745, 29.738793999961498], [-95.38884399964958, 29.744510000169896], [-95.38965799995944, 29.744619000157122], [-95.38965299993657, 29.74537000030446]]]}, "properties": {"geoid": "48201410704", "name": "Census Tract 4107.04", "population": "2087.0", "median_hh_income": "74537.0", "poverty_rate": "0.13128893148059415", "nearest_dollar_store_mi": "0.51", "gap_score": "87.6"}}, {"type": "Feature", "geometry": {"type": "Polygon", "coordinates": [[[-95.4380840003084, 29.801605999700193], [-95.43003299959312, 29.80164099989315], [-95.42988600017834, 29.78924699976351], [-95.43783700043619, 29.789216000096772], [-95.4380840003084, 29.801605999700193]]]}, "properties": {"geoid": "48201511003", "name": "Census Tract 5110.03", "population": "1889.0", "median_hh_income": "73507.0", "poverty_rate": "0.08205399682371625", "nearest_dollar_store_mi": "1.55", "gap_score": "273.8"}}, {"type": "Feature", "geometry": {"type": "Polygon", "coordinates": [[[-95.42246100035028, 29.80871499998183], [-95.41235000009345, 29.808839000148726], [-95.41218100003906, 29.800992000003085], [-95.4116980001653, 29.7997020003739], [-95.42226600035661, 29.799640999849643], [-95.42246100035028, 29.80871499998183]]]}, "properties": {"geoid": "48201511202", "name": "Census Tract 5112.02", "population": "3510.0", "median_hh_income": "172860.0", "poverty_rate": "0.02621082621082621", "nearest_dollar_store_mi": "1.34", "gap_score": "0.0"}}, {"type": "Feature", "geometry": {"type": "Polygon", "coordinates": [[[-95.50118600023619, 29.731662000306404], [-95.48978199999371, 29.731792000157025], [-95.48976199990223, 29.73061899997962], [-95.48791499989768, 29.730651999928746], [-95.48736400025187, 29.729771000377614], [-95.4875709999411, 29.72811200024279], [-95.48720500024322, 29.72588199992398], [-95.48791400007278, 29.72577199976257], [-95.48813900020366, 29.726237999676503], [-95.4895989996956, 29.726446000148215], [-95.49537200041111, 29.72599799973666], [-95.49539599980223, 29.728178000219156], [-95.50114900042628, 29.72810000017151], [-95.50118600023619, 29.731662000306404]]]}, "properties": {"geoid": "48201432706", "name": "Census Tract 4327.06", "population": "2243.0", "median_hh_income": "34085.0", "poverty_rate": "0.507356219349086", "nearest_dollar_store_mi": "0.7", "gap_score": "787.2"}}, {"type": "Feature", "geometry": {"type": "Polygon", "coordinates": [[[-95.41239100010135, 29.810883999776713], [-95.41186800004462, 29.81273900032563], [-95.39939900032041, 29.812902000346796], [-95.39921600002229, 29.80395900033145], [-95.41225600038213, 29.80376399983301], [-95.41239100010135, 29.810883999776713]]]}, "properties": {"geoid": "48201511501", "name": "Census Tract 5115.01", "population": "3757.0", "median_hh_income": "123696.0", "poverty_rate": "0.08570668086239021", "nearest_dollar_store_mi": "1.0", "gap_score": "0.0"}}, {"type": "Feature", "geometry": {"type": "Polygon", "coordinates": [[[-95.16267599959329, 29.52966199999858], [-95.16224200012333, 29.53109599996017], [-95.16139500020151, 29.532349000139607], [-95.15621999988578, 29.53688500024235], [-95.15470900034022, 29.53748100025739], [-95.14448199973246, 29.53916300014449], [-95.14182399979111, 29.540413999662025], [-95.13079000034278, 29.528618000365483], [-95.13459300013179, 29.525879000081915], [-95.13608699995892, 29.525166999940176], [-95.16186399983155, 29.522353000083598], [-95.16267599959329, 29.52966199999858]]]}, "properties": {"geoid": "48201350803", "name": "Census Tract 3508.03", "population": "3059.0", "median_hh_income": "60489.0", "poverty_rate": "0.043963254593175856", "nearest_dollar_store_mi": "1.71", "gap_score": "1419.4"}}, {"type": "Feature", "geometry": {"type": "Polygon", "coordinates": [[[-95.4898520003139, 29.73768399979509], [-95.48428500036103, 29.737717999735192], [-95.48420499999509, 29.73150900021841], [-95.48978199999371, 29.731792000157025], [-95.4898520003139, 29.73768399979509]]]}, "properties": {"geoid": "48201432003", "name": "Census Tract 4320.03", "population": "1763.0", "median_hh_income": "38774.0", "poverty_rate": "0.30005672149744755", "nearest_dollar_store_mi": "0.9", "gap_score": "688.2"}}, {"type": "Feature", "geometry": {"type": "Polygon", "coordinates": [[[-95.5009540004326, 29.744019999887268], [-95.49760799967976, 29.74381100006174], [-95.49759199978624, 29.742420000324437], [-95.49666000037391, 29.742425999893765], [-95.49664899960494, 29.738713999657566], [-95.49633800015864, 29.737556999710332], [-95.50090500002881, 29.737538000150597], [-95.5009540004326, 29.744019999887268]]]}, "properties": {"geoid": "48201431303", "name": "Census Tract 4313.03", "population": "1615.0", "median_hh_income": "55164.0", "poverty_rate": "0.12198142414860681", "nearest_dollar_store_mi": "0.26", "gap_score": "153.2"}}, {"type": "Feature", "geometry": {"type": "Polygon", "coordinates": [[[-95.51419399991066, 29.737382999707762], [-95.50090500002881, 29.737538000150597], [-95.50118600023619, 29.731662000306404], [-95.50264999992608, 29.731513000366437], [-95.50842100009345, 29.729462000268825], [-95.51405900019144, 29.729303000372227], [-95.51419399991066, 29.737382999707762]]]}, "properties": {"geoid": "48201432102", "name": "Census Tract 4321.02", "population": "4822.0", "median_hh_income": "54754.0", "poverty_rate": "0.14922561741314358", "nearest_dollar_store_mi": "0.41", "gap_score": "760.2"}}, {"type": "Feature", "geometry": {"type": "Polygon", "coordinates": [[[-95.59208799976827, 30.060569999661578], [-95.59125300044032, 30.060553999722416], [-95.58933899959031, 30.0618629998484], [-95.58772699976241, 30.06129700014445], [-95.58636299963163, 30.061693000153685], [-95.58481399955294, 30.060951000217877], [-95.58327200004524, 30.06133600023334], [-95.58252700023067, 30.062513000013475], [-95.58246399958315, 30.063468999936212], [-95.5834310000539, 30.064304999968666], [-95.58308999957205, 30.065080000202737], [-95.58208500036478, 30.065250000300278], [-95.58141499999496, 30.06616900008438], [-95.58038499977503, 30.065910000289684], [-95.57961999986897, 30.066460000287886], [-95.5791219999266, 30.06775800016936], [-95.57790799958364, 30.068170000251204], [-95.577199999579, 30.068077000275057], [-95.57628400006018, 30.06934699961982], [-95.57514000003744, 30.069726000305675], [-95.57519699993884, 30.071270999720774], [-95.57443899970548, 30.071848000127822], [-95.57354800030103, 30.072001999840044], [-95.57181000007644, 30.07483899989976], [-95.5696679996208, 30.074772999834693], [-95.5691939999679, 30.07603199978621], [-95.57012899975327, 30.076443999623457], [-95.57043300042518, 30.077120999639455], [-95.56996499972172, 30.07861599969838], [-95.56937700026597, 30.079093999993184], [-95.56871399956884, 30.078973000250752], [-95.56699499961084, 30.080429999632653], [-95.56622399985699, 30.0806780002845], [-95.56506499976562, 30.082464999628904], [-95.55672500024367, 30.075241999612583], [-95.56456500017343, 30.066498000107025], [-95.57628200041036, 30.056222999694008], [-95.57427899987191, 30.055235999640562], [-95.57126299973025, 30.054724999844705], [-95.56935499962637, 30.053857999987674], [-95.5679229997235, 30.052385999943738], [-95.56640100030732, 30.05009800011004], [-95.56401600017745, 30.04784600031549], [-95.56342000032578, 30.04699699988429], [-95.5628090004055, 30.040040000386686], [-95.56222699989921, 30.038298999867365], [-95.56129100028892, 30.0370880001731], [-95.55855200015672, 30.03479899994763], [-95.5553050000364, 30.033157000078702], [-95.55710199981222, 30.030648000206476], [-95.56307999966884, 30.02711600016705], [-95.56460100015845, 30.029469000163292], [-95.5665269998057, 30.031380000182235], [-95.56711799963449, 30.03322600026887], [-95.57091700012384, 30.03381800021939], [-95.57332499981996, 30.03504599971798], [-95.57452699956903, 30.03633800020928], [-95.57538899955948, 30.038207999982063], [-95.57575400033076, 30.044650000116196], [-95.57801100041411, 30.047100000087244], [-95.5782699999819, 30.047904999825896], [-95.57831000016488, 30.048956000134645], [-95.57737500037949, 30.05153099990224], [-95.5776370003203, 30.052837999722122], [-95.57877700014511, 30.053836000231573], [-95.58035700018594, 30.052580999901597], [-95.58267000034581, 30.051484000302498], [-95.5867119996111, 30.051034999627007], [-95.59208799976827, 30.060569999661578]]]}, "properties": {"geoid": "48201554809", "name": "Census Tract 5548.09", "population": "10919.0", "median_hh_income": "92083.0", "poverty_rate": "0.1203064409344557", "nearest_dollar_store_mi": "3.33", "gap_score": "0.0"}}, {"type": "Feature", "geometry": {"type": "Polygon", "coordinates": [[[-95.48888499984317, 29.850571999912596], [-95.48008199964062, 29.850525000284623], [-95.47563399959614, 29.849118000083315], [-95.47205799958785, 29.848886000348802], [-95.47013100011569, 29.845443999896748], [-95.47062900005805, 29.845397000192516], [-95.47293100034726, 29.846644000353628], [-95.47541600003625, 29.846577000081627], [-95.47708099956759, 29.84709900027879], [-95.47891599987656, 29.847235999838134], [-95.48200099961518, 29.84857600035914], [-95.48378599969544, 29.8499500000448], [-95.48506899963536, 29.850056000083196], [-95.48498300031996, 29.840395000351972], [-95.48575200042397, 29.8405790001932], [-95.48886800012473, 29.841481000168777], [-95.48888499984317, 29.850571999912596]]]}, "properties": {"geoid": "48201532102", "name": "Census Tract 5321.02", "population": "3308.0", "median_hh_income": "37267.0", "poverty_rate": "0.4507255139056832", "nearest_dollar_store_mi": "0.45", "gap_score": "727.5"}}, {"type": "Feature", "geometry": {"type": "Polygon", "coordinates": [[[-95.50684199987752, 29.865600999691356], [-95.48677199969985, 29.865752000009042], [-95.48696699969352, 29.86436800014336], [-95.48862600027539, 29.860485000240686], [-95.48886800012473, 29.841481000168777], [-95.49273299983803, 29.841426000070893], [-95.50551299990684, 29.848821000091405], [-95.50464699971845, 29.851592000063977], [-95.50471200001577, 29.853609000196098], [-95.5053830002105, 29.855859999670027], [-95.50487400039748, 29.860416000072725], [-95.50666299977738, 29.86366399983916], [-95.50684199987752, 29.865600999691356]]]}, "properties": {"geoid": "48201532302", "name": "Census Tract 5323.02", "population": "4414.0", "median_hh_income": "63657.0", "poverty_rate": "0.4109651110104214", "nearest_dollar_store_mi": "0.52", "gap_score": "708.5"}}, {"type": "Feature", "geometry": {"type": "Polygon", "coordinates": [[[-95.28642499989711, 29.59929400036075], [-95.28614600023786, 29.60290699992893], [-95.2781370002537, 29.603008999812975], [-95.27804900039015, 29.601650999960807], [-95.27776599963461, 29.601415999818446], [-95.26631500043477, 29.601627000087706], [-95.26632600030544, 29.600270999933127], [-95.24780600003137, 29.600612000258774], [-95.25030400013915, 29.598332000037274], [-95.24640500009068, 29.5952000000184], [-95.24589200007968, 29.595452000008038], [-95.24494300005061, 29.594162999942178], [-95.23604799978656, 29.586767000258966], [-95.23513999976537, 29.585455000276056], [-95.2386820003368, 29.584431999940776], [-95.24142399994372, 29.58440000037548], [-95.24499599975405, 29.58488400033367], [-95.24822100013307, 29.584033999840706], [-95.24944499962345, 29.583118000167925], [-95.25100799994586, 29.581018000346855], [-95.25649000040823, 29.57586299970774], [-95.25867700017139, 29.573285999921563], [-95.25966600038343, 29.574423000263707], [-95.25973099978246, 29.574956000387694], [-95.25961899962948, 29.575985000013556], [-95.25877500008069, 29.576870999988664], [-95.25879500017217, 29.57787500035183], [-95.26118799979966, 29.58118300015665], [-95.26054000006947, 29.581964999933195], [-95.26015299955684, 29.58385000030419], [-95.26106099957804, 29.58453399975695], [-95.26115799966242, 29.585693999803123], [-95.26216100011817, 29.586921000223253], [-95.26127300018847, 29.5891879996457], [-95.26049599968853, 29.58948600010709], [-95.26029200037235, 29.589882999912877], [-95.26103700018692, 29.590822999997812], [-95.26088099965298, 29.59173599965923], [-95.26146499980909, 29.593043999805584], [-95.26645299962873, 29.594654000354897], [-95.26711100030299, 29.594441999720594], [-95.26741400025169, 29.593899000172183], [-95.26804100006548, 29.593834000161266], [-95.26883500028387, 29.59390699970194], [-95.27021299976003, 29.594722000125056], [-95.27196699987815, 29.594313000196134], [-95.27281600034813, 29.59507800028707], [-95.27366300026996, 29.59438799984886], [-95.27492000027061, 29.595204999953054], [-95.27665799959688, 29.59485400019125], [-95.27743000007395, 29.596129000176358], [-95.27883299966449, 29.595447999913954], [-95.28010300008391, 29.59544499964796], [-95.2817120004371, 29.597217999895634], [-95.2825729997043, 29.597682000050124], [-95.28649299966918, 29.59788600012939], [-95.28642499989711, 29.59929400036075]]]}, "properties": {"geoid": "48201350104", "name": "Census Tract 3501.04", "population": "5653.0", "median_hh_income": "99877.0", "poverty_rate": "0.1457633115160092", "nearest_dollar_store_mi": "0.82", "gap_score": "0.0"}}, {"type": "Feature", "geometry": {"type": "Polygon", "coordinates": [[[-95.43664999985741, 29.74155999984805], [-95.43002900029347, 29.742068000005272], [-95.42976200032979, 29.735434000117458], [-95.42814799995377, 29.730044000022648], [-95.43634699990872, 29.729212999700874], [-95.43664999985741, 29.74155999984805]]]}, "properties": {"geoid": "48201411504", "name": "Census Tract 4115.04", "population": "2669.0", "median_hh_income": "126806.0", "poverty_rate": "0.13862869988759835", "nearest_dollar_store_mi": "3.38", "gap_score": "0.0"}}, {"type": "Feature", "geometry": {"type": "Polygon", "coordinates": [[[-95.44160599989002, 29.738205999670598], [-95.43861800023578, 29.738253999791763], [-95.43843800031073, 29.732687000256885], [-95.43637500039611, 29.732709000030667], [-95.43634699990872, 29.729212999700874], [-95.44142299959191, 29.729007999690445], [-95.44160599989002, 29.738205999670598]]]}, "properties": {"geoid": "48201411506", "name": "Census Tract 4115.06", "population": "2971.0", "median_hh_income": "99901.0", "poverty_rate": "0.052844160215415686", "nearest_dollar_store_mi": "3.57", "gap_score": "0.0"}}, {"type": "Feature", "geometry": {"type": "Polygon", "coordinates": [[[-95.4481589996819, 29.741630000080942], [-95.44166299979142, 29.741729999883162], [-95.44142299959191, 29.729007999690445], [-95.44792500022847, 29.730046000125924], [-95.4481589996819, 29.741630000080942]]]}, "properties": {"geoid": "48201411505", "name": "Census Tract 4115.05", "population": "3303.0", "median_hh_income": "101736.0", "poverty_rate": "0.08174386920980926", "nearest_dollar_store_mi": "3.43", "gap_score": "0.0"}}, {"type": "Feature", "geometry": {"type": "Polygon", "coordinates": [[[-95.3561020002564, 29.821901000096688], [-95.35481400029362, 29.829058000276014], [-95.35549299998597, 29.83231800014191], [-95.3509400003595, 29.83241299995704], [-95.3509610002759, 29.833678000369314], [-95.34812099986135, 29.83387300019088], [-95.34821000044812, 29.837731999966223], [-95.34277499984141, 29.837904999627874], [-95.34248699996134, 29.819857999648207], [-95.35558599987237, 29.819695999992298], [-95.3561020002564, 29.821901000096688]]]}, "properties": {"geoid": "48201220702", "name": "Census Tract 2207.02", "population": "3805.0", "median_hh_income": "29853.0", "poverty_rate": "0.33912810912008556", "nearest_dollar_store_mi": "0.74", "gap_score": "1249.6"}}, {"type": "Feature", "geometry": {"type": "Polygon", "coordinates": [[[-95.14424200043126, 29.55956400027523], [-95.14066700024787, 29.561884999974367], [-95.12859299963557, 29.548956999870136], [-95.13824299975992, 29.54216200006288], [-95.13914499993335, 29.54401000015073], [-95.13695700034528, 29.548210999759455], [-95.13788100026001, 29.5486679996332], [-95.13825600017873, 29.551082000276004], [-95.14040500030706, 29.550734000294668], [-95.14112800038032, 29.551281999696066], [-95.13880699982455, 29.55290700033602], [-95.14424200043126, 29.55956400027523]]]}, "properties": {"geoid": "48201341001", "name": "Census Tract 3410.01", "population": "3973.0", "median_hh_income": "62356.0", "poverty_rate": "0.11200604077523282", "nearest_dollar_store_mi": "0.42", "gap_score": "433.4"}}, {"type": "Feature", "geometry": {"type": "Polygon", "coordinates": [[[-95.4740820000427, 29.73795099990944], [-95.46678500026115, 29.740447999980063], [-95.45830699974863, 29.740943000272708], [-95.46011000027056, 29.73191599964158], [-95.46825399997392, 29.731522999955725], [-95.46839100024128, 29.738005999958663], [-95.4740820000427, 29.73795099990944]]]}, "properties": {"geoid": "48201431902", "name": "Census Tract 4319.02", "population": "2469.0", "median_hh_income": "111667.0", "poverty_rate": "0.044892915980230645", "nearest_dollar_store_mi": "2.27", "gap_score": "0.0"}}, {"type": "Feature", "geometry": {"type": "Polygon", "coordinates": [[[-95.46723100032501, 29.750282999807087], [-95.4629580001827, 29.750318999853867], [-95.4633170002079, 29.74863599963553], [-95.46308299985618, 29.746574999842384], [-95.4642539996431, 29.74622499985076], [-95.46418800041918, 29.740611999882862], [-95.46693699969882, 29.74040599981915], [-95.46723100032501, 29.750282999807087]]]}, "properties": {"geoid": "48201431803", "name": "Census Tract 4318.03", "population": "2339.0", "median_hh_income": "74530.0", "poverty_rate": "0.06412997007268063", "nearest_dollar_store_mi": "2.28", "gap_score": "414.4"}}, {"type": "Feature", "geometry": {"type": "Polygon", "coordinates": [[[-95.42941699964999, 29.86358399961422], [-95.42816999969507, 29.86358900021445], [-95.41275000012655, 29.869182000239338], [-95.41245300002562, 29.8533539998595], [-95.41100699987908, 29.84642099968119], [-95.41090499977183, 29.84114899968421], [-95.42884300043794, 29.84104300032036], [-95.4291789999986, 29.862133000101597], [-95.42941699964999, 29.86358399961422]]]}, "properties": {"geoid": "48201530800", "name": "Census Tract 5308", "population": "3919.0", "median_hh_income": "45510.0", "poverty_rate": "0.18123227635988656", "nearest_dollar_store_mi": "0.35", "gap_score": "534.9"}}, {"type": "Feature", "geometry": {"type": "Polygon", "coordinates": [[[-95.4925400003925, 29.841426999789608], [-95.48886800012473, 29.841481000168777], [-95.48498300031996, 29.840395000351972], [-95.48354999969389, 29.84032300035573], [-95.47608200020811, 29.84035899997072], [-95.4731949999379, 29.840954999763277], [-95.46759200000004, 29.840962999887935], [-95.46278999995322, 29.83253000013018], [-95.46960899988386, 29.83244999989338], [-95.4717799997535, 29.832983999871015], [-95.48357200033351, 29.833134999652092], [-95.4925400003925, 29.841426999789608]]]}, "properties": {"geoid": "48201531500", "name": "Census Tract 5315", "population": "2639.0", "median_hh_income": "64688.0", "poverty_rate": "0.12054586808188021", "nearest_dollar_store_mi": "1.17", "gap_score": "703.6"}}, {"type": "Feature", "geometry": {"type": "Polygon", "coordinates": [[[-95.46829699963163, 29.842298000323098], [-95.4418650003561, 29.842414999827685], [-95.44185199993731, 29.838765999915214], [-95.4425759998355, 29.836695999912042], [-95.444723000314, 29.83369100005756], [-95.44479299973587, 29.83275200006209], [-95.46278999995322, 29.83253000013018], [-95.46829699963163, 29.842298000323098]]]}, "properties": {"geoid": "48201531600", "name": "Census Tract 5316", "population": "3002.0", "median_hh_income": "190234.0", "poverty_rate": "0.029980013324450366", "nearest_dollar_store_mi": "0.61", "gap_score": "0.0"}}, {"type": "Feature", "geometry": {"type": "Polygon", "coordinates": [[[-95.44482000039838, 29.833184000053187], [-95.44433199960343, 29.83444500012115], [-95.4425759998355, 29.836695999912042], [-95.44194700037187, 29.838342000240537], [-95.4418650003561, 29.842414999827685], [-95.42883800041508, 29.842454999859918], [-95.42883099984405, 29.83968800007851], [-95.4297210003219, 29.837254000280417], [-95.42962099986448, 29.828284999813864], [-95.43577299979836, 29.828378999717597], [-95.44221000013759, 29.832297000236238], [-95.44479299973587, 29.83275200006209], [-95.44482000039838, 29.833184000053187]]]}, "properties": {"geoid": "48201531700", "name": "Census Tract 5317", "population": "3947.0", "median_hh_income": "219854.0", "poverty_rate": "0.014807250446770488", "nearest_dollar_store_mi": "0.59", "gap_score": "0.0"}}, {"type": "Feature", "geometry": {"type": "Polygon", "coordinates": [[[-95.31593299958875, 29.78317400024355], [-95.31591300039558, 29.786762999702113], [-95.31433400017964, 29.787353999665328], [-95.30736200008812, 29.787458000091934], [-95.30740700029396, 29.77435900032858], [-95.31559100018029, 29.774419000278794], [-95.31593299958875, 29.78317400024355]]]}, "properties": {"geoid": "48201211600", "name": "Census Tract 2116", "population": "2802.0", "median_hh_income": "49485.0", "poverty_rate": "0.17987152034261242", "nearest_dollar_store_mi": "1.84", "gap_score": "2025.8"}}, {"type": "Feature", "geometry": {"type": "Polygon", "coordinates": [[[-95.31721399987885, 29.809250999800255], [-95.3062640000961, 29.809364999687844], [-95.30453699974218, 29.80883399992499], [-95.29636000042684, 29.804657000035274], [-95.29349400007304, 29.80420799992363], [-95.28369499998574, 29.804254000203063], [-95.28240000035026, 29.80386700025956], [-95.28013999989385, 29.80247299998337], [-95.28874599955459, 29.79929099972637], [-95.31591900024337, 29.787613999749585], [-95.31615900044287, 29.79367800019332], [-95.31685599967855, 29.795035000106715], [-95.31721399987885, 29.809250999800255]]]}, "properties": {"geoid": "48201211700", "name": "Census Tract 2117", "population": "3838.0", "median_hh_income": "49508.0", "poverty_rate": "0.19338353953738568", "nearest_dollar_store_mi": "2.04", "gap_score": "3115.4"}}, {"type": "Feature", "geometry": {"type": "Polygon", "coordinates": [[[-95.46244900036967, 29.832522999917206], [-95.44479299973587, 29.83275200006209], [-95.44447999974143, 29.819712999684704], [-95.45093999964689, 29.81984599965382], [-95.45512400010072, 29.821243999827725], [-95.4569100000059, 29.822576999743685], [-95.4581360000444, 29.824227999880936], [-95.46278999995322, 29.83253000013018], [-95.46244900036967, 29.832522999917206]]]}, "properties": {"geoid": "48201531200", "name": "Census Tract 5312", "population": "3801.0", "median_hh_income": "92837.0", "poverty_rate": "0.11934374173061657", "nearest_dollar_store_mi": "0.61", "gap_score": "0.0"}}, {"type": "Feature", "geometry": {"type": "Polygon", "coordinates": [[[-95.36908499981651, 29.73682600001435], [-95.3626840003606, 29.74486500020799], [-95.35921799995717, 29.74326899976821], [-95.35172199998401, 29.738466000181962], [-95.35813400020888, 29.730423000152857], [-95.36908499981651, 29.73682600001435]]]}, "properties": {"geoid": "48201312300", "name": "Census Tract 3123", "population": "2733.0", "median_hh_income": "74789.0", "poverty_rate": "0.25749167591564925", "nearest_dollar_store_mi": "1.03", "gap_score": "245.2"}}, {"type": "Feature", "geometry": {"type": "Polygon", "coordinates": [[[-95.35595599976824, 29.68036400004673], [-95.35029699975385, 29.67899399989165], [-95.33898499957289, 29.675561000098625], [-95.3364370001347, 29.67541899990759], [-95.33640600017256, 29.67387199998176], [-95.33730300032312, 29.66998000032997], [-95.33719500036807, 29.666338999924392], [-95.34534099972126, 29.666202000295886], [-95.34760000035276, 29.66677599980563], [-95.35048400024992, 29.66698599989297], [-95.353108999681, 29.667772000186705], [-95.35571499974381, 29.66909399987432], [-95.35595599976824, 29.68036400004673]]]}, "properties": {"geoid": "48201332000", "name": "Census Tract 3320", "population": "5918.0", "median_hh_income": "22162.0", "poverty_rate": "0.46772505233775297", "nearest_dollar_store_mi": "4.24", "gap_score": "8686.0"}}, {"type": "Feature", "geometry": {"type": "Polygon", "coordinates": [[[-95.44640299991396, 29.863477999918537], [-95.42941699964999, 29.86358399961422], [-95.42883800041508, 29.842454999859918], [-95.4418650003561, 29.842414999827685], [-95.4418939997701, 29.8440109999809], [-95.44274099969194, 29.846645000020068], [-95.44280599998925, 29.85788599992486], [-95.44562700013724, 29.857875000156795], [-95.44577399955202, 29.861004000042886], [-95.44638199999756, 29.862582999674906], [-95.44640299991396, 29.863477999918537]]]}, "properties": {"geoid": "48201531800", "name": "Census Tract 5318", "population": "2928.0", "median_hh_income": "35875.0", "poverty_rate": "0.3650956284153005", "nearest_dollar_store_mi": "0.89", "gap_score": "1181.9"}}, {"type": "Feature", "geometry": {"type": "Polygon", "coordinates": [[[-95.4668449996373, 29.86189600032597], [-95.46682799991888, 29.86332200022048], [-95.45382299971914, 29.86345700033297], [-95.44909199981744, 29.863144000346924], [-95.44640299991396, 29.863477999918537], [-95.44638199999756, 29.862582999674906], [-95.44577399955202, 29.861004000042886], [-95.44562700013724, 29.857875000156795], [-95.44280599998925, 29.85788599992486], [-95.44274099969194, 29.846645000020068], [-95.4418939997701, 29.8440109999809], [-95.4418650003561, 29.842414999827685], [-95.45864999988032, 29.84233699991343], [-95.46104900025388, 29.847062999976682], [-95.46120200041477, 29.84915999982988], [-95.46370299999728, 29.851382999655836], [-95.46364799974569, 29.851904000045543], [-95.46300900023633, 29.85262900024774], [-95.46302900032781, 29.853193999957327], [-95.46454400007133, 29.854253000199535], [-95.46455300029216, 29.85485399991015], [-95.46199699955973, 29.857328999875904], [-95.4619160002672, 29.85784500028741], [-95.46235800013308, 29.858337999828294], [-95.46518699977867, 29.85960299985294], [-95.4668449996373, 29.86189600032597]]]}, "properties": {"geoid": "48201531900", "name": "Census Tract 5319", "population": "6140.0", "median_hh_income": "40473.0", "poverty_rate": "0.39580581241743723", "nearest_dollar_store_mi": "1.35", "gap_score": "3852.3"}}, {"type": "Feature", "geometry": {"type": "Polygon", "coordinates": [[[-95.37722500022026, 29.769300000389006], [-95.3772069997786, 29.77000500000476], [-95.3758340003253, 29.770007000090665], [-95.37592999968645, 29.777287999996584], [-95.37242700037142, 29.777280999814884], [-95.37245800033355, 29.778357000273243], [-95.37011300038662, 29.77753200023048], [-95.36882100022588, 29.776558000360822], [-95.3650350001553, 29.770551999777666], [-95.36540300040133, 29.76905799969774], [-95.36754199958561, 29.76478599979386], [-95.37203099963796, 29.762349000155535], [-95.37320499979795, 29.761159999725226], [-95.37536499979691, 29.761344000309304], [-95.37561400021727, 29.76833300002386], [-95.37722699987008, 29.76854799974851], [-95.37722500022026, 29.769300000389006]]]}, "properties": {"geoid": "48201510100", "name": "Census Tract 5101", "population": "3096.0", "median_hh_income": "180817.0", "poverty_rate": "0.015180878552971577", "nearest_dollar_store_mi": "1.27", "gap_score": "0.0"}}, {"type": "Feature", "geometry": {"type": "Polygon", "coordinates": [[[-95.397695000431, 29.790688000055713], [-95.38782699984844, 29.790827999659474], [-95.38767799988553, 29.78162700016095], [-95.38702900033041, 29.779433000084833], [-95.38733300010402, 29.778177999947317], [-95.38845200001242, 29.776867999927], [-95.39743500014, 29.77666800016582], [-95.397695000431, 29.790688000055713]]]}, "properties": {"geoid": "48201510400", "name": "Census Tract 5104", "population": "3852.0", "median_hh_income": "218356.0", "poverty_rate": "0.03323811996883926", "nearest_dollar_store_mi": "1.86", "gap_score": "0.0"}}, {"type": "Feature", "geometry": {"type": "Polygon", "coordinates": [[[-95.40989600036661, 29.790506000044193], [-95.397695000431, 29.790688000055713], [-95.39743500014, 29.77666800016582], [-95.40150599971764, 29.776660999940837], [-95.40960500011347, 29.77765600005758], [-95.40963000022784, 29.779496999906353], [-95.40915900004963, 29.78130699965489], [-95.40969600035007, 29.783455999821015], [-95.40989600036661, 29.790506000044193]]]}, "properties": {"geoid": "48201510500", "name": "Census Tract 5105", "population": "5097.0", "median_hh_income": "140217.0", "poverty_rate": "0.012556405728860114", "nearest_dollar_store_mi": "2.51", "gap_score": "0.0"}}, {"type": "Feature", "geometry": {"type": "Polygon", "coordinates": [[[-95.26816900011201, 30.005216999696813], [-95.25899299964057, 30.026615000355054], [-95.25306800038572, 30.026177000363752], [-95.24528600018229, 30.02622000029231], [-95.23931800037143, 30.022018000078475], [-95.23605600018249, 30.02017100023945], [-95.23139300005285, 30.018749000250367], [-95.22760500033245, 30.019112999971927], [-95.22617699972926, 30.01956300011845], [-95.22276700030064, 30.022674000223812], [-95.21965999992238, 30.023927999627276], [-95.21776100003932, 30.024331999878942], [-95.21093999956052, 30.024091999827842], [-95.20459699983093, 30.026081000021897], [-95.20084199972248, 30.02603699983411], [-95.19777000040266, 30.024614999973775], [-95.19288200014213, 30.023168999918084], [-95.18702300011122, 30.022094999821217], [-95.18329899996492, 30.02162399983287], [-95.18089700011659, 30.02179999974521], [-95.17909399959468, 30.023153000159894], [-95.17755100026207, 30.026607000365466], [-95.17653100008788, 30.02732400017416], [-95.18061699973413, 30.016380000105862], [-95.18024600001336, 30.013654999854207], [-95.1796379995678, 30.01247999976581], [-95.17831600016815, 30.011152999714266], [-95.18074899997859, 30.0088099997394], [-95.18325999960686, 30.007660000099868], [-95.19378599996537, 30.00703299987605], [-95.19331700033533, 29.998801999968514], [-95.21049799969465, 29.999466999937173], [-95.24309400039625, 29.999321000124578], [-95.24579699964512, 30.00015600026776], [-95.25201200022651, 30.003801000225803], [-95.25438099956456, 30.004766999807384], [-95.25687000034982, 30.005123000109798], [-95.26783500020117, 30.005004999906337], [-95.26824299973185, 30.005017999803833], [-95.26816900011201, 30.005216999696813]]]}, "properties": {"geoid": "48201250701", "name": "Census Tract 2507.01", "population": "7051.0", "median_hh_income": "130218.0", "poverty_rate": "0.10353141398383207", "nearest_dollar_store_mi": "2.0", "gap_score": "0.0"}}, {"type": "Feature", "geometry": {"type": "Polygon", "coordinates": [[[-95.19197400012094, 30.079073999731182], [-95.18897999972062, 30.079010000264816], [-95.18808199974515, 30.07849300003274], [-95.18589499998198, 30.076190000307733], [-95.18386499967936, 30.075321000147014], [-95.18117800032401, 30.075402999719884], [-95.17844900023753, 30.07684600010901], [-95.17617700008556, 30.07547999994896], [-95.17936399993143, 30.071925000013895], [-95.18171300007629, 30.070153999913423], [-95.18416500015333, 30.06905099975268], [-95.18820599959372, 30.067989999641426], [-95.18877200020646, 30.07150600028322], [-95.1911199996281, 30.075290999774374], [-95.19197400012094, 30.079073999731182]]]}, "properties": {"geoid": "48201251503", "name": "Census Tract 2515.03", "population": "2767.0", "median_hh_income": "139571.0", "poverty_rate": "0.003677822728944465", "nearest_dollar_store_mi": "3.4", "gap_score": "0.0"}}, {"type": "Feature", "geometry": {"type": "Polygon", "coordinates": [[[-95.21901200019218, 30.06852800017126], [-95.20400000015435, 30.080221999985636], [-95.2003360002825, 30.083446000164063], [-95.2001510003346, 30.079988000345843], [-95.19881099959494, 30.078678999752263], [-95.19712900034517, 30.078365999977343], [-95.19197400012094, 30.079073999731182], [-95.1911199996281, 30.075290999774374], [-95.18877200020646, 30.07150600028322], [-95.18817899982955, 30.067799000377022], [-95.1922029995515, 30.067445999834167], [-95.19856299989783, 30.068549999772326], [-95.20468200021975, 30.06852400031395], [-95.20704999973286, 30.068230999636363], [-95.21901200019218, 30.06852800017126]]]}, "properties": {"geoid": "48201251402", "name": "Census Tract 2514.02", "population": "6730.0", "median_hh_income": "59179.0", "poverty_rate": "0.24018510225406778", "nearest_dollar_store_mi": "2.57", "gap_score": "5950.7"}}, {"type": "Feature", "geometry": {"type": "Polygon", "coordinates": [[[-95.45065299959171, 29.794561999867348], [-95.44945199966757, 29.799058999673672], [-95.44915999958951, 29.801536000057066], [-95.44859999972286, 29.80267800016476], [-95.44491199956157, 29.8067970002107], [-95.44097599970316, 29.808836000014523], [-95.43603599956408, 29.806273999848212], [-95.43319900042091, 29.803851999621276], [-95.42965600002458, 29.80316899972009], [-95.43003299959312, 29.80164099989315], [-95.4380840003084, 29.801605999700193], [-95.43783700043619, 29.789216000096772], [-95.44329899990876, 29.789171000161097], [-95.45065299959171, 29.794561999867348]]]}, "properties": {"geoid": "48201511001", "name": "Census Tract 5110.01", "population": "3593.0", "median_hh_income": "97589.0", "poverty_rate": "0.06255331248222917", "nearest_dollar_store_mi": "1.02", "gap_score": "0.0"}}, {"type": "Feature", "geometry": {"type": "Polygon", "coordinates": [[[-95.54466800024811, 29.794281999997242], [-95.53742800036798, 29.794128000202466], [-95.53353599999218, 29.79516400020921], [-95.53339799989993, 29.7939830003512], [-95.5320010001572, 29.791788000353563], [-95.53139500025979, 29.78972899996041], [-95.53132900013755, 29.786698000361234], [-95.53178000022426, 29.784742999858803], [-95.54397699996191, 29.78473799999001], [-95.54412000007703, 29.78739699989974], [-95.54453299963059, 29.788860999707953], [-95.54466800024811, 29.794281999997242]]]}, "properties": {"geoid": "48201522302", "name": "Census Tract 5223.02", "population": "3259.0", "median_hh_income": "61620.0", "poverty_rate": "0.15679656336299477", "nearest_dollar_store_mi": "2.35", "gap_score": "2175.8"}}, {"type": "Feature", "geometry": {"type": "Polygon", "coordinates": [[[-95.54514299972595, 29.80600900033463], [-95.54033200035663, 29.806003999969356], [-95.53991999972966, 29.80639300035738], [-95.53085299993649, 29.806479000034553], [-95.53064399969911, 29.795956999850688], [-95.53742800036798, 29.794128000202466], [-95.54466800024811, 29.794281999997242], [-95.54514299972595, 29.80600900033463]]]}, "properties": {"geoid": "48201522202", "name": "Census Tract 5222.02", "population": "4088.0", "median_hh_income": "61204.0", "poverty_rate": "0.27299412915851273", "nearest_dollar_store_mi": "1.67", "gap_score": "2180.4"}}, {"type": "Feature", "geometry": {"type": "Polygon", "coordinates": [[[-95.53353599999218, 29.79516400020921], [-95.52392100002791, 29.79799999983817], [-95.52310300041842, 29.794758999963506], [-95.52181000043274, 29.792280999981504], [-95.52177500027264, 29.787353999665328], [-95.52128300017806, 29.785415000065715], [-95.52125999971351, 29.78373399976054], [-95.53177799967612, 29.783812999697865], [-95.53176299960751, 29.785432999626387], [-95.53132900013755, 29.786698000361234], [-95.53139500025979, 29.78972899996041], [-95.5320010001572, 29.791788000353563], [-95.53339799989993, 29.7939830003512], [-95.53353599999218, 29.79516400020921]]]}, "properties": {"geoid": "48201522301", "name": "Census Tract 5223.01", "population": "4012.0", "median_hh_income": "57438.0", "poverty_rate": "0.26922081283976185", "nearest_dollar_store_mi": "2.14", "gap_score": "3281.1"}}, {"type": "Feature", "geometry": {"type": "Polygon", "coordinates": [[[-95.54520899984819, 29.812687000014343], [-95.53873999972191, 29.812463999931477], [-95.53709799975677, 29.81177400027552], [-95.53465599972549, 29.81002400014213], [-95.53240299984009, 29.809280000194235], [-95.52891600041858, 29.809205000260082], [-95.52615700019489, 29.809801000356266], [-95.52594100028482, 29.80794900003076], [-95.52512699997496, 29.807254000097842], [-95.5244199997952, 29.807095999755603], [-95.52392100002791, 29.79799999983817], [-95.53064399969911, 29.795956999850688], [-95.53085299993649, 29.806479000034553], [-95.53991999972966, 29.80639300035738], [-95.54033200035663, 29.806003999969356], [-95.54514299972595, 29.80600900033463], [-95.54520899984819, 29.812687000014343]]]}, "properties": {"geoid": "48201522201", "name": "Census Tract 5222.01", "population": "5184.0", "median_hh_income": "73152.0", "poverty_rate": "0.2665505226480836", "nearest_dollar_store_mi": "1.21", "gap_score": "724.7"}}, {"type": "Feature", "geometry": {"type": "Polygon", "coordinates": [[[-95.29113800025547, 29.699406000232106], [-95.28985899961518, 29.700314000249715], [-95.28987200003398, 29.70175999966553], [-95.28829700001602, 29.703976000152316], [-95.28630000022366, 29.70509100015839], [-95.28546300034758, 29.705063999850317], [-95.28381299998651, 29.703876000176702], [-95.28178500023202, 29.701362999935807], [-95.28025700006971, 29.701394000246367], [-95.28077500010357, 29.700623999919657], [-95.28380600031382, 29.69890600001824], [-95.28850399970524, 29.69747900021945], [-95.29113800025547, 29.699406000232106]]]}, "properties": {"geoid": "48201311600", "name": "Census Tract 3116", "population": "3614.0", "median_hh_income": "37955.0", "poverty_rate": "0.44023242944106256", "nearest_dollar_store_mi": "1.32", "gap_score": "2293.9"}}, {"type": "Feature", "geometry": {"type": "Polygon", "coordinates": [[[-95.39108900003738, 29.883225999912717], [-95.36822700002404, 29.883379000187094], [-95.36508500038401, 29.870732000083322], [-95.36844499958393, 29.870243000291445], [-95.38491299981403, 29.8700500002523], [-95.3851200004016, 29.873254999663086], [-95.39108900003738, 29.883225999912717]]]}, "properties": {"geoid": "48201221701", "name": "Census Tract 2217.01", "population": "5311.0", "median_hh_income": "67326.0", "poverty_rate": "0.28789305215590283", "nearest_dollar_store_mi": "0.69", "gap_score": "798.3"}}, {"type": "Feature", "geometry": {"type": "Polygon", "coordinates": [[[-95.35545000032825, 29.615135999979625], [-95.355424000389, 29.616611000113682], [-95.35415999981733, 29.61661900018473], [-95.34624399971959, 29.620117000090257], [-95.3416190001231, 29.62099899996931], [-95.30436900041101, 29.620851999874763], [-95.29715700011997, 29.59654800028997], [-95.29859499987059, 29.59703800021723], [-95.29919099972226, 29.596856999622283], [-95.29971499960388, 29.59612199986331], [-95.30209200023616, 29.595498999735], [-95.30864800040108, 29.594916000044364], [-95.30974899986781, 29.595037000139307], [-95.31470200042567, 29.598008000370168], [-95.31626400002486, 29.598247999644958], [-95.31801800014297, 29.597891999734948], [-95.31932500037233, 29.598343999976063], [-95.32229700013306, 29.59666400012757], [-95.32367499960921, 29.597504999842318], [-95.32542299987955, 29.59804599990284], [-95.32832600004329, 29.598132999868426], [-95.33011699997132, 29.599047000340384], [-95.33193999968641, 29.5990590001941], [-95.33378599986604, 29.59799400000435], [-95.33505600028548, 29.596295999913846], [-95.3372539999193, 29.595130999957977], [-95.33742100032387, 29.593860000014388], [-95.33818700005484, 29.593459000061667], [-95.34060399997178, 29.593440999671902], [-95.34077700022414, 29.59242799998599], [-95.34167100000164, 29.592120000228046], [-95.34231500043221, 29.591073000241416], [-95.34440500011098, 29.589093999757967], [-95.34425699997296, 29.587275999879605], [-95.34588600041762, 29.586320000081695], [-95.34627800005478, 29.585580999629883], [-95.34819000035664, 29.585831000361992], [-95.34911400027136, 29.58652600031501], [-95.35037799994471, 29.586321000000407], [-95.35190699993193, 29.585455000276056], [-95.35224099984278, 29.595330999629734], [-95.35542699986372, 29.606577999769964], [-95.35545000032825, 29.615135999979625]]]}, "properties": {"geoid": "48201330801", "name": "Census Tract 3308.01", "population": "6752.0", "median_hh_income": "64430.0", "poverty_rate": "0.23981564079690754", "nearest_dollar_store_mi": "2.83", "gap_score": "4925.3"}}, {"type": "Feature", "geometry": {"type": "Polygon", "coordinates": [[[-95.28906199992207, 29.67317699982955], [-95.28621800020788, 29.672408999963878], [-95.2814460002983, 29.672282000042912], [-95.28134300036614, 29.664910999920693], [-95.27880199970234, 29.66525499978979], [-95.27870600034119, 29.66211699986621], [-95.288846000012, 29.662114000023916], [-95.28906199992207, 29.67317699982955]]]}, "properties": {"geoid": "48201333502", "name": "Census Tract 3335.02", "population": "2504.0", "median_hh_income": "83269.0", "poverty_rate": "0.3146964856230032", "nearest_dollar_store_mi": "0.71", "gap_score": "0.0"}}, {"type": "Feature", "geometry": {"type": "Polygon", "coordinates": [[[-95.22577500004634, 29.652656000302084], [-95.21651699955913, 29.652775999738086], [-95.2164580000079, 29.651009999829483], [-95.21134100031684, 29.650889999849237], [-95.2146910003693, 29.650354000376755], [-95.21411700025897, 29.64894399975424], [-95.21747300015922, 29.647721999685174], [-95.21511899999147, 29.64519700036826], [-95.21726200027203, 29.64364099983743], [-95.22577500004634, 29.652656000302084]]]}, "properties": {"geoid": "48201321301", "name": "Census Tract 3213.01", "population": "3718.0", "median_hh_income": "32833.0", "poverty_rate": "0.4250067805804177", "nearest_dollar_store_mi": "1.77", "gap_score": "3134.4"}}, {"type": "Feature", "geometry": {"type": "Polygon", "coordinates": [[[-95.22905700032678, 29.62770499995224], [-95.22512099957005, 29.627774000366326], [-95.2229420002028, 29.628517999927897], [-95.21102400012443, 29.63698100015774], [-95.19800800005405, 29.623000000249373], [-95.2196039998459, 29.622132999626704], [-95.22077899983078, 29.622534999908055], [-95.2207160000816, 29.62084000027199], [-95.22117100036627, 29.62058199987563], [-95.22905700032678, 29.62770499995224]]]}, "properties": {"geoid": "48201321102", "name": "Census Tract 3211.02", "population": "4274.0", "median_hh_income": "93553.0", "poverty_rate": "0.04491444866920152", "nearest_dollar_store_mi": "0.97", "gap_score": "0.0"}}, {"type": "Feature", "geometry": {"type": "Polygon", "coordinates": [[[-95.24336300000978, 29.640735000375145], [-95.24149500008883, 29.642069000240195], [-95.23557999998143, 29.644748999917038], [-95.233142999973, 29.6452160002196], [-95.22536900016547, 29.64534799974529], [-95.22302900024144, 29.646214999638456], [-95.22116999964302, 29.64778700007902], [-95.21102400012443, 29.63698100015774], [-95.22116200014543, 29.629749999932184], [-95.22141200039067, 29.634829999726044], [-95.22375200031473, 29.634823999976355], [-95.22379099977447, 29.6373749997665], [-95.2241170001877, 29.638064000159375], [-95.23664500036146, 29.637651999819106], [-95.23773699960735, 29.637386000329947], [-95.23885100039118, 29.63663100003677], [-95.24336300000978, 29.640735000375145]]]}, "properties": {"geoid": "48201321002", "name": "Census Tract 3210.02", "population": "5200.0", "median_hh_income": "60607.0", "poverty_rate": "0.13576923076923078", "nearest_dollar_store_mi": "1.01", "gap_score": "1548.9"}}, {"type": "Feature", "geometry": {"type": "Polygon", "coordinates": [[[-95.24539599978715, 29.617893999880813], [-95.24369000024792, 29.618168000027044], [-95.24264199958631, 29.618779000044636], [-95.24063200027348, 29.62155399992307], [-95.2402120001489, 29.622699999745787], [-95.2382610003873, 29.622967000089314], [-95.23852300032812, 29.62758899990781], [-95.22905700032678, 29.62770499995224], [-95.22117100036627, 29.62058199987563], [-95.22942700022263, 29.6203329997385], [-95.22995600012715, 29.618586999935907], [-95.2380780000892, 29.61122000035634], [-95.24217399978117, 29.61112099998707], [-95.24224499992627, 29.614737999970913], [-95.24187800040347, 29.615628000216166], [-95.24190199979462, 29.61679599964214], [-95.24508799981557, 29.616737000378205], [-95.24539599978715, 29.617893999880813]]]}, "properties": {"geoid": "48201333903", "name": "Census Tract 3339.03", "population": "3720.0", "median_hh_income": "63494.0", "poverty_rate": "0.198110661268556", "nearest_dollar_store_mi": "0.54", "gap_score": "529.6"}}, {"type": "Feature", "geometry": {"type": "Polygon", "coordinates": [[[-95.38470699994973, 29.859437999810595], [-95.37630299995536, 29.85940700009324], [-95.37201200026969, 29.85903799980325], [-95.37176600022242, 29.845668999766], [-95.38447799962087, 29.845521000044094], [-95.38470699994973, 29.859437999810595]]]}, "properties": {"geoid": "48201221301", "name": "Census Tract 2213.01", "population": "4052.0", "median_hh_income": "69180.0", "poverty_rate": "0.2250740375123396", "nearest_dollar_store_mi": "0.7", "gap_score": "498.9"}}, {"type": "Feature", "geometry": {"type": "Polygon", "coordinates": [[[-95.56394900023028, 29.966929999826167], [-95.55782700043363, 29.966664999764614], [-95.55664099967977, 29.967764999994465], [-95.55048399972301, 29.963851000099837], [-95.54705099982984, 29.9612120000228], [-95.55362500043644, 29.95552200026869], [-95.56394699968214, 29.958580999948737], [-95.56372300027446, 29.960732999974063], [-95.56394900023028, 29.966929999826167]]]}, "properties": {"geoid": "48201552603", "name": "Census Tract 5526.03", "population": "5595.0", "median_hh_income": "51952.0", "poverty_rate": "0.36743515850144093", "nearest_dollar_store_mi": "0.3", "gap_score": "755.1"}}, {"type": "Feature", "geometry": {"type": "Polygon", "coordinates": [[[-95.48506899963536, 29.850056000083196], [-95.48378599969544, 29.8499500000448], [-95.48200099961518, 29.84857600035914], [-95.47891599987656, 29.847235999838134], [-95.47708099956759, 29.84709900027879], [-95.47541600003625, 29.846577000081627], [-95.47293100034726, 29.846644000353628], [-95.47062900005805, 29.845397000192516], [-95.47013100011569, 29.845443999896748], [-95.46759200000004, 29.840962999887935], [-95.4731949999379, 29.840954999763277], [-95.47608200020811, 29.84035899997072], [-95.48498300031996, 29.840395000351972], [-95.48506899963536, 29.850056000083196]]]}, "properties": {"geoid": "48201532101", "name": "Census Tract 5321.01", "population": "3746.0", "median_hh_income": "66076.0", "poverty_rate": "0.07882701103040086", "nearest_dollar_store_mi": "0.78", "gap_score": "586.7"}}, {"type": "Feature", "geometry": {"type": "Polygon", "coordinates": [[[-95.60805999970583, 29.863107000097013], [-95.5954760003539, 29.86325299967692], [-95.5936960002965, 29.863765999799185], [-95.58765700034054, 29.866725999735117], [-95.58148199994211, 29.867091000236922], [-95.5814660000486, 29.850301000079522], [-95.56366600037305, 29.850292000293855], [-95.56369300013725, 29.831933999944255], [-95.59675400027095, 29.831518000207662], [-95.60483900042308, 29.833736000224143], [-95.60499900025665, 29.841539000168382], [-95.60805999970583, 29.863107000097013]]]}, "properties": {"geoid": "48201540101", "name": "Census Tract 5401.01", "population": "7031.0", "median_hh_income": "239125.0", "poverty_rate": "0.04835727492533068", "nearest_dollar_store_mi": "3.59", "gap_score": "0.0"}}, {"type": "Feature", "geometry": {"type": "Polygon", "coordinates": [[[-95.5368879996945, 29.82401199985298], [-95.53687400034912, 29.827519000170756], [-95.53151800028343, 29.82759000018614], [-95.53156400031419, 29.832425999809892], [-95.52639099964831, 29.832518999906593], [-95.52628100004344, 29.821945000203588], [-95.53526599982085, 29.821992999943877], [-95.53689199989246, 29.822479000205014], [-95.5368879996945, 29.82401199985298]]]}, "properties": {"geoid": "48201522002", "name": "Census Tract 5220.02", "population": "3096.0", "median_hh_income": "97356.0", "poverty_rate": "0.22714962762356128", "nearest_dollar_store_mi": "0.57", "gap_score": "0.0"}}, {"type": "Feature", "geometry": {"type": "Polygon", "coordinates": [[[-95.4949339998449, 29.613537000002346], [-95.49178499963386, 29.61755999981808], [-95.48884999968305, 29.62284299969899], [-95.48764799993398, 29.623964000131856], [-95.48330500036981, 29.626276999989376], [-95.48206900028556, 29.628411999738248], [-95.47592900004724, 29.628398999972553], [-95.47067699973863, 29.627304000288376], [-95.46518500012883, 29.62728000027541], [-95.46490599957127, 29.607607999993498], [-95.46446000040574, 29.60230800002904], [-95.46477599987492, 29.60014900008629], [-95.46504500038675, 29.599598999943343], [-95.46911900033743, 29.601333000202406], [-95.4949339998449, 29.613537000002346]]]}, "properties": {"geoid": "48201330302", "name": "Census Tract 3303.02", "population": "5141.0", "median_hh_income": "61330.0", "poverty_rate": "0.17703631010794896", "nearest_dollar_store_mi": "1.08", "gap_score": "1633.1"}}, {"type": "Feature", "geometry": {"type": "Polygon", "coordinates": [[[-95.27711299988157, 29.67240599964806], [-95.27200000038845, 29.672732999988273], [-95.26799599985965, 29.67555799987685], [-95.2640149997954, 29.67135400018396], [-95.26248499998329, 29.66913399967198], [-95.26318600031523, 29.667923999926053], [-95.26315199998007, 29.665453000179404], [-95.27690799984214, 29.66555799970751], [-95.27711299988157, 29.67240599964806]]]}, "properties": {"geoid": "48201333201", "name": "Census Tract 3332.01", "population": "5266.0", "median_hh_income": "60615.0", "poverty_rate": "0.1910368401063426", "nearest_dollar_store_mi": "0.48", "gap_score": "784.0"}}, {"type": "Feature", "geometry": {"type": "Polygon", "coordinates": [[[-95.13813599962981, 29.59211799972433], [-95.13633800002908, 29.594062000327746], [-95.13506799960965, 29.59762299975503], [-95.1326580002637, 29.60062600026126], [-95.12422800033008, 29.6051210003236], [-95.11905999968705, 29.595268000201653], [-95.11775699965564, 29.59061099990583], [-95.11771099962489, 29.588146999884817], [-95.11826399981886, 29.584947999928374], [-95.12200800005664, 29.577488000246717], [-95.12617499989372, 29.579505999671383], [-95.13369799963108, 29.5869339998696], [-95.13525000008282, 29.589465000127007], [-95.13813599962981, 29.59211799972433]]]}, "properties": {"geoid": "48201340301", "name": "Census Tract 3403.01", "population": "3541.0", "median_hh_income": "218304.0", "poverty_rate": "0.0073425585992657446", "nearest_dollar_store_mi": "2.9", "gap_score": "0.0"}}, {"type": "Feature", "geometry": {"type": "Polygon", "coordinates": [[[-95.49568700005538, 29.89968100035473], [-95.48043399999312, 29.89974999983666], [-95.48009400023452, 29.893951999903134], [-95.47972799963829, 29.892428000028058], [-95.47844300004854, 29.89057899984588], [-95.47492899996455, 29.887747000295978], [-95.47417800030219, 29.88628300036809], [-95.47390100029274, 29.88430699992077], [-95.47826399994841, 29.88483500019776], [-95.4830369996829, 29.884697000005797], [-95.48523299966689, 29.884215999915067], [-95.48528500044375, 29.884764000388124], [-95.49230600004076, 29.88470100026243], [-95.49443300042778, 29.88846800008639], [-95.49469000034573, 29.891396999932738], [-95.49558800032118, 29.89357299992764], [-95.49568700005538, 29.89968100035473]]]}, "properties": {"geoid": "48201532600", "name": "Census Tract 5326", "population": "6375.0", "median_hh_income": "53333.0", "poverty_rate": "0.1523137254901961", "nearest_dollar_store_mi": "1.43", "gap_score": "3497.1"}}, {"type": "Feature", "geometry": {"type": "Polygon", "coordinates": [[[-95.32824200037768, 29.72290800033806], [-95.3228779999161, 29.728220000039634], [-95.30819399994134, 29.723785999737164], [-95.30502899983678, 29.72237700006237], [-95.30562100038878, 29.72095100003261], [-95.30861900008877, 29.719382000173884], [-95.30882099975514, 29.71818600003103], [-95.30767599990746, 29.71739899983624], [-95.30753100014252, 29.715886999924894], [-95.30919400002404, 29.71447000005426], [-95.30939300021566, 29.713599000250607], [-95.31069100022418, 29.71220000030465], [-95.31947000013729, 29.71787300022468], [-95.32547999978097, 29.720988999970142], [-95.32824200037768, 29.72290800033806]]]}, "properties": {"geoid": "48201310700", "name": "Census Tract 3107", "population": "3342.0", "median_hh_income": "63527.0", "poverty_rate": "0.08628983764281419", "nearest_dollar_store_mi": "1.18", "gap_score": "943.8"}}, {"type": "Feature", "geometry": {"type": "Polygon", "coordinates": [[[-95.49222099965195, 29.66635300016079], [-95.47683399969539, 29.666531000320354], [-95.47670599964889, 29.659296000162286], [-95.47972099996561, 29.65799100031791], [-95.48299900004807, 29.6573200003864], [-95.49205499997059, 29.657190000160295], [-95.49222099965195, 29.66635300016079]]]}, "properties": {"geoid": "48201422000", "name": "Census Tract 4220", "population": "2279.0", "median_hh_income": "126417.0", "poverty_rate": "0.03609154929577465", "nearest_dollar_store_mi": "1.85", "gap_score": "0.0"}}, {"type": "Feature", "geometry": {"type": "Polygon", "coordinates": [[[-95.37297100034453, 29.9022069998815], [-95.33117599960526, 29.902507000239495], [-95.33103900023622, 29.890886000178853], [-95.33058499977646, 29.890913000231436], [-95.33052799987506, 29.8869020002791], [-95.34296099961426, 29.88674100038897], [-95.34422199981287, 29.887770000286668], [-95.34455800027185, 29.889913999646936], [-95.34595199964153, 29.89084300008011], [-95.34693699965563, 29.890655000209197], [-95.3476940000641, 29.891633999708123], [-95.34808599970125, 29.893051999844655], [-95.34919600028712, 29.89317299973006], [-95.35078700019862, 29.89442599997918], [-95.35592900000407, 29.894407999800563], [-95.35704000041484, 29.894770000344472], [-95.36165800033862, 29.892465000304618], [-95.36420099975395, 29.89234300035107], [-95.3653170001876, 29.891759999724066], [-95.36553100044785, 29.89129800018505], [-95.36797299958083, 29.891984000310885], [-95.36869300017936, 29.892638000110438], [-95.37053500016103, 29.89254699992142], [-95.37297100034453, 29.9022069998815]]]}, "properties": {"geoid": "48201222300", "name": "Census Tract 2223", "population": "4725.0", "median_hh_income": "39314.0", "poverty_rate": "0.3018428299089176", "nearest_dollar_store_mi": "0.5", "gap_score": "1024.9"}}, {"type": "Feature", "geometry": {"type": "Polygon", "coordinates": [[[-95.30738399982943, 29.780849999765916], [-95.30736200008812, 29.787458000091934], [-95.29176400024437, 29.787623999979186], [-95.29166200013711, 29.780171999675453], [-95.3073820001796, 29.780136999770402], [-95.30738399982943, 29.780849999765916]]]}, "properties": {"geoid": "48201211900", "name": "Census Tract 2119", "population": "4150.0", "median_hh_income": "49202.0", "poverty_rate": "0.11721966577863889", "nearest_dollar_store_mi": "2.42", "gap_score": "3743.1"}}, {"type": "Feature", "geometry": {"type": "Polygon", "coordinates": [[[-95.3329170002029, 29.714372000021914], [-95.33182099986071, 29.71411200026855], [-95.33106400035058, 29.7126609996932], [-95.3291310001323, 29.71220499989134], [-95.32817399970733, 29.711506999629172], [-95.32495099987645, 29.71244500004522], [-95.32293800019055, 29.712152999652375], [-95.32163799963388, 29.712518000205797], [-95.31913700005137, 29.710161999638373], [-95.3175550003607, 29.71004499999801], [-95.31424100029322, 29.708752999879458], [-95.31312599968449, 29.70904300027563], [-95.31267100029814, 29.710353999813055], [-95.31069100022418, 29.71220000030465], [-95.30509999998188, 29.708425000208468], [-95.31512800039803, 29.702685999847265], [-95.32666399998666, 29.695466000224744], [-95.3329170002029, 29.714372000021914]]]}, "properties": {"geoid": "48201311800", "name": "Census Tract 3118", "population": "3646.0", "median_hh_income": "47753.0", "poverty_rate": "0.26247942951179376", "nearest_dollar_store_mi": "1.72", "gap_score": "2645.7"}}, {"type": "Feature", "geometry": {"type": "Polygon", "coordinates": [[[-95.33752300043113, 29.72858499989397], [-95.32547999978097, 29.720988999970142], [-95.31947000013729, 29.71787300022468], [-95.31069100022418, 29.71220000030465], [-95.31267100029814, 29.710353999813055], [-95.31312599968449, 29.70904300027563], [-95.31391300023017, 29.708740999834234], [-95.3165700003466, 29.709471999710576], [-95.3175550003607, 29.71004499999801], [-95.31913700005137, 29.710161999638373], [-95.32163799963388, 29.712518000205797], [-95.32293800019055, 29.712152999652375], [-95.32495099987645, 29.71244500004522], [-95.32788599982723, 29.71149900007872], [-95.3291310001323, 29.71220499989134], [-95.33106400035058, 29.7126609996932], [-95.33182099986071, 29.71411200026855], [-95.3329170002029, 29.714372000021914], [-95.33752300043113, 29.72858499989397]]]}, "properties": {"geoid": "48201311900", "name": "Census Tract 3119", "population": "1629.0", "median_hh_income": "60238.0", "poverty_rate": "0.16881522406384286", "nearest_dollar_store_mi": "1.17", "gap_score": "589.1"}}, {"type": "Feature", "geometry": {"type": "Polygon", "coordinates": [[[-95.35653099970351, 29.709743999703218], [-95.35255899986008, 29.719643999850845], [-95.33998899985353, 29.715862999977976], [-95.33969599995059, 29.71736899996351], [-95.33710900015434, 29.72377800038501], [-95.33743800004231, 29.725072000023356], [-95.33780499956511, 29.725648999800963], [-95.34396200042019, 29.727274999825955], [-95.34206699983676, 29.731822999652557], [-95.33752300043113, 29.72858499989397], [-95.3329170002029, 29.714372000021914], [-95.33341099994732, 29.713635999635493], [-95.33477400025318, 29.713222999655564], [-95.33819899975042, 29.714898999706847], [-95.33871900033242, 29.71464800004354], [-95.33912900041123, 29.71390399998108], [-95.33933600010049, 29.7122719996344], [-95.34009699980858, 29.71133299970469], [-95.34205900033916, 29.712085999829842], [-95.34445799981441, 29.712545000070083], [-95.3469340001809, 29.71114399978137], [-95.35300800029697, 29.709449000047435], [-95.35535300024388, 29.709404000182456], [-95.35653099970351, 29.709743999703218]]]}, "properties": {"geoid": "48201312000", "name": "Census Tract 3120", "population": "2970.0", "median_hh_income": "85536.0", "poverty_rate": "0.1270062805303559", "nearest_dollar_store_mi": "1.43", "gap_score": "0.0"}}, {"type": "Feature", "geometry": {"type": "Polygon", "coordinates": [[[-95.75186999996652, 29.784673000113834], [-95.75186699959346, 29.785391999886087], [-95.75159399978197, 29.78541200000867], [-95.71893199985647, 29.785177999961256], [-95.71884900001578, 29.775244999838332], [-95.72392100039933, 29.775958000360703], [-95.73335999973818, 29.775928999665368], [-95.73723799987029, 29.776395000385087], [-95.7424630004147, 29.77506200021752], [-95.75176899968417, 29.774751999739006], [-95.75186999996652, 29.784673000113834]]]}, "properties": {"geoid": "48201454600", "name": "Census Tract 4546", "population": "5446.0", "median_hh_income": "42829.0", "poverty_rate": "0.26219054763690924", "nearest_dollar_store_mi": "0.82", "gap_score": "1873.2"}}, {"type": "Feature", "geometry": {"type": "Polygon", "coordinates": [[[-95.50700000006128, 29.875615999988657], [-95.5069590000534, 29.88552199968233], [-95.50329799965628, 29.885912999739826], [-95.50332000029591, 29.89033499984545], [-95.5037420000703, 29.89133000011426], [-95.50409600007264, 29.899163999950954], [-95.50035299965975, 29.89964700016352], [-95.49568700005538, 29.89968100035473], [-95.49558800032118, 29.89357299992764], [-95.49444400029843, 29.89009700008674], [-95.494455999994, 29.876640000248166], [-95.4993070004446, 29.876421000194874], [-95.50000000038065, 29.8757170000381], [-95.50063600041528, 29.873948999899305], [-95.50151900032213, 29.87336099987692], [-95.50699900023636, 29.874152000326138], [-95.50700000006128, 29.875615999988657]]]}, "properties": {"geoid": "48201532502", "name": "Census Tract 5325.02", "population": "5785.0", "median_hh_income": "66204.0", "poverty_rate": "0.21555747623163354", "nearest_dollar_store_mi": "1.6", "gap_score": "2070.7"}}, {"type": "Feature", "geometry": {"type": "Polygon", "coordinates": [[[-95.32104799963001, 29.677897999749913], [-95.30557199998498, 29.681417999971384], [-95.2939009997788, 29.681450999702527], [-95.28950499961286, 29.675270999835845], [-95.2890910002344, 29.67440500035458], [-95.28906199992207, 29.67317699982955], [-95.2910140004069, 29.67368699993869], [-95.293822999961, 29.673729999747007], [-95.30005199988778, 29.67275600025146], [-95.30133900002566, 29.672232999754016], [-95.30387700031642, 29.670241000209266], [-95.30667499999987, 29.668681000213923], [-95.31796999956408, 29.666178000187944], [-95.3214550002341, 29.677798000355605], [-95.32104799963001, 29.677897999749913]]]}, "properties": {"geoid": "48201332600", "name": "Census Tract 3326", "population": "6387.0", "median_hh_income": "45870.0", "poverty_rate": "0.202638866264864", "nearest_dollar_store_mi": "1.84", "gap_score": "4708.7"}}, {"type": "Feature", "geometry": {"type": "Polygon", "coordinates": [[[-95.37647700003261, 29.824437000221266], [-95.37619599982523, 29.828365000268157], [-95.36770399996732, 29.828450999749865], [-95.36532999970808, 29.828885999945356], [-95.35483400038511, 29.828895999945523], [-95.3561020002564, 29.821901000096688], [-95.35558599987237, 29.819695999992298], [-95.37479400005961, 29.81946299979122], [-95.37647700003261, 29.824437000221266]]]}, "properties": {"geoid": "48201220300", "name": "Census Tract 2203", "population": "3773.0", "median_hh_income": "49536.0", "poverty_rate": "0.29340047707394645", "nearest_dollar_store_mi": "0.32", "gap_score": "527.0"}}, {"type": "Feature", "geometry": {"type": "Polygon", "coordinates": [[[-95.37618900015252, 29.82863899993592], [-95.37568399963915, 29.8375740002612], [-95.35679699984229, 29.83742900028737], [-95.35481400029362, 29.829058000276014], [-95.36532999970808, 29.828885999945356], [-95.36770399996732, 29.828450999749865], [-95.37533600038293, 29.828340999982743], [-95.37619599982523, 29.828365000268157], [-95.37618900015252, 29.82863899993592]]]}, "properties": {"geoid": "48201220400", "name": "Census Tract 2204", "population": "4176.0", "median_hh_income": "56200.0", "poverty_rate": "0.2958152958152958", "nearest_dollar_store_mi": "0.58", "gap_score": "993.9"}}, {"type": "Feature", "geometry": {"type": "Polygon", "coordinates": [[[-95.39295500030848, 29.845523999856415], [-95.37774300025411, 29.845595000322025], [-95.37550500043733, 29.840450999966862], [-95.37647799985754, 29.82431299991547], [-95.37479400005961, 29.81946299979122], [-95.37804700002773, 29.81938899964046], [-95.37980100014585, 29.823207000161748], [-95.38105599959836, 29.828154999718365], [-95.38177100017403, 29.82971599966894], [-95.38668200000076, 29.836018000381188], [-95.39295500030848, 29.845523999856415]]]}, "properties": {"geoid": "48201220500", "name": "Census Tract 2205", "population": "3429.0", "median_hh_income": "24835.0", "poverty_rate": "0.2586769504598042", "nearest_dollar_store_mi": "0.23", "gap_score": "334.4"}}, {"type": "Feature", "geometry": {"type": "Polygon", "coordinates": [[[-95.37774300025411, 29.845595000322025], [-95.3716390000008, 29.8456580002101], [-95.36869200035446, 29.846188999913497], [-95.3590509995526, 29.846497999854364], [-95.35679699984229, 29.83742900028737], [-95.37568399963915, 29.8375740002612], [-95.37557300020937, 29.840826000294072], [-95.37774300025411, 29.845595000322025]]]}, "properties": {"geoid": "48201220600", "name": "Census Tract 2206", "population": "3168.0", "median_hh_income": "", "poverty_rate": "0.3693181818181818", "nearest_dollar_store_mi": "0.52", "gap_score": "0.0"}}, {"type": "Feature", "geometry": {"type": "Polygon", "coordinates": [[[-95.34280599980357, 29.84044200007261], [-95.33364799977377, 29.84075900001477], [-95.33370600039841, 29.837157999852547], [-95.3355719997712, 29.82771099997548], [-95.3354939999534, 29.819890999820135], [-95.34248699996134, 29.819857999648207], [-95.34280599980357, 29.84044200007261]]]}, "properties": {"geoid": "48201220800", "name": "Census Tract 2208", "population": "3927.0", "median_hh_income": "32955.0", "poverty_rate": "0.48128342245989303", "nearest_dollar_store_mi": "0.67", "gap_score": "1296.7"}}, {"type": "Feature", "geometry": {"type": "Polygon", "coordinates": [[[-95.37192199985802, 29.79076299983996], [-95.37184499986513, 29.79220699998667], [-95.36873699966198, 29.792239999927936], [-95.3681609999018, 29.792717000272724], [-95.36641900037756, 29.79241200015422], [-95.36501199969078, 29.791165000001914], [-95.36243400011536, 29.790275000122588], [-95.36181300014934, 29.78974799976049], [-95.35109599999511, 29.78982900009869], [-95.35075100021362, 29.784736000198382], [-95.3516719997553, 29.78473999978168], [-95.35142599970798, 29.783371000145365], [-95.35685999959148, 29.78331900016143], [-95.36733400007147, 29.77948999987915], [-95.36904600035679, 29.779318999619093], [-95.3685750001786, 29.780965000371122], [-95.36872199959335, 29.783499000170668], [-95.37165800026739, 29.788534999790123], [-95.37192199985802, 29.79076299983996]]]}, "properties": {"geoid": "48201210400", "name": "Census Tract 2104", "population": "3628.0", "median_hh_income": "54004.0", "poverty_rate": "0.2364939360529217", "nearest_dollar_store_mi": "0.04", "gap_score": "54.1"}}, {"type": "Feature", "geometry": {"type": "Polygon", "coordinates": [[[-95.33612999998805, 29.80843800011605], [-95.33546800001412, 29.80975400025401], [-95.33524600025628, 29.811585000308334], [-95.3354939999534, 29.819890999820135], [-95.32718899969323, 29.81986100023107], [-95.3243700000934, 29.81891400010685], [-95.32422699997826, 29.809072000165855], [-95.33207699995376, 29.808035999981676], [-95.33409800003557, 29.80802600023309], [-95.33612999998805, 29.80843800011605]]]}, "properties": {"geoid": "48201230100", "name": "Census Tract 2301", "population": "1783.0", "median_hh_income": "51389.0", "poverty_rate": "0.19068984856982613", "nearest_dollar_store_mi": "1.34", "gap_score": "948.2"}}, {"type": "Feature", "geometry": {"type": "Polygon", "coordinates": [[[-95.32874000032007, 29.82002899999597], [-95.32377800043969, 29.820838999965954], [-95.31856999961371, 29.823317000124423], [-95.3166470003395, 29.82484900028348], [-95.30204899968014, 29.839014000346257], [-95.30202500028902, 29.834006999811617], [-95.29375400036403, 29.833991999799075], [-95.29373699974728, 29.831351000092212], [-95.2919640002609, 29.831337000279795], [-95.29202100016231, 29.811670000181117], [-95.29128399984533, 29.804806000347405], [-95.29016699958677, 29.804221999638095], [-95.2945829998442, 29.804267999911144], [-95.29636000042684, 29.804657000035274], [-95.30453699974218, 29.80883399992499], [-95.3062640000961, 29.809364999687844], [-95.32422699997826, 29.809072000165855], [-95.3243700000934, 29.81891400010685], [-95.32718899969323, 29.81986100023107], [-95.32976700016694, 29.819994000003287], [-95.32874000032007, 29.82002899999597]]]}, "properties": {"geoid": "48201230200", "name": "Census Tract 2302", "population": "5269.0", "median_hh_income": "37500.0", "poverty_rate": "0.29294859545193963", "nearest_dollar_store_mi": "1.07", "gap_score": "2430.5"}}, {"type": "Feature", "geometry": {"type": "Polygon", "coordinates": [[[-95.33560000025861, 29.82701700011525], [-95.33364699994885, 29.837719999780383], [-95.33396099976821, 29.85137899962142], [-95.33359400024541, 29.86134399999763], [-95.33210700009099, 29.86074200010784], [-95.33113600032061, 29.861220999843002], [-95.33014000043586, 29.8622220002007], [-95.32848000002907, 29.861810000038098], [-95.32702999968457, 29.86252500021429], [-95.32546600043557, 29.86428400018654], [-95.32503700009016, 29.864404999925704], [-95.32284199993109, 29.863717999876805], [-95.32183900037364, 29.863794999952066], [-95.31806499999864, 29.86290099971816], [-95.33549999980117, 29.820081000385564], [-95.33560000025861, 29.82701700011525]]]}, "properties": {"geoid": "48201230500", "name": "Census Tract 2305", "population": "3566.0", "median_hh_income": "34103.0", "poverty_rate": "0.3220243143907266", "nearest_dollar_store_mi": "0.98", "gap_score": "1547.5"}}, {"type": "Feature", "geometry": {"type": "Polygon", "coordinates": [[[-95.32569599969104, 29.843922000007698], [-95.32401699991597, 29.848094000202863], [-95.29207100039102, 29.848695000370984], [-95.30204899968014, 29.839014000346257], [-95.30209899990886, 29.84074299973212], [-95.31894200005769, 29.840531999757786], [-95.31903099974615, 29.84380299976203], [-95.32569599969104, 29.843922000007698]]]}, "properties": {"geoid": "48201230600", "name": "Census Tract 2306", "population": "3076.0", "median_hh_income": "44265.0", "poverty_rate": "0.19538361508452537", "nearest_dollar_store_mi": "1.13", "gap_score": "1381.0"}}, {"type": "Feature", "geometry": {"type": "Polygon", "coordinates": [[[-95.32401699991597, 29.848094000202863], [-95.31806499999864, 29.86290099971816], [-95.31608599974962, 29.86232299978806], [-95.31570099978516, 29.861458999960757], [-95.3118529997903, 29.85805100019582], [-95.30975800008865, 29.85828700020364], [-95.30883099980088, 29.858039999666865], [-95.30749400033258, 29.858468999921033], [-95.30693299974271, 29.85828700020364], [-95.30637100022622, 29.856791999704207], [-95.3052420002721, 29.856296999620216], [-95.30404999967047, 29.854988000207896], [-95.30415099995281, 29.853663000220482], [-95.30385399985188, 29.853162999858974], [-95.30022099994218, 29.853080999803794], [-95.29749699987859, 29.85398200023014], [-95.29365599955644, 29.851518999952486], [-95.29256400031052, 29.851673000167906], [-95.29127100032485, 29.852508000255494], [-95.28976999992673, 29.852391999719558], [-95.28903799963263, 29.851746000166735], [-95.29207100039102, 29.848695000370984], [-95.32401699991597, 29.848094000202863]]]}, "properties": {"geoid": "48201230700", "name": "Census Tract 2307", "population": "3446.0", "median_hh_income": "41715.0", "poverty_rate": "0.3702843876958793", "nearest_dollar_store_mi": "1.33", "gap_score": "2095.0"}}, {"type": "Feature", "geometry": {"type": "Polygon", "coordinates": [[[-95.30206399974875, 29.83866700014301], [-95.30204899968014, 29.839014000346257], [-95.30047000036252, 29.840604000382644], [-95.28903799963263, 29.851746000166735], [-95.28817300016745, 29.851230000171956], [-95.28847399956803, 29.831315000348077], [-95.29373699974728, 29.831351000092212], [-95.29375400036403, 29.833991999799075], [-95.30202500028902, 29.834006999811617], [-95.30206399974875, 29.83866700014301]]]}, "properties": {"geoid": "48201230800", "name": "Census Tract 2308", "population": "2351.0", "median_hh_income": "41083.0", "poverty_rate": "0.3219906422798809", "nearest_dollar_store_mi": "1.6", "gap_score": "1660.6"}}, {"type": "Feature", "geometry": {"type": "Polygon", "coordinates": [[[-95.54599999969352, 29.712887999765176], [-95.54455199989717, 29.713341999929828], [-95.54410500000841, 29.712094000113808], [-95.54396699991614, 29.70873499981108], [-95.53882900030868, 29.70895600016669], [-95.5379790000138, 29.704998000280476], [-95.545294000237, 29.704938999658864], [-95.54555299980477, 29.711543999785015], [-95.54599999969352, 29.712887999765176]]]}, "properties": {"geoid": "48201433007", "name": "Census Tract 4330.07", "population": "1720.0", "median_hh_income": "42127.0", "poverty_rate": "0.3302325581395349", "nearest_dollar_store_mi": "2.49", "gap_score": "1900.5"}}, {"type": "Feature", "geometry": {"type": "Polygon", "coordinates": [[[-95.57025599997485, 29.68837599978067], [-95.56714899959663, 29.68901500020392], [-95.56008100014394, 29.689657000267143], [-95.55747500008111, 29.689424000358535], [-95.55845400024744, 29.684661999747423], [-95.56270300010027, 29.684795000312306], [-95.56272499984159, 29.68651900014082], [-95.56964900025255, 29.686173000237616], [-95.57025599997485, 29.68837599978067]]]}, "properties": {"geoid": "48201453201", "name": "Census Tract 4532.01", "population": "3969.0", "median_hh_income": "36822.0", "poverty_rate": "0.4237843285462333", "nearest_dollar_store_mi": "2.25", "gap_score": "4245.0"}}, {"type": "Feature", "geometry": {"type": "Polygon", "coordinates": [[[-95.53915200034886, 29.7277280003704], [-95.5376130003159, 29.72784499968272], [-95.53396399961436, 29.728945999730403], [-95.52868299989176, 29.72899000013381], [-95.52915099969691, 29.726739999696964], [-95.52900299955891, 29.720503000054386], [-95.53906000028735, 29.71971100009021], [-95.53915200034886, 29.7277280003704]]]}, "properties": {"geoid": "48201432501", "name": "Census Tract 4325.01", "population": "3587.0", "median_hh_income": "44900.0", "poverty_rate": "0.33099775784753366", "nearest_dollar_store_mi": "2.1", "gap_score": "3341.9"}}, {"type": "Feature", "geometry": {"type": "Polygon", "coordinates": [[[-95.62305800039827, 29.768887000338964], [-95.62132600002145, 29.771376999620855], [-95.61889800023387, 29.769960999665155], [-95.6184630000407, 29.768871000251778], [-95.61920899968018, 29.765148999715986], [-95.61872900017947, 29.763962999681194], [-95.61291899965404, 29.760898999834584], [-95.61169699981349, 29.76057099984751], [-95.60619099995998, 29.76188700008833], [-95.6061070002944, 29.753920999699478], [-95.61045900007942, 29.75457300000963], [-95.61844100029938, 29.754458000297664], [-95.61877799968497, 29.761068000086365], [-95.61919100013684, 29.761713000199496], [-95.62068599978888, 29.76249800028499], [-95.62128300036377, 29.763218999633867], [-95.62145700044103, 29.766030000353748], [-95.62212600008763, 29.76693199986087], [-95.62253699999135, 29.768429999913252], [-95.62305800039827, 29.768887000338964]]]}, "properties": {"geoid": "48201451502", "name": "Census Tract 4515.02", "population": "2747.0", "median_hh_income": "51818.0", "poverty_rate": "0.11685475063705861", "nearest_dollar_store_mi": "1.97", "gap_score": "2010.4"}}, {"type": "Feature", "geometry": {"type": "Polygon", "coordinates": [[[-95.64457800002214, 29.759271000322723], [-95.63779099987853, 29.759321000016403], [-95.63723199983679, 29.75958899997701], [-95.63726500034707, 29.763540999665864], [-95.63318800002335, 29.763323000173916], [-95.63241200024663, 29.764165999772363], [-95.6308969996048, 29.764658000023182], [-95.6276439996367, 29.764037000276787], [-95.62537999988065, 29.764000999698787], [-95.62525900040514, 29.754909000121003], [-95.62828600041743, 29.75587999976581], [-95.64450299967905, 29.755871999853728], [-95.64457800002214, 29.759271000322723]]]}, "properties": {"geoid": "48201451603", "name": "Census Tract 4516.03", "population": "3324.0", "median_hh_income": "113167.0", "poverty_rate": "0.11026961526810057", "nearest_dollar_store_mi": "1.87", "gap_score": "0.0"}}, {"type": "Feature", "geometry": {"type": "Polygon", "coordinates": [[[-95.58799200007628, 29.710978000380873], [-95.58337699962723, 29.71106100011546], [-95.58328799993878, 29.71154799994865], [-95.57134599957094, 29.711708000121707], [-95.57121199967665, 29.703926000176953], [-95.58786300020488, 29.703741000051682], [-95.58799200007628, 29.710978000380873]]]}, "properties": {"geoid": "48201452402", "name": "Census Tract 4524.02", "population": "3887.0", "median_hh_income": "66250.0", "poverty_rate": "0.15255981476717262", "nearest_dollar_store_mi": "1.89", "gap_score": "1548.3"}}, {"type": "Feature", "geometry": {"type": "Polygon", "coordinates": [[[-95.55758100038634, 29.71826100025596], [-95.54885699982651, 29.718981000031754], [-95.54872399975712, 29.716578999827377], [-95.54739099958847, 29.71688600023173], [-95.5464419995594, 29.715354000337605], [-95.54463999976072, 29.713494000192966], [-95.54876800013804, 29.711907999979424], [-95.55747099988317, 29.71176100004477], [-95.55758100038634, 29.71826100025596]]]}, "properties": {"geoid": "48201433005", "name": "Census Tract 4330.05", "population": "2088.0", "median_hh_income": "42159.0", "poverty_rate": "0.29932950191570884", "nearest_dollar_store_mi": "3.24", "gap_score": "2713.0"}}, {"type": "Feature", "geometry": {"type": "Polygon", "coordinates": [[[-95.60467000036869, 29.714228999850807], [-95.58834100005575, 29.71569799999253], [-95.58805800019853, 29.71494999988189], [-95.58786300020488, 29.703741000051682], [-95.60444799971253, 29.703492999973417], [-95.60467000036869, 29.714228999850807]]]}, "properties": {"geoid": "48201452501", "name": "Census Tract 4525.01", "population": "2500.0", "median_hh_income": "34915.0", "poverty_rate": "0.23598225090762404", "nearest_dollar_store_mi": "1.1", "gap_score": "1129.6"}}, {"type": "Feature", "geometry": {"type": "Polygon", "coordinates": [[[-95.47046300037671, 29.87064800003153], [-95.47023599969766, 29.871665000075943], [-95.46894400043523, 29.873434999768346], [-95.46675500012395, 29.87457400025595], [-95.46611900008931, 29.875398000181082], [-95.46616299957192, 29.87580000034156], [-95.46822700020975, 29.877679999937342], [-95.4683150000733, 29.878581000252495], [-95.46896500035162, 29.879637000234318], [-95.46776100005442, 29.8812919998767], [-95.46764100040382, 29.883291000348112], [-95.46441400037499, 29.882979000364106], [-95.45642299993418, 29.88302899974822], [-95.4543690002404, 29.883351000352945], [-95.45066400036069, 29.88469000033526], [-95.4366199997202, 29.87076499980611], [-95.46124599989737, 29.870637000112232], [-95.46933799972221, 29.868255000210826], [-95.47046300037671, 29.87064800003153]]]}, "properties": {"geoid": "48201533100", "name": "Census Tract 5331", "population": "8754.0", "median_hh_income": "61139.0", "poverty_rate": "0.27427461731779756", "nearest_dollar_store_mi": "1.39", "gap_score": "3889.5"}}, {"type": "Feature", "geometry": {"type": "Polygon", "coordinates": [[[-95.46933799972221, 29.868255000210826], [-95.46124599989737, 29.870637000112232], [-95.4366199997202, 29.87076499980611], [-95.42816999969507, 29.86358900021445], [-95.44672900032718, 29.863476000143727], [-95.44909199981744, 29.863144000346924], [-95.45382299971914, 29.86345700033297], [-95.46682799991888, 29.86332200022048], [-95.46695400031557, 29.866443000286015], [-95.46861299999912, 29.86729500005738], [-95.46933799972221, 29.868255000210826]]]}, "properties": {"geoid": "48201533200", "name": "Census Tract 5332", "population": "3688.0", "median_hh_income": "38393.0", "poverty_rate": "0.31814438649464727", "nearest_dollar_store_mi": "1.42", "gap_score": "2304.8"}}, {"type": "Feature", "geometry": {"type": "Polygon", "coordinates": [[[-95.43016700038574, 29.89912200022817], [-95.42917599962556, 29.899465000042333], [-95.42773000037732, 29.900675000083325], [-95.42614699996344, 29.90077299995826], [-95.42247399987076, 29.90228999993595], [-95.41555799985572, 29.90228999993595], [-95.41422700023523, 29.901640999871667], [-95.41309400008313, 29.900326000317953], [-95.41266399991284, 29.900330999854617], [-95.4120859996045, 29.87798100025558], [-95.41163500041611, 29.876102000252693], [-95.41023100010237, 29.87359899985837], [-95.43016700038574, 29.89912200022817]]]}, "properties": {"geoid": "48201533500", "name": "Census Tract 5335", "population": "4225.0", "median_hh_income": "54091.0", "poverty_rate": "0.21136094674556213", "nearest_dollar_store_mi": "0.43", "gap_score": "734.8"}}, {"type": "Feature", "geometry": {"type": "Polygon", "coordinates": [[[-95.36261400004042, 29.744955999997785], [-95.35848900003613, 29.749764999825942], [-95.35640100000717, 29.748505999779642], [-95.35461799957673, 29.75074299986514], [-95.35377200037813, 29.750219999889126], [-95.35317399997832, 29.750972000039585], [-95.3437809997719, 29.745287000087906], [-95.34290299988793, 29.744149000189143], [-95.34206600001184, 29.74189300009582], [-95.34268699997786, 29.741109000028576], [-95.3424490003265, 29.74103399972184], [-95.34518699973547, 29.73424300022926], [-95.35921799995717, 29.74326899976821], [-95.36261400004042, 29.744955999997785]]]}, "properties": {"geoid": "48201310200", "name": "Census Tract 3102", "population": "2129.0", "median_hh_income": "132929.0", "poverty_rate": "0.1286989196806012", "nearest_dollar_store_mi": "0.69", "gap_score": "0.0"}}, {"type": "Feature", "geometry": {"type": "Polygon", "coordinates": [[[-95.34510800009275, 29.73439900007241], [-95.3424490003265, 29.74103399972184], [-95.34268699997786, 29.741109000028576], [-95.33946199959885, 29.745163999875647], [-95.32552400016189, 29.740832000301378], [-95.32855000034927, 29.7369950002916], [-95.33318699964131, 29.725889999888466], [-95.34048599997101, 29.73053199984905], [-95.34510800009275, 29.73439900007241]]]}, "properties": {"geoid": "48201310300", "name": "Census Tract 3103", "population": "4058.0", "median_hh_income": "32368.0", "poverty_rate": "0.1773623041940374", "nearest_dollar_store_mi": "0.36", "gap_score": "568.4"}}, {"type": "Feature", "geometry": {"type": "Polygon", "coordinates": [[[-95.53492500023732, 29.74467899997786], [-95.53476399968054, 29.74629699972601], [-95.53306099961603, 29.74642700010646], [-95.53139299971164, 29.74721000005056], [-95.52977900023394, 29.74632100019292], [-95.52943000025448, 29.745808000271335], [-95.52841000008029, 29.746073999922817], [-95.52859400020331, 29.74592600022725], [-95.52815499981216, 29.745420999811333], [-95.5285380001268, 29.74539600001044], [-95.52851399983736, 29.744860999812477], [-95.5266090001065, 29.742938999959225], [-95.52312099996176, 29.74297299967774], [-95.52302499970229, 29.742176000376386], [-95.52143799998875, 29.74178400026526], [-95.52116699982709, 29.73733100003392], [-95.53143700009257, 29.73721600004453], [-95.53148300012334, 29.740873000340255], [-95.53370500004661, 29.740994999633738], [-95.53482999980277, 29.74150099965837], [-95.53446999995266, 29.74243999966735], [-95.53492500023732, 29.74467899997786]]]}, "properties": {"geoid": "48201431102", "name": "Census Tract 4311.02", "population": "4034.0", "median_hh_income": "63037.0", "poverty_rate": "0.1742613920881322", "nearest_dollar_store_mi": "1.53", "gap_score": "1634.0"}}, {"type": "Feature", "geometry": {"type": "Polygon", "coordinates": [[[-95.53963500022262, 29.752069000359448], [-95.53914300012804, 29.752569000128926], [-95.53861400022353, 29.752596000134375], [-95.5375560004145, 29.751436000188885], [-95.53596200012996, 29.751320000157957], [-95.53370699969642, 29.749568999978212], [-95.53235199978647, 29.750329999757287], [-95.53096599991439, 29.749822000123547], [-95.53097900033319, 29.749431999984466], [-95.53206200025656, 29.74862399967992], [-95.53139299971164, 29.74721000005056], [-95.53306099961603, 29.74642700010646], [-95.53476399968054, 29.74629699972601], [-95.53492500023732, 29.74467899997786], [-95.53446999995266, 29.74243999966735], [-95.53482999980277, 29.74150099965837], [-95.53370500004661, 29.740994999633738], [-95.53148300012334, 29.740873000340255], [-95.53143700009257, 29.73721600004453], [-95.53887100014147, 29.737116999622486], [-95.53836300015335, 29.73959099962148], [-95.53848100015412, 29.74961999968896], [-95.53963500022262, 29.752069000359448]]]}, "properties": {"geoid": "48201431101", "name": "Census Tract 4311.01", "population": "5640.0", "median_hh_income": "83615.0", "poverty_rate": "0.10815602836879433", "nearest_dollar_store_mi": "1.98", "gap_score": "0.0"}}, {"type": "Feature", "geometry": {"type": "Polygon", "coordinates": [[[-95.55747099988317, 29.71176100004477], [-95.54914899990456, 29.71186699980703], [-95.54599999969352, 29.712887999765176], [-95.54555299980477, 29.711543999785015], [-95.545294000237, 29.704938999658864], [-95.55737899982167, 29.704502000257406], [-95.55747099988317, 29.71176100004477]]]}, "properties": {"geoid": "48201433003", "name": "Census Tract 4330.03", "population": "5476.0", "median_hh_income": "45979.0", "poverty_rate": "0.23321100917431192", "nearest_dollar_store_mi": "2.8", "gap_score": "6313.8"}}, {"type": "Feature", "geometry": {"type": "Polygon", "coordinates": [[[-95.53906000028735, 29.71971100009021], [-95.52025100030829, 29.721240000160822], [-95.51998699981934, 29.715429000337902], [-95.52125499969064, 29.71187399987568], [-95.52128800020093, 29.70641599991289], [-95.52381399989781, 29.706401000287347], [-95.52407199964067, 29.70662599989732], [-95.52417499957284, 29.714645999633365], [-95.53893499971558, 29.714487999874706], [-95.53906000028735, 29.71971100009021]]]}, "properties": {"geoid": "48201432901", "name": "Census Tract 4329.01", "population": "3688.0", "median_hh_income": "44750.0", "poverty_rate": "0.3752711496746204", "nearest_dollar_store_mi": "2.09", "gap_score": "3538.3"}}, {"type": "Feature", "geometry": {"type": "Polygon", "coordinates": [[[-95.54622300017459, 29.694024000031494], [-95.54589599993645, 29.695942000366482], [-95.54340100020173, 29.70216000037518], [-95.5430840000093, 29.70494800003363], [-95.5379790000138, 29.704998000280476], [-95.5375349995998, 29.695222000038456], [-95.53677800008964, 29.693349000060312], [-95.53520100042186, 29.691139999988387], [-95.53767100004222, 29.69066799994297], [-95.54616500044828, 29.690563000102628], [-95.54622300017459, 29.694024000031494]]]}, "properties": {"geoid": "48201433202", "name": "Census Tract 4332.02", "population": "3666.0", "median_hh_income": "58911.0", "poverty_rate": "0.17703218767048554", "nearest_dollar_store_mi": "1.82", "gap_score": "2211.9"}}, {"type": "Feature", "geometry": {"type": "Polygon", "coordinates": [[[-95.55228999971966, 29.701806999720308], [-95.55150100042248, 29.703771000095173], [-95.55146000041458, 29.70481599991782], [-95.5430840000093, 29.70494800003363], [-95.54340100020173, 29.70216000037518], [-95.54611000019669, 29.69530500030904], [-95.54616500044828, 29.690563000102628], [-95.55119599992562, 29.69025999983673], [-95.55211800019053, 29.693407999686027], [-95.55228999971966, 29.701806999720308]]]}, "properties": {"geoid": "48201433201", "name": "Census Tract 4332.01", "population": "3925.0", "median_hh_income": "42956.0", "poverty_rate": "0.22300103842159916", "nearest_dollar_store_mi": "2.12", "gap_score": "3388.9"}}, {"type": "Feature", "geometry": {"type": "Polygon", "coordinates": [[[-95.26522800031344, 29.702728999734205], [-95.26434200003354, 29.70390400033597], [-95.25962500037556, 29.70587199988771], [-95.25689799993891, 29.70781500008368], [-95.24562400029109, 29.706028000138918], [-95.22813800043491, 29.70765799999304], [-95.2280880002062, 29.690563000102628], [-95.23454200026389, 29.690491000037206], [-95.23856400033601, 29.696302999763642], [-95.23911800035488, 29.69602500004227], [-95.24460800031486, 29.68876399984196], [-95.24613599957884, 29.6874170002642], [-95.2472300002712, 29.686905999866433], [-95.24790499976558, 29.688045999744492], [-95.24837699976868, 29.688210000210102], [-95.24947899995864, 29.687543999796514], [-95.25125300016823, 29.6873359998949], [-95.25261800012393, 29.688753000212806], [-95.25407000011825, 29.68922999983823], [-95.25512600027746, 29.689163000331867], [-95.25654099956355, 29.690191999788016], [-95.25672399986163, 29.691720000202416], [-95.25541300033262, 29.69295399992766], [-95.25577099963462, 29.694043999655108], [-95.25736599974407, 29.694095000277084], [-95.25829100038202, 29.694653000295308], [-95.25959000021545, 29.69434999987696], [-95.26086599958437, 29.69508900000717], [-95.26162200016792, 29.696083999657233], [-95.2626130000298, 29.696278999818052], [-95.2627610001678, 29.696886999794373], [-95.26203499972148, 29.69740800002433], [-95.26216000029328, 29.697976999770784], [-95.26515899981815, 29.701515000385275], [-95.26522800031344, 29.702728999734205]]]}, "properties": {"geoid": "48201320500", "name": "Census Tract 3205", "population": "4097.0", "median_hh_income": "71406.0", "poverty_rate": "0.08201122772760557", "nearest_dollar_store_mi": "2.04", "gap_score": "1034.2"}}, {"type": "Feature", "geometry": {"type": "Polygon", "coordinates": [[[-95.26679300028567, 29.624505999885837], [-95.26673399983612, 29.62643699999908], [-95.24852900010464, 29.62715800031626], [-95.2483640002482, 29.623530999989793], [-95.25077500031736, 29.617164999629388], [-95.25074199980708, 29.61437600029756], [-95.2498210002654, 29.611001000119085], [-95.2605369996964, 29.61089099998443], [-95.26436799997282, 29.611773000157644], [-95.26658200039849, 29.61183400009683], [-95.26679300028567, 29.624505999885837]]]}, "properties": {"geoid": "48201333905", "name": "Census Tract 3339.05", "population": "3448.0", "median_hh_income": "68250.0", "poverty_rate": "0.1031955438287892", "nearest_dollar_store_mi": "1.24", "gap_score": "737.4"}}, {"type": "Feature", "geometry": {"type": "Polygon", "coordinates": [[[-95.308973999916, 29.70633199995225], [-95.30509999998188, 29.708425000208468], [-95.29130300011191, 29.699474999863334], [-95.28873200020921, 29.697448999857382], [-95.29529199967376, 29.695551999918862], [-95.3003840001488, 29.69587200025752], [-95.30163399957844, 29.698629000061405], [-95.30435599999221, 29.702747000098796], [-95.308973999916, 29.70633199995225]]]}, "properties": {"geoid": "48201311702", "name": "Census Tract 3117.02", "population": "1917.0", "median_hh_income": "32614.0", "poverty_rate": "0.4225352112676056", "nearest_dollar_store_mi": "1.2", "gap_score": "1088.9"}}, {"type": "Feature", "geometry": {"type": "Polygon", "coordinates": [[[-95.40792299996538, 29.86986600019828], [-95.39782799960209, 29.869907999783255], [-95.39773300006586, 29.864319000242084], [-95.40506099980952, 29.864264999750638], [-95.40792299996538, 29.86986600019828]]]}, "properties": {"geoid": "48201221502", "name": "Census Tract 2215.02", "population": "2953.0", "median_hh_income": "35636.0", "poverty_rate": "0.30037250253979003", "nearest_dollar_store_mi": "0.31", "gap_score": "402.5"}}, {"type": "Feature", "geometry": {"type": "Polygon", "coordinates": [[[-95.52639099964831, 29.832518999906593], [-95.50932300026687, 29.83271100023468], [-95.50919799969508, 29.823395999980402], [-95.50962600021558, 29.82114100015316], [-95.51740199967291, 29.82112900031285], [-95.51745100007672, 29.824270999852416], [-95.51652200013912, 29.824424000108447], [-95.51653200018488, 29.825007999732154], [-95.52265999982932, 29.824898999956], [-95.52279000042397, 29.827193999851353], [-95.5234549998726, 29.828719000106815], [-95.52361800007921, 29.83047699969475], [-95.52636899990699, 29.83044700016596], [-95.52639099964831, 29.832518999906593]]]}, "properties": {"geoid": "48201521502", "name": "Census Tract 5215.02", "population": "2899.0", "median_hh_income": "78409.0", "poverty_rate": "0.16833390824422215", "nearest_dollar_store_mi": "0.64", "gap_score": "45.7"}}, {"type": "Feature", "geometry": {"type": "Polygon", "coordinates": [[[-95.36126400015334, 29.706580000042297], [-95.35813500003378, 29.705645000339736], [-95.35654599977212, 29.709704999935983], [-95.35457800029207, 29.709341999815262], [-95.35300800029697, 29.709449000047435], [-95.3469340001809, 29.71114399978137], [-95.34445799981441, 29.712545000070083], [-95.34150899961993, 29.71179900034042], [-95.34181099974371, 29.71026800030849], [-95.34567299998227, 29.7008669999083], [-95.35240300022447, 29.702926999665728], [-95.36129900031342, 29.702266999676517], [-95.3613670000855, 29.70397999983719], [-95.3608530002496, 29.705489000273868], [-95.36161300013279, 29.705722999891687], [-95.36126400015334, 29.706580000042297]]]}, "properties": {"geoid": "48201313201", "name": "Census Tract 3132.01", "population": "1632.0", "median_hh_income": "47698.0", "poverty_rate": "0.27818627450980393", "nearest_dollar_store_mi": "2.25", "gap_score": "1567.2"}}, {"type": "Feature", "geometry": {"type": "Polygon", "coordinates": [[[-95.4582759997865, 29.74107099991137], [-95.45659100016367, 29.74767199992218], [-95.45443500036265, 29.746628000068885], [-95.44825599976629, 29.7466569998866], [-95.4481589996819, 29.741630000080942], [-95.4582759997865, 29.74107099991137]]]}, "properties": {"geoid": "48201411302", "name": "Census Tract 4113.02", "population": "3086.0", "median_hh_income": "89246.0", "poverty_rate": "0.07647440051847051", "nearest_dollar_store_mi": "2.98", "gap_score": "0.0"}}, {"type": "Feature", "geometry": {"type": "Polygon", "coordinates": [[[-95.42829500026686, 29.760635000024347], [-95.42775600031659, 29.761898000281775], [-95.42703099969518, 29.762441000177898], [-95.42731199990259, 29.76350600018717], [-95.4257929999611, 29.763536000298124], [-95.4246020000827, 29.76296100037754], [-95.42363100031228, 29.761981999734303], [-95.42216800044733, 29.76137500002688], [-95.41620999978387, 29.761482000135658], [-95.4163090004164, 29.76592900014538], [-95.40938400018054, 29.76607400008066], [-95.40929299994394, 29.76312500010264], [-95.40862500012226, 29.760521999745336], [-95.41297699990726, 29.76237899983307], [-95.41345499975816, 29.76007599976721], [-95.41416600013586, 29.759838999742204], [-95.4160270003841, 29.760159000215946], [-95.41699099958348, 29.758669999946758], [-95.41828899959202, 29.757549999791685], [-95.41945299970625, 29.758918999901447], [-95.42028399973456, 29.759279999723528], [-95.42231200038736, 29.757344999995613], [-95.42321000036283, 29.758255000207107], [-95.42422700016397, 29.758296999909394], [-95.42466599965678, 29.75683399990739], [-95.42532699980578, 29.756615000074646], [-95.42590699976392, 29.757931000018186], [-95.42681899998307, 29.758393000388335], [-95.42753500038367, 29.76013499994291], [-95.42829500026686, 29.760635000024347]]]}, "properties": {"geoid": "48201510803", "name": "Census Tract 5108.03", "population": "2515.0", "median_hh_income": "109842.0", "poverty_rate": "0.06679920477137177", "nearest_dollar_store_mi": "2.86", "gap_score": "0.0"}}, {"type": "Feature", "geometry": {"type": "Polygon", "coordinates": [[[-95.35558599987237, 29.819695999992298], [-95.3354939999534, 29.819890999820135], [-95.33524600025628, 29.811585000308334], [-95.33578900040449, 29.808979000076903], [-95.33625399983659, 29.808261999957484], [-95.33778500037195, 29.808549000008096], [-95.35074600019074, 29.812545999813562], [-95.35263300037825, 29.815905000288648], [-95.35558599987237, 29.819695999992298]]]}, "properties": {"geoid": "48201220100", "name": "Census Tract 2201", "population": "1524.0", "median_hh_income": "50417.0", "poverty_rate": "0.15551181102362205", "nearest_dollar_store_mi": "1.28", "gap_score": "749.4"}}, {"type": "Feature", "geometry": {"type": "Polygon", "coordinates": [[[-95.37804700002773, 29.81938899964046], [-95.35558599987237, 29.819695999992298], [-95.35263300037825, 29.815905000288648], [-95.35074600019074, 29.812545999813562], [-95.35435999983387, 29.813666999774867], [-95.35623199995275, 29.813875000378086], [-95.37110500007341, 29.813638999870467], [-95.37528399960608, 29.813209000353762], [-95.37804700002773, 29.81938899964046]]]}, "properties": {"geoid": "48201220200", "name": "Census Tract 2202", "population": "2405.0", "median_hh_income": "66167.0", "poverty_rate": "0.2831600831600832", "nearest_dollar_store_mi": "0.7", "gap_score": "400.6"}}, {"type": "Feature", "geometry": {"type": "Polygon", "coordinates": [[[-95.30060400025683, 29.871376000207903], [-95.26832499974762, 29.87194599990761], [-95.28903799963263, 29.851746000166735], [-95.28976999992673, 29.852391999719558], [-95.29151700037215, 29.852486000311945], [-95.29212900011734, 29.852799999825734], [-95.2922379998973, 29.853195999938226], [-95.29277900039568, 29.852960000359378], [-95.29296400034362, 29.86700700023546], [-95.30056200042402, 29.86686999976604], [-95.30060400025683, 29.871376000207903]]]}, "properties": {"geoid": "48201231400", "name": "Census Tract 2314", "population": "3699.0", "median_hh_income": "49535.0", "poverty_rate": "0.2239297475301866", "nearest_dollar_store_mi": "1.01", "gap_score": "1522.2"}}, {"type": "Feature", "geometry": {"type": "Polygon", "coordinates": [[[-95.45093999964689, 29.81984599965382], [-95.40993599965128, 29.81905399995784], [-95.39955900015399, 29.819187000024396], [-95.39939900032041, 29.812902000346796], [-95.4313049996624, 29.812543999798237], [-95.4339810000454, 29.811769000198556], [-95.44088199999183, 29.808874000149146], [-95.44204500028115, 29.809784999793205], [-95.4437809999576, 29.81449900037101], [-95.44527399995981, 29.816795999707878], [-95.44559899964983, 29.817927999834346], [-95.44637600014978, 29.818298999942183], [-95.45008600005237, 29.81844399961853], [-95.45068199990402, 29.8188740000021], [-95.45093999964689, 29.81984599965382]]]}, "properties": {"geoid": "48201530200", "name": "Census Tract 5302", "population": "4156.0", "median_hh_income": "147083.0", "poverty_rate": "0.18719923002887393", "nearest_dollar_store_mi": "0.97", "gap_score": "0.0"}}, {"type": "Feature", "geometry": {"type": "Polygon", "coordinates": [[[-95.56376299955913, 29.866387999917283], [-95.56345999961043, 29.868300999830474], [-95.56260099999302, 29.86980100036056], [-95.56093200026372, 29.871375000010104], [-95.55917599959747, 29.87225100037035], [-95.54413099994768, 29.861658999987437], [-95.545146000099, 29.860112000356615], [-95.54502800009823, 29.83406200009822], [-95.5453210000012, 29.832239000325334], [-95.56369300013725, 29.831933999944255], [-95.56376299955913, 29.866387999917283]]]}, "properties": {"geoid": "48201521800", "name": "Census Tract 5218", "population": "4557.0", "median_hh_income": "77584.0", "poverty_rate": "0.06616838865684765", "nearest_dollar_store_mi": "2.58", "gap_score": "403.6"}}, {"type": "Feature", "geometry": {"type": "Polygon", "coordinates": [[[-95.56369300013725, 29.831933999944255], [-95.5453210000012, 29.832239000325334], [-95.54520899984819, 29.812687000014343], [-95.56357900033443, 29.81270500012516], [-95.56369300013725, 29.831933999944255]]]}, "properties": {"geoid": "48201521900", "name": "Census Tract 5219", "population": "7366.0", "median_hh_income": "90903.0", "poverty_rate": "0.1457961870799616", "nearest_dollar_store_mi": "1.87", "gap_score": "0.0"}}, {"type": "Feature", "geometry": {"type": "Polygon", "coordinates": [[[-95.39959000011612, 29.820504999615128], [-95.39614200015434, 29.82053000015138], [-95.39617599959122, 29.82219099970047], [-95.38541999997726, 29.822283999970395], [-95.38523699967915, 29.823057000088372], [-95.38370900041514, 29.823240999908062], [-95.38324699955946, 29.819380000187113], [-95.37804700002773, 29.81938899964046], [-95.37528399960608, 29.813209000353762], [-95.3791509998675, 29.81397599975801], [-95.39161799994189, 29.813876000372417], [-95.39939900032041, 29.812902000346796], [-95.39959000011612, 29.820504999615128]]]}, "properties": {"geoid": "48201530300", "name": "Census Tract 5303", "population": "2393.0", "median_hh_income": "94444.0", "poverty_rate": "0.07062264939406603", "nearest_dollar_store_mi": "0.82", "gap_score": "0.0"}}, {"type": "Feature", "geometry": {"type": "Polygon", "coordinates": [[[-95.48037600026682, 29.865658000225025], [-95.47564799983985, 29.86576200021293], [-95.47278999988195, 29.866886999999434], [-95.47399699965389, 29.874146000085435], [-95.47390100029274, 29.88430699992077], [-95.4722579996044, 29.88418299996949], [-95.4693720000574, 29.883337000043497], [-95.46764100040382, 29.883291000348112], [-95.46776100005442, 29.8812919998767], [-95.46896500035162, 29.879637000234318], [-95.4683150000733, 29.878581000252495], [-95.46822700020975, 29.877679999937342], [-95.46616299957192, 29.87580000034156], [-95.46611900008931, 29.875398000181082], [-95.46675500012395, 29.87457400025595], [-95.46894400043523, 29.873434999768346], [-95.47023599969766, 29.871665000075943], [-95.47046300037671, 29.87064800003153], [-95.46888499998568, 29.867531000016584], [-95.46695400031557, 29.866443000286015], [-95.46682799991888, 29.86332200022048], [-95.47814299957459, 29.86332700005478], [-95.47917799981738, 29.864053999627593], [-95.48037600026682, 29.865658000225025]]]}, "properties": {"geoid": "48201532800", "name": "Census Tract 5328", "population": "2314.0", "median_hh_income": "71494.0", "poverty_rate": "0.15946413137424373", "nearest_dollar_store_mi": "0.7", "gap_score": "212.6"}}, {"type": "Feature", "geometry": {"type": "Polygon", "coordinates": [[[-95.46903999979638, 29.897267000004813], [-95.46858200003699, 29.899069999730973], [-95.46473200039232, 29.898730999808155], [-95.45852799968156, 29.892101999965664], [-95.45587499976308, 29.88998199964957], [-95.45066400036069, 29.88469000033526], [-95.4543690002404, 29.883351000352945], [-95.45642299993418, 29.88302899974822], [-95.46441400037499, 29.882979000364106], [-95.46764100040382, 29.883291000348112], [-95.4680270001932, 29.884909000143004], [-95.46689200039128, 29.887224000058243], [-95.46720200001268, 29.89008799999634], [-95.46773900031313, 29.89171000004584], [-95.46724100037075, 29.893138999654827], [-95.46772699971923, 29.894079000073948], [-95.46873000017499, 29.894997000279353], [-95.46903999979638, 29.897267000004813]]]}, "properties": {"geoid": "48201533000", "name": "Census Tract 5330", "population": "2525.0", "median_hh_income": "32093.0", "poverty_rate": "0.38811881188118813", "nearest_dollar_store_mi": "0.96", "gap_score": "1118.5"}}, {"type": "Feature", "geometry": {"type": "Polygon", "coordinates": [[[-95.77750700009707, 29.785924000383723], [-95.77745500021852, 29.788240999819365], [-95.77563900017613, 29.801933000023347], [-95.7520030000359, 29.80209699984016], [-95.75186699959346, 29.785391999886087], [-95.77751700014281, 29.785483000294768], [-95.77750700009707, 29.785924000383723]]]}, "properties": {"geoid": "48201542500", "name": "Census Tract 5425", "population": "3885.0", "median_hh_income": "67258.0", "poverty_rate": "0.1166023166023166", "nearest_dollar_store_mi": "1.22", "gap_score": "899.2"}}, {"type": "Feature", "geometry": {"type": "Polygon", "coordinates": [[[-95.35223699964482, 29.72045000006573], [-95.34986599975863, 29.72642100029807], [-95.3498919996979, 29.727844000389254], [-95.34616900027484, 29.727954999911848], [-95.33780499956511, 29.725648999800963], [-95.33743800004231, 29.725072000023356], [-95.33710900015434, 29.72377800038501], [-95.33969599995059, 29.71736899996351], [-95.33998899985353, 29.715862999977976], [-95.35255899986008, 29.719643999850845], [-95.35223699964482, 29.72045000006573]]]}, "properties": {"geoid": "48201980400", "name": "Census Tract 9804", "population": "4285.0", "median_hh_income": "", "poverty_rate": "0.0", "nearest_dollar_store_mi": "1.18", "gap_score": "0.0"}}, {"type": "Feature", "geometry": {"type": "Polygon", "coordinates": [[[-95.3593040001709, 29.767262999899415], [-95.35142999990595, 29.770108000086232], [-95.3478279999584, 29.770171999629234], [-95.34116399983843, 29.769641000087223], [-95.34225900035568, 29.768720999797523], [-95.34833099992363, 29.766392999667435], [-95.34993699990375, 29.765285000359924], [-95.35128099994303, 29.7652159999703], [-95.35263400020315, 29.765747000354462], [-95.35332499959105, 29.765702999704132], [-95.35385900041676, 29.76469799996909], [-95.35337700036791, 29.762521999992053], [-95.35380900018804, 29.76204400032478], [-95.35682899962934, 29.76289499989886], [-95.3577480004195, 29.763440000067497], [-95.35859799981607, 29.764832000256305], [-95.35770499986347, 29.766145000042393], [-95.3593040001709, 29.767262999899415]]]}, "properties": {"geoid": "48201980200", "name": "Census Tract 9802", "population": "9542.0", "median_hh_income": "84514.0", "poverty_rate": "0.2375", "nearest_dollar_store_mi": "1.45", "gap_score": "0.0"}}, {"type": "Feature", "geometry": {"type": "Polygon", "coordinates": [[[-95.52025100030829, 29.721240000160822], [-95.49164499989176, 29.723596999855992], [-95.50646299976084, 29.710483999958566], [-95.50941199995533, 29.712813999650333], [-95.51058799976515, 29.7130910002747], [-95.51361700032557, 29.713064999997943], [-95.51354899965519, 29.7177190000016], [-95.5199910000173, 29.717752000292215], [-95.52025100030829, 29.721240000160822]]]}, "properties": {"geoid": "48201432804", "name": "Census Tract 4328.04", "population": "2011.0", "median_hh_income": "62216.0", "poverty_rate": "0.19492789656887122", "nearest_dollar_store_mi": "1.29", "gap_score": "732.5"}}, {"type": "Feature", "geometry": {"type": "Polygon", "coordinates": [[[-95.57066199985573, 29.67752300033779], [-95.56951399963502, 29.68402599971226], [-95.56964900025255, 29.686173000237616], [-95.56272499984159, 29.68651900014082], [-95.56270300010027, 29.684795000312306], [-95.55845400024744, 29.684661999747423], [-95.56047500032923, 29.67462700034127], [-95.57038900004426, 29.674219999731136], [-95.57066199985573, 29.67752300033779]]]}, "properties": {"geoid": "48201453202", "name": "Census Tract 4532.02", "population": "5057.0", "median_hh_income": "52971.0", "poverty_rate": "0.336651403543699", "nearest_dollar_store_mi": "2.19", "gap_score": "4936.3"}}, {"type": "Feature", "geometry": {"type": "Polygon", "coordinates": [[[-95.3408659999126, 29.621215000069803], [-95.33935500036704, 29.6265109996638], [-95.33938999962884, 29.636958999721905], [-95.33260400020845, 29.637569999781455], [-95.32399199980163, 29.63752300014871], [-95.32398599995383, 29.638820000038233], [-95.30979499989856, 29.639046999789333], [-95.30436900041101, 29.620851999874763], [-95.33993399960195, 29.62099100024596], [-95.34090699992049, 29.621000999900044], [-95.3408659999126, 29.621215000069803]]]}, "properties": {"geoid": "48201331602", "name": "Census Tract 3316.02", "population": "3337.0", "median_hh_income": "67520.0", "poverty_rate": "0.146838477674558", "nearest_dollar_store_mi": "3.25", "gap_score": "1910.4"}}, {"type": "Feature", "geometry": {"type": "Polygon", "coordinates": [[[-95.27253799961547, 29.680410000198535], [-95.26999199982711, 29.6810630002869], [-95.26772300004818, 29.683097000025718], [-95.26601800033387, 29.685431000164126], [-95.26441400000357, 29.68881999999257], [-95.26236199995962, 29.688761000014157], [-95.26156000024363, 29.689910000081955], [-95.25940400044261, 29.690388000124912], [-95.25802199987018, 29.691433999917884], [-95.25672399986163, 29.691720000202416], [-95.25654099956355, 29.690191999788016], [-95.25597900004705, 29.68957699981683], [-95.25261800012393, 29.688753000212806], [-95.25155500029203, 29.687494000227193], [-95.25564599996113, 29.684779000077683], [-95.26799599985965, 29.67555799987685], [-95.27253799961547, 29.680410000198535]]]}, "properties": {"geoid": "48201320601", "name": "Census Tract 3206.01", "population": "2104.0", "median_hh_income": "36291.0", "poverty_rate": "0.38640684410646386", "nearest_dollar_store_mi": "0.63", "gap_score": "613.6"}}, {"type": "Feature", "geometry": {"type": "Polygon", "coordinates": [[[-95.2000259997628, 29.552525000373336], [-95.19874399964779, 29.55457899987645], [-95.19758700010458, 29.557372999825844], [-95.19681399980259, 29.556850999864086], [-95.19559199996202, 29.557605999754085], [-95.19450499984067, 29.5559109999252], [-95.19427899988487, 29.556591999688845], [-95.19490800024681, 29.557230000043134], [-95.19363799982737, 29.557527000086814], [-95.1931540001287, 29.559517999627147], [-95.19069500037897, 29.56131599988898], [-95.1901480000328, 29.562167999750304], [-95.18817899982955, 29.563780000054873], [-95.18699600034705, 29.564077000376063], [-95.18680800002606, 29.564720000223637], [-95.18722899997553, 29.565417999784618], [-95.18703399998186, 29.565885999739624], [-95.18733000025787, 29.567035000338308], [-95.18693400042275, 29.567403000209538], [-95.18701600043852, 29.568008000087747], [-95.18638000040389, 29.56969099986202], [-95.18644300015308, 29.571708999655183], [-95.18597100014998, 29.571598999645587], [-95.18583300005771, 29.572225999891888], [-95.18477600007361, 29.572781000278194], [-95.18482700012721, 29.573177000116406], [-95.184171999826, 29.573500999823167], [-95.18312200041291, 29.573226000158037], [-95.1829459997875, 29.573841999992755], [-95.1816560001749, 29.574090000031916], [-95.1812350002254, 29.574562999819747], [-95.1809959998508, 29.575634999829607], [-95.18163799973323, 29.57624499969952], [-95.18162500021273, 29.57706999990393], [-95.1820019997813, 29.577317999826466], [-95.1834599996234, 29.580424000048232], [-95.18471699962406, 29.581553999922882], [-95.18532199969654, 29.582760000084846], [-95.18725400008991, 29.584053000287458], [-95.18440399962961, 29.586623999914366], [-95.18093700029956, 29.583469000133782], [-95.16228200030629, 29.561842000085367], [-95.14182399979111, 29.540413999662025], [-95.14448199973246, 29.53916300014449], [-95.15546400020054, 29.537237999905667], [-95.15730399963407, 29.536147000341504], [-95.16139500020151, 29.532349000139607], [-95.16878900006742, 29.538188000056568], [-95.17089700018788, 29.54060400006527], [-95.17294599985875, 29.539311999660782], [-95.17489199959749, 29.54093200020898], [-95.17680899992224, 29.541963999724526], [-95.18733799975548, 29.550684000010268], [-95.19186799981571, 29.546561000204875], [-95.1954630000906, 29.544525000031054], [-95.19723499975206, 29.54199200036431], [-95.19766699957218, 29.542053000279857], [-95.19949400038357, 29.544655999750475], [-95.19909900037335, 29.546235000200024], [-95.1979910003356, 29.546822000138835], [-95.19737399966924, 29.547640000212958], [-95.1973850004382, 29.549442999919574], [-95.1983839997977, 29.550313000143657], [-95.19826400014708, 29.551032000163776], [-95.19903300025109, 29.55124099973393], [-95.2000259997628, 29.552525000373336]]]}, "properties": {"geoid": "48201350601", "name": "Census Tract 3506.01", "population": "3863.0", "median_hh_income": "97700.0", "poverty_rate": "0.06704633704374838", "nearest_dollar_store_mi": "2.57", "gap_score": "0.0"}}, {"type": "Feature", "geometry": {"type": "Polygon", "coordinates": [[[-95.48603399955797, 29.749938000328097], [-95.48264199967268, 29.750035000086847], [-95.48249299970976, 29.737757000317615], [-95.48428500036103, 29.737717999735192], [-95.48458199956364, 29.740042000027756], [-95.48543299968343, 29.742191000115422], [-95.4854729998664, 29.746279000152057], [-95.48592599960293, 29.74732799991634], [-95.48603399955797, 29.749938000328097]]]}, "properties": {"geoid": "48201431401", "name": "Census Tract 4314.01", "population": "2729.0", "median_hh_income": "83304.0", "poverty_rate": "0.10589959692194943", "nearest_dollar_store_mi": "1.19", "gap_score": "0.0"}}, {"type": "Feature", "geometry": {"type": "Polygon", "coordinates": [[[-95.41225600038213, 29.80376399983301], [-95.39921600002229, 29.80395900033145], [-95.39897099979993, 29.790682000257668], [-95.41180000027255, 29.790378999852944], [-95.41155400022527, 29.792331999777527], [-95.4116980001653, 29.7997020003739], [-95.41218100003906, 29.800992000003085], [-95.41225600038213, 29.80376399983301]]]}, "properties": {"geoid": "48201511301", "name": "Census Tract 5113.01", "population": "5065.0", "median_hh_income": "165743.0", "poverty_rate": "0.07838104639684107", "nearest_dollar_store_mi": "1.76", "gap_score": "0.0"}}, {"type": "Feature", "geometry": {"type": "Polygon", "coordinates": [[[-95.5209209997798, 29.625533000276885], [-95.48234100027213, 29.640268000368618], [-95.48241900008993, 29.635251999700408], [-95.48200499981314, 29.629274999896182], [-95.48238599957963, 29.627488000197935], [-95.4840429996134, 29.625742000210497], [-95.48837900040319, 29.62337900036615], [-95.49178499963386, 29.61755999981808], [-95.49503799960196, 29.61338999995772], [-95.5209209997798, 29.625533000276885]]]}, "properties": {"geoid": "48201330303", "name": "Census Tract 3303.03", "population": "4734.0", "median_hh_income": "54203.0", "poverty_rate": "0.1307562315166878", "nearest_dollar_store_mi": "0.6", "gap_score": "1069.3"}}, {"type": "Feature", "geometry": {"type": "Polygon", "coordinates": [[[-95.24768200018282, 29.60073800021108], [-95.24060399978609, 29.607187000323513], [-95.2412399998207, 29.60829700010759], [-95.2380780000892, 29.61122000035634], [-95.22647399983016, 29.611432999756314], [-95.22302400021859, 29.612180999906542], [-95.22142499991116, 29.609850999737883], [-95.21734699976253, 29.606217999917533], [-95.21647499972634, 29.604529999765084], [-95.21599000020275, 29.601043000113513], [-95.24768200018282, 29.60073800021108]]]}, "properties": {"geoid": "48201334003", "name": "Census Tract 3340.03", "population": "5903.0", "median_hh_income": "70917.0", "poverty_rate": "0.2932407250550568", "nearest_dollar_store_mi": "0.9", "gap_score": "827.6"}}, {"type": "Feature", "geometry": {"type": "Polygon", "coordinates": [[[-95.1203379996041, 29.554867000170987], [-95.11801100009886, 29.556897000163673], [-95.11572200022844, 29.561005000017463], [-95.09426600017869, 29.552196000080645], [-95.09323099993588, 29.551370999861728], [-95.09280800033659, 29.550505999953547], [-95.10641299968762, 29.545937999790947], [-95.10983899990808, 29.549524999723225], [-95.1179929996572, 29.5530010003141], [-95.1203379996041, 29.554867000170987]]]}, "properties": {"geoid": "48201341302", "name": "Census Tract 3413.02", "population": "3368.0", "median_hh_income": "78671.0", "poverty_rate": "0.050475059382422804", "nearest_dollar_store_mi": "1.38", "gap_score": "86.7"}}, {"type": "Feature", "geometry": {"type": "Polygon", "coordinates": [[[-95.48245300042512, 29.63739000032159], [-95.48234100027213, 29.640268000368618], [-95.46373599960924, 29.647490000291377], [-95.46348200006436, 29.63198000032567], [-95.46502000027239, 29.62870800007713], [-95.46518500012883, 29.62728000027541], [-95.47067699973863, 29.627304000288376], [-95.47592900004724, 29.628398999972553], [-95.48206900028556, 29.628411999738248], [-95.48245300042512, 29.63739000032159]]]}, "properties": {"geoid": "48201330301", "name": "Census Tract 3303.01", "population": "7924.0", "median_hh_income": "71852.0", "poverty_rate": "0.19687026754164563", "nearest_dollar_store_mi": "1.59", "gap_score": "1633.3"}}, {"type": "Feature", "geometry": {"type": "Polygon", "coordinates": [[[-95.23784399973746, 29.611399000043612], [-95.22995600012715, 29.618586999935907], [-95.22942700022263, 29.6203329997385], [-95.22117100036627, 29.62058199987563], [-95.21612200044724, 29.615990999703435], [-95.21923700032309, 29.613565999969868], [-95.22438699962613, 29.61173599999731], [-95.22647399983016, 29.611432999756314], [-95.23784399973746, 29.611399000043612]]]}, "properties": {"geoid": "48201334001", "name": "Census Tract 3340.01", "population": "2880.0", "median_hh_income": "48286.0", "poverty_rate": "0.1503994442514762", "nearest_dollar_store_mi": "0.38", "gap_score": "414.7"}}, {"type": "Feature", "geometry": {"type": "Polygon", "coordinates": [[[-95.4123119995603, 29.924675999617733], [-95.41198400039558, 29.931799000082552], [-95.40007800001274, 29.931789999867345], [-95.39987600034638, 29.92907199961097], [-95.39788500040181, 29.9268010002496], [-95.39787500035605, 29.925979999960997], [-95.4000749996397, 29.925908999885323], [-95.40171900015295, 29.925224999895597], [-95.40778800024617, 29.925129999698257], [-95.40997500000933, 29.924584999887532], [-95.4123119995603, 29.924675999617733]]]}, "properties": {"geoid": "48201222501", "name": "Census Tract 2225.01", "population": "3447.0", "median_hh_income": "54353.0", "poverty_rate": "0.22135190020307513", "nearest_dollar_store_mi": "0.21", "gap_score": "298.4"}}, {"type": "Feature", "geometry": {"type": "Polygon", "coordinates": [[[-95.12422800033008, 29.6051210003236], [-95.12011599984626, 29.606736000379794], [-95.11787600037965, 29.607234999760617], [-95.10811300027737, 29.607784999652615], [-95.10758199982473, 29.599628000014448], [-95.10686399977432, 29.59628100027146], [-95.10524899957339, 29.592954999650747], [-95.1025399995784, 29.589742999732685], [-95.10250899961626, 29.585770000318586], [-95.10355999975259, 29.583363000230445], [-95.1059039998746, 29.58503300038936], [-95.10852199963297, 29.585347000258366], [-95.10991800044913, 29.58494200033428], [-95.11327000015142, 29.58536199996392], [-95.11603299967477, 29.584136999999465], [-95.11851800026209, 29.58421899976251], [-95.11771099962489, 29.588146999884817], [-95.11775699965564, 29.59061099990583], [-95.1182100002905, 29.59295600028485], [-95.11905999968705, 29.595268000201653], [-95.12422800033008, 29.6051210003236]]]}, "properties": {"geoid": "48201340302", "name": "Census Tract 3403.02", "population": "6889.0", "median_hh_income": "147031.0", "poverty_rate": "0.05022499637102627", "nearest_dollar_store_mi": "3.36", "gap_score": "0.0"}}, {"type": "Feature", "geometry": {"type": "Polygon", "coordinates": [[[-95.32964699961803, 29.742124000067804], [-95.32858899980901, 29.743497999855332], [-95.32689599979028, 29.74750799986709], [-95.32004599989749, 29.75611800036682], [-95.31810299963348, 29.75502899988781], [-95.31574199979305, 29.754746999817982], [-95.31466700026557, 29.755299999807395], [-95.31301100005676, 29.755535999851254], [-95.30826000006356, 29.754609000075416], [-95.30680100039656, 29.75499500035841], [-95.30576600015375, 29.75570300019754], [-95.30480299988096, 29.7558159996716], [-95.30419000031085, 29.755539000023372], [-95.30290800019586, 29.75394999974721], [-95.31424700014101, 29.737262999879775], [-95.32964699961803, 29.742124000067804]]]}, "properties": {"geoid": "48201310500", "name": "Census Tract 3105", "population": "3409.0", "median_hh_income": "42122.0", "poverty_rate": "0.22851276034027573", "nearest_dollar_store_mi": "1.25", "gap_score": "1738.2"}}, {"type": "Feature", "geometry": {"type": "Polygon", "coordinates": [[[-95.57635000018243, 29.760077000299155], [-95.57559699997194, 29.7629009998024], [-95.57601200007362, 29.765860999893732], [-95.56972299987238, 29.76206899987286], [-95.56270999977298, 29.76196199961111], [-95.56066100010209, 29.76155999995344], [-95.55957399998074, 29.760672999744482], [-95.55907400038853, 29.76088300003127], [-95.55875700019612, 29.761942000263744], [-95.55833600024667, 29.76221499966669], [-95.55808799965122, 29.758003000064004], [-95.56146100016824, 29.75853500022946], [-95.56219299956402, 29.75835400003426], [-95.5624999997107, 29.757844999960597], [-95.56330399997482, 29.75784999961228], [-95.5633099998226, 29.75869799963431], [-95.56686699956433, 29.75893299971138], [-95.56697600024259, 29.75641399986041], [-95.56978899999463, 29.756391000039066], [-95.57048199993068, 29.7577650000402], [-95.57158499994554, 29.75733099996383], [-95.57259800044703, 29.75767400017995], [-95.57332499981996, 29.757294000315987], [-95.57623300000657, 29.757235999807786], [-95.57635000018243, 29.760077000299155]]]}, "properties": {"geoid": "48201450801", "name": "Census Tract 4508.01", "population": "2244.0", "median_hh_income": "79193.0", "poverty_rate": "0.13725490196078433", "nearest_dollar_store_mi": "3.39", "gap_score": "82.4"}}, {"type": "Feature", "geometry": {"type": "Polygon", "coordinates": [[[-95.6057340000255, 29.729779000032032], [-95.59704499962577, 29.729803999825574], [-95.59249799984708, 29.730725000108468], [-95.59222199966257, 29.715393000251147], [-95.60466899964545, 29.714321999761584], [-95.60487899970774, 29.724287000213366], [-95.60565600020769, 29.72729399976938], [-95.6057340000255, 29.729779000032032]]]}, "properties": {"geoid": "48201451902", "name": "Census Tract 4519.02", "population": "2520.0", "median_hh_income": "127014.0", "poverty_rate": "0.09206349206349207", "nearest_dollar_store_mi": "0.41", "gap_score": "0.0"}}, {"type": "Feature", "geometry": {"type": "Polygon", "coordinates": [[[-95.58868400018741, 29.668594000280905], [-95.58741200011814, 29.67277700004599], [-95.58727900004877, 29.675217000356607], [-95.58152200012509, 29.674882000164146], [-95.58127400042797, 29.673052999614118], [-95.58170899972285, 29.670336999850917], [-95.58537400031791, 29.662060999673084], [-95.58819200009283, 29.666035000109012], [-95.58868400018741, 29.668594000280905]]]}, "properties": {"geoid": "48201453403", "name": "Census Tract 4534.03", "population": "3977.0", "median_hh_income": "33510.0", "poverty_rate": "0.42483994878361075", "nearest_dollar_store_mi": "2.23", "gap_score": "4211.2"}}, {"type": "Feature", "geometry": {"type": "Polygon", "coordinates": [[[-95.59590499980096, 29.689088000225723], [-95.58758700002033, 29.68892599977422], [-95.58727900004877, 29.675217000356607], [-95.59414599966, 29.675707000118987], [-95.59565799992876, 29.676061000175498], [-95.59590499980096, 29.689088000225723]]]}, "properties": {"geoid": "48201453601", "name": "Census Tract 4536.01", "population": "1596.0", "median_hh_income": "57862.0", "poverty_rate": "0.2951127819548872", "nearest_dollar_store_mi": "2.94", "gap_score": "1791.1"}}, {"type": "Feature", "geometry": {"type": "Polygon", "coordinates": [[[-95.5970329999302, 29.660672999869025], [-95.5911539998078, 29.67547499968811], [-95.58727900004877, 29.675217000356607], [-95.58728400007162, 29.67344899974133], [-95.58856700001155, 29.66952299972349], [-95.58865099967714, 29.667453000043388], [-95.58803899993197, 29.665776000065293], [-95.58398199969972, 29.660134000299337], [-95.58270200013284, 29.65395200037896], [-95.5970329999302, 29.660672999869025]]]}, "properties": {"geoid": "48201453501", "name": "Census Tract 4535.01", "population": "5876.0", "median_hh_income": "53196.0", "poverty_rate": "0.15844111640571817", "nearest_dollar_store_mi": "1.83", "gap_score": "4150.6"}}, {"type": "Feature", "geometry": {"type": "Polygon", "coordinates": [[[-95.60446100013131, 29.67281500025775], [-95.60263800041622, 29.678045999857275], [-95.59466799989181, 29.675795999765455], [-95.5911539998078, 29.67547499968811], [-95.59705700021965, 29.660601000254378], [-95.59783800001924, 29.66095900023643], [-95.59805899995219, 29.663643000155098], [-95.59886800023918, 29.66521400009401], [-95.60367399958562, 29.669594000104244], [-95.60430299994756, 29.67105199963281], [-95.60446100013131, 29.67281500025775]]]}, "properties": {"geoid": "48201453502", "name": "Census Tract 4535.02", "population": "3616.0", "median_hh_income": "61264.0", "poverty_rate": "0.2472939217318901", "nearest_dollar_store_mi": "2.4", "gap_score": "2698.8"}}, {"type": "Feature", "geometry": {"type": "Polygon", "coordinates": [[[-95.64405300031558, 29.73538800020352], [-95.64405199959235, 29.735644000236437], [-95.6196880002543, 29.735915000293655], [-95.61961200008632, 29.728069000305798], [-95.62222999984469, 29.72815800037275], [-95.62537800023081, 29.729311000063962], [-95.62723799975582, 29.72957000017269], [-95.63107300023022, 29.729248000231582], [-95.64396100025408, 29.729135999738457], [-95.64405300031558, 29.73538800020352]]]}, "properties": {"geoid": "48201451700", "name": "Census Tract 4517", "population": "4976.0", "median_hh_income": "60417.0", "poverty_rate": "0.18086816720257234", "nearest_dollar_store_mi": "0.38", "gap_score": "580.4"}}, {"type": "Feature", "geometry": {"type": "Polygon", "coordinates": [[[-95.40228400004248, 29.7531540001791], [-95.39801699974798, 29.753228999998615], [-95.39792899988443, 29.752410000209032], [-95.39311500014205, 29.744655999803832], [-95.3970329995588, 29.742826000009018], [-95.40206800013242, 29.742785999913302], [-95.40228400004248, 29.7531540001791]]]}, "properties": {"geoid": "48201410402", "name": "Census Tract 4104.02", "population": "3044.0", "median_hh_income": "180000.0", "poverty_rate": "0.04697766097240473", "nearest_dollar_store_mi": "1.37", "gap_score": "0.0"}}, {"type": "Feature", "geometry": {"type": "Polygon", "coordinates": [[[-95.49711499976027, 29.714951000083936], [-95.4962159999599, 29.715639000196727], [-95.49453700018485, 29.716249999787617], [-95.48896100001116, 29.71638199969593], [-95.48889300023909, 29.7127460000449], [-95.49307599996969, 29.71269800020393], [-95.4932800001842, 29.71083200010794], [-95.49440099974242, 29.712590000087715], [-95.49711499976027, 29.714951000083936]]]}, "properties": {"geoid": "48201421401", "name": "Census Tract 4214.01", "population": "3347.0", "median_hh_income": "36451.0", "poverty_rate": "0.3450851508813863", "nearest_dollar_store_mi": "1.2", "gap_score": "1795.8"}}, {"type": "Feature", "geometry": {"type": "Polygon", "coordinates": [[[-95.49569299990316, 29.748805000288044], [-95.49565799974307, 29.749940000034652], [-95.48603399955797, 29.749938000328097], [-95.48592599960293, 29.74732799991634], [-95.4854729998664, 29.746279000152057], [-95.48543299968343, 29.742191000115422], [-95.48458199956364, 29.740042000027756], [-95.48428500036103, 29.737717999735192], [-95.49561199971232, 29.737577000022995], [-95.49569299990316, 29.748805000288044]]]}, "properties": {"geoid": "48201431302", "name": "Census Tract 4313.02", "population": "4324.0", "median_hh_income": "82545.0", "poverty_rate": "0.07354301572617947", "nearest_dollar_store_mi": "0.8", "gap_score": "0.0"}}, {"type": "Feature", "geometry": {"type": "Polygon", "coordinates": [[[-95.57163799964898, 29.72742700005239], [-95.57163400034935, 29.727728999665022], [-95.57037999982342, 29.72775600011823], [-95.55762099967099, 29.727635999695174], [-95.55758100038634, 29.71826100025596], [-95.57144600002836, 29.717062000256156], [-95.57163799964898, 29.72742700005239]]]}, "properties": {"geoid": "48201452202", "name": "Census Tract 4522.02", "population": "3123.0", "median_hh_income": "65574.0", "poverty_rate": "0.12103746397694524", "nearest_dollar_store_mi": "2.44", "gap_score": "1646.2"}}, {"type": "Feature", "geometry": {"type": "Polygon", "coordinates": [[[-95.21896299978837, 30.039956000176947], [-95.2183100000353, 30.043947999955982], [-95.21621399961043, 30.04893799993836], [-95.21101900010156, 30.04659200027467], [-95.20752500010903, 30.045718999977336], [-95.20098800021069, 30.043326999944366], [-95.19848099988205, 30.04301100027102], [-95.19441600015223, 30.043507000292028], [-95.19183299965563, 30.044408000248403], [-95.19032499958482, 30.045598999869384], [-95.1890280002995, 30.04753100026547], [-95.18799100040687, 30.04841399987586], [-95.18421200000898, 30.050024000221907], [-95.18190700024505, 30.046261000208833], [-95.17663300019515, 30.0407880002248], [-95.17444300005893, 30.036363000247736], [-95.17412300039177, 30.03394599999591], [-95.17443300001318, 30.03250399971004], [-95.17653100008788, 30.02732400017416], [-95.17755100026207, 30.026607000365466], [-95.17909399959468, 30.023153000159894], [-95.18089700011659, 30.02179999974521], [-95.18329899996492, 30.02162399983287], [-95.19288200014213, 30.023168999918084], [-95.19777000040266, 30.024614999973775], [-95.20084199972248, 30.02603699983411], [-95.20459699983093, 30.026081000021897], [-95.21179499987828, 30.024044000214598], [-95.2119949998948, 30.02556300007294], [-95.21748599967971, 30.034497999666044], [-95.218576999999, 30.0376490001864], [-95.21896299978837, 30.039956000176947]]]}, "properties": {"geoid": "48201251000", "name": "Census Tract 2510", "population": "3410.0", "median_hh_income": "71615.0", "poverty_rate": "0.12258064516129032", "nearest_dollar_store_mi": "2.57", "gap_score": "1101.7"}}, {"type": "Feature", "geometry": {"type": "Polygon", "coordinates": [[[-95.50057299976778, 29.654492000299367], [-95.49757199969474, 29.654326000215942], [-95.49268599998236, 29.650597000096592], [-95.49336800004774, 29.64865500012661], [-95.49334399975831, 29.644465999913287], [-95.50036899955327, 29.644372000036714], [-95.50057299976778, 29.654492000299367]]]}, "properties": {"geoid": "48201422302", "name": "Census Tract 4223.02", "population": "2106.0", "median_hh_income": "87568.0", "poverty_rate": "0.13912630579297247", "nearest_dollar_store_mi": "0.9", "gap_score": "0.0"}}, {"type": "Feature", "geometry": {"type": "Polygon", "coordinates": [[[-95.53626599990356, 29.65629800021608], [-95.53247300016031, 29.656323000344088], [-95.5280240002909, 29.655683999806413], [-95.52792100035873, 29.649297000237596], [-95.52449900033622, 29.649154999663413], [-95.52292099994521, 29.648215000134847], [-95.52144399983652, 29.644903999659096], [-95.52109300020726, 29.641877000014023], [-95.52377299988991, 29.641551000255337], [-95.5270879997823, 29.641719999996152], [-95.52910600038939, 29.64246900031628], [-95.5325710000696, 29.644952999986316], [-95.53399299992668, 29.64534799974529], [-95.53605800038942, 29.645395999742846], [-95.53626599990356, 29.65629800021608]]]}, "properties": {"geoid": "48201423402", "name": "Census Tract 4234.02", "population": "4597.0", "median_hh_income": "59583.0", "poverty_rate": "0.12201533406352684", "nearest_dollar_store_mi": "1.34", "gap_score": "1883.4"}}, {"type": "Feature", "geometry": {"type": "Polygon", "coordinates": [[[-95.5280240002909, 29.655683999806413], [-95.51553999959977, 29.655662000335063], [-95.50842600011633, 29.656017999919282], [-95.50829300004693, 29.644232999917264], [-95.51301899992576, 29.644013000257146], [-95.51744900042691, 29.642130999942257], [-95.52109300020726, 29.641877000014023], [-95.52144399983652, 29.644903999659096], [-95.52292099994521, 29.648215000134847], [-95.52449900033622, 29.649154999663413], [-95.52792100035873, 29.649297000237596], [-95.5280240002909, 29.655683999806413]]]}, "properties": {"geoid": "48201423401", "name": "Census Tract 4234.01", "population": "4767.0", "median_hh_income": "69792.0", "poverty_rate": "0.12223393045310854", "nearest_dollar_store_mi": "0.79", "gap_score": "571.6"}}, {"type": "Feature", "geometry": {"type": "Polygon", "coordinates": [[[-95.56378199982571, 29.81269800008241], [-95.55444800006883, 29.81267799995768], [-95.55444100039612, 29.809369999885035], [-95.55386399991272, 29.809126000102395], [-95.55357500020773, 29.784652000336745], [-95.56318699979896, 29.78480599989929], [-95.56378199982571, 29.81269800008241]]]}, "properties": {"geoid": "48201522402", "name": "Census Tract 5224.02", "population": "3862.0", "median_hh_income": "73571.0", "poverty_rate": "0.20079155672823218", "nearest_dollar_store_mi": "2.63", "gap_score": "1043.7"}}, {"type": "Feature", "geometry": {"type": "Polygon", "coordinates": [[[-95.55444800006883, 29.81267799995768], [-95.54520899984819, 29.812687000014343], [-95.54455500027021, 29.789185999882058], [-95.54412000007703, 29.78739699989974], [-95.54397699996191, 29.78473799999001], [-95.55357500020773, 29.784652000336745], [-95.55386399991272, 29.809126000102395], [-95.55444100039612, 29.809369999885035], [-95.55444800006883, 29.81267799995768]]]}, "properties": {"geoid": "48201522401", "name": "Census Tract 5224.01", "population": "6023.0", "median_hh_income": "78125.0", "poverty_rate": "0.1309978416071725", "nearest_dollar_store_mi": "2.2", "gap_score": "375.0"}}, {"type": "Feature", "geometry": {"type": "Polygon", "coordinates": [[[-95.61979899968406, 29.914895999938263], [-95.60492899993646, 29.921808000148477], [-95.60365400039245, 29.918931999705656], [-95.60348199996501, 29.908144000378613], [-95.6021449995984, 29.904856000221265], [-95.60278900002896, 29.90294299996955], [-95.61979899968406, 29.914895999938263]]]}, "properties": {"geoid": "48201552002", "name": "Census Tract 5520.02", "population": "1473.0", "median_hh_income": "67250.0", "poverty_rate": "0.16089613034623218", "nearest_dollar_store_mi": "1.38", "gap_score": "399.9"}}, {"type": "Feature", "geometry": {"type": "Polygon", "coordinates": [[[-95.26095299962302, 29.66704600006044], [-95.26005100034791, 29.668813000183963], [-95.25943600022967, 29.66924099979399], [-95.25957500014685, 29.66975499983654], [-95.25901399955697, 29.67046700026031], [-95.2591569996721, 29.671378999692703], [-95.25746399965335, 29.672577000338105], [-95.25738800038368, 29.67316000024965], [-95.25587699993982, 29.674517000233372], [-95.25554200020406, 29.676024000219115], [-95.2544960000906, 29.677919999821857], [-95.25472200004641, 29.67879499984356], [-95.25445699973254, 29.679542000164837], [-95.25409199985955, 29.679707000230245], [-95.25373200000944, 29.68218700023206], [-95.25105399997662, 29.683929000142246], [-95.24829800012597, 29.684655999846886], [-95.24825499956995, 29.685249999969333], [-95.24674200037457, 29.686069999801756], [-95.24519800031874, 29.684935000306105], [-95.24574599959152, 29.68138399969314], [-95.24645000029652, 29.6795919997875], [-95.24553700025245, 29.678907000295588], [-95.24449000031407, 29.676790000189005], [-95.2409510001157, 29.676472000357652], [-95.24001299995729, 29.67533499978815], [-95.23920500039351, 29.673400000021], [-95.23733499992446, 29.672785000338276], [-95.23632700034413, 29.671750999828532], [-95.23553700032372, 29.6703129999491], [-95.24767899980976, 29.670105000299856], [-95.24947200028595, 29.6703419999598], [-95.24918400040586, 29.653299999944576], [-95.25159299992686, 29.652503000091485], [-95.26095299962302, 29.66704600006044]]]}, "properties": {"geoid": "48201320700", "name": "Census Tract 3207", "population": "3397.0", "median_hh_income": "48984.0", "poverty_rate": "0.17587939698492464", "nearest_dollar_store_mi": "1.01", "gap_score": "1344.7"}}, {"type": "Feature", "geometry": {"type": "Polygon", "coordinates": [[[-95.31175999990388, 29.646074999614633], [-95.28874999975254, 29.657525999944404], [-95.2884929998346, 29.64229500033012], [-95.28880599982904, 29.638696999821764], [-95.2882540003583, 29.636694000163907], [-95.28664400018023, 29.634324999765838], [-95.27587199977442, 29.634446999634136], [-95.27595399979019, 29.635424999931924], [-95.27197799974881, 29.635690999915802], [-95.26891800012454, 29.635114999915498], [-95.26666600006406, 29.633349000184573], [-95.26673399983612, 29.62643699999908], [-95.28546599982229, 29.625448999901195], [-95.28534100014882, 29.62078399976381], [-95.30436900041101, 29.620851999874763], [-95.31175999990388, 29.646074999614633]]]}, "properties": {"geoid": "48201333700", "name": "Census Tract 3337", "population": "4138.0", "median_hh_income": "64841.0", "poverty_rate": "0.14233929434509424", "nearest_dollar_store_mi": "2.84", "gap_score": "2712.4"}}, {"type": "Feature", "geometry": {"type": "Polygon", "coordinates": [[[-95.41072700039491, 29.754556000168996], [-95.41032999983656, 29.75504599964815], [-95.40882500013879, 29.75574399961422], [-95.40840199964119, 29.756408000348348], [-95.40862500012226, 29.760521999745336], [-95.40358600024898, 29.760922000180923], [-95.40118600005049, 29.761942000263744], [-95.39842299962883, 29.76185799999786], [-95.39818300032765, 29.761116000179783], [-95.39801699974798, 29.753228999998615], [-95.40228400004248, 29.7531540001791], [-95.40220600022468, 29.752426999633737], [-95.40949700015844, 29.752293999745472], [-95.41070200028055, 29.752015000057348], [-95.41072700039491, 29.754556000168996]]]}, "properties": {"geoid": "48201410300", "name": "Census Tract 4103", "population": "3821.0", "median_hh_income": "100657.0", "poverty_rate": "0.0912486659551761", "nearest_dollar_store_mi": "1.93", "gap_score": "0.0"}}, {"type": "Feature", "geometry": {"type": "Polygon", "coordinates": [[[-95.41066399974741, 29.73356199984308], [-95.41065100022693, 29.73424100020972], [-95.38547699987866, 29.734530000283254], [-95.38708899970655, 29.732717000230856], [-95.38863899961017, 29.732185000349233], [-95.40734899985502, 29.731050000114475], [-95.41060799967092, 29.730978000213486], [-95.41066399974741, 29.73356199984308]]]}, "properties": {"geoid": "48201410900", "name": "Census Tract 4109", "population": "3565.0", "median_hh_income": "109067.0", "poverty_rate": "0.06451612903225806", "nearest_dollar_store_mi": "1.45", "gap_score": "0.0"}}, {"type": "Feature", "geometry": {"type": "Polygon", "coordinates": [[[-95.81238099990011, 29.78096799978174], [-95.80887799968674, 29.784188999936458], [-95.80552099996157, 29.78544499985145], [-95.77751700014281, 29.785483000294768], [-95.7774960002264, 29.773758000013466], [-95.77642199962555, 29.767147999934622], [-95.77637999979277, 29.76074999966681], [-95.81238099990011, 29.78096799978174]]]}, "properties": {"geoid": "48201455300", "name": "Census Tract 4553", "population": "13436.0", "median_hh_income": "74869.0", "poverty_rate": "0.0670681219420399", "nearest_dollar_store_mi": "0.51", "gap_score": "502.9"}}, {"type": "Feature", "geometry": {"type": "Polygon", "coordinates": [[[-95.28908200001356, 29.6740239998679], [-95.28816499977152, 29.67479800037658], [-95.28857099965239, 29.67664400018022], [-95.28811999956568, 29.67759100037247], [-95.28504999989569, 29.677717999832023], [-95.28343700024288, 29.6772049997029], [-95.28263600035181, 29.678223999613383], [-95.28148099956009, 29.678397999912292], [-95.28070899998134, 29.679172000310786], [-95.27988799999876, 29.679376000052795], [-95.27847899966214, 29.67877999999656], [-95.27644400023495, 29.67950100004978], [-95.27387699963188, 29.67852899983093], [-95.27349400021554, 29.67865700023001], [-95.27341399984961, 29.679994999865784], [-95.272673000233, 29.680346000354852], [-95.26799599985965, 29.67555799987685], [-95.27144700019447, 29.672991000229555], [-95.27339499958305, 29.672485999714915], [-95.28621800020788, 29.672408999963878], [-95.28906199992207, 29.67317699982955], [-95.28908200001356, 29.6740239998679]]]}, "properties": {"geoid": "48201333100", "name": "Census Tract 3331", "population": "3567.0", "median_hh_income": "36715.0", "poverty_rate": "0.3011873732985809", "nearest_dollar_store_mi": "0.18", "gap_score": "276.4"}}, {"type": "Feature", "geometry": {"type": "Polygon", "coordinates": [[[-95.38261100042317, 29.813939999990684], [-95.3791509998675, 29.81397599975801], [-95.37528399960608, 29.813209000353762], [-95.37357600041702, 29.80868900034225], [-95.37196100021609, 29.800317000323066], [-95.3718919997208, 29.789996999638337], [-95.3818189998546, 29.797356999892635], [-95.3820439999855, 29.811371000281344], [-95.38261100042317, 29.813939999990684]]]}, "properties": {"geoid": "48201511600", "name": "Census Tract 5116", "population": "3548.0", "median_hh_income": "86026.0", "poverty_rate": "0.06397970687711386", "nearest_dollar_store_mi": "1.48", "gap_score": "0.0"}}, {"type": "Feature", "geometry": {"type": "Polygon", "coordinates": [[[-95.46822899985956, 29.802905999983352], [-95.46288700003758, 29.80293100024296], [-95.46253200021035, 29.80323400005526], [-95.45126299968707, 29.79501199979908], [-95.4522560000971, 29.790861000055454], [-95.45207600017204, 29.78410799971206], [-95.45276900010809, 29.782422999614738], [-95.453867999925, 29.780936999890127], [-95.45793900040091, 29.78342399962137], [-95.45945599979424, 29.78399699999109], [-95.46176200028141, 29.784427000332244], [-95.46799600023107, 29.784464000093987], [-95.46822899985956, 29.802905999983352]]]}, "properties": {"geoid": "48201520100", "name": "Census Tract 5201", "population": "3406.0", "median_hh_income": "151217.0", "poverty_rate": "0.029653552554315912", "nearest_dollar_store_mi": "1.28", "gap_score": "0.0"}}, {"type": "Feature", "geometry": {"type": "Polygon", "coordinates": [[[-95.28883799961609, 29.639276000158176], [-95.2884929998346, 29.64229500033012], [-95.28874999975254, 29.657525999944404], [-95.28576799994607, 29.65759700020587], [-95.2855649995565, 29.657380000073797], [-95.28327300021135, 29.657757999623755], [-95.26843699990062, 29.65802599990656], [-95.26599700041749, 29.657154000284145], [-95.2639729999626, 29.655614999780518], [-95.26491199994595, 29.653174000135127], [-95.26500400000747, 29.651949999799257], [-95.26718999994571, 29.65192600019495], [-95.26688299979904, 29.63676199968689], [-95.26556899989698, 29.63595899961177], [-95.26462700043892, 29.635955000344033], [-95.2646130001952, 29.63247299977097], [-95.26666000021629, 29.632433000236954], [-95.26666600006406, 29.633349000184573], [-95.2686889997957, 29.63500299990162], [-95.27154299955562, 29.63569900003359], [-95.27595399979019, 29.635424999931924], [-95.27587199977442, 29.634446999634136], [-95.28664400018023, 29.634324999765838], [-95.28855999978175, 29.637378999758575], [-95.28883799961609, 29.639276000158176]]]}, "properties": {"geoid": "48201980000", "name": "Census Tract 9800", "population": "35.0", "median_hh_income": "", "poverty_rate": "0.0", "nearest_dollar_store_mi": "1.91", "gap_score": "0.0"}}, {"type": "Feature", "geometry": {"type": "Polygon", "coordinates": [[[-95.31464600034917, 29.655003999941822], [-95.3126269999172, 29.655339999999192], [-95.31134800017522, 29.65719600013836], [-95.30876999970151, 29.657932000203214], [-95.30718100033815, 29.660964999989808], [-95.3042699997785, 29.663551000101798], [-95.29838999983116, 29.667192999851107], [-95.29731399958047, 29.668205999645398], [-95.29725599985417, 29.671224999997477], [-95.29692899961603, 29.67193100028148], [-95.2954359996138, 29.672642000286785], [-95.29293000000841, 29.673117000197596], [-95.29127899982247, 29.67283500019909], [-95.2903249997705, 29.673535000323646], [-95.28906199992207, 29.67317699982955], [-95.28874999975254, 29.657525999944404], [-95.31190100036919, 29.645990999975318], [-95.31464600034917, 29.655003999941822]]]}, "properties": {"geoid": "48201333600", "name": "Census Tract 3336", "population": "3219.0", "median_hh_income": "70868.0", "poverty_rate": "0.06502525252525253", "nearest_dollar_store_mi": "1.74", "gap_score": "726.4"}}, {"type": "Feature", "geometry": {"type": "Polygon", "coordinates": [[[-95.46382000017314, 29.664971999683768], [-95.45956999959706, 29.676640000187735], [-95.45908000005062, 29.679155000183535], [-95.45905199956321, 29.681396999640228], [-95.45816500035673, 29.681251000078085], [-95.45712000006817, 29.680145000324785], [-95.45537299962275, 29.679417999994172], [-95.44683700028222, 29.679466999903656], [-95.44652299956456, 29.664502999876092], [-95.46399800044838, 29.664304999958283], [-95.46382000017314, 29.664971999683768]]]}, "properties": {"geoid": "48201420300", "name": "Census Tract 4203", "population": "4005.0", "median_hh_income": "106465.0", "poverty_rate": "0.0686641697877653", "nearest_dollar_store_mi": "0.26", "gap_score": "0.0"}}, {"type": "Feature", "geometry": {"type": "Polygon", "coordinates": [[[-95.48246099992272, 29.64242799992482], [-95.48209699987464, 29.6446410001722], [-95.48227400032498, 29.650471000025945], [-95.48124999995282, 29.652716999688465], [-95.47988400017222, 29.652551999842412], [-95.47750499989013, 29.652898999928794], [-95.47040099955412, 29.657365000155313], [-95.46909800042103, 29.657327000351785], [-95.46890900027513, 29.65801999997792], [-95.4680470002847, 29.658240000248973], [-95.46715299960889, 29.659146999806747], [-95.4658310002092, 29.659273999919332], [-95.46401500016681, 29.660477000146727], [-95.46373599960924, 29.647490000291377], [-95.48234100027213, 29.640268000368618], [-95.48246099992272, 29.64242799992482]]]}, "properties": {"geoid": "48201420500", "name": "Census Tract 4205", "population": "3527.0", "median_hh_income": "37288.0", "poverty_rate": "0.2557471264367816", "nearest_dollar_store_mi": "1.92", "gap_score": "2830.4"}}, {"type": "Feature", "geometry": {"type": "Polygon", "coordinates": [[[-95.57079099972715, 29.656015999903193], [-95.56896100033939, 29.661599000013013], [-95.56868500015486, 29.66387100006028], [-95.56895799996632, 29.667057999621292], [-95.57026600002061, 29.67120499973589], [-95.57038900004426, 29.674219999731136], [-95.56047500032923, 29.67462700034127], [-95.56003799958793, 29.66599599976836], [-95.55964900032382, 29.664277999619916], [-95.55812399963624, 29.661047999663634], [-95.56853100016906, 29.651386999831978], [-95.57040900013573, 29.653621999781823], [-95.57079099972715, 29.656015999903193]]]}, "properties": {"geoid": "48201453300", "name": "Census Tract 4533", "population": "4680.0", "median_hh_income": "36256.0", "poverty_rate": "0.26965811965811964", "nearest_dollar_store_mi": "2.21", "gap_score": "4370.8"}}, {"type": "Feature", "geometry": {"type": "Polygon", "coordinates": [[[-95.44007899955263, 29.691662000019544], [-95.43903900018528, 29.6916649997607], [-95.43904900023101, 29.69078100009452], [-95.43843599976258, 29.690483000373575], [-95.43589699964691, 29.691805999981465], [-95.43679200014765, 29.693452000058887], [-95.43722999981556, 29.695134999662386], [-95.43716700006637, 29.704578999611435], [-95.43311700040513, 29.704753999839067], [-95.43313499994849, 29.70604100001888], [-95.42744800034501, 29.706093000302108], [-95.42728199976534, 29.697124999902154], [-95.4269329997859, 29.69582000014508], [-95.42859499984249, 29.693776999786632], [-95.42903500005856, 29.691830000215152], [-95.43084100005521, 29.691130999937208], [-95.43198599990288, 29.69111999978676], [-95.43466499976061, 29.69209100033823], [-95.43611699975494, 29.690859000263142], [-95.43840200032571, 29.68988300037572], [-95.4400690004052, 29.69063700022452], [-95.44007899955263, 29.691662000019544]]]}, "properties": {"geoid": "48201413100", "name": "Census Tract 4131", "population": "3346.0", "median_hh_income": "250001.0", "poverty_rate": "0.026024528866287765", "nearest_dollar_store_mi": "2.25", "gap_score": "0.0"}}, {"type": "Feature", "geometry": {"type": "Polygon", "coordinates": [[[-95.44683700028222, 29.679466999903656], [-95.43994800003136, 29.679512999685436], [-95.43970000033426, 29.66247100014249], [-95.44163500020233, 29.659859000378194], [-95.44212399992387, 29.65649700028241], [-95.44284000032445, 29.655329999851016], [-95.44659600025781, 29.653898999632098], [-95.44639600024125, 29.660139000134834], [-95.44683700028222, 29.679466999903656]]]}, "properties": {"geoid": "48201420200", "name": "Census Tract 4202", "population": "2490.0", "median_hh_income": "61389.0", "poverty_rate": "0.25220883534136546", "nearest_dollar_store_mi": "0.94", "gap_score": "725.8"}}, {"type": "Feature", "geometry": {"type": "Polygon", "coordinates": [[[-95.54449499999576, 29.779836999636892], [-95.54400399972609, 29.782521000199115], [-95.54397699996191, 29.78473799999001], [-95.53178000022426, 29.784742999858803], [-95.53155699974317, 29.77322600036832], [-95.53756800011006, 29.773152999944383], [-95.5375840000036, 29.775756000370514], [-95.54023000024938, 29.77581299991881], [-95.5402100001579, 29.77315000029973], [-95.53989799998836, 29.773148000276578], [-95.53984799975964, 29.765358000279683], [-95.54046600025093, 29.765140999764107], [-95.54435899955331, 29.765228999979524], [-95.54449499999576, 29.779836999636892]]]}, "properties": {"geoid": "48201430700", "name": "Census Tract 4307", "population": "3831.0", "median_hh_income": "88870.0", "poverty_rate": "0.037066040198381625", "nearest_dollar_store_mi": "3.18", "gap_score": "0.0"}}, {"type": "Feature", "geometry": {"type": "Polygon", "coordinates": [[[-95.56318699979896, 29.78480599989929], [-95.54397699996191, 29.78473799999001], [-95.54400399972609, 29.782521000199115], [-95.54449499999576, 29.779836999636892], [-95.54435899955331, 29.765228999979524], [-95.54620599955784, 29.765168000281488], [-95.54707699976912, 29.765970999750266], [-95.54830899965542, 29.76629600014501], [-95.55613500023979, 29.766195000204863], [-95.55744599976882, 29.766929999713625], [-95.55782700043363, 29.767713999795934], [-95.55793500038867, 29.77018800028837], [-95.55870299976947, 29.77170000035861], [-95.56069399971405, 29.77274600028013], [-95.56287600035265, 29.77277399993263], [-95.56318699979896, 29.78480599989929]]]}, "properties": {"geoid": "48201430800", "name": "Census Tract 4308", "population": "6492.0", "median_hh_income": "155388.0", "poverty_rate": "0.06290571870170016", "nearest_dollar_store_mi": "3.58", "gap_score": "0.0"}}, {"type": "Feature", "geometry": {"type": "Polygon", "coordinates": [[[-95.56287600035265, 29.77277399993263], [-95.56069399971405, 29.77274600028013], [-95.55870299976947, 29.77170000035861], [-95.55793500038867, 29.77018800028837], [-95.55775799993833, 29.767457999775306], [-95.55651099998344, 29.76629100013494], [-95.54830899965542, 29.76629600014501], [-95.54707699976912, 29.765970999750266], [-95.5459059999822, 29.765176999932464], [-95.54624499991591, 29.76431199962974], [-95.5459200002259, 29.76064400008251], [-95.5464130001454, 29.75997600032846], [-95.5464130001454, 29.759431999793186], [-95.54587599984495, 29.758762000227584], [-95.54485999986873, 29.758659000178795], [-95.54485200037114, 29.75903399995353], [-95.54423300005494, 29.759092999962935], [-95.52967399975364, 29.759092999962935], [-95.52962000022528, 29.754027000155872], [-95.5265520002051, 29.753999999755983], [-95.52598499976743, 29.75354399987555], [-95.52570600010819, 29.74818800005757], [-95.52616499969248, 29.74675700013513], [-95.52943000025448, 29.745808000271335], [-95.52977900023394, 29.74632100019292], [-95.53154000002473, 29.74731499992471], [-95.53199299976126, 29.748079000050716], [-95.5319800002408, 29.748766999967728], [-95.53091599968567, 29.749552999925978], [-95.53116099990805, 29.749999999790738], [-95.53235199978647, 29.750329999757287], [-95.53370699969642, 29.749568999978212], [-95.53596200012996, 29.751320000157957], [-95.5375560004145, 29.751436000188885], [-95.53870200008707, 29.752623999959074], [-95.53943900040404, 29.752403999677437], [-95.53998099982903, 29.751689000301727], [-95.54170700035807, 29.751646000333718], [-95.54205399978937, 29.751827000164997], [-95.54208499975151, 29.752722999889276], [-95.54255799957954, 29.753102999926643], [-95.54558799996488, 29.752988000087885], [-95.54584599970774, 29.75355900025351], [-95.54522300009191, 29.754274000328117], [-95.54514000025122, 29.755004999945893], [-95.5468919998212, 29.756615999861324], [-95.54832200007422, 29.757408000114523], [-95.54777300007821, 29.759079000175355], [-95.54909000035333, 29.759161999890182], [-95.55098000001557, 29.760718000010122], [-95.55266299998858, 29.760674000270523], [-95.55249300010927, 29.759834000189688], [-95.5547009997888, 29.75931499989851], [-95.55452500006172, 29.761008999680175], [-95.55558200004583, 29.7612630003227], [-95.55592699982734, 29.762272999632593], [-95.55662399996135, 29.7624739997924], [-95.55833600024667, 29.76221499966669], [-95.5588180002955, 29.76346500004709], [-95.56172800013194, 29.76696699970231], [-95.56263000030535, 29.769064999674374], [-95.56287600035265, 29.77277399993263]]]}, "properties": {"geoid": "48201430900", "name": "Census Tract 4309", "population": "5559.0", "median_hh_income": "85767.0", "poverty_rate": "0.06260118726389638", "nearest_dollar_store_mi": "2.71", "gap_score": "0.0"}}, {"type": "Feature", "geometry": {"type": "Polygon", "coordinates": [[[-95.48828499979355, 29.78063600026774], [-95.48824100031094, 29.78352399982145], [-95.48640000015416, 29.783575999698915], [-95.48645600023067, 29.782673999614943], [-95.48598900025043, 29.78207499993086], [-95.48442599992802, 29.78166900020017], [-95.48409799986496, 29.781030999858768], [-95.48397800021438, 29.78049199991077], [-95.4843880002932, 29.780486999829684], [-95.48462699976947, 29.779486000086113], [-95.48397099964336, 29.77937600025801], [-95.48405299965913, 29.77888100031572], [-95.48321400013323, 29.778442000307244], [-95.48085599976753, 29.77576499984989], [-95.47979700013359, 29.775584000374135], [-95.47984099961619, 29.774940999888376], [-95.47949500000979, 29.77486999992364], [-95.47945599965173, 29.774055999640993], [-95.4788759996936, 29.77333599993456], [-95.48057799993316, 29.773352000088256], [-95.48142200038026, 29.773055000327787], [-95.48178100040548, 29.77218000000159], [-95.4815160000916, 29.77059700028458], [-95.48196299998034, 29.77023399982984], [-95.48296499971286, 29.77033800010531], [-95.48297800013165, 29.771745999985473], [-95.48510799999342, 29.770727999981702], [-95.48524600008568, 29.769523999637894], [-95.48561099995867, 29.76908400027692], [-95.4861909999168, 29.76908400027692], [-95.4870350003639, 29.769623000026986], [-95.48704500040964, 29.777423999752894], [-95.48825899985427, 29.77708399962588], [-95.48828499979355, 29.78063600026774]]]}, "properties": {"geoid": "48201430200", "name": "Census Tract 4302", "population": "1609.0", "median_hh_income": "82434.0", "poverty_rate": "0.0941101152368758", "nearest_dollar_store_mi": "1.94", "gap_score": "0.0"}}, {"type": "Feature", "geometry": {"type": "Polygon", "coordinates": [[[-95.73337700035495, 29.73663499976433], [-95.73084499991198, 29.743568000295287], [-95.72960200015503, 29.745864999698945], [-95.7211730000463, 29.754613999888548], [-95.71946099976098, 29.757556000015263], [-95.71771500003878, 29.759502999782566], [-95.71286699996122, 29.755853999659323], [-95.70850000010759, 29.755123999796215], [-95.70539600010238, 29.75396800028355], [-95.70411399998737, 29.752753999933976], [-95.70314900006478, 29.751076999873124], [-95.70278900021466, 29.749001999932247], [-95.70289200014683, 29.74770999987761], [-95.70254700036533, 29.746814999687576], [-95.70074499966833, 29.74533699973795], [-95.69990000029463, 29.744011999808638], [-95.69809900032084, 29.74423800002853], [-95.6967569999314, 29.743925000375107], [-95.69868400030187, 29.742336000076914], [-95.70085099997354, 29.73983399966519], [-95.70513499998648, 29.736136000086162], [-95.70528800014736, 29.735295000313148], [-95.70662999963852, 29.73360599978207], [-95.70876600024636, 29.733023000389124], [-95.70827400015179, 29.731834000024815], [-95.70915799988352, 29.73117599981675], [-95.70937999964137, 29.730563999780323], [-95.70801800005874, 29.730211999975044], [-95.70774500024727, 29.72962300002522], [-95.70955299989375, 29.72853599975985], [-95.70823700034184, 29.72664700037068], [-95.70887599985122, 29.725173000050933], [-95.70824099964149, 29.72390299974522], [-95.70834299974875, 29.722448999894148], [-95.73337700035495, 29.73663499976433]]]}, "properties": {"geoid": "48201454502", "name": "Census Tract 4545.02", "population": "2216.0", "median_hh_income": "192174.0", "poverty_rate": "0.04151624548736462", "nearest_dollar_store_mi": "3.37", "gap_score": "0.0"}}, {"type": "Feature", "geometry": {"type": "Polygon", "coordinates": [[[-95.43002400027059, 29.801961000087157], [-95.42965600002458, 29.80316899972009], [-95.42781599969274, 29.80308800004678], [-95.42705499998462, 29.802759000170067], [-95.4263419999571, 29.80101599983858], [-95.42466099963391, 29.799832000050813], [-95.4245739995953, 29.79844800038131], [-95.42349400004497, 29.797035000237763], [-95.42250200035818, 29.794436000334596], [-95.42045699998691, 29.79329700029784], [-95.41946799977487, 29.792002000178854], [-95.41737700027116, 29.790665999754935], [-95.41706000007876, 29.790117999702847], [-95.42006299980162, 29.79002499992401], [-95.42265499962073, 29.789301000266544], [-95.42988600017834, 29.78924699976351], [-95.43002400027059, 29.801961000087157]]]}, "properties": {"geoid": "48201511004", "name": "Census Tract 5110.04", "population": "1842.0", "median_hh_income": "89028.0", "poverty_rate": "0.057003257328990226", "nearest_dollar_store_mi": "1.97", "gap_score": "0.0"}}, {"type": "Feature", "geometry": {"type": "Polygon", "coordinates": [[[-95.37201200026969, 29.85903799980325], [-95.36221800020529, 29.859197999686916], [-95.3590509995526, 29.846497999854364], [-95.36869200035446, 29.846188999913497], [-95.37176600022242, 29.845668999766], [-95.37201200026969, 29.85903799980325]]]}, "properties": {"geoid": "48201221302", "name": "Census Tract 2213.02", "population": "3464.0", "median_hh_income": "52739.0", "poverty_rate": "0.109107303877367", "nearest_dollar_store_mi": "0.34", "gap_score": "433.9"}}, {"type": "Feature", "geometry": {"type": "Polygon", "coordinates": [[[-95.29545300023055, 29.702126000092], [-95.29395299965735, 29.703659000043228], [-95.29109999972232, 29.703881999709886], [-95.28980500008683, 29.70465300033346], [-95.29013099960176, 29.70936299976775], [-95.28085799994426, 29.709210000013474], [-95.28065200007993, 29.701524999842064], [-95.28025700006971, 29.701394000246367], [-95.28204999964757, 29.701533000187133], [-95.28381299998651, 29.703876000176702], [-95.28578399983962, 29.705141000334027], [-95.28829700001602, 29.703976000152316], [-95.28987200003398, 29.70175999966553], [-95.28985899961518, 29.700314000249715], [-95.29118299956299, 29.699386999692074], [-95.29545300023055, 29.702126000092]]]}, "properties": {"geoid": "48201311501", "name": "Census Tract 3115.01", "population": "2464.0", "median_hh_income": "61212.0", "poverty_rate": "0.14650974025974026", "nearest_dollar_store_mi": "1.05", "gap_score": "745.6"}}, {"type": "Feature", "geometry": {"type": "Polygon", "coordinates": [[[-95.29019000005131, 29.71219699961628], [-95.28717100043494, 29.71447999978151], [-95.28595999956671, 29.714562000316054], [-95.28595100024418, 29.716770000029182], [-95.28435799978456, 29.71675199983777], [-95.28027999963592, 29.715647000197496], [-95.2782009998278, 29.713815999969757], [-95.27449299957503, 29.712061999754457], [-95.26717700042522, 29.709909000111377], [-95.26843799972552, 29.708867999719715], [-95.27207400000827, 29.706927000175487], [-95.28077500010357, 29.700623999919657], [-95.28025700006971, 29.701394000246367], [-95.28065200007993, 29.701524999842064], [-95.28085799994426, 29.709210000013474], [-95.29013099960176, 29.70936299976775], [-95.29019000005131, 29.71219699961628]]]}, "properties": {"geoid": "48201311502", "name": "Census Tract 3115.02", "population": "2610.0", "median_hh_income": "35455.0", "poverty_rate": "0.40727969348659004", "nearest_dollar_store_mi": "1.14", "gap_score": "1398.8"}}, {"type": "Feature", "geometry": {"type": "Polygon", "coordinates": [[[-95.39939900032041, 29.812902000346796], [-95.39699999994683, 29.813015999969423], [-95.39313100003558, 29.813827999852396], [-95.38261100042317, 29.813939999990684], [-95.3820439999855, 29.811371000281344], [-95.38190699971814, 29.803094999982587], [-95.38744600008192, 29.803196000116277], [-95.38803500026088, 29.804076000292152], [-95.38884600019772, 29.804121999852782], [-95.39921600002229, 29.80395900033145], [-95.39939900032041, 29.812902000346796]]]}, "properties": {"geoid": "48201511502", "name": "Census Tract 5115.02", "population": "5455.0", "median_hh_income": "205553.0", "poverty_rate": "0.08780934922089825", "nearest_dollar_store_mi": "1.41", "gap_score": "0.0"}}, {"type": "Feature", "geometry": {"type": "Polygon", "coordinates": [[[-95.49342699959897, 29.64795700037014], [-95.49218999968981, 29.65191100024415], [-95.49205499997059, 29.657190000160295], [-95.48299900004807, 29.6573200003864], [-95.47972099996561, 29.65799100031791], [-95.47670599964889, 29.659296000162286], [-95.4772999998507, 29.656684999940378], [-95.48120200027225, 29.652780999939193], [-95.48215299995114, 29.65099499974216], [-95.48234100027213, 29.640268000368618], [-95.49316600038138, 29.636101000058947], [-95.49342699959897, 29.64795700037014]]]}, "properties": {"geoid": "48201422100", "name": "Census Tract 4221", "population": "5004.0", "median_hh_income": "101238.0", "poverty_rate": "0.05495603517186251", "nearest_dollar_store_mi": "1.41", "gap_score": "0.0"}}, {"type": "Feature", "geometry": {"type": "Polygon", "coordinates": [[[-95.27501099960888, 29.66558800022163], [-95.26979699983343, 29.665315000209215], [-95.26315199998007, 29.665453000179404], [-95.26318600031523, 29.667923999926053], [-95.26248499998329, 29.66913399967198], [-95.25159299992686, 29.652503000091485], [-95.25292299972244, 29.652196999753315], [-95.25737900016286, 29.652105000163623], [-95.25948599956007, 29.65242099965843], [-95.26117600010407, 29.653306000154643], [-95.26531500035209, 29.656709999972247], [-95.26732800003796, 29.657749999697575], [-95.26843699990062, 29.65802599990656], [-95.27231000000984, 29.65797999966407], [-95.27241899978978, 29.661455999669737], [-95.27181700009034, 29.66222600031991], [-95.27171199961003, 29.662986000373092], [-95.27493500033923, 29.66296699997336], [-95.27501099960888, 29.66558800022163]]]}, "properties": {"geoid": "48201333203", "name": "Census Tract 3332.03", "population": "2171.0", "median_hh_income": "45907.0", "poverty_rate": "0.1317941317941318", "nearest_dollar_store_mi": "1.11", "gap_score": "913.2"}}, {"type": "Feature", "geometry": {"type": "Polygon", "coordinates": [[[-95.32666399998666, 29.695466000224744], [-95.308973999916, 29.70633199995225], [-95.30435599999221, 29.702747000098796], [-95.30163399957844, 29.698629000061405], [-95.3003840001488, 29.69587200025752], [-95.31030299988667, 29.697136000175462], [-95.31341899958744, 29.6971130000282], [-95.31688099979291, 29.696053999658936], [-95.3257149999576, 29.69196200022757], [-95.32666399998666, 29.695466000224744]]]}, "properties": {"geoid": "48201311701", "name": "Census Tract 3117.01", "population": "3554.0", "median_hh_income": "65024.0", "poverty_rate": "0.20327961549335596", "nearest_dollar_store_mi": "1.65", "gap_score": "1411.5"}}, {"type": "Feature", "geometry": {"type": "Polygon", "coordinates": [[[-95.37865899977291, 29.71196099979697], [-95.37280800013791, 29.713942999677723], [-95.37170199974999, 29.713716999864864], [-95.37084300013261, 29.71306900010097], [-95.3703290002967, 29.71183999976042], [-95.37036699993152, 29.71016400013783], [-95.3694000003591, 29.709263999953347], [-95.3639570002548, 29.710127000253745], [-95.35992900033487, 29.71000699981877], [-95.3580660004368, 29.71052799987364], [-95.35654599977212, 29.709704999935983], [-95.35813500003378, 29.705645000339736], [-95.36126400015334, 29.706580000042297], [-95.36161300013279, 29.705722999891687], [-95.3608530002496, 29.705489000273868], [-95.3613670000855, 29.70397999983719], [-95.36129900031342, 29.702266999676517], [-95.3741880001622, 29.701703999704378], [-95.37520900016132, 29.701856999970303], [-95.37506900041922, 29.703141999961137], [-95.37541400020073, 29.705211999744787], [-95.37865899977291, 29.71196099979697]]]}, "properties": {"geoid": "48201313202", "name": "Census Tract 3132.02", "population": "2629.0", "median_hh_income": "85802.0", "poverty_rate": "0.03302825308396339", "nearest_dollar_store_mi": "2.39", "gap_score": "0.0"}}, {"type": "Feature", "geometry": {"type": "Polygon", "coordinates": [[[-95.38461599971313, 29.70569899985592], [-95.38209099984115, 29.7131040000205], [-95.3800599997136, 29.71268199973173], [-95.37939600008988, 29.712106999988645], [-95.37865899977291, 29.71196099979697], [-95.37581199968567, 29.70625799968717], [-95.37513700019129, 29.70384999985464], [-95.37520900016132, 29.701856999970303], [-95.38151199970793, 29.70380600013456], [-95.38461599971313, 29.70569899985592]]]}, "properties": {"geoid": "48201313101", "name": "Census Tract 3131.01", "population": "2555.0", "median_hh_income": "87639.0", "poverty_rate": "0.2606473594548552", "nearest_dollar_store_mi": "2.34", "gap_score": "0.0"}}, {"type": "Feature", "geometry": {"type": "Polygon", "coordinates": [[[-95.39063200010288, 29.72406499995125], [-95.3906189996841, 29.724529999884577], [-95.38891999981756, 29.726644000114177], [-95.37944799996842, 29.7209240000888], [-95.3809250000771, 29.7165180001765], [-95.38303300019754, 29.717612000001356], [-95.38477800009484, 29.720398000196816], [-95.39063200010288, 29.72406499995125]]]}, "properties": {"geoid": "48201312601", "name": "Census Tract 3126.01", "population": "3366.0", "median_hh_income": "88269.0", "poverty_rate": "0.2591044776119403", "nearest_dollar_store_mi": "1.4", "gap_score": "0.0"}}, {"type": "Feature", "geometry": {"type": "Polygon", "coordinates": [[[-95.38602199967669, 29.730280000228714], [-95.3844719997731, 29.73224699986779], [-95.37416800007074, 29.73306899982748], [-95.37251500023496, 29.733457999626914], [-95.3717589996514, 29.73298999965987], [-95.3729699996213, 29.729203999941326], [-95.3756230004381, 29.725810000214896], [-95.37685600014932, 29.723455999799558], [-95.37904600028553, 29.716157000102594], [-95.3791299999511, 29.71405799981526], [-95.37865899977291, 29.71196099979697], [-95.37939600008988, 29.712106999988645], [-95.3800599997136, 29.71268199973173], [-95.38209099984115, 29.7131040000205], [-95.37782199989682, 29.725509000384157], [-95.38602199967669, 29.730280000228714]]]}, "properties": {"geoid": "48201312603", "name": "Census Tract 3126.03", "population": "4160.0", "median_hh_income": "78186.0", "poverty_rate": "0.34326923076923077", "nearest_dollar_store_mi": "0.99", "gap_score": "133.5"}}, {"type": "Feature", "geometry": {"type": "Polygon", "coordinates": [[[-95.50830499974252, 29.643782000252695], [-95.50829300004693, 29.644232999917264], [-95.50791599958008, 29.644255999669447], [-95.49334399975831, 29.644465999913287], [-95.49316600038138, 29.636101000058947], [-95.50754200038456, 29.630619000340975], [-95.5081139999468, 29.632653999669742], [-95.50830499974252, 29.643782000252695]]]}, "properties": {"geoid": "48201422200", "name": "Census Tract 4222", "population": "5555.0", "median_hh_income": "33479.0", "poverty_rate": "0.41831728148282754", "nearest_dollar_store_mi": "0.45", "gap_score": "1194.5"}}, {"type": "Feature", "geometry": {"type": "Polygon", "coordinates": [[[-95.18820599959372, 30.067989999641426], [-95.18416500015333, 30.06905099975268], [-95.18171300007629, 30.070153999913423], [-95.17936399993143, 30.071925000013895], [-95.17617700008556, 30.07547999994896], [-95.16556600023655, 30.068532000028416], [-95.16472500016249, 30.067259000205883], [-95.16292400018871, 30.065743999740697], [-95.15888000037528, 30.064743000111296], [-95.1576509999637, 30.06416600026205], [-95.15887600017732, 30.063086000091626], [-95.16333000006958, 30.062037999983758], [-95.16688299961335, 30.06186000033649], [-95.16671000025929, 30.060396999745215], [-95.17079799955535, 30.060655999970344], [-95.17210499978471, 30.060150000208104], [-95.17451300037912, 30.062027000237638], [-95.17625300025354, 30.061236000373246], [-95.17939999991644, 30.06047599969062], [-95.18268999969447, 30.058799999948604], [-95.18677700006393, 30.058905999917293], [-95.1871629998533, 30.060726000293155], [-95.18745599975625, 30.065599999947512], [-95.18820599959372, 30.067989999641426]]]}, "properties": {"geoid": "48201251504", "name": "Census Tract 2515.04", "population": "5612.0", "median_hh_income": "149901.0", "poverty_rate": "0.07227575982209043", "nearest_dollar_store_mi": "3.74", "gap_score": "0.0"}}, {"type": "Feature", "geometry": {"type": "Polygon", "coordinates": [[[-95.53674600030259, 29.670388000013567], [-95.53485699956694, 29.67197700038891], [-95.53162700006338, 29.673164000380652], [-95.52979299957931, 29.673360000359086], [-95.52819599982003, 29.672719999701503], [-95.52810200010872, 29.664971999683768], [-95.53415299976025, 29.666010999961223], [-95.53659800016459, 29.666019999919722], [-95.53674600030259, 29.670388000013567]]]}, "properties": {"geoid": "48201423204", "name": "Census Tract 4232.04", "population": "4070.0", "median_hh_income": "28481.0", "poverty_rate": "0.47002457002457004", "nearest_dollar_store_mi": "0.27", "gap_score": "545.8"}}, {"type": "Feature", "geometry": {"type": "Polygon", "coordinates": [[[-95.41142000033096, 29.849120000145867], [-95.40938900020342, 29.847571999753193], [-95.4082829998155, 29.847180000132], [-95.40477999960213, 29.847012999708618], [-95.40301600033659, 29.84586099975219], [-95.4027850003579, 29.830487000314946], [-95.39876099973763, 29.830539999766838], [-95.39462200038797, 29.82220599992589], [-95.39617599959122, 29.82219099970047], [-95.39614200015434, 29.82053000015138], [-95.39959000011612, 29.820504999615128], [-95.39955900015399, 29.819187000024396], [-95.41043899961652, 29.81909000022188], [-95.41100699987908, 29.84642099968119], [-95.41142000033096, 29.849120000145867]]]}, "properties": {"geoid": "48201530600", "name": "Census Tract 5306", "population": "3626.0", "median_hh_income": "71029.0", "poverty_rate": "0.29084783829309374", "nearest_dollar_store_mi": "0.67", "gap_score": "376.8"}}, {"type": "Feature", "geometry": {"type": "Polygon", "coordinates": [[[-95.49369699993572, 29.67602199982028], [-95.49319200032065, 29.67817099994693], [-95.48792900014139, 29.675507999808985], [-95.485964999961, 29.67516300006784], [-95.48425699987364, 29.675308999885587], [-95.47687499970328, 29.677388999721643], [-95.47683399969539, 29.666531000320354], [-95.49222099965195, 29.66635300016079], [-95.49233500035307, 29.671644000035354], [-95.49343099979693, 29.674352000236066], [-95.49369699993572, 29.67602199982028]]]}, "properties": {"geoid": "48201421900", "name": "Census Tract 4219", "population": "3063.0", "median_hh_income": "182868.0", "poverty_rate": "0.06584224598930481", "nearest_dollar_store_mi": "1.66", "gap_score": "0.0"}}, {"type": "Feature", "geometry": {"type": "Polygon", "coordinates": [[[-95.39943199993236, 29.73447799991044], [-95.3993139999316, 29.738693000386238], [-95.38888499965745, 29.738793999961498], [-95.3888450003728, 29.734514000171437], [-95.39943199993236, 29.73447799991044]]]}, "properties": {"geoid": "48201410705", "name": "Census Tract 4107.05", "population": "1123.0", "median_hh_income": "", "poverty_rate": "0.045871559633027525", "nearest_dollar_store_mi": "1.07", "gap_score": "0.0"}}, {"type": "Feature", "geometry": {"type": "Polygon", "coordinates": [[[-95.52810200010872, 29.664971999683768], [-95.52431199984015, 29.66546100027372], [-95.5123169997689, 29.66560800003903], [-95.5121479997145, 29.66423099996776], [-95.511077000385, 29.66222600031991], [-95.51097500027774, 29.660567999925885], [-95.51426599988069, 29.660544000034985], [-95.51417899984203, 29.655827999775966], [-95.5280240002909, 29.655683999806413], [-95.52810200010872, 29.664971999683768]]]}, "properties": {"geoid": "48201423304", "name": "Census Tract 4233.04", "population": "3435.0", "median_hh_income": "50689.0", "poverty_rate": "0.19592430858806403", "nearest_dollar_store_mi": "0.98", "gap_score": "1342.0"}}, {"type": "Feature", "geometry": {"type": "Polygon", "coordinates": [[[-95.3559459997225, 29.63822000022733], [-95.34936500034152, 29.638165000195894], [-95.34883100041414, 29.63793000007829], [-95.34893199979817, 29.62754100001193], [-95.33932500022982, 29.627373000196236], [-95.33959700021637, 29.62515999999805], [-95.34090699992049, 29.621000999900044], [-95.34624399971959, 29.620117000090257], [-95.35415999981733, 29.61661900018473], [-95.355424000389, 29.616611000113682], [-95.3559459997225, 29.63822000022733]]]}, "properties": {"geoid": "48201331603", "name": "Census Tract 3316.03", "population": "4532.0", "median_hh_income": "52944.0", "poverty_rate": "0.2511032656663725", "nearest_dollar_store_mi": "1.67", "gap_score": "3150.4"}}, {"type": "Feature", "geometry": {"type": "Polygon", "coordinates": [[[-95.7188289999243, 29.772192999886872], [-95.71627200026529, 29.772266999861237], [-95.71569200030714, 29.771330999824535], [-95.71366700002737, 29.77006899961364], [-95.71308799989414, 29.76952500007549], [-95.71426299987904, 29.76838700011057], [-95.71214600043608, 29.766371000266332], [-95.7017919996067, 29.766416000312184], [-95.70186600012485, 29.775347000389328], [-95.68811100008769, 29.776619000140066], [-95.68827199974616, 29.782702000389758], [-95.68555100005561, 29.78271700030042], [-95.68554500020784, 29.78126799964513], [-95.68252700041637, 29.7812759998683], [-95.68348399994305, 29.777554000299023], [-95.68549599980403, 29.775596999817576], [-95.6853810001763, 29.75774899973656], [-95.68499700003674, 29.755257999629002], [-95.68533699979537, 29.754208000366965], [-95.68825400020282, 29.75389499986475], [-95.6921530002513, 29.750854999627574], [-95.69216599977176, 29.74923499962538], [-95.6957369997572, 29.74569499965456], [-95.6967569999314, 29.743925000375107], [-95.69809900032084, 29.74423800002853], [-95.69990000029463, 29.744011999808638], [-95.70059400005559, 29.745171999862357], [-95.7027480002068, 29.74713999981336], [-95.70314900006478, 29.751076999873124], [-95.7047550000449, 29.753440999923235], [-95.70624200019932, 29.75443299963079], [-95.70794100006584, 29.754972000211442], [-95.71286699996122, 29.755853999659323], [-95.71771500003878, 29.759502999782566], [-95.71617299963276, 29.761625999751825], [-95.7158169999806, 29.76397099972713], [-95.71639199991587, 29.76588500035478], [-95.71850900025714, 29.769214999613503], [-95.7188289999243, 29.772192999886872]]]}, "properties": {"geoid": "48201454504", "name": "Census Tract 4545.04", "population": "5223.0", "median_hh_income": "119083.0", "poverty_rate": "0.10472908290254643", "nearest_dollar_store_mi": "2.44", "gap_score": "0.0"}}, {"type": "Feature", "geometry": {"type": "Polygon", "coordinates": [[[-95.64460700033446, 29.762467999863308], [-95.64448199976266, 29.764385000258457], [-95.64331199980064, 29.769367999865818], [-95.64028800016139, 29.768936999912587], [-95.63490500033154, 29.77050499995437], [-95.63410000024251, 29.77107600011288], [-95.63335600025283, 29.77331399971906], [-95.63263400000449, 29.773837000024603], [-95.62522099987198, 29.773605999846268], [-95.62132600002145, 29.771376999620855], [-95.62473700017331, 29.76641999984737], [-95.62537999988065, 29.764000999698787], [-95.6276439996367, 29.764037000276787], [-95.6308969996048, 29.764658000023182], [-95.63241200024663, 29.764165999772363], [-95.63318800002335, 29.763323000173916], [-95.63726500034707, 29.763540999665864], [-95.63723199983679, 29.75958899997701], [-95.63779099987853, 29.759321000016403], [-95.64457800002214, 29.759271000322723], [-95.64460700033446, 29.762467999863308]]]}, "properties": {"geoid": "48201451604", "name": "Census Tract 4516.04", "population": "3561.0", "median_hh_income": "120147.0", "poverty_rate": "0.04436860068259386", "nearest_dollar_store_mi": "2.39", "gap_score": "0.0"}}, {"type": "Feature", "geometry": {"type": "Polygon", "coordinates": [[[-95.44227799990966, 29.656153000131756], [-95.44147600019367, 29.66019099997036], [-95.42764300033869, 29.677724000146654], [-95.40792899981315, 29.67824199968517], [-95.39530299973012, 29.680506000277866], [-95.38120399973636, 29.680715999790394], [-95.3817069997016, 29.677982000069587], [-95.38209699968894, 29.670925000339764], [-95.38646600009069, 29.661903999913385], [-95.38758099980114, 29.65714600030995], [-95.38728000040058, 29.63221200031927], [-95.38854999992171, 29.6327529999686], [-95.38968800009668, 29.632765999953268], [-95.39482700042737, 29.63102799979172], [-95.39866799985121, 29.63068299980332], [-95.40222200011821, 29.629225000255275], [-95.40633100022897, 29.62858600028552], [-95.40796800017122, 29.625940000240874], [-95.40816800018777, 29.624188000375035], [-95.40860699968059, 29.623264000359754], [-95.40978000001566, 29.622449999815206], [-95.41185700017395, 29.62175800012135], [-95.41251499994992, 29.620446000024348], [-95.41337299974239, 29.619821000283178], [-95.41661300019001, 29.618951999670717], [-95.4174359998224, 29.619034000026208], [-95.39671999956435, 29.67070800007642], [-95.43104100007176, 29.660414000071228], [-95.44227799990966, 29.656153000131756]]]}, "properties": {"geoid": "48201334101", "name": "Census Tract 3341.01", "population": "9558.0", "median_hh_income": "79638.0", "poverty_rate": "0.11372672107135384", "nearest_dollar_store_mi": "2.2", "gap_score": "113.3"}}, {"type": "Feature", "geometry": {"type": "Polygon", "coordinates": [[[-95.3043130003345, 29.952236000173066], [-95.29058599988642, 29.952193000101435], [-95.29598100031016, 29.93996200020708], [-95.30343200007749, 29.939825999895266], [-95.30395799960894, 29.950386999759317], [-95.3043130003345, 29.952236000173066]]]}, "properties": {"geoid": "48201241502", "name": "Census Tract 2415.02", "population": "2390.0", "median_hh_income": "30217.0", "poverty_rate": "0.3652719665271967", "nearest_dollar_store_mi": "0.44", "gap_score": "476.2"}}, {"type": "Feature", "geometry": {"type": "Polygon", "coordinates": [[[-95.50932300026687, 29.83271100023468], [-95.50663299964016, 29.832845999659956], [-95.50472000041171, 29.83366700027219], [-95.49368100004219, 29.825761999854688], [-95.4939990000595, 29.82542400007328], [-95.49484099995847, 29.82600200007073], [-95.49556200038191, 29.825590999962913], [-95.50287400023207, 29.82557000020212], [-95.50291799971468, 29.829362000245002], [-95.50927100038834, 29.8293359997404], [-95.50932300026687, 29.83271100023468]]]}, "properties": {"geoid": "48201521401", "name": "Census Tract 5214.01", "population": "3298.0", "median_hh_income": "46444.0", "poverty_rate": "0.3702243784111583", "nearest_dollar_store_mi": "1.37", "gap_score": "2071.1"}}, {"type": "Feature", "geometry": {"type": "Polygon", "coordinates": [[[-95.45944800029665, 29.81962299995093], [-95.4568759996707, 29.819391000298257], [-95.45359199974047, 29.818034000339647], [-95.45105299962479, 29.81737499967676], [-95.44533199968613, 29.81721899965977], [-95.4437809999576, 29.81449900037101], [-95.44251800010916, 29.810695999712433], [-95.45004699969431, 29.81055099971166], [-95.45009600009811, 29.814118000272448], [-95.45925199957975, 29.814085999746027], [-95.45944800029665, 29.81962299995093]]]}, "properties": {"geoid": "48201530101", "name": "Census Tract 5301.01", "population": "3296.0", "median_hh_income": "43353.0", "poverty_rate": "0.23149271844660194", "nearest_dollar_store_mi": "0.39", "gap_score": "532.7"}}, {"type": "Feature", "geometry": {"type": "Polygon", "coordinates": [[[-95.71893299968136, 29.78559399992733], [-95.71889400022162, 29.789919000137708], [-95.71693400023918, 29.790020000319053], [-95.71257300023335, 29.791388000014106], [-95.70951000023604, 29.79129300019553], [-95.70614699976474, 29.79031200006158], [-95.70576400034842, 29.792752999882904], [-95.70421899956936, 29.797752999916288], [-95.7039740002453, 29.80030900006275], [-95.68832699999776, 29.800327000062822], [-95.68835100028718, 29.785040000036677], [-95.71893199985647, 29.785177999961256], [-95.71893299968136, 29.78559399992733]]]}, "properties": {"geoid": "48201541802", "name": "Census Tract 5418.02", "population": "4140.0", "median_hh_income": "61139.0", "poverty_rate": "0.13840579710144926", "nearest_dollar_store_mi": "0.46", "gap_score": "547.8"}}, {"type": "Feature", "geometry": {"type": "Polygon", "coordinates": [[[-95.62396499969624, 29.7037070003037], [-95.61463699978714, 29.703506000181473], [-95.61462599991651, 29.692417999858506], [-95.61432799999066, 29.688507999647864], [-95.62234299982259, 29.688474999892406], [-95.62247300041727, 29.691982000261604], [-95.623862999589, 29.696087000046763], [-95.62396499969624, 29.7037070003037]]]}, "properties": {"geoid": "48201452701", "name": "Census Tract 4527.01", "population": "4022.0", "median_hh_income": "73542.0", "poverty_rate": "0.10069617105917454", "nearest_dollar_store_mi": "2.01", "gap_score": "767.4"}}, {"type": "Feature", "geometry": {"type": "Polygon", "coordinates": [[[-95.53788500030247, 29.81216700009049], [-95.5368869998696, 29.81334999961962], [-95.53689199989246, 29.822479000205014], [-95.5342409996238, 29.82185699997041], [-95.52628100004344, 29.821945000203588], [-95.52615700019489, 29.809801000356266], [-95.52891600041858, 29.809205000260082], [-95.5328539999268, 29.80935500007213], [-95.53465599972549, 29.81002400014213], [-95.53788500030247, 29.81216700009049]]]}, "properties": {"geoid": "48201522102", "name": "Census Tract 5221.02", "population": "4532.0", "median_hh_income": "92833.0", "poverty_rate": "0.15419398598236492", "nearest_dollar_store_mi": "0.61", "gap_score": "0.0"}}, {"type": "Feature", "geometry": {"type": "Polygon", "coordinates": [[[-95.5453210000012, 29.832239000325334], [-95.53156400031419, 29.832425999809892], [-95.53151800028343, 29.82759000018614], [-95.53687400034912, 29.827519000170756], [-95.53689199989246, 29.822479000205014], [-95.54525999990182, 29.822707999986882], [-95.5453210000012, 29.832239000325334]]]}, "properties": {"geoid": "48201522001", "name": "Census Tract 5220.01", "population": "2213.0", "median_hh_income": "91411.0", "poverty_rate": "0.05603253502033439", "nearest_dollar_store_mi": "1.08", "gap_score": "0.0"}}, {"type": "Feature", "geometry": {"type": "Polygon", "coordinates": [[[-95.35882299994697, 29.84653700014204], [-95.35239900002652, 29.848009000142493], [-95.34290299988793, 29.848150999826995], [-95.34279900013085, 29.837842000303787], [-95.34821000044812, 29.837731999966223], [-95.34812099986135, 29.83387300019088], [-95.3509610002759, 29.833678000369314], [-95.3509400003595, 29.83241299995704], [-95.35549299998597, 29.83231800014191], [-95.3590509995526, 29.846497999854364], [-95.35882299994697, 29.84653700014204]]]}, "properties": {"geoid": "48201220701", "name": "Census Tract 2207.01", "population": "3498.0", "median_hh_income": "59821.0", "poverty_rate": "0.2412507171543316", "nearest_dollar_store_mi": "0.53", "gap_score": "620.1"}}, {"type": "Feature", "geometry": {"type": "Polygon", "coordinates": [[[-95.27811200013933, 29.685750999956785], [-95.27748799980027, 29.686261000276296], [-95.27778800027424, 29.697566999721175], [-95.2760180002626, 29.69653899970379], [-95.27460100042838, 29.696908000010122], [-95.27208800025198, 29.69679699971159], [-95.27159699998231, 29.696252000262547], [-95.26926100025624, 29.695074999870414], [-95.267548000146, 29.69540999987614], [-95.26708199999068, 29.695234000138232], [-95.26641400016898, 29.695766999612548], [-95.26546799961466, 29.69596700000339], [-95.26004100030217, 29.690196000021714], [-95.26156000024363, 29.689910000081955], [-95.26236199995962, 29.688761000014157], [-95.26441400000357, 29.68881999999257], [-95.26685299966182, 29.684146999696367], [-95.26963600017494, 29.68130800026917], [-95.27075699973317, 29.680796000269765], [-95.272673000233, 29.680346000354852], [-95.27811200013933, 29.685750999956785]]]}, "properties": {"geoid": "48201320202", "name": "Census Tract 3202.02", "population": "3033.0", "median_hh_income": "39617.0", "poverty_rate": "0.16950852557673018", "nearest_dollar_store_mi": "0.99", "gap_score": "1175.3"}}, {"type": "Feature", "geometry": {"type": "Polygon", "coordinates": [[[-95.27789899970402, 29.702293999956233], [-95.27788100016066, 29.702680000242648], [-95.27276699994432, 29.706444000144277], [-95.26843799972552, 29.708867999719715], [-95.26717700042522, 29.709909000111377], [-95.25689799993891, 29.70781500008368], [-95.25962500037556, 29.70587199988771], [-95.26434200003354, 29.70390400033597], [-95.26515799999325, 29.70297399995472], [-95.26526199975032, 29.701971999904554], [-95.26471600012736, 29.700907000328534], [-95.26216000029328, 29.697976999770784], [-95.26203499972148, 29.69740800002433], [-95.2627610001678, 29.696886999794373], [-95.2626130000298, 29.696278999818052], [-95.26162200016792, 29.696083999657233], [-95.26086599958437, 29.69508900000717], [-95.25959000021545, 29.69434999987696], [-95.25829100038202, 29.694653000295308], [-95.25736599974407, 29.694095000277084], [-95.25577099963462, 29.694043999655108], [-95.25541300033262, 29.69295399992766], [-95.25672399986163, 29.691720000202416], [-95.25802199987018, 29.691433999917884], [-95.25901000025732, 29.690579999861278], [-95.26004100030217, 29.690196000021714], [-95.26546799961466, 29.69596700000339], [-95.26641400016898, 29.695766999612548], [-95.26708199999068, 29.695234000138232], [-95.267548000146, 29.69540999987614], [-95.26917300039268, 29.695070000211285], [-95.27159699998231, 29.696252000262547], [-95.27208800025198, 29.69679699971159], [-95.27460100042838, 29.696908000010122], [-95.2760180002626, 29.69653899970379], [-95.27778800027424, 29.697566999721175], [-95.27789899970402, 29.702293999956233]]]}, "properties": {"geoid": "48201320201", "name": "Census Tract 3202.01", "population": "2983.0", "median_hh_income": "36592.0", "poverty_rate": "0.4669795507877975", "nearest_dollar_store_mi": "1.75", "gap_score": "2558.9"}}, {"type": "Feature", "geometry": {"type": "Polygon", "coordinates": [[[-95.38119299986569, 29.68075700019035], [-95.38062100030348, 29.684894000049386], [-95.37926800004337, 29.68768399986316], [-95.37627600019117, 29.698060000106306], [-95.36778500015816, 29.695462000200838], [-95.36837599998694, 29.694009999746395], [-95.37074799969805, 29.694716999612595], [-95.3712869996483, 29.69328200017872], [-95.37372000035705, 29.693988999705184], [-95.37541000000277, 29.6896869998343], [-95.3734340001268, 29.689052999740827], [-95.37472499956434, 29.68590400032435], [-95.36581299958185, 29.68310699975471], [-95.36664899963301, 29.68097399983967], [-95.38119299986569, 29.68075700019035]]]}, "properties": {"geoid": "48201313802", "name": "Census Tract 3138.02", "population": "2707.0", "median_hh_income": "43348.0", "poverty_rate": "0.3267776096822995", "nearest_dollar_store_mi": "3.7", "gap_score": "3591.6"}}, {"type": "Feature", "geometry": {"type": "Polygon", "coordinates": [[[-95.40391699978679, 29.943577999783997], [-95.40115099989039, 29.94432100012247], [-95.4011369996467, 29.948341999989303], [-95.40055000001584, 29.94829800036488], [-95.39961600005539, 29.94765400002568], [-95.39716099960532, 29.945239999793138], [-95.3900839999318, 29.94524900034841], [-95.3890989999177, 29.945633999643047], [-95.38625699985334, 29.949156999843435], [-95.38406699971713, 29.949388000329204], [-95.3813970000802, 29.938695999890594], [-95.39386699962932, 29.93857800016677], [-95.39588900043437, 29.938824000132097], [-95.40294500019148, 29.940487999960474], [-95.40289400013785, 29.941919000052504], [-95.40391699978679, 29.943577999783997]]]}, "properties": {"geoid": "48201240101", "name": "Census Tract 2401.01", "population": "2243.0", "median_hh_income": "35540.0", "poverty_rate": "0.4096223021582734", "nearest_dollar_store_mi": "0.59", "gap_score": "618.0"}}, {"type": "Feature", "geometry": {"type": "Polygon", "coordinates": [[[-95.26658200039849, 29.61183400009683], [-95.26436799997282, 29.611773000157644], [-95.2605369996964, 29.61089099998443], [-95.2498210002654, 29.611001000119085], [-95.24994299956582, 29.60577999988692], [-95.24972900020389, 29.604849000112264], [-95.24843100019535, 29.602983999728416], [-95.2476029996418, 29.600818999985748], [-95.24966999975435, 29.600553999893112], [-95.26632600030544, 29.600270999933127], [-95.26658200039849, 29.61183400009683]]]}, "properties": {"geoid": "48201333906", "name": "Census Tract 3339.06", "population": "5712.0", "median_hh_income": "107406.0", "poverty_rate": "0.05672268907563025", "nearest_dollar_store_mi": "0.49", "gap_score": "0.0"}}, {"type": "Feature", "geometry": {"type": "Polygon", "coordinates": [[[-95.48653200039865, 29.78300900029655], [-95.48638099988759, 29.78426800029439], [-95.47549999970184, 29.78401300000058], [-95.47543600012774, 29.77892699976297], [-95.46810800038406, 29.77937400035926], [-95.4654350003741, 29.77909700035047], [-95.4637110003932, 29.778303999674314], [-95.46200099975769, 29.77667900029563], [-95.46151899970886, 29.774357000329626], [-95.46081900010012, 29.773491999764367], [-95.45977499963648, 29.773194999639394], [-95.45619500032855, 29.773229000010762], [-95.4557219996022, 29.759957000338005], [-95.45779399973765, 29.759389999786723], [-95.45818999957277, 29.760103999841707], [-95.45802399989141, 29.761577000165612], [-95.46055100031153, 29.762372999898286], [-95.46072200001575, 29.762755999953754], [-95.46034999957175, 29.762964000327376], [-95.45867199962161, 29.763032999928555], [-95.45801700021872, 29.763669000083773], [-95.45803700031021, 29.7641199997839], [-95.45875100016264, 29.76512499985843], [-95.45978100038258, 29.76513700017782], [-95.46161499996832, 29.765944999922702], [-95.46269899971662, 29.76779200022044], [-95.46497500006656, 29.766970000311932], [-95.46487100030949, 29.768257999811926], [-95.46518099993088, 29.768661000332703], [-95.46623999956482, 29.768633000310224], [-95.46707800016412, 29.76898500013488], [-95.46854100002909, 29.77063399969853], [-95.47012799974264, 29.770260000103764], [-95.4720819998773, 29.77038000020098], [-95.47324199979357, 29.772177999959126], [-95.47512599960803, 29.772407999903372], [-95.47561100002993, 29.771423999814676], [-95.47644899973092, 29.77114899971139], [-95.47743899976788, 29.772500999673237], [-95.4788759996936, 29.77333599993456], [-95.47945599965173, 29.774055999640993], [-95.47979700013359, 29.775584000374135], [-95.48085599976753, 29.77576499984989], [-95.48321400013323, 29.778442000307244], [-95.48405299965913, 29.77888100031572], [-95.48397099964336, 29.77937600025801], [-95.48462699976947, 29.779486000086113], [-95.4843880002932, 29.780486999829684], [-95.48397800021438, 29.78049199991077], [-95.48442599992802, 29.78166900020017], [-95.48593900002173, 29.78202499989929], [-95.48653200039865, 29.78300900029655]]]}, "properties": {"geoid": "48201430102", "name": "Census Tract 4301.02", "population": "3009.0", "median_hh_income": "135739.0", "poverty_rate": "0.12097855227882037", "nearest_dollar_store_mi": "2.38", "gap_score": "0.0"}}, {"type": "Feature", "geometry": {"type": "Polygon", "coordinates": [[[-95.42916200028017, 29.77765499970115], [-95.40960500011347, 29.77765600005758], [-95.40946299982325, 29.77046999978962], [-95.41535500036444, 29.770522000208246], [-95.422940999851, 29.77116399979319], [-95.42916200028017, 29.77765499970115]]]}, "properties": {"geoid": "48201510602", "name": "Census Tract 5106.02", "population": "4592.0", "median_hh_income": "164076.0", "poverty_rate": "0.026350174216027873", "nearest_dollar_store_mi": "3.28", "gap_score": "0.0"}}, {"type": "Feature", "geometry": {"type": "Polygon", "coordinates": [[[-95.422688000131, 29.76166499961224], [-95.42230399999146, 29.762874000233666], [-95.4223500000222, 29.765400999822972], [-95.4218920002628, 29.765829000309736], [-95.4209830004167, 29.76585700033617], [-95.42114900009804, 29.770962000270263], [-95.41341700012332, 29.77042900016036], [-95.40946299982325, 29.77046999978962], [-95.40938400018054, 29.76607400008066], [-95.4163090004164, 29.76592900014538], [-95.41620999978387, 29.761482000135658], [-95.42145899971945, 29.76132199979949], [-95.422688000131, 29.76166499961224]]]}, "properties": {"geoid": "48201510801", "name": "Census Tract 5108.01", "population": "4526.0", "median_hh_income": "128269.0", "poverty_rate": "0.013256738842244807", "nearest_dollar_store_mi": "2.97", "gap_score": "0.0"}}, {"type": "Feature", "geometry": {"type": "Polygon", "coordinates": [[[-95.43611500010512, 29.78392999982597], [-95.4096550003422, 29.783324000101082], [-95.40915900004963, 29.78130699965489], [-95.40963000022784, 29.779496999906353], [-95.40960500011347, 29.77765600005758], [-95.42493699981846, 29.777465999995798], [-95.43116599974522, 29.7805670003174], [-95.43674600011688, 29.783926000210368], [-95.43611500010512, 29.78392999982597]]]}, "properties": {"geoid": "48201510901", "name": "Census Tract 5109.01", "population": "6490.0", "median_hh_income": "216490.0", "poverty_rate": "0.008628659476117103", "nearest_dollar_store_mi": "2.81", "gap_score": "0.0"}}, {"type": "Feature", "geometry": {"type": "Polygon", "coordinates": [[[-95.51426599988069, 29.660544000034985], [-95.51097500027774, 29.660567999925885], [-95.511077000385, 29.66222600031991], [-95.5121479997145, 29.66423099996776], [-95.5123169997689, 29.66560800003903], [-95.50854199956896, 29.665634000107897], [-95.50842600011633, 29.656017999919282], [-95.51417899984203, 29.655827999775966], [-95.51426599988069, 29.660544000034985]]]}, "properties": {"geoid": "48201423303", "name": "Census Tract 4233.03", "population": "1375.0", "median_hh_income": "24213.0", "poverty_rate": "0.22181818181818183", "nearest_dollar_store_mi": "1.32", "gap_score": "738.9"}}, {"type": "Feature", "geometry": {"type": "Polygon", "coordinates": [[[-95.5011729998174, 29.666745999645833], [-95.49851499987605, 29.666755000319142], [-95.4981809999652, 29.666305999916972], [-95.49222099965195, 29.66635300016079], [-95.49205499997059, 29.657190000160295], [-95.49891800028219, 29.657115999620274], [-95.5008980003561, 29.656680999934704], [-95.5011729998174, 29.666745999645833]]]}, "properties": {"geoid": "48201422403", "name": "Census Tract 4224.03", "population": "2550.0", "median_hh_income": "81108.0", "poverty_rate": "0.0639466457434288", "nearest_dollar_store_mi": "1.61", "gap_score": "0.0"}}, {"type": "Feature", "geometry": {"type": "Polygon", "coordinates": [[[-95.4867189999964, 29.705531999741016], [-95.47627600037688, 29.70560299965561], [-95.47625499956217, 29.70339599968808], [-95.47415700038579, 29.704423000230506], [-95.47407799984474, 29.698384999754], [-95.4803550003504, 29.698323999974708], [-95.48040999970368, 29.701246000187805], [-95.48662600011, 29.698086999956175], [-95.4867189999964, 29.705531999741016]]]}, "properties": {"geoid": "48201421602", "name": "Census Tract 4216.02", "population": "2868.0", "median_hh_income": "42692.0", "poverty_rate": "0.3284518828451883", "nearest_dollar_store_mi": "0.32", "gap_score": "400.5"}}, {"type": "Feature", "geometry": {"type": "Polygon", "coordinates": [[[-95.42735299991045, 29.700546999874454], [-95.42521600037603, 29.70058999989685], [-95.4251650003224, 29.70100399989645], [-95.42290800023903, 29.701237000261596], [-95.42298199985889, 29.69952200020698], [-95.42356000016719, 29.69739400021073], [-95.42067500044512, 29.696745000077875], [-95.41816899994141, 29.697833000069643], [-95.4180199999785, 29.69738800029003], [-95.42007100019752, 29.695693000147365], [-95.42093999986068, 29.695699999782732], [-95.42396900042111, 29.69699299964971], [-95.42563999980024, 29.696743000091402], [-95.4269329997859, 29.69582000014508], [-95.42728199976534, 29.697124999902154], [-95.42735299991045, 29.700546999874454]]]}, "properties": {"geoid": "48201413204", "name": "Census Tract 4132.04", "population": "1061.0", "median_hh_income": "61635.0", "poverty_rate": "0.13854853911404336", "nearest_dollar_store_mi": "2.59", "gap_score": "766.4"}}, {"type": "Feature", "geometry": {"type": "Polygon", "coordinates": [[[-95.23513999976537, 29.585455000276056], [-95.23211100010326, 29.58648200006539], [-95.22901999961853, 29.5868690000587], [-95.22707300005489, 29.58769400014055], [-95.22195499964059, 29.59202599994723], [-95.2133740000942, 29.58496099982895], [-95.22589800007, 29.57356799973889], [-95.22763899976931, 29.574970000043677], [-95.23094399961596, 29.57653599998726], [-95.23299099963704, 29.57836600033235], [-95.23378999987828, 29.5797169996714], [-95.23513999976537, 29.585455000276056]]]}, "properties": {"geoid": "48201350300", "name": "Census Tract 3503", "population": "6328.0", "median_hh_income": "100948.0", "poverty_rate": "0.07206068268015171", "nearest_dollar_store_mi": "2.22", "gap_score": "0.0"}}, {"type": "Feature", "geometry": {"type": "Polygon", "coordinates": [[[-95.68832699999776, 29.800327000062822], [-95.68807299955454, 29.802326999643658], [-95.68719600039378, 29.80482499962314], [-95.68708800043875, 29.81106300006498], [-95.68679200016275, 29.81226699962636], [-95.66956300022453, 29.812160000010145], [-95.66933399989567, 29.81660699988056], [-95.66152400010314, 29.816705999686224], [-95.66154099982158, 29.81472999969921], [-95.645532999899, 29.814823999880417], [-95.64518999976733, 29.81063699971061], [-95.64487000010018, 29.790765000290804], [-95.68825599985264, 29.790936999933738], [-95.68832699999776, 29.800327000062822]]]}, "properties": {"geoid": "48201541703", "name": "Census Tract 5417.03", "population": "3705.0", "median_hh_income": "76677.0", "poverty_rate": "0.12361673414304994", "nearest_dollar_store_mi": "2.28", "gap_score": "421.0"}}, {"type": "Feature", "geometry": {"type": "Polygon", "coordinates": [[[-95.42526900007948, 29.599999999701858], [-95.42387300016163, 29.60271100024509], [-95.41959199962344, 29.61362800003408], [-95.38720400023259, 29.614031999946967], [-95.38684299965925, 29.59929400036075], [-95.38828999963071, 29.59951000010408], [-95.42493099997066, 29.5990900000048], [-95.42557899970086, 29.599232999864913], [-95.42526900007948, 29.599999999701858]]]}, "properties": {"geoid": "48201330902", "name": "Census Tract 3309.02", "population": "3665.0", "median_hh_income": "37140.0", "poverty_rate": "0.38526603001364257", "nearest_dollar_store_mi": "1.58", "gap_score": "2674.2"}}, {"type": "Feature", "geometry": {"type": "Polygon", "coordinates": [[[-95.2133740000942, 29.58496099982895], [-95.2044689997844, 29.592769000267165], [-95.20252700024363, 29.595212000329788], [-95.1978149997102, 29.598885000223106], [-95.19179400019588, 29.593016999889763], [-95.18440399962961, 29.586623999914366], [-95.18725400008991, 29.584053000287458], [-95.18532199969654, 29.582760000084846], [-95.18471699962406, 29.581553999922882], [-95.1834599996234, 29.580424000048232], [-95.18097099973643, 29.575255999958564], [-95.1816560001749, 29.574090000031916], [-95.1829459997875, 29.573841999992755], [-95.18322299979694, 29.57319400016543], [-95.18426700026058, 29.573479000377514], [-95.1848899998764, 29.573137999763272], [-95.18477600007361, 29.572781000278194], [-95.18533599994025, 29.572274999613786], [-95.18583300005771, 29.572225999891888], [-95.18597100014998, 29.571598999645587], [-95.18644300015308, 29.571708999655183], [-95.18638000040389, 29.56969099986202], [-95.18701600043852, 29.568008000087747], [-95.18693400042275, 29.567403000209538], [-95.18733000025787, 29.567035000338308], [-95.18703399998186, 29.565885999739624], [-95.18722899997553, 29.565417999784618], [-95.18680200017829, 29.564345999915986], [-95.18804599976013, 29.56383100025105], [-95.2133740000942, 29.58496099982895]]]}, "properties": {"geoid": "48201350500", "name": "Census Tract 3505", "population": "7031.0", "median_hh_income": "80079.0", "poverty_rate": "0.18261368526753693", "nearest_dollar_store_mi": "2.68", "gap_score": "0.0"}}, {"type": "Feature", "geometry": {"type": "Polygon", "coordinates": [[[-95.5086410002015, 29.676171999963017], [-95.5059249996355, 29.676321999882035], [-95.50285300031567, 29.677371000277557], [-95.49631499969409, 29.678455000159953], [-95.49399200038681, 29.678397000126722], [-95.49319200032065, 29.67817099994693], [-95.4935970003766, 29.677122000093235], [-95.493646999707, 29.67517799967401], [-95.49263499992873, 29.672702000202165], [-95.49712999982887, 29.672660999639476], [-95.49714200042276, 29.67347000017165], [-95.50249699976521, 29.673409000098832], [-95.50245900013039, 29.670936000358637], [-95.50857599990417, 29.67086600000518], [-95.5086410002015, 29.676171999963017]]]}, "properties": {"geoid": "48201422501", "name": "Census Tract 4225.01", "population": "3734.0", "median_hh_income": "50911.0", "poverty_rate": "0.26245313336904125", "nearest_dollar_store_mi": "1.02", "gap_score": "1599.9"}}, {"type": "Feature", "geometry": {"type": "Polygon", "coordinates": [[[-95.41060799967092, 29.730978000213486], [-95.39108800021246, 29.73201199964052], [-95.39103999963358, 29.72855700037748], [-95.39462700041085, 29.72852399973927], [-95.3951189996071, 29.728006999765505], [-95.39945100019895, 29.72787500032451], [-95.39943899960507, 29.72572600009901], [-95.4105280002033, 29.725582999721343], [-95.41060799967092, 29.730978000213486]]]}, "properties": {"geoid": "48201411901", "name": "Census Tract 4119.01", "population": "2200.0", "median_hh_income": "239519.0", "poverty_rate": "0.016040329972502293", "nearest_dollar_store_mi": "1.71", "gap_score": "0.0"}}, {"type": "Feature", "geometry": {"type": "Polygon", "coordinates": [[[-95.42205100027147, 29.640470999985528], [-95.4105990003484, 29.640608999672242], [-95.40897900012459, 29.640272999629527], [-95.41398299983776, 29.627690000297306], [-95.41690199989502, 29.62803599988987], [-95.42163000032197, 29.627994999869355], [-95.42205100027147, 29.640470999985528]]]}, "properties": {"geoid": "48201330102", "name": "Census Tract 3301.02", "population": "2022.0", "median_hh_income": "40818.0", "poverty_rate": "0.3758654797230465", "nearest_dollar_store_mi": "0.52", "gap_score": "482.0"}}, {"type": "Feature", "geometry": {"type": "Polygon", "coordinates": [[[-95.18677700006393, 30.058905999917293], [-95.18268999969447, 30.058799999948604], [-95.17939999991644, 30.06047599969062], [-95.17625300025354, 30.061236000373246], [-95.17451300037912, 30.062027000237638], [-95.17210499978471, 30.060150000208104], [-95.17079799955535, 30.060655999970344], [-95.16671000025929, 30.060396999745215], [-95.16688299961335, 30.06186000033649], [-95.16333000006958, 30.062037999983758], [-95.15887600017732, 30.063086000091626], [-95.1576509999637, 30.06416600026205], [-95.15561300016346, 30.06268900038361], [-95.15727400039518, 30.060638000345843], [-95.15844199980904, 30.05673699997898], [-95.16025000035384, 30.054698999865277], [-95.16304399983932, 30.0536759999496], [-95.16946500028502, 30.053267999887773], [-95.17598899976458, 30.050801000177373], [-95.18123600005032, 30.05091399979123], [-95.18421200000898, 30.050024000221907], [-95.1863460000687, 30.05623200029677], [-95.18677700006393, 30.058905999917293]]]}, "properties": {"geoid": "48201251505", "name": "Census Tract 2515.05", "population": "3839.0", "median_hh_income": "171600.0", "poverty_rate": "0.045584787705131545", "nearest_dollar_store_mi": "3.81", "gap_score": "0.0"}}, {"type": "Feature", "geometry": {"type": "Polygon", "coordinates": [[[-95.41959199962344, 29.61362800003408], [-95.4174359998224, 29.619034000026208], [-95.41661300019001, 29.618951999670717], [-95.4130349996336, 29.619968999904945], [-95.41185700017395, 29.62175800012135], [-95.40915499985168, 29.622787999861146], [-95.40835800015856, 29.623669000240685], [-95.40796800017122, 29.625940000240874], [-95.40633100022897, 29.62858600028552], [-95.40222200011821, 29.629225000255275], [-95.39866799985121, 29.63068299980332], [-95.39482700042737, 29.63102799979172], [-95.38968800009668, 29.632765999953268], [-95.38854999992171, 29.6327529999686], [-95.38728000040058, 29.63221200031927], [-95.38720400023259, 29.614031999946967], [-95.41959199962344, 29.61362800003408]]]}, "properties": {"geoid": "48201330901", "name": "Census Tract 3309.01", "population": "10349.0", "median_hh_income": "83794.0", "poverty_rate": "0.08165040100492801", "nearest_dollar_store_mi": "1.02", "gap_score": "0.0"}}, {"type": "Feature", "geometry": {"type": "Polygon", "coordinates": [[[-95.64578300014425, 29.848621999699613], [-95.64502300026106, 29.856834999682178], [-95.63985700016619, 29.85656199979738], [-95.64009200034282, 29.856312000178196], [-95.64005399980968, 29.852458999985092], [-95.64045600039088, 29.85225900022208], [-95.64045800004071, 29.848484999704425], [-95.64119399963447, 29.844446000214433], [-95.64008099957385, 29.84282800026634], [-95.64094500011242, 29.841775999964415], [-95.6412389998403, 29.840659000153963], [-95.64048499980491, 29.836005999989474], [-95.64562599978541, 29.835991000277016], [-95.64578300014425, 29.848621999699613]]]}, "properties": {"geoid": "48201540504", "name": "Census Tract 5405.04", "population": "3408.0", "median_hh_income": "55045.0", "poverty_rate": "0.3130868544600939", "nearest_dollar_store_mi": "0.29", "gap_score": "430.6"}}, {"type": "Feature", "geometry": {"type": "Polygon", "coordinates": [[[-95.48445500024035, 29.691030000000698], [-95.47608100038322, 29.691114999930832], [-95.47628800007244, 29.689343000046037], [-95.47700100009997, 29.687317999890656], [-95.47702000036654, 29.68328100018682], [-95.4792909997953, 29.68327699967794], [-95.47940899979606, 29.678997000010956], [-95.48419599977427, 29.67912799992958], [-95.48445500024035, 29.691030000000698]]]}, "properties": {"geoid": "48201421802", "name": "Census Tract 4218.02", "population": "2399.0", "median_hh_income": "89079.0", "poverty_rate": "0.1509433962264151", "nearest_dollar_store_mi": "0.92", "gap_score": "0.0"}}, {"type": "Feature", "geometry": {"type": "Polygon", "coordinates": [[[-95.33897700007527, 29.745793000293386], [-95.33010899957539, 29.75712700028123], [-95.33079400001385, 29.757506999998544], [-95.32886699964335, 29.759837999987685], [-95.32548800017689, 29.759827000347936], [-95.32297599982539, 29.75733099996383], [-95.32004599989749, 29.75611800036682], [-95.32689599979028, 29.74750799986709], [-95.32858899980901, 29.743497999855332], [-95.32964699961803, 29.742124000067804], [-95.33946199959885, 29.745163999875647], [-95.33897700007527, 29.745793000293386]]]}, "properties": {"geoid": "48201310400", "name": "Census Tract 3104", "population": "3018.0", "median_hh_income": "57163.0", "poverty_rate": "0.10636182902584493", "nearest_dollar_store_mi": "1.0", "gap_score": "1012.7"}}, {"type": "Feature", "geometry": {"type": "Polygon", "coordinates": [[[-95.28859400011693, 29.69746600001162], [-95.28380600031382, 29.69890600001824], [-95.27788100016066, 29.702680000242648], [-95.27764799963384, 29.686060000367522], [-95.27811200013933, 29.685750999956785], [-95.28361499961979, 29.691358999945933], [-95.28641099965341, 29.694660000003143], [-95.28701200042626, 29.696039000046586], [-95.28859400011693, 29.69746600001162]]]}, "properties": {"geoid": "48201320100", "name": "Census Tract 3201", "population": "2253.0", "median_hh_income": "54083.0", "poverty_rate": "0.16341030195381884", "nearest_dollar_store_mi": "1.46", "gap_score": "1275.0"}}, {"type": "Feature", "geometry": {"type": "Polygon", "coordinates": [[[-95.3516719997553, 29.78473999978168], [-95.35075100021362, 29.784736000198382], [-95.35109599999511, 29.78982900009869], [-95.35012699987453, 29.789836999637693], [-95.35050500016631, 29.803308999789913], [-95.3478570002707, 29.80310099981591], [-95.35029299955589, 29.812409000229597], [-95.33891299960285, 29.80882500030102], [-95.33625399983659, 29.808261999957484], [-95.33932100003186, 29.804293999920496], [-95.34006199964847, 29.8021360003084], [-95.33988500009647, 29.79153900025407], [-95.34022099965713, 29.77859400015149], [-95.35135200008814, 29.778364999949304], [-95.3516719997553, 29.78473999978168]]]}, "properties": {"geoid": "48201210800", "name": "Census Tract 2108", "population": "2250.0", "median_hh_income": "40561.0", "poverty_rate": "0.30666666666666664", "nearest_dollar_store_mi": "0.42", "gap_score": "416.1"}}, {"type": "Feature", "geometry": {"type": "Polygon", "coordinates": [[[-95.34008699976285, 29.801665999689376], [-95.33932100003186, 29.804293999920496], [-95.33625399983659, 29.808261999957484], [-95.33207699995376, 29.808035999981676], [-95.32422699997826, 29.809072000165855], [-95.32409300008396, 29.80016499994585], [-95.33486399976654, 29.800172000086203], [-95.34008699976285, 29.801665999689376]]]}, "properties": {"geoid": "48201210900", "name": "Census Tract 2109", "population": "1812.0", "median_hh_income": "45599.0", "poverty_rate": "0.3346281908990011", "nearest_dollar_store_mi": "0.79", "gap_score": "633.3"}}, {"type": "Feature", "geometry": {"type": "Polygon", "coordinates": [[[-95.30056200042402, 29.86686999976604], [-95.29296400034362, 29.86700700023546], [-95.29277900039568, 29.852960000359378], [-95.2922379998973, 29.853195999938226], [-95.29212900011734, 29.852799999825734], [-95.29151700037215, 29.852486000311945], [-95.29256400031052, 29.851673000167906], [-95.29401499958163, 29.851677999806643], [-95.29749699987859, 29.85398200023014], [-95.30049200010383, 29.853084000168053], [-95.30056200042402, 29.86686999976604]]]}, "properties": {"geoid": "48201231500", "name": "Census Tract 2315", "population": "3193.0", "median_hh_income": "50104.0", "poverty_rate": "0.16285624804259316", "nearest_dollar_store_mi": "0.8", "gap_score": "992.2"}}, {"type": "Feature", "geometry": {"type": "Polygon", "coordinates": [[[-95.31806499999864, 29.86290099971816], [-95.31651000007216, 29.866665999855638], [-95.30056200042402, 29.86686999976604], [-95.30049200010383, 29.853084000168053], [-95.30385399985188, 29.853162999858974], [-95.30415099995281, 29.853663000220482], [-95.30404999967047, 29.854988000207896], [-95.3052420002721, 29.856296999620216], [-95.30637100022622, 29.856791999704207], [-95.30693299974271, 29.85828700020364], [-95.30749400033258, 29.858468999921033], [-95.30883099980088, 29.858039999666865], [-95.30975800008865, 29.85828700020364], [-95.3118529997903, 29.85805100019582], [-95.31570099978516, 29.861458999960757], [-95.31608599974962, 29.86232299978806], [-95.31806499999864, 29.86290099971816]]]}, "properties": {"geoid": "48201231600", "name": "Census Tract 2316", "population": "2767.0", "median_hh_income": "36912.0", "poverty_rate": "0.34947596675099385", "nearest_dollar_store_mi": "0.73", "gap_score": "903.2"}}, {"type": "Feature", "geometry": {"type": "Polygon", "coordinates": [[[-95.16901599984813, 29.569615999825743], [-95.16498200008044, 29.574034000126716], [-95.1621359998181, 29.575823999610858], [-95.15924299970011, 29.579058000156362], [-95.1577990001017, 29.58020000023277], [-95.14066700024787, 29.561884999974367], [-95.1541929999562, 29.553404999955976], [-95.16228200030629, 29.561842000085367], [-95.16901599984813, 29.569615999825743]]]}, "properties": {"geoid": "48201340900", "name": "Census Tract 3409", "population": "4640.0", "median_hh_income": "48052.0", "poverty_rate": "0.2478448275862069", "nearest_dollar_store_mi": "1.9", "gap_score": "3675.1"}}, {"type": "Feature", "geometry": {"type": "Polygon", "coordinates": [[[-95.31894200005769, 29.840531999757786], [-95.30209899990886, 29.84074299973212], [-95.30204899968014, 29.839014000346257], [-95.3166470003395, 29.82484900028348], [-95.31856999961371, 29.823317000124423], [-95.31894200005769, 29.840531999757786]]]}, "properties": {"geoid": "48201230300", "name": "Census Tract 2303", "population": "2155.0", "median_hh_income": "50521.0", "poverty_rate": "0.23707498835584537", "nearest_dollar_store_mi": "0.44", "gap_score": "390.5"}}, {"type": "Feature", "geometry": {"type": "Polygon", "coordinates": [[[-95.55022099995729, 29.65355800006591], [-95.54553000023854, 29.655775000017133], [-95.54379899968666, 29.65622599981268], [-95.53626599990356, 29.65629800021608], [-95.5361560002987, 29.642897999697436], [-95.53699800019767, 29.642278000216635], [-95.55022099995729, 29.65355800006591]]]}, "properties": {"geoid": "48201423500", "name": "Census Tract 4235", "population": "2254.0", "median_hh_income": "105291.0", "poverty_rate": "0.07364685004436557", "nearest_dollar_store_mi": "1.64", "gap_score": "0.0"}}, {"type": "Feature", "geometry": {"type": "Polygon", "coordinates": [[[-95.43994800003136, 29.679025999858723], [-95.43994800003136, 29.679512999685436], [-95.43671599997967, 29.679559000226643], [-95.42764300033869, 29.677724000146654], [-95.43970000033426, 29.66247100014249], [-95.43994800003136, 29.679025999858723]]]}, "properties": {"geoid": "48201420100", "name": "Census Tract 4201", "population": "2769.0", "median_hh_income": "50725.0", "poverty_rate": "0.14662332972192127", "nearest_dollar_store_mi": "1.3", "gap_score": "1371.4"}}, {"type": "Feature", "geometry": {"type": "Polygon", "coordinates": [[[-95.27014599981288, 29.836170000023355], [-95.26958500012134, 29.83656599985059], [-95.26272400035789, 29.836588999951704], [-95.26223700028616, 29.837040999644596], [-95.26231699975379, 29.84809999967275], [-95.25981199997332, 29.84727200007794], [-95.25898599996788, 29.847327000072863], [-95.25663400034827, 29.84639699983767], [-95.25574399987042, 29.846677000250082], [-95.25588899963537, 29.847265000118888], [-95.25494899982712, 29.848319999983943], [-95.25285499995039, 29.847752999871908], [-95.25277999960731, 29.84716999962461], [-95.2518270002786, 29.846691999916136], [-95.25031300036, 29.84730699986572], [-95.24987999981661, 29.845373000102896], [-95.2491659999642, 29.84436199985485], [-95.2474059999983, 29.8441370001575], [-95.24484599996624, 29.845183000098967], [-95.24402599980858, 29.844661000015314], [-95.24285300037184, 29.844816000363814], [-95.2421339995982, 29.843898000342783], [-95.24044899997537, 29.843437000108295], [-95.24068800034999, 29.841622000068906], [-95.24038500040128, 29.840990000206656], [-95.23830900006787, 29.840539999916388], [-95.23772200043705, 29.839534000080434], [-95.23682699993633, 29.839121999788482], [-95.23642199988038, 29.8381930000396], [-95.23487100015186, 29.838330999877655], [-95.2341770003909, 29.83808900015987], [-95.23043200032821, 29.834624000299826], [-95.23013900042524, 29.8340010002744], [-95.23025700042602, 29.83263400034221], [-95.23180999980437, 29.829963000133386], [-95.23056000037472, 29.828320000020483], [-95.2303829999244, 29.82585599979365], [-95.229925000165, 29.82455999970644], [-95.26200299993442, 29.810752000382173], [-95.26970399994701, 29.80704599975318], [-95.27014599981288, 29.836170000023355]]]}, "properties": {"geoid": "48201231100", "name": "Census Tract 2311", "population": "5489.0", "median_hh_income": "41360.0", "poverty_rate": "0.3771178721078521", "nearest_dollar_store_mi": "1.6", "gap_score": "4043.2"}}, {"type": "Feature", "geometry": {"type": "Polygon", "coordinates": [[[-95.28903799963263, 29.851746000166735], [-95.26271799961177, 29.877217999800937], [-95.26231699975379, 29.84809999967275], [-95.26288300036654, 29.848047999840034], [-95.2647260001731, 29.846812000279726], [-95.26656099958377, 29.84678499997674], [-95.26811300003551, 29.845998999903852], [-95.26933700042422, 29.844596999811326], [-95.26981000025222, 29.844488000367797], [-95.27044700011177, 29.84515300031137], [-95.27245200030005, 29.844928000058697], [-95.27430599997727, 29.845560999611532], [-95.27547299956625, 29.847809999690703], [-95.27793800006208, 29.848552999901827], [-95.282410000396, 29.84863600020604], [-95.28531699985938, 29.850395999932267], [-95.28862199970602, 29.851359000225912], [-95.28903799963263, 29.851746000166735]]]}, "properties": {"geoid": "48201231300", "name": "Census Tract 2313", "population": "5360.0", "median_hh_income": "45417.0", "poverty_rate": "0.23787313432835822", "nearest_dollar_store_mi": "0.76", "gap_score": "1688.7"}}, {"type": "Feature", "geometry": {"type": "Polygon", "coordinates": [[[-95.42972799999458, 29.836808999905962], [-95.42892700010351, 29.83913600006839], [-95.42884300043794, 29.84104300032036], [-95.41090499977183, 29.84114899968421], [-95.41068899986176, 29.831397000352485], [-95.41621200033204, 29.831329000163507], [-95.41638700023421, 29.8307779997674], [-95.42843199963589, 29.830759999793727], [-95.428538999766, 29.832335000025264], [-95.4296719999181, 29.832277999946708], [-95.42972799999458, 29.836808999905962]]]}, "properties": {"geoid": "48201530900", "name": "Census Tract 5309", "population": "4670.0", "median_hh_income": "86563.0", "poverty_rate": "0.13936377407487557", "nearest_dollar_store_mi": "0.96", "gap_score": "0.0"}}, {"type": "Feature", "geometry": {"type": "Polygon", "coordinates": [[[-95.44479299973587, 29.83275200006209], [-95.44242799969747, 29.832409999751015], [-95.43577299979836, 29.828378999717597], [-95.42962099986448, 29.828284999813864], [-95.42950100021389, 29.81944100036297], [-95.44447999974143, 29.819712999684704], [-95.44479299973587, 29.83275200006209]]]}, "properties": {"geoid": "48201531100", "name": "Census Tract 5311", "population": "3552.0", "median_hh_income": "181698.0", "poverty_rate": "0.08079954954954954", "nearest_dollar_store_mi": "0.34", "gap_score": "0.0"}}, {"type": "Feature", "geometry": {"type": "Polygon", "coordinates": [[[-95.29486700042465, 29.72803200000052], [-95.29461899982921, 29.728680999959973], [-95.29298299971185, 29.73045099992869], [-95.28801800035676, 29.742742000101597], [-95.28819800028181, 29.747575000216834], [-95.2885990001398, 29.749756000350633], [-95.28665099985292, 29.74828800033886], [-95.2849510001615, 29.745441000115576], [-95.28476799986339, 29.744621999876024], [-95.28140699994024, 29.741057999888493], [-95.27904799974962, 29.737662000332417], [-95.27691200004008, 29.732936000003196], [-95.27614499958591, 29.72914600034475], [-95.2751799996633, 29.72739399982265], [-95.27651299983192, 29.72664700037068], [-95.27843500017953, 29.72750399976615], [-95.28166700023124, 29.727379000211023], [-95.28221700005214, 29.725971000370578], [-95.28206700026432, 29.724697000383312], [-95.28338399964113, 29.722618000206612], [-95.28413699985163, 29.722369999945958], [-95.2864309997449, 29.722658999888655], [-95.28780599974634, 29.723455999799558], [-95.28930799996937, 29.72326700007702], [-95.29012599957889, 29.72348999988109], [-95.29127200014977, 29.725839999904935], [-95.29326100044453, 29.726484999652353], [-95.29486700042465, 29.72803200000052]]]}, "properties": {"geoid": "48201311100", "name": "Census Tract 3111", "population": "5091.0", "median_hh_income": "42721.0", "poverty_rate": "0.19642506383814576", "nearest_dollar_store_mi": "1.22", "gap_score": "2486.5"}}, {"type": "Feature", "geometry": {"type": "Polygon", "coordinates": [[[-95.30509999998188, 29.708425000208468], [-95.2860430003057, 29.719069000196242], [-95.28595999956671, 29.714562000316054], [-95.28717100043494, 29.71447999978151], [-95.29019000005131, 29.71219699961628], [-95.29005299978394, 29.70640300008147], [-95.28972499972087, 29.70487100018224], [-95.2905130000915, 29.704042999924216], [-95.29395299965735, 29.703659000043228], [-95.29545300023055, 29.702126000092], [-95.30509999998188, 29.708425000208468]]]}, "properties": {"geoid": "48201311300", "name": "Census Tract 3113", "population": "4120.0", "median_hh_income": "67316.0", "poverty_rate": "0.08592233009708738", "nearest_dollar_store_mi": "0.59", "gap_score": "448.1"}}, {"type": "Feature", "geometry": {"type": "Polygon", "coordinates": [[[-95.28690899959578, 29.721102999696313], [-95.2861760003751, 29.722632999749717], [-95.28413699985163, 29.722369999945958], [-95.28338399964113, 29.722618000206612], [-95.28206700026432, 29.724697000383312], [-95.28211099974693, 29.726466999643048], [-95.28176400031563, 29.72731100033149], [-95.28134900021392, 29.727447000044517], [-95.27843500017953, 29.72750399976615], [-95.27651299983192, 29.72664700037068], [-95.2751799996633, 29.72739399982265], [-95.27163700016528, 29.725047999932364], [-95.26989200026799, 29.724645999699955], [-95.26652499959876, 29.724938999739305], [-95.26620400010671, 29.72233999999865], [-95.26625599998523, 29.713064999997943], [-95.26664699979749, 29.710679999715737], [-95.26717700042522, 29.709909000111377], [-95.27161899972361, 29.71103800003611], [-95.2782009998278, 29.713815999969757], [-95.28027999963592, 29.715647000197496], [-95.28435799978456, 29.71675199983777], [-95.28595100024418, 29.716770000029182], [-95.28607500009275, 29.719107000066156], [-95.28511099999504, 29.71965000000221], [-95.28527199965355, 29.71998899977879], [-95.28641700039951, 29.72036100018372], [-95.28690899959578, 29.721102999696313]]]}, "properties": {"geoid": "48201311400", "name": "Census Tract 3114", "population": "1668.0", "median_hh_income": "45735.0", "poverty_rate": "0.22422062350119903", "nearest_dollar_store_mi": "1.27", "gap_score": "862.9"}}, {"type": "Feature", "geometry": {"type": "Polygon", "coordinates": [[[-95.37193799975155, 29.800039999806184], [-95.35038700016554, 29.800060000119675], [-95.35012699987453, 29.789836999637693], [-95.36181300014934, 29.78974799976049], [-95.36243400011536, 29.790275000122588], [-95.36501199969078, 29.791165000001914], [-95.36674700044063, 29.79249999979309], [-95.36767899985296, 29.792434000071154], [-95.3681609999018, 29.792717000272724], [-95.36873699966198, 29.792239999927936], [-95.37184499986513, 29.79220699998667], [-95.37193799975155, 29.800039999806184]]]}, "properties": {"geoid": "48201210500", "name": "Census Tract 2105", "population": "4767.0", "median_hh_income": "55337.0", "poverty_rate": "0.22466960352422907", "nearest_dollar_store_mi": "0.63", "gap_score": "1204.9"}}, {"type": "Feature", "geometry": {"type": "Polygon", "coordinates": [[[-95.40257799977036, 29.859395000174967], [-95.40122600023346, 29.859639000307517], [-95.38651899979416, 29.85968300015299], [-95.38470699994973, 29.859437999810595], [-95.38447799962087, 29.845521000044094], [-95.39295500030848, 29.845523999856415], [-95.40130599970108, 29.8572049998868], [-95.40257799977036, 29.859395000174967]]]}, "properties": {"geoid": "48201221400", "name": "Census Tract 2214", "population": "5666.0", "median_hh_income": "32690.0", "poverty_rate": "0.40381221320155314", "nearest_dollar_store_mi": "0.38", "gap_score": "997.2"}}, {"type": "Feature", "geometry": {"type": "Polygon", "coordinates": [[[-95.47659600004403, 29.82678700021], [-95.47576699966552, 29.827576999704196], [-95.47452499973349, 29.82762200028639], [-95.47316999982354, 29.828276000382218], [-95.47044599975996, 29.82830499993343], [-95.46851000006696, 29.827343000090636], [-95.46522399958857, 29.8280599997515], [-95.46387500042472, 29.827052999849233], [-95.46303000015273, 29.82713000014585], [-95.46185099996988, 29.826590999940723], [-95.4608040000315, 29.826508999888976], [-95.45962200037391, 29.826913000291423], [-95.4569100000059, 29.822576999743685], [-95.45512400010072, 29.821243999827725], [-95.45093999964689, 29.81984599965382], [-95.45068199990402, 29.8188740000021], [-95.45008600005237, 29.81844399961853], [-95.44637600014978, 29.818298999942183], [-95.44559899964983, 29.817927999834346], [-95.44533199968613, 29.81721899965977], [-95.45105299962479, 29.81737499967676], [-95.4581340003946, 29.819615999613205], [-95.4688790001379, 29.819437999767494], [-95.47659600004403, 29.82678700021]]]}, "properties": {"geoid": "48201531300", "name": "Census Tract 5313", "population": "5109.0", "median_hh_income": "70092.0", "poverty_rate": "0.1941747572815534", "nearest_dollar_store_mi": "0.28", "gap_score": "226.5"}}, {"type": "Feature", "geometry": {"type": "Polygon", "coordinates": [[[-95.48338200036271, 29.83311399991808], [-95.4717799997535, 29.832983999871015], [-95.46960899988386, 29.83244999989338], [-95.46278999995322, 29.83253000013018], [-95.45962200037391, 29.826913000291423], [-95.4608040000315, 29.826508999888976], [-95.46185099996988, 29.826590999940723], [-95.46303000015273, 29.82713000014585], [-95.46387500042472, 29.827052999849233], [-95.46520600004523, 29.828058999898996], [-95.4684149996324, 29.82733200007535], [-95.47026300036018, 29.82828800014376], [-95.47316999982354, 29.828276000382218], [-95.47452499973349, 29.82762200028639], [-95.47576699966552, 29.827576999704196], [-95.47668100043285, 29.826711000294313], [-95.48338200036271, 29.83311399991808]]]}, "properties": {"geoid": "48201531400", "name": "Census Tract 5314", "population": "2139.0", "median_hh_income": "97464.0", "poverty_rate": "0.04855769230769231", "nearest_dollar_store_mi": "0.7", "gap_score": "0.0"}}, {"type": "Feature", "geometry": {"type": "Polygon", "coordinates": [[[-95.45999599956941, 29.93752100025138], [-95.44035399991223, 29.93795300035123], [-95.43350099964638, 29.937541999802267], [-95.42098800043956, 29.940434999763543], [-95.41400600030228, 29.94053399971194], [-95.41217099999332, 29.934660999991465], [-95.41202600022837, 29.933046999988278], [-95.41269499987497, 29.915071000025748], [-95.43271700037207, 29.91473500011565], [-95.43287600038072, 29.92369299990722], [-95.44683800010712, 29.92063799971623], [-95.45999599956941, 29.93752100025138]]]}, "properties": {"geoid": "48201533701", "name": "Census Tract 5337.01", "population": "7269.0", "median_hh_income": "51207.0", "poverty_rate": "0.24294951162470765", "nearest_dollar_store_mi": "1.26", "gap_score": "3795.6"}}, {"type": "Feature", "geometry": {"type": "Polygon", "coordinates": [[[-95.31651000007216, 29.866665999855638], [-95.30658999961105, 29.891185000352838], [-95.30093099959666, 29.891187000350953], [-95.30056200042402, 29.86686999976604], [-95.31651000007216, 29.866665999855638]]]}, "properties": {"geoid": "48201231800", "name": "Census Tract 2318", "population": "3251.0", "median_hh_income": "57136.0", "poverty_rate": "0.24423254383266688", "nearest_dollar_store_mi": "0.52", "gap_score": "639.5"}}, {"type": "Feature", "geometry": {"type": "Polygon", "coordinates": [[[-95.37485599998391, 30.01103799995486], [-95.373857999551, 30.01142399981733], [-95.37284099974987, 30.01088600027799], [-95.37221499976098, 30.011237999789014], [-95.36824200009265, 30.01140399988959], [-95.36740199984354, 30.012361000197437], [-95.3660760002459, 30.012570999934304], [-95.36538800033273, 30.013846999615318], [-95.36377700032973, 30.014265000273156], [-95.3622960000231, 30.017241999791942], [-95.33012199999419, 30.01153800033984], [-95.31248399980207, 30.004815999828722], [-95.30890699996885, 30.00436599967649], [-95.30856800003514, 29.985539000082476], [-95.3053400001814, 29.985306999755974], [-95.29695100025563, 29.983591000135434], [-95.29707900030215, 29.98295099990716], [-95.29592600005859, 29.982777000041377], [-95.29625699959637, 29.974554999744935], [-95.29728799964123, 29.973353000273903], [-95.29830100014271, 29.972920999891915], [-95.30717700014019, 29.972822000285532], [-95.30832299981276, 29.972062000320527], [-95.30839499978278, 29.9759309999493], [-95.32852600005982, 29.976261999780192], [-95.32954799988384, 29.97583300015682], [-95.33725200026947, 29.975807999646367], [-95.33499600001102, 29.973969999792008], [-95.33328299990079, 29.971160999872907], [-95.33084500006747, 29.968752999988446], [-95.32956899980024, 29.966532000236807], [-95.3295439996859, 29.966142000027535], [-95.32982800026632, 29.966130999757972], [-95.32486700021086, 29.957990000264722], [-95.3247929996927, 29.95199200024393], [-95.33139499988836, 29.951681000027758], [-95.33987000002786, 29.95176000018987], [-95.34027099988586, 29.953715999684558], [-95.34392499971194, 29.95972799967622], [-95.34617000009973, 29.960170999974945], [-95.34710099968716, 29.96078400009233], [-95.3500609997523, 29.965796000304582], [-95.3567209996743, 29.965573000051698], [-95.35840100017258, 29.96649100016508], [-95.35836500018758, 29.9709439998441], [-95.36425400035571, 29.970903000036426], [-95.36475499977281, 29.981067000299888], [-95.37291799974277, 30.00630000023301], [-95.37485599998391, 30.01103799995486]]]}, "properties": {"geoid": "48201980100", "name": "Census Tract 9801", "population": "0.0", "median_hh_income": "", "poverty_rate": "0.0", "nearest_dollar_store_mi": "2.18", "gap_score": "0.0"}}, {"type": "Feature", "geometry": {"type": "Polygon", "coordinates": [[[-95.26557100044512, 29.76735799990634], [-95.26553999958466, 29.768278000237792], [-95.25940000024465, 29.768243999745334], [-95.25939900041975, 29.768697000015923], [-95.25605600003996, 29.76817900007896], [-95.25586400041934, 29.759891000220165], [-95.2517159999505, 29.75991900034634], [-95.25162499971391, 29.75760899989492], [-95.25430399957166, 29.757496000102925], [-95.25360599961274, 29.73275499961299], [-95.25512399972932, 29.73271800025586], [-95.25509299976719, 29.731981000203444], [-95.25641599989007, 29.732321999724835], [-95.26542499995692, 29.73824500006327], [-95.2649010000753, 29.744772999650838], [-95.26557100044512, 29.76735799990634]]]}, "properties": {"geoid": "48201233600", "name": "Census Tract 2336", "population": "2115.0", "median_hh_income": "44821.0", "poverty_rate": "0.45390070921985815", "nearest_dollar_store_mi": "2.17", "gap_score": "2227.8"}}, {"type": "Feature", "geometry": {"type": "Polygon", "coordinates": [[[-95.33549999980117, 29.820081000385564], [-95.32569599969104, 29.843922000007698], [-95.31903099974615, 29.84380299976203], [-95.31856999961371, 29.823317000124423], [-95.32377800043969, 29.820838999965954], [-95.32583200013346, 29.82037600024026], [-95.32976700016694, 29.819994000003287], [-95.33549999980117, 29.820081000385564]]]}, "properties": {"geoid": "48201230400", "name": "Census Tract 2304", "population": "4227.0", "median_hh_income": "59952.0", "poverty_rate": "0.20383867832847424", "nearest_dollar_store_mi": "0.42", "gap_score": "568.4"}}, {"type": "Feature", "geometry": {"type": "Polygon", "coordinates": [[[-95.38804699995647, 29.8030970001869], [-95.38803500026088, 29.804076000292152], [-95.38744600008192, 29.803196000116277], [-95.38190699971814, 29.803094999982587], [-95.3818189998546, 29.797356999892635], [-95.37274899968837, 29.7906370002015], [-95.384332000031, 29.79052800038012], [-95.38426099988588, 29.790917000135444], [-95.38782699984844, 29.790827999659474], [-95.38804699995647, 29.8030970001869]]]}, "properties": {"geoid": "48201511400", "name": "Census Tract 5114", "population": "2686.0", "median_hh_income": "161607.0", "poverty_rate": "0.0626865671641791", "nearest_dollar_store_mi": "1.45", "gap_score": "0.0"}}, {"type": "Feature", "geometry": {"type": "Polygon", "coordinates": [[[-95.61890900010452, 29.746853999851886], [-95.61812900012985, 29.747593000338124], [-95.61843499955329, 29.747997000389606], [-95.61843100025365, 29.749380000319224], [-95.6189419997165, 29.75135199969582], [-95.61844100029938, 29.754458000297664], [-95.61045900007942, 29.75457300000963], [-95.6061070002944, 29.753920999699478], [-95.60605200004281, 29.74622200017982], [-95.60927099967573, 29.746153999814855], [-95.61041300004867, 29.746508000384225], [-95.61766799999741, 29.746323999860895], [-95.61902399973225, 29.746558000205294], [-95.61890900010452, 29.746853999851886]]]}, "properties": {"geoid": "48201451401", "name": "Census Tract 4514.01", "population": "3494.0", "median_hh_income": "66038.0", "poverty_rate": "0.10475100171722954", "nearest_dollar_store_mi": "1.41", "gap_score": "1015.8"}}, {"type": "Feature", "geometry": {"type": "Polygon", "coordinates": [[[-95.32003800039986, 29.756130000205204], [-95.31547999985222, 29.763627000293624], [-95.3053750003415, 29.760715999738824], [-95.29853799996918, 29.757099999936596], [-95.29681700036133, 29.756765999722113], [-95.29339100014087, 29.757146999809763], [-95.2912599995559, 29.755189999934142], [-95.28349800034225, 29.750098000121064], [-95.28403599956928, 29.77811499963451], [-95.27822699976709, 29.778057999837113], [-95.26407699971969, 29.77572099970157], [-95.26555200017856, 29.76808199994653], [-95.26490500027326, 29.742854000222533], [-95.2667530001027, 29.728870999689764], [-95.26652499959876, 29.724938999739305], [-95.26989200026799, 29.724645999699955], [-95.27163700016528, 29.725047999932364], [-95.2751799996633, 29.72739399982265], [-95.27614499958591, 29.72914600034475], [-95.27691200004008, 29.732936000003196], [-95.27904799974962, 29.737662000332417], [-95.28140699994024, 29.741057999888493], [-95.28476799986339, 29.744621999876024], [-95.2849510001615, 29.745441000115576], [-95.28665099985292, 29.74828800033886], [-95.2888109998519, 29.749909999753132], [-95.29302600026789, 29.747269999880704], [-95.29569799955462, 29.747219999634776], [-95.29644699956717, 29.747637000360932], [-95.29651600006247, 29.748164000037594], [-95.29582999979911, 29.749536000013897], [-95.2950189998623, 29.750349999862106], [-95.29483300008945, 29.751148000322143], [-95.29741800023588, 29.754230000098904], [-95.29861400013716, 29.754160000084266], [-95.29996300019933, 29.752895000142136], [-95.30083799971024, 29.75272699997107], [-95.30242000029922, 29.753462999823526], [-95.30419000031085, 29.755539000023372], [-95.30480299988096, 29.7558159996716], [-95.30576600015375, 29.75570300019754], [-95.30680100039656, 29.75499500035841], [-95.30826000006356, 29.754609000075416], [-95.31301100005676, 29.755535999851254], [-95.31466700026557, 29.755299999807395], [-95.31574199979305, 29.754746999817982], [-95.31810299963348, 29.75502899988781], [-95.32003800039986, 29.756130000205204]]]}, "properties": {"geoid": "48201212500", "name": "Census Tract 2125", "population": "3456.0", "median_hh_income": "56250.0", "poverty_rate": "0.1707175925925926", "nearest_dollar_store_mi": "2.68", "gap_score": "3436.3"}}, {"type": "Feature", "geometry": {"type": "Polygon", "coordinates": [[[-95.46772900026735, 29.76947200026072], [-95.46657400037397, 29.7687430002421], [-95.46497699971637, 29.768486999732072], [-95.46497500006656, 29.766970000311932], [-95.46269899971662, 29.76779200022044], [-95.46161499996832, 29.765944999922702], [-95.45838000044188, 29.764846999724472], [-95.45796699999, 29.763841999980528], [-95.45830699974863, 29.763320999954566], [-95.45921399994492, 29.762869000052824], [-95.46034999957175, 29.762964000327376], [-95.46072600021371, 29.762613999855574], [-95.46016399979891, 29.76210800034068], [-95.45802399989141, 29.761577000165612], [-95.45818999957277, 29.760103999841707], [-95.45779399973765, 29.759389999786723], [-95.4557219996022, 29.759957000338005], [-95.4557140001046, 29.757827999895085], [-95.45598600009116, 29.757646000206275], [-95.45598600009116, 29.758208000073758], [-95.45685700030245, 29.758231000257965], [-95.45767200043723, 29.757830999998603], [-95.45771400027003, 29.75490000032768], [-95.45872600004829, 29.754902999738945], [-95.45873299972098, 29.75431500032941], [-95.46308399968109, 29.754208000366965], [-95.46336800026153, 29.762263999720748], [-95.4662949998164, 29.762236999980377], [-95.46768200041171, 29.76295300025096], [-95.46772900026735, 29.76947200026072]]]}, "properties": {"geoid": "48201431701", "name": "Census Tract 4317.01", "population": "2075.0", "median_hh_income": "107698.0", "poverty_rate": "0.016867469879518072", "nearest_dollar_store_mi": "2.88", "gap_score": "0.0"}}, {"type": "Feature", "geometry": {"type": "Polygon", "coordinates": [[[-95.47793599988535, 29.7637920002033], [-95.47226900037334, 29.76387299970509], [-95.47033500033018, 29.76326599975634], [-95.46825399997392, 29.76314299977084], [-95.4662949998164, 29.762236999980377], [-95.46336800026153, 29.762263999720748], [-95.4629580001827, 29.750318999853867], [-95.47696699976477, 29.750125999863652], [-95.47728499978211, 29.75238399998236], [-95.47740799980575, 29.761471999634708], [-95.47793599988535, 29.7637920002033]]]}, "properties": {"geoid": "48201431702", "name": "Census Tract 4317.02", "population": "2848.0", "median_hh_income": "175787.0", "poverty_rate": "0.046348314606741575", "nearest_dollar_store_mi": "2.28", "gap_score": "0.0"}}, {"type": "Feature", "geometry": {"type": "Polygon", "coordinates": [[[-95.46425700001615, 29.744065999741842], [-95.46420400031269, 29.74633999964851], [-95.46308299985618, 29.746574999842384], [-95.4633170002079, 29.74863599963553], [-95.46295999983252, 29.749772000370466], [-95.46308399968109, 29.754208000366965], [-95.45873299972098, 29.75431500032941], [-95.45872600004829, 29.754902999738945], [-95.45771400027003, 29.75490000032768], [-95.45757000032998, 29.75800200029123], [-95.45598600009116, 29.758208000073758], [-95.45598600009116, 29.757646000206275], [-95.4557140001046, 29.757827999895085], [-95.45573599984591, 29.75158600000297], [-95.45830699974863, 29.740943000272708], [-95.46418800041918, 29.740611999882862], [-95.46425700001615, 29.744065999741842]]]}, "properties": {"geoid": "48201431804", "name": "Census Tract 4318.04", "population": "2598.0", "median_hh_income": "126458.0", "poverty_rate": "0.03679060665362035", "nearest_dollar_store_mi": "2.65", "gap_score": "0.0"}}, {"type": "Feature", "geometry": {"type": "Polygon", "coordinates": [[[-95.47553700041009, 29.78346699998477], [-95.47549999970184, 29.78401300000058], [-95.46777000027525, 29.784470000264744], [-95.46159800024988, 29.784416000274035], [-95.45793900040091, 29.78342399962137], [-95.453867999925, 29.780936999890127], [-95.4550789998949, 29.779378000156775], [-95.45568599961719, 29.777867999758403], [-95.45619500032855, 29.773229000010762], [-95.45977499963648, 29.773194999639394], [-95.46081900010012, 29.773491999764367], [-95.46151899970886, 29.774357000329626], [-95.46200099975769, 29.77667900029563], [-95.4637110003932, 29.778303999674314], [-95.4654350003741, 29.77909700035047], [-95.46810800038406, 29.77937400035926], [-95.47543600012774, 29.77892699976297], [-95.47553700041009, 29.78346699998477]]]}, "properties": {"geoid": "48201430101", "name": "Census Tract 4301.01", "population": "2796.0", "median_hh_income": "79038.0", "poverty_rate": "0.06256860592755215", "nearest_dollar_store_mi": "2.13", "gap_score": "81.3"}}, {"type": "Feature", "geometry": {"type": "Polygon", "coordinates": [[[-95.453867999925, 29.780936999890127], [-95.45276900010809, 29.782422999614738], [-95.45207600017204, 29.78410799971206], [-95.4522560000971, 29.790861000055454], [-95.45126299968707, 29.79501199979908], [-95.44329899990876, 29.789171000161097], [-95.42315500011122, 29.78927800020021], [-95.42006299980162, 29.79002499992401], [-95.40989600036661, 29.790506000044193], [-95.4096550003422, 29.783324000101082], [-95.43674600011688, 29.783926000210368], [-95.43116599974522, 29.7805670003174], [-95.42493699981846, 29.777465999995798], [-95.42789400040887, 29.77751400002903], [-95.4412800003751, 29.77908599970663], [-95.44975100031661, 29.7791619999485], [-95.45231600037155, 29.779944000297025], [-95.453867999925, 29.780936999890127]]]}, "properties": {"geoid": "48201510902", "name": "Census Tract 5109.02", "population": "5731.0", "median_hh_income": "118750.0", "poverty_rate": "0.1926365381259815", "nearest_dollar_store_mi": "2.05", "gap_score": "0.0"}}, {"type": "Feature", "geometry": {"type": "Polygon", "coordinates": [[[-95.4562420001842, 29.771967999955624], [-95.45568599961719, 29.777867999758403], [-95.4550789998949, 29.779378000156775], [-95.453867999925, 29.780936999890127], [-95.45231600037155, 29.779944000297025], [-95.44975100031661, 29.7791619999485], [-95.4412800003751, 29.77908599970663], [-95.42916200028017, 29.77765499970115], [-95.42730199985685, 29.77599300016708], [-95.42309900003474, 29.771265000181618], [-95.42114900009804, 29.770962000270263], [-95.4209830004167, 29.76585700033617], [-95.4218920002628, 29.765829000309736], [-95.4223500000222, 29.765400999822972], [-95.42230399999146, 29.762874000233666], [-95.4226799997351, 29.761500999836887], [-95.4257929999611, 29.763536000298124], [-95.42731199990259, 29.76350600018717], [-95.42703099969518, 29.762441000177898], [-95.42775600031659, 29.761898000281775], [-95.42831600018323, 29.76054200015596], [-95.42952499960501, 29.760316000040593], [-95.4284960001083, 29.759521000101415], [-95.42849699993322, 29.758919999665135], [-95.4289549996926, 29.758418000067373], [-95.4302700003179, 29.758344000001067], [-95.43192300015367, 29.759665000196208], [-95.4327349999154, 29.759900000345134], [-95.43319500022295, 29.759679999658026], [-95.4332400004288, 29.75815399995974], [-95.43375099989164, 29.75766499985504], [-95.43552099990328, 29.75797800028144], [-95.43877899989427, 29.759583999632216], [-95.43920300021678, 29.758776000059463], [-95.43820599960883, 29.75777999978649], [-95.43802099966089, 29.757131999968795], [-95.43967000019703, 29.757081999962743], [-95.44114599958247, 29.75522400017727], [-95.44150499960767, 29.75405299995635], [-95.44264500033078, 29.753594999903665], [-95.44390900000413, 29.754069999882287], [-95.44604999973653, 29.75394199968106], [-95.44649599980036, 29.755100999678902], [-95.44857999963138, 29.756167000282716], [-95.45042900018404, 29.75631899961494], [-95.45152299997807, 29.757057999732645], [-95.45283900042827, 29.757291999976335], [-95.45266199997796, 29.758582999976504], [-95.45506399982628, 29.75988699964443], [-95.4557219996022, 29.759957000338005], [-95.4562420001842, 29.771967999955624]]]}, "properties": {"geoid": "48201510802", "name": "Census Tract 5108.02", "population": "2817.0", "median_hh_income": "250001.0", "poverty_rate": "0.012069577564785232", "nearest_dollar_store_mi": "3.0", "gap_score": "0.0"}}, {"type": "Feature", "geometry": {"type": "Polygon", "coordinates": [[[-95.22887999987645, 29.775086999635832], [-95.22616300038388, 29.776549999760746], [-95.22318599970197, 29.775716000161964], [-95.21827400005031, 29.775837000334448], [-95.21732300037141, 29.77447700019653], [-95.2138949996028, 29.771382000156837], [-95.21366199997429, 29.770738000338447], [-95.22047199968412, 29.77050499995437], [-95.22797199985524, 29.772116000182145], [-95.2285099999806, 29.773786999778064], [-95.22842200011705, 29.774497000160338], [-95.22887999987645, 29.775086999635832]]]}, "properties": {"geoid": "48201232703", "name": "Census Tract 2327.03", "population": "2693.0", "median_hh_income": "51250.0", "poverty_rate": "0.34566517189835577", "nearest_dollar_store_mi": "0.86", "gap_score": "1044.6"}}, {"type": "Feature", "geometry": {"type": "Polygon", "coordinates": [[[-95.46827700043845, 29.72663800038095], [-95.46800299990376, 29.727532999653114], [-95.46825399997392, 29.731522999955725], [-95.46011000027056, 29.73191599964158], [-95.46043499996057, 29.72895300016818], [-95.46665999968938, 29.72668200023627], [-95.46825399997392, 29.726395999661673], [-95.46827700043845, 29.72663800038095]]]}, "properties": {"geoid": "48201431901", "name": "Census Tract 4319.01", "population": "2492.0", "median_hh_income": "41967.0", "poverty_rate": "0.11641910879164993", "nearest_dollar_store_mi": "2.29", "gap_score": "2119.2"}}, {"type": "Feature", "geometry": {"type": "Polygon", "coordinates": [[[-95.48290600016165, 29.760256999971404], [-95.47944800015414, 29.76334599996385], [-95.47793599988535, 29.7637920002033], [-95.47740799980575, 29.761471999634708], [-95.47728499978211, 29.75238399998236], [-95.47696699976477, 29.750125999863652], [-95.48264199967268, 29.750035000086847], [-95.48290600016165, 29.760256999971404]]]}, "properties": {"geoid": "48201431506", "name": "Census Tract 4315.06", "population": "2849.0", "median_hh_income": "87988.0", "poverty_rate": "0.0526128688233203", "nearest_dollar_store_mi": "1.8", "gap_score": "0.0"}}, {"type": "Feature", "geometry": {"type": "Polygon", "coordinates": [[[-95.40960500011347, 29.77765600005758], [-95.40150599971764, 29.776660999940837], [-95.39743500014, 29.77666800016582], [-95.3972719999334, 29.769557000038354], [-95.40612299981652, 29.770500999802515], [-95.40946299982325, 29.77046999978962], [-95.40960500011347, 29.77765600005758]]]}, "properties": {"geoid": "48201510601", "name": "Census Tract 5106.01", "population": "3417.0", "median_hh_income": "130616.0", "poverty_rate": "0.03865447034523458", "nearest_dollar_store_mi": "2.66", "gap_score": "0.0"}}, {"type": "Feature", "geometry": {"type": "Polygon", "coordinates": [[[-95.38782699984844, 29.790827999659474], [-95.38426099988588, 29.790917000135444], [-95.384332000031, 29.79052800038012], [-95.37418899998713, 29.790627000272945], [-95.37418499978916, 29.79012700023013], [-95.37562500008792, 29.790047000365675], [-95.37562400026302, 29.78889899963406], [-95.37497999983246, 29.788905999783015], [-95.37497200033486, 29.788150000358797], [-95.3764240003292, 29.78813799967839], [-95.37639699966668, 29.78460699990853], [-95.38426400025894, 29.7840839997196], [-95.38421800022817, 29.78073100006494], [-95.38650100025082, 29.78083400003054], [-95.38744899955667, 29.780974999705624], [-95.38767799988553, 29.78162700016095], [-95.38782699984844, 29.790827999659474]]]}, "properties": {"geoid": "48201510302", "name": "Census Tract 5103.02", "population": "3482.0", "median_hh_income": "157159.0", "poverty_rate": "0.02014388489208633", "nearest_dollar_store_mi": "1.25", "gap_score": "0.0"}}, {"type": "Feature", "geometry": {"type": "Polygon", "coordinates": [[[-95.44603399984301, 29.611171999692434], [-95.4459700002689, 29.618779999641564], [-95.44193800015103, 29.62051199964209], [-95.44094499974102, 29.62059400029005], [-95.43762499982577, 29.619018000266834], [-95.43670900030696, 29.618881999866808], [-95.43247999964728, 29.618918000151318], [-95.43111300004178, 29.619533999816866], [-95.42970299988023, 29.618985999959545], [-95.42725500000117, 29.61952900030757], [-95.42581499970241, 29.61897000019255], [-95.42448400008192, 29.619855999865074], [-95.42242700001509, 29.62006600022509], [-95.4174359998224, 29.619034000026208], [-95.4224060000987, 29.606346000116442], [-95.44595199982724, 29.60610099963017], [-95.44603399984301, 29.611171999692434]]]}, "properties": {"geoid": "48201330600", "name": "Census Tract 3306", "population": "7148.0", "median_hh_income": "48489.0", "poverty_rate": "0.22355903749300504", "nearest_dollar_store_mi": "1.45", "gap_score": "4219.7"}}, {"type": "Feature", "geometry": {"type": "Polygon", "coordinates": [[[-95.2767999998871, 29.661390000343385], [-95.27241899978978, 29.661455999669737], [-95.27231000000984, 29.65797999966407], [-95.27670100015291, 29.657899999769313], [-95.2767999998871, 29.661390000343385]]]}, "properties": {"geoid": "48201333204", "name": "Census Tract 3332.04", "population": "2338.0", "median_hh_income": "39831.0", "poverty_rate": "0.24850299401197604", "nearest_dollar_store_mi": "0.99", "gap_score": "968.1"}}, {"type": "Feature", "geometry": {"type": "Polygon", "coordinates": [[[-95.37141899989277, 29.71363800006573], [-95.36567000036503, 29.720968000109075], [-95.36399499988961, 29.719981000124065], [-95.35882499959679, 29.718396000363512], [-95.36193199997503, 29.710762999696648], [-95.36222900007594, 29.71078199964502], [-95.36240800017609, 29.710217000095724], [-95.36724299983484, 29.70977300004051], [-95.3694000003591, 29.709263999953347], [-95.37036699993152, 29.71016400013783], [-95.3704210003582, 29.71226100023861], [-95.37141899989277, 29.71363800006573]]]}, "properties": {"geoid": "48201312902", "name": "Census Tract 3129.02", "population": "2391.0", "median_hh_income": "", "poverty_rate": "0.30896027049873204", "nearest_dollar_store_mi": "1.95", "gap_score": "0.0"}}, {"type": "Feature", "geometry": {"type": "Polygon", "coordinates": [[[-95.36237800003886, 29.710312999786254], [-95.36222900007594, 29.71078199964502], [-95.36193199997503, 29.710762999696648], [-95.35882499959679, 29.718396000363512], [-95.35368799981423, 29.716848000301198], [-95.35654599977212, 29.709704999935983], [-95.3580660004368, 29.71052799987364], [-95.35992900033487, 29.71000699981877], [-95.36237800003886, 29.710312999786254]]]}, "properties": {"geoid": "48201312901", "name": "Census Tract 3129.01", "population": "1869.0", "median_hh_income": "14302.0", "poverty_rate": "0.39215686274509803", "nearest_dollar_store_mi": "2.09", "gap_score": "1297.7"}}, {"type": "Feature", "geometry": {"type": "Polygon", "coordinates": [[[-95.39811800003032, 29.75733199974337], [-95.38571100023039, 29.75761900000147], [-95.3857329999717, 29.752620999699694], [-95.39792899988443, 29.752410000209032], [-95.39811800003032, 29.75733199974337]]]}, "properties": {"geoid": "48201410202", "name": "Census Tract 4102.02", "population": "3900.0", "median_hh_income": "130972.0", "poverty_rate": "0.05179487179487179", "nearest_dollar_store_mi": "1.31", "gap_score": "0.0"}}, {"type": "Feature", "geometry": {"type": "Polygon", "coordinates": [[[-95.44166299979142, 29.741729999883162], [-95.43664999985741, 29.74155999984805], [-95.43637500039611, 29.732709000030667], [-95.43843800031073, 29.732687000256885], [-95.43861800023578, 29.738253999791763], [-95.44160599989002, 29.738205999670598], [-95.44166299979142, 29.741729999883162]]]}, "properties": {"geoid": "48201411507", "name": "Census Tract 4115.07", "population": "2167.0", "median_hh_income": "85782.0", "poverty_rate": "0.1324411628980157", "nearest_dollar_store_mi": "3.69", "gap_score": "0.0"}}, {"type": "Feature", "geometry": {"type": "Polygon", "coordinates": [[[-95.45657000024727, 29.74771300028398], [-95.45566800007386, 29.752186000134397], [-95.4557219996022, 29.759957000338005], [-95.45542600022452, 29.75994699968491], [-95.45266199997796, 29.758582999976504], [-95.45283900042827, 29.757291999976335], [-95.45152299997807, 29.757057999732645], [-95.45042900018404, 29.75631899961494], [-95.44840100042954, 29.756101000008353], [-95.44825599976629, 29.7466569998866], [-95.45443500036265, 29.746628000068885], [-95.45657000024727, 29.74771300028398]]]}, "properties": {"geoid": "48201411301", "name": "Census Tract 4113.01", "population": "1918.0", "median_hh_income": "114402.0", "poverty_rate": "0.0881126173096976", "nearest_dollar_store_mi": "3.16", "gap_score": "0.0"}}, {"type": "Feature", "geometry": {"type": "Polygon", "coordinates": [[[-95.38890399992404, 29.750849999626944], [-95.38890399992404, 29.752575999697708], [-95.3857329999717, 29.752620999699694], [-95.38573200014677, 29.751998999615594], [-95.37893199958438, 29.75212799978979], [-95.37801600006559, 29.75162800016028], [-95.37838000011365, 29.751193000185264], [-95.37918100000472, 29.751542000153552], [-95.37982200006223, 29.751413000005147], [-95.38092400025221, 29.749525999880756], [-95.38179100026551, 29.750045000169212], [-95.38327800041993, 29.748164000037594], [-95.38157399963222, 29.747132999864945], [-95.3816649998688, 29.745561000297318], [-95.38884600019772, 29.745385000345614], [-95.38890399992404, 29.750849999626944]]]}, "properties": {"geoid": "48201410502", "name": "Census Tract 4105.02", "population": "3032.0", "median_hh_income": "154261.0", "poverty_rate": "0.052770448548812667", "nearest_dollar_store_mi": "0.74", "gap_score": "0.0"}}, {"type": "Feature", "geometry": {"type": "Polygon", "coordinates": [[[-95.35628600037944, 29.648215000134847], [-95.35540199974936, 29.649103000370676], [-95.35403799961858, 29.649383999682208], [-95.35218599959119, 29.649046999961257], [-95.35165800040991, 29.648105000031578], [-95.34856299972724, 29.647060000081808], [-95.34528800001782, 29.64785700009591], [-95.34416400008655, 29.6465009997178], [-95.34157399991727, 29.6461509998971], [-95.34050400041268, 29.64524800000224], [-95.33785399996891, 29.644336000260154], [-95.33652900019621, 29.645489000112097], [-95.33480600004023, 29.645475000095566], [-95.33380599995752, 29.64640999970972], [-95.33171299990569, 29.646431999642022], [-95.32879700022148, 29.649641999692882], [-95.32706900004263, 29.649457999662168], [-95.32496299957201, 29.650434000024806], [-95.3195270000387, 29.65084699964583], [-95.31730099991748, 29.65250700026325], [-95.31659399973773, 29.65415699977917], [-95.31464600034917, 29.655003999941822], [-95.30979499989856, 29.639046999789333], [-95.32398599995383, 29.638820000038233], [-95.32399199980163, 29.63752300014871], [-95.33260400020845, 29.637569999781455], [-95.34870099981948, 29.6362219999136], [-95.34883100041414, 29.63793000007829], [-95.34936500034152, 29.638165000195894], [-95.3559459997225, 29.63822000022733], [-95.35628600037944, 29.648215000134847]]]}, "properties": {"geoid": "48201331700", "name": "Census Tract 3317", "population": "3840.0", "median_hh_income": "38994.0", "poverty_rate": "0.42526041666666664", "nearest_dollar_store_mi": "3.17", "gap_score": "5473.0"}}, {"type": "Feature", "geometry": {"type": "Polygon", "coordinates": [[[-95.35629399987704, 29.64910399966671], [-95.3554739997194, 29.652637000293662], [-95.35551899992524, 29.658436999629213], [-95.33651300030267, 29.65862199961936], [-95.33638100005821, 29.651843000022897], [-95.33728400005653, 29.648012999824516], [-95.33698399958256, 29.645120000030015], [-95.33785399996891, 29.644336000260154], [-95.34050400041268, 29.64524800000224], [-95.34157399991727, 29.6461509998971], [-95.34416400008655, 29.6465009997178], [-95.34509100037432, 29.647815000247725], [-95.34856299972724, 29.647060000081808], [-95.35165800040991, 29.648105000031578], [-95.35205099987196, 29.648971000303835], [-95.3530590003506, 29.64931999961353], [-95.3546850004222, 29.649361000320884], [-95.35540199974936, 29.649103000370676], [-95.35628600037944, 29.648215000134847], [-95.35629399987704, 29.64910399966671]]]}, "properties": {"geoid": "48201331800", "name": "Census Tract 3318", "population": "4268.0", "median_hh_income": "31938.0", "poverty_rate": "0.5215557638238051", "nearest_dollar_store_mi": "3.09", "gap_score": "6494.0"}}, {"type": "Feature", "geometry": {"type": "Polygon", "coordinates": [[[-95.35571499974381, 29.66909399987432], [-95.353108999681, 29.667772000186705], [-95.35048400024992, 29.66698599989297], [-95.34760000035276, 29.66677599980563], [-95.34534099972126, 29.666202000295886], [-95.33719500036807, 29.666338999924392], [-95.33651300030267, 29.65862199961936], [-95.35551899992524, 29.658436999629213], [-95.35571499974381, 29.66909399987432]]]}, "properties": {"geoid": "48201331900", "name": "Census Tract 3319", "population": "3361.0", "median_hh_income": "34883.0", "poverty_rate": "0.2606367152633145", "nearest_dollar_store_mi": "3.64", "gap_score": "4237.0"}}, {"type": "Feature", "geometry": {"type": "Polygon", "coordinates": [[[-95.35596499998908, 29.680921000062074], [-95.34094100025568, 29.68570700011396], [-95.33911000014466, 29.681158999742657], [-95.33682600029714, 29.678943999971512], [-95.3364370001347, 29.67541899990759], [-95.33898499957289, 29.675561000098625], [-95.35029699975385, 29.67899399989165], [-95.35241599974495, 29.679330999984604], [-95.35595599976824, 29.68036400004673], [-95.35596499998908, 29.680921000062074]]]}, "properties": {"geoid": "48201332100", "name": "Census Tract 3321", "population": "3173.0", "median_hh_income": "41299.0", "poverty_rate": "0.3643239836117239", "nearest_dollar_store_mi": "3.78", "gap_score": "4329.0"}}, {"type": "Feature", "geometry": {"type": "Polygon", "coordinates": [[[-95.32565700023127, 29.69198900015553], [-95.32250299999738, 29.69350500025189], [-95.31510400010858, 29.69124000015651], [-95.3139020003595, 29.690656999741904], [-95.30668800041865, 29.685249999969333], [-95.29631000019813, 29.685149000365676], [-95.2939009997788, 29.681450999702527], [-95.30557199998498, 29.681417999971384], [-95.3214550002341, 29.677798000355605], [-95.32565700023127, 29.69198900015553]]]}, "properties": {"geoid": "48201332700", "name": "Census Tract 3327", "population": "2319.0", "median_hh_income": "44909.0", "poverty_rate": "0.2807244501940492", "nearest_dollar_store_mi": "2.38", "gap_score": "2356.8"}}, {"type": "Feature", "geometry": {"type": "Polygon", "coordinates": [[[-95.32250299999738, 29.69350500025189], [-95.31577100010534, 29.69650800023595], [-95.3128880000331, 29.69718500003048], [-95.31030299988667, 29.697136000175462], [-95.3003840001488, 29.69587200025752], [-95.29886900040529, 29.692309999783834], [-95.2985959996955, 29.68883700004607], [-95.29631000019813, 29.685149000365676], [-95.30668800041865, 29.685249999969333], [-95.31445300000533, 29.690961000032104], [-95.32250299999738, 29.69350500025189]]]}, "properties": {"geoid": "48201332800", "name": "Census Tract 3328", "population": "4588.0", "median_hh_income": "53333.0", "poverty_rate": "0.28967538322813347", "nearest_dollar_store_mi": "1.96", "gap_score": "3868.8"}}, {"type": "Feature", "geometry": {"type": "Polygon", "coordinates": [[[-95.29631000019813, 29.685149000365676], [-95.2789180000533, 29.685499000312582], [-95.27811200013933, 29.685750999956785], [-95.272673000233, 29.680346000354852], [-95.27341399984961, 29.679994999865784], [-95.27349400021554, 29.67865700023001], [-95.27387699963188, 29.67852899983093], [-95.27644400023495, 29.67950100004978], [-95.27847899966214, 29.67877999999656], [-95.27988799999876, 29.679376000052795], [-95.28070899998134, 29.679172000310786], [-95.28148099956009, 29.678397999912292], [-95.28263600035181, 29.678223999613383], [-95.28343700024288, 29.6772049997029], [-95.28504999989569, 29.677717999832023], [-95.28811999956568, 29.67759100037247], [-95.28857099965239, 29.67664400018022], [-95.28816499977152, 29.67479800037658], [-95.28908200001356, 29.6740239998679], [-95.28950499961286, 29.675270999835845], [-95.29631000019813, 29.685149000365676]]]}, "properties": {"geoid": "48201333000", "name": "Census Tract 3330", "population": "3528.0", "median_hh_income": "67813.0", "poverty_rate": "0.20238095238095238", "nearest_dollar_store_mi": "0.74", "gap_score": "508.3"}}, {"type": "Feature", "geometry": {"type": "Polygon", "coordinates": [[[-95.34094100025568, 29.68570700011396], [-95.33505799993532, 29.68758100019541], [-95.3257149999576, 29.69196200022757], [-95.31998399997319, 29.672890000017304], [-95.32051200005279, 29.672058999713762], [-95.33695799964329, 29.671880000120787], [-95.33640600017256, 29.67387199998176], [-95.33661200003688, 29.678448999888957], [-95.33712599987278, 29.679347000305995], [-95.33911000014466, 29.681158999742657], [-95.34094100025568, 29.68570700011396]]]}, "properties": {"geoid": "48201332200", "name": "Census Tract 3322", "population": "4861.0", "median_hh_income": "31534.0", "poverty_rate": "0.341963545981773", "nearest_dollar_store_mi": "3.25", "gap_score": "6523.3"}}, {"type": "Feature", "geometry": {"type": "Polygon", "coordinates": [[[-95.33730300032312, 29.66998000032997], [-95.33695799964329, 29.671880000120787], [-95.32859200018206, 29.67205700001658], [-95.32854699997623, 29.661364999913136], [-95.316583999692, 29.661573999634697], [-95.31464600034917, 29.655003999941822], [-95.31659399973773, 29.65415699977917], [-95.31730099991748, 29.65250700026325], [-95.3195270000387, 29.65084699964583], [-95.32496299957201, 29.650434000024806], [-95.32706900004263, 29.649457999662168], [-95.32879700022148, 29.649641999692882], [-95.33171299990569, 29.646431999642022], [-95.33380599995752, 29.64640999970972], [-95.33480600004023, 29.645475000095566], [-95.33652900019621, 29.645489000112097], [-95.33698399958256, 29.645120000030015], [-95.33728400005653, 29.648012999824516], [-95.33649999988388, 29.650915999818043], [-95.3363889995558, 29.65307699969107], [-95.33661600023484, 29.661680999992676], [-95.33713199972055, 29.663900000367292], [-95.33730300032312, 29.66998000032997]]]}, "properties": {"geoid": "48201332400", "name": "Census Tract 3324", "population": "4057.0", "median_hh_income": "50462.0", "poverty_rate": "0.10697559773231452", "nearest_dollar_store_mi": "3.34", "gap_score": "4491.0"}}, {"type": "Feature", "geometry": {"type": "Polygon", "coordinates": [[[-95.3173090003134, 29.66633500030252], [-95.30667499999987, 29.668681000213923], [-95.30387700031642, 29.670241000209266], [-95.30133900002566, 29.672232999754016], [-95.30005199988778, 29.67275600025146], [-95.293822999961, 29.673729999747007], [-95.2903249997705, 29.673535000323646], [-95.29127899982247, 29.67283500019909], [-95.29293000000841, 29.673117000197596], [-95.2954359996138, 29.672642000286785], [-95.29692899961603, 29.67193100028148], [-95.29725599985417, 29.671224999997477], [-95.29731399958047, 29.668205999645398], [-95.29838999983116, 29.667192999851107], [-95.3042699997785, 29.663551000101798], [-95.30718100033815, 29.660964999989808], [-95.30876999970151, 29.657932000203214], [-95.31134800017522, 29.65719600013836], [-95.31222299968616, 29.655790000172686], [-95.31313800027836, 29.65515600023683], [-95.31464600034917, 29.655003999941822], [-95.31796999956408, 29.666178000187944], [-95.3173090003134, 29.66633500030252]]]}, "properties": {"geoid": "48201332500", "name": "Census Tract 3325", "population": "3410.0", "median_hh_income": "83870.0", "poverty_rate": "0.0469208211143695", "nearest_dollar_store_mi": "1.99", "gap_score": "0.0"}}, {"type": "Feature", "geometry": {"type": "Polygon", "coordinates": [[[-95.5270669998659, 29.692192999636962], [-95.51785600013268, 29.700379999776327], [-95.5127040002815, 29.69595899999539], [-95.51115900040077, 29.694226999655005], [-95.50933099976449, 29.69020700027325], [-95.50873999993568, 29.686784000379976], [-95.52248199955407, 29.679872000024847], [-95.52379999965409, 29.681099000191118], [-95.5240809998615, 29.68204299975506], [-95.52385499990568, 29.690642000104223], [-95.52603300034632, 29.690577000087682], [-95.5257859995758, 29.691707999682958], [-95.5270669998659, 29.692192999636962]]]}, "properties": {"geoid": "48201422800", "name": "Census Tract 4228", "population": "4533.0", "median_hh_income": "53714.0", "poverty_rate": "0.25489212242849973", "nearest_dollar_store_mi": "0.64", "gap_score": "1215.5"}}, {"type": "Feature", "geometry": {"type": "Polygon", "coordinates": [[[-95.54217799963793, 29.6758709996431], [-95.53577200015916, 29.68182399978864], [-95.52933599964483, 29.689950999853156], [-95.52716700032335, 29.69210200038233], [-95.5257859995758, 29.691707999682958], [-95.52603300034632, 29.690577000087682], [-95.52385499990568, 29.690642000104223], [-95.5240809998615, 29.68204299975506], [-95.52379999965409, 29.681099000191118], [-95.52248199955407, 29.679872000024847], [-95.52957300036961, 29.676466999773073], [-95.54217799963793, 29.6758709996431]]]}, "properties": {"geoid": "48201422900", "name": "Census Tract 4229", "population": "4060.0", "median_hh_income": "44650.0", "poverty_rate": "0.32392972036624595", "nearest_dollar_store_mi": "0.69", "gap_score": "1239.2"}}, {"type": "Feature", "geometry": {"type": "Polygon", "coordinates": [[[-95.62386199976407, 29.776925999985774], [-95.62381699955824, 29.779906999644485], [-95.6213720000522, 29.779748999780672], [-95.61971900021645, 29.77891999969591], [-95.61708700021435, 29.776564000225722], [-95.61512399985885, 29.773409999844155], [-95.6141179999284, 29.77253399987269], [-95.60963499972378, 29.77023700034167], [-95.60627399980066, 29.77009600036227], [-95.60619099995998, 29.76188700008833], [-95.6120990003947, 29.760577999637302], [-95.6185190001172, 29.763745000327628], [-95.61920899968018, 29.765148999715986], [-95.6185550001022, 29.769605999620545], [-95.62313200001812, 29.772462000132432], [-95.62381900010638, 29.774049000013115], [-95.62386199976407, 29.776925999985774]]]}, "properties": {"geoid": "48201450600", "name": "Census Tract 4506", "population": "5678.0", "median_hh_income": "75532.0", "poverty_rate": "0.10755189692197566", "nearest_dollar_store_mi": "2.56", "gap_score": "959.9"}}, {"type": "Feature", "geometry": {"type": "Polygon", "coordinates": [[[-95.60627399980066, 29.77009600036227], [-95.5928009997958, 29.770029000252745], [-95.59097200023292, 29.770542999829793], [-95.58742800001168, 29.772780000024177], [-95.58575199971138, 29.773239000117783], [-95.58241500007767, 29.773245000181483], [-95.57876499955123, 29.772575000199797], [-95.56287600035265, 29.77277399993263], [-95.56276400019965, 29.76989400024505], [-95.56219199973911, 29.76784500014438], [-95.5612259999916, 29.76625699974781], [-95.5588180002955, 29.76346500004709], [-95.55833600024667, 29.76221499966669], [-95.55875700019612, 29.761942000263744], [-95.55907400038853, 29.76088300003127], [-95.55957399998074, 29.760672999744482], [-95.56066100010209, 29.76155999995344], [-95.56270999977298, 29.76196199961111], [-95.56972299987238, 29.76206899987286], [-95.57719899975407, 29.766606999969845], [-95.57864099970266, 29.767017000234258], [-95.580861999801, 29.765786000170397], [-95.5840999997005, 29.765862000367907], [-95.5854799997248, 29.76533500017182], [-95.586395000317, 29.76427800013062], [-95.58817500037439, 29.760828999799067], [-95.58950500016998, 29.75983100014614], [-95.5944770000961, 29.759237999653415], [-95.60194499958187, 29.76185799999786], [-95.60619099995998, 29.76188700008833], [-95.60627399980066, 29.77009600036227]]]}, "properties": {"geoid": "48201450700", "name": "Census Tract 4507", "population": "6866.0", "median_hh_income": "250001.0", "poverty_rate": "0.012234197494902418", "nearest_dollar_store_mi": "3.31", "gap_score": "0.0"}}, {"type": "Feature", "geometry": {"type": "Polygon", "coordinates": [[[-95.57206600016949, 29.74795099999867], [-95.56414599987379, 29.747149000303406], [-95.55789299965755, 29.74755000017306], [-95.55771699993046, 29.73685700029421], [-95.57175999984774, 29.736694999681962], [-95.57206600016949, 29.74795099999867]]]}, "properties": {"geoid": "48201450900", "name": "Census Tract 4509", "population": "2783.0", "median_hh_income": "105398.0", "poverty_rate": "0.024793388429752067", "nearest_dollar_store_mi": "2.77", "gap_score": "0.0"}}, {"type": "Feature", "geometry": {"type": "Polygon", "coordinates": [[[-95.58936799990262, 29.75991799981283], [-95.58817500037439, 29.760828999799067], [-95.58598299969005, 29.76487099964862], [-95.58480500023042, 29.765674999634648], [-95.580861999801, 29.765786000170397], [-95.57864099970266, 29.767017000234258], [-95.57747900013656, 29.766758999841393], [-95.57601200007362, 29.765860999893732], [-95.57558399955313, 29.76316100021563], [-95.57634000013668, 29.760372999796882], [-95.57618000030311, 29.756984000221774], [-95.57257099978455, 29.751741000329005], [-95.57210499962922, 29.75012400016081], [-95.57206600016949, 29.74795099999867], [-95.57778299991017, 29.74786300020932], [-95.58259900020069, 29.746888999686494], [-95.58660100018133, 29.747444999765076], [-95.58545999963331, 29.749965000262353], [-95.58553400015148, 29.752018000334857], [-95.58789099979396, 29.755901000116772], [-95.58936799990262, 29.75991799981283]]]}, "properties": {"geoid": "48201451100", "name": "Census Tract 4511", "population": "3990.0", "median_hh_income": "71250.0", "poverty_rate": "0.17941550190597205", "nearest_dollar_store_mi": "2.74", "gap_score": "1505.0"}}, {"type": "Feature", "geometry": {"type": "Polygon", "coordinates": [[[-95.60620400037878, 29.76119400028248], [-95.60619099995998, 29.76188700008833], [-95.60194499958187, 29.76185799999786], [-95.5944770000961, 29.759237999653415], [-95.58936799990262, 29.75991799981283], [-95.58789099979396, 29.755901000116772], [-95.58553400015148, 29.752018000334857], [-95.58545999963331, 29.749965000262353], [-95.58660100018133, 29.747444999765076], [-95.58847699959988, 29.74839799998712], [-95.59201599979824, 29.751214999799014], [-95.59427600025465, 29.752370000037455], [-95.60117700020108, 29.753794999717503], [-95.6061070002944, 29.753920999699478], [-95.60620400037878, 29.76119400028248]]]}, "properties": {"geoid": "48201451200", "name": "Census Tract 4512", "population": "2770.0", "median_hh_income": "166818.0", "poverty_rate": "0.0029080334423845873", "nearest_dollar_store_mi": "2.34", "gap_score": "0.0"}}, {"type": "Feature", "geometry": {"type": "Polygon", "coordinates": [[[-95.3750040001219, 29.72660100032811], [-95.3729699996213, 29.729203999941326], [-95.3717589996514, 29.73298999965987], [-95.3612189999475, 29.726613999884382], [-95.36567000036503, 29.720968000109075], [-95.3750040001219, 29.72660100032811]]]}, "properties": {"geoid": "48201312700", "name": "Census Tract 3127", "population": "2293.0", "median_hh_income": "86667.0", "poverty_rate": "0.13844086021505375", "nearest_dollar_store_mi": "1.12", "gap_score": "0.0"}}, {"type": "Feature", "geometry": {"type": "Polygon", "coordinates": [[[-95.36567000036503, 29.720968000109075], [-95.36078399975432, 29.727149999985595], [-95.35600299962391, 29.725586000009564], [-95.35627399978554, 29.724896000002726], [-95.35472899990482, 29.724886999856018], [-95.35093500033662, 29.723728000129288], [-95.35368799981423, 29.716848000301198], [-95.36399499988961, 29.719981000124065], [-95.36567000036503, 29.720968000109075]]]}, "properties": {"geoid": "48201312800", "name": "Census Tract 3128", "population": "3752.0", "median_hh_income": "15833.0", "poverty_rate": "0.5967532467532467", "nearest_dollar_store_mi": "1.64", "gap_score": "2588.6"}}, {"type": "Feature", "geometry": {"type": "Polygon", "coordinates": [[[-95.34547999963843, 29.70131199988235], [-95.34181099974371, 29.71026800030849], [-95.34150899961993, 29.71179900034042], [-95.34028599995446, 29.711312999622365], [-95.3398879995712, 29.711444999780372], [-95.33933600010049, 29.7122719996344], [-95.33912900041123, 29.71390399998108], [-95.33847699958477, 29.71484300005085], [-95.33776199990743, 29.71479899968616], [-95.33477400025318, 29.713222999655564], [-95.33388299995042, 29.713289000061156], [-95.3329170002029, 29.714372000021914], [-95.32666399998666, 29.695466000224744], [-95.32751400028155, 29.695023999745942], [-95.3298540002056, 29.695634000302785], [-95.34567299998227, 29.7008669999083], [-95.34547999963843, 29.70131199988235]]]}, "properties": {"geoid": "48201313300", "name": "Census Tract 3133", "population": "2702.0", "median_hh_income": "50313.0", "poverty_rate": "0.2738404452690167", "nearest_dollar_store_mi": "2.04", "gap_score": "2342.1"}}, {"type": "Feature", "geometry": {"type": "Polygon", "coordinates": [[[-95.39921600002229, 29.80395900033145], [-95.38803500026088, 29.804076000292152], [-95.38782699984844, 29.790827999659474], [-95.39897099979993, 29.790682000257668], [-95.39921600002229, 29.80395900033145]]]}, "properties": {"geoid": "48201511302", "name": "Census Tract 5113.02", "population": "4961.0", "median_hh_income": "170768.0", "poverty_rate": "0.04435483870967742", "nearest_dollar_store_mi": "1.98", "gap_score": "0.0"}}, {"type": "Feature", "geometry": {"type": "Polygon", "coordinates": [[[-95.50082999968573, 29.811458000373072], [-95.50078299983007, 29.81679699967306], [-95.50038899964477, 29.818164000350084], [-95.49911900012364, 29.820035000372048], [-95.49368100004219, 29.825761999854688], [-95.48326600001175, 29.818335999648447], [-95.48417900005582, 29.817522999787542], [-95.48531499968264, 29.817044000110474], [-95.48498900016774, 29.810571000261806], [-95.49170199979318, 29.810696999738607], [-95.49435300006184, 29.81103900030186], [-95.500855999625, 29.81090700033247], [-95.50082999968573, 29.811458000373072]]]}, "properties": {"geoid": "48201520601", "name": "Census Tract 5206.01", "population": "2658.0", "median_hh_income": "43147.0", "poverty_rate": "0.3105542900531511", "nearest_dollar_store_mi": "0.92", "gap_score": "1063.3"}}, {"type": "Feature", "geometry": {"type": "Polygon", "coordinates": [[[-95.36939000031336, 29.777652999768023], [-95.36904600035679, 29.779318999619093], [-95.36733400007147, 29.77948999987915], [-95.35685999959148, 29.78331900016143], [-95.35142599970798, 29.783371000145365], [-95.35135200008814, 29.778364999949304], [-95.34022099965713, 29.77859400015149], [-95.34052399960584, 29.77121900033386], [-95.34116399983843, 29.769641000087223], [-95.3478279999584, 29.770171999629234], [-95.35142999990595, 29.770108000086232], [-95.35798900044392, 29.767587000324383], [-95.360429999752, 29.76735099981043], [-95.36168199972977, 29.767914999956723], [-95.36499900017029, 29.77049899972653], [-95.36828300010055, 29.775835000365], [-95.36931099977234, 29.776985000373998], [-95.36939000031336, 29.777652999768023]]]}, "properties": {"geoid": "48201212300", "name": "Census Tract 2123", "population": "4731.0", "median_hh_income": "65176.0", "poverty_rate": "0.25258930458676815", "nearest_dollar_store_mi": "0.86", "gap_score": "1008.8"}}, {"type": "Feature", "geometry": {"type": "Polygon", "coordinates": [[[-95.31591900024337, 29.787613999749585], [-95.28874599955459, 29.79929099972637], [-95.28013999989385, 29.80247299998337], [-95.27066100037202, 29.79616300030304], [-95.26933499987608, 29.794557999897012], [-95.26721900025801, 29.790155999931347], [-95.26406099982616, 29.782309999744694], [-95.26345999995162, 29.78020000037039], [-95.26354899964008, 29.778223000146472], [-95.26407699971969, 29.77572099970157], [-95.27822699976709, 29.778057999837113], [-95.28991300004186, 29.77803200002824], [-95.29270200040278, 29.777551000006426], [-95.30062699982304, 29.774525999710953], [-95.30740700029396, 29.77435900032858], [-95.3073820001796, 29.780136999770402], [-95.29166200013711, 29.780171999675453], [-95.29176400024437, 29.787623999979186], [-95.3134860004329, 29.787407999630442], [-95.31591300039558, 29.786762999702113], [-95.31591900024337, 29.787613999749585]]]}, "properties": {"geoid": "48201212400", "name": "Census Tract 2124", "population": "2871.0", "median_hh_income": "42344.0", "poverty_rate": "0.2936259143155695", "nearest_dollar_store_mi": "3.04", "gap_score": "3714.0"}}, {"type": "Feature", "geometry": {"type": "Polygon", "coordinates": [[[-95.51326699962289, 29.704426000370972], [-95.49928800017804, 29.716840999799164], [-95.49476200031576, 29.712909999978603], [-95.49695300027686, 29.71145300011537], [-95.49679400026821, 29.707217999882193], [-95.4972360001341, 29.70541500016783], [-95.50269599995683, 29.70530500020481], [-95.50876199967699, 29.703822999993232], [-95.51123499967042, 29.70387800002117], [-95.51326699962289, 29.704426000370972]]]}, "properties": {"geoid": "48201421302", "name": "Census Tract 4213.02", "population": "5595.0", "median_hh_income": "55064.0", "poverty_rate": "0.2715668107885526", "nearest_dollar_store_mi": "1.32", "gap_score": "3128.0"}}, {"type": "Feature", "geometry": {"type": "Polygon", "coordinates": [[[-95.49317999972676, 29.722248999973814], [-95.49164499989176, 29.723596999855992], [-95.48904100037709, 29.72376400034717], [-95.48903299998116, 29.72181499986013], [-95.48528700009356, 29.721841000210997], [-95.48511800003915, 29.722536000012084], [-95.48477599973239, 29.722497999880193], [-95.48485000025056, 29.720051999963243], [-95.49315200013767, 29.719962999728306], [-95.49317999972676, 29.722248999973814]]]}, "properties": {"geoid": "48201421204", "name": "Census Tract 4212.04", "population": "3274.0", "median_hh_income": "44222.0", "poverty_rate": "0.3091020158827123", "nearest_dollar_store_mi": "1.27", "gap_score": "1820.1"}}, {"type": "Feature", "geometry": {"type": "Polygon", "coordinates": [[[-95.48431499959995, 29.675868000211008], [-95.48419599977427, 29.67912799992958], [-95.47940899979606, 29.678997000010956], [-95.4792909997953, 29.68327699967794], [-95.47702000036654, 29.68328100018682], [-95.47687499970328, 29.677388999721643], [-95.48425699987364, 29.675308999885587], [-95.48431499959995, 29.675868000211008]]]}, "properties": {"geoid": "48201421801", "name": "Census Tract 4218.01", "population": "2303.0", "median_hh_income": "42045.0", "poverty_rate": "0.18063395570994356", "nearest_dollar_store_mi": "1.39", "gap_score": "1261.6"}}, {"type": "Feature", "geometry": {"type": "Polygon", "coordinates": [[[-95.49719099992825, 29.705983999812496], [-95.49679400026821, 29.707217999882193], [-95.49695300027686, 29.71145300011537], [-95.49476200031576, 29.712909999978603], [-95.4932800001842, 29.71083200010794], [-95.49305000003044, 29.7054529997441], [-95.4972360001341, 29.70541500016783], [-95.49719099992825, 29.705983999812496]]]}, "properties": {"geoid": "48201421301", "name": "Census Tract 4213.01", "population": "3537.0", "median_hh_income": "41842.0", "poverty_rate": "0.4424653661294883", "nearest_dollar_store_mi": "0.95", "gap_score": "1610.5"}}, {"type": "Feature", "geometry": {"type": "Polygon", "coordinates": [[[-95.48900299984395, 29.720003000343315], [-95.48485000025056, 29.720051999963243], [-95.48480000002185, 29.71642399977221], [-95.48896100001116, 29.71638199969593], [-95.48900299984395, 29.720003000343315]]]}, "properties": {"geoid": "48201421206", "name": "Census Tract 4212.06", "population": "2013.0", "median_hh_income": "31203.0", "poverty_rate": "0.4038748137108793", "nearest_dollar_store_mi": "1.36", "gap_score": "1280.8"}}, {"type": "Feature", "geometry": {"type": "Polygon", "coordinates": [[[-95.53659800016459, 29.666019999919722], [-95.53415299976025, 29.666010999961223], [-95.52810200010872, 29.664971999683768], [-95.5280240002909, 29.655683999806413], [-95.53247300016031, 29.656323000344088], [-95.53626599990356, 29.65629800021608], [-95.53601900003136, 29.656452000125316], [-95.53613000035945, 29.661718999713077], [-95.53659800016459, 29.666019999919722]]]}, "properties": {"geoid": "48201423203", "name": "Census Tract 4232.03", "population": "2280.0", "median_hh_income": "50821.0", "poverty_rate": "0.3570175438596491", "nearest_dollar_store_mi": "0.81", "gap_score": "837.9"}}, {"type": "Feature", "geometry": {"type": "Polygon", "coordinates": [[[-95.48480000002185, 29.71642399977221], [-95.47641399957082, 29.71652700029358], [-95.47634300032402, 29.709266999949186], [-95.48468299984599, 29.7091759997763], [-95.48480000002185, 29.71642399977221]]]}, "properties": {"geoid": "48201421502", "name": "Census Tract 4215.02", "population": "3137.0", "median_hh_income": "44367.0", "poverty_rate": "0.37218287186091437", "nearest_dollar_store_mi": "1.0", "gap_score": "1433.4"}}, {"type": "Feature", "geometry": {"type": "Polygon", "coordinates": [[[-95.52116699982709, 29.73733100003392], [-95.51419399991066, 29.737382999707762], [-95.51405900019144, 29.729303000372227], [-95.52049399998253, 29.729065000085495], [-95.5205600001048, 29.733732000174353], [-95.52116699982709, 29.73733100003392]]]}, "properties": {"geoid": "48201432101", "name": "Census Tract 4321.01", "population": "3193.0", "median_hh_income": "62029.0", "poverty_rate": "0.28249295333542124", "nearest_dollar_store_mi": "0.96", "gap_score": "939.3"}}, {"type": "Feature", "geometry": {"type": "Polygon", "coordinates": [[[-95.62537999988065, 29.764000999698787], [-95.62519499993272, 29.765293000300314], [-95.62448500027826, 29.76684700019514], [-95.62312699999525, 29.76880600021249], [-95.62253699999135, 29.768429999913252], [-95.62212600008763, 29.76693199986087], [-95.62145700044103, 29.766030000353748], [-95.62128300036377, 29.763218999633867], [-95.62068599978888, 29.76249800028499], [-95.61919100013684, 29.761713000199496], [-95.61877799968497, 29.761068000086365], [-95.61844100029938, 29.754458000297664], [-95.62352799985325, 29.75444300005424], [-95.62525900040514, 29.754909000121003], [-95.62537999988065, 29.764000999698787]]]}, "properties": {"geoid": "48201451501", "name": "Census Tract 4515.01", "population": "2984.0", "median_hh_income": "73154.0", "poverty_rate": "0.039744021556079485", "nearest_dollar_store_mi": "1.87", "gap_score": "529.0"}}, {"type": "Feature", "geometry": {"type": "Polygon", "coordinates": [[[-95.50122499969594, 29.7340429996355], [-95.50090500002881, 29.737538000150597], [-95.49561199971232, 29.737577000022995], [-95.4954359999852, 29.731745000098506], [-95.50118600023619, 29.731662000306404], [-95.50122499969594, 29.7340429996355]]]}, "properties": {"geoid": "48201432006", "name": "Census Tract 4320.06", "population": "2264.0", "median_hh_income": "35219.0", "poverty_rate": "0.37985865724381623", "nearest_dollar_store_mi": "0.25", "gap_score": "262.2"}}, {"type": "Feature", "geometry": {"type": "Polygon", "coordinates": [[[-95.52615700019489, 29.809801000356266], [-95.51965000043377, 29.809832999915667], [-95.51167900008444, 29.811048999749186], [-95.50659099980737, 29.81099500007163], [-95.50652100038548, 29.80307600037826], [-95.5093890003891, 29.802768000339842], [-95.51138000033369, 29.801019000207347], [-95.51257600023497, 29.80215500009127], [-95.51434799989646, 29.80217800031592], [-95.51657900004052, 29.80312999965458], [-95.51795300021705, 29.803361000300498], [-95.52082000039579, 29.805126999852355], [-95.52419999968717, 29.806344000073164], [-95.5244199997952, 29.807095999755603], [-95.52512699997496, 29.807254000097842], [-95.52594100028482, 29.80794900003076], [-95.52615700019489, 29.809801000356266]]]}, "properties": {"geoid": "48201521202", "name": "Census Tract 5212.02", "population": "3481.0", "median_hh_income": "66630.0", "poverty_rate": "0.20781954887218046", "nearest_dollar_store_mi": "1.11", "gap_score": "833.5"}}, {"type": "Feature", "geometry": {"type": "Polygon", "coordinates": [[[-95.58119900008491, 29.736557000051835], [-95.57616500023451, 29.736616000029947], [-95.57567800016277, 29.73270199985496], [-95.57755299975639, 29.73265700027394], [-95.58057899994378, 29.733279000217355], [-95.58051600019459, 29.734153000089453], [-95.58119900008491, 29.736557000051835]]]}, "properties": {"geoid": "48201452102", "name": "Census Tract 4521.02", "population": "1818.0", "median_hh_income": "55909.0", "poverty_rate": "0.19573978123200922", "nearest_dollar_store_mi": "1.82", "gap_score": "1271.6"}}, {"type": "Feature", "geometry": {"type": "Polygon", "coordinates": [[[-95.24842100014962, 29.628400000254924], [-95.24624899955676, 29.632977999647004], [-95.24583900037625, 29.63815899986415], [-95.2452450001744, 29.63916000016601], [-95.24336300000978, 29.640735000375145], [-95.22905700032678, 29.62770499995224], [-95.24837500011887, 29.62716399974162], [-95.24842100014962, 29.628400000254924]]]}, "properties": {"geoid": "48201333301", "name": "Census Tract 3333.01", "population": "4541.0", "median_hh_income": "30325.0", "poverty_rate": "0.4769874476987448", "nearest_dollar_store_mi": "0.27", "gap_score": "594.0"}}, {"type": "Feature", "geometry": {"type": "Polygon", "coordinates": [[[-95.25159299992686, 29.652503000091485], [-95.24918400040586, 29.653299999944576], [-95.24916799961402, 29.65221299970727], [-95.23928099966318, 29.65252700033894], [-95.23913800044636, 29.64624100003414], [-95.23812199957183, 29.646251999628983], [-95.23781699997329, 29.643785999990275], [-95.24149500008883, 29.642069000240195], [-95.24336300000978, 29.640735000375145], [-95.24515800013576, 29.642845000156765], [-95.25159299992686, 29.652503000091485]]]}, "properties": {"geoid": "48201320901", "name": "Census Tract 3209.01", "population": "2816.0", "median_hh_income": "54707.0", "poverty_rate": "0.16964285714285715", "nearest_dollar_store_mi": "1.34", "gap_score": "1470.3"}}, {"type": "Feature", "geometry": {"type": "Polygon", "coordinates": [[[-95.4687319998248, 29.81944100036297], [-95.45944800029665, 29.81962299995093], [-95.45925199957975, 29.814085999746027], [-95.45009600009811, 29.814118000272448], [-95.45004699969431, 29.81055099971166], [-95.44251800010916, 29.810695999712433], [-95.44204500028115, 29.809784999793205], [-95.44088199999183, 29.808874000149146], [-95.44491199956157, 29.8067970002107], [-95.44801300009202, 29.80344299985141], [-95.44915999958951, 29.801536000057066], [-95.4508550001564, 29.801518000274545], [-95.45150700008455, 29.802894000293016], [-95.4528200001617, 29.80453200005212], [-95.4687319998248, 29.81944100036297]]]}, "properties": {"geoid": "48201530102", "name": "Census Tract 5301.02", "population": "2971.0", "median_hh_income": "65192.0", "poverty_rate": "0.3268259845169976", "nearest_dollar_store_mi": "0.08", "gap_score": "63.4"}}, {"type": "Feature", "geometry": {"type": "Polygon", "coordinates": [[[-95.38214500026784, 29.73912999991704], [-95.38169500000603, 29.744444999927953], [-95.38132000008731, 29.744229999967356], [-95.37631300000109, 29.750599000209608], [-95.37201800011748, 29.748007999767864], [-95.37997900042107, 29.73795299985506], [-95.38222399991055, 29.738901999958518], [-95.38214500026784, 29.73912999991704]]]}, "properties": {"geoid": "48201410601", "name": "Census Tract 4106.01", "population": "3723.0", "median_hh_income": "98958.0", "poverty_rate": "0.14251142780317289", "nearest_dollar_store_mi": "0.25", "gap_score": "0.0"}}, {"type": "Feature", "geometry": {"type": "Polygon", "coordinates": [[[-95.42652000023234, 29.801656000083458], [-95.42549099983732, 29.801736000021002], [-95.42471300041078, 29.802319999654035], [-95.42439700004327, 29.80167700019018], [-95.42231900006006, 29.801678999643308], [-95.42226600035661, 29.799640999849643], [-95.4116980001653, 29.7997020003739], [-95.41155400022527, 29.792331999777527], [-95.41180000027255, 29.790378999852944], [-95.41706000007876, 29.790117999702847], [-95.41737700027116, 29.790665999754935], [-95.41946799977487, 29.792002000178854], [-95.42045699998691, 29.79329700029784], [-95.42250200035818, 29.794436000334596], [-95.42349400004497, 29.797035000237763], [-95.4245739995953, 29.79844800038131], [-95.42466099963391, 29.799832000050813], [-95.4263419999571, 29.80101599983858], [-95.42652000023234, 29.801656000083458]]]}, "properties": {"geoid": "48201511201", "name": "Census Tract 5112.01", "population": "2940.0", "median_hh_income": "190938.0", "poverty_rate": "0.010884353741496598", "nearest_dollar_store_mi": "1.89", "gap_score": "0.0"}}, {"type": "Feature", "geometry": {"type": "Polygon", "coordinates": [[[-95.48485000025056, 29.720051999963243], [-95.47644399970805, 29.720142000269583], [-95.47641399957082, 29.71652700029358], [-95.48480000002185, 29.71642399977221], [-95.48485000025056, 29.720051999963243]]]}, "properties": {"geoid": "48201421103", "name": "Census Tract 4211.03", "population": "1533.0", "median_hh_income": "41982.0", "poverty_rate": "0.1908548707753479", "nearest_dollar_store_mi": "1.37", "gap_score": "833.2"}}, {"type": "Feature", "geometry": {"type": "Polygon", "coordinates": [[[-95.38888499965745, 29.738793999961498], [-95.38198000041139, 29.73891200037125], [-95.37997900042107, 29.73795299985506], [-95.3844719997731, 29.73224699986779], [-95.38863899961017, 29.732185000349233], [-95.38708899970655, 29.732717000230856], [-95.38547699987866, 29.734530000283254], [-95.3888450003728, 29.734514000171437], [-95.38888499965745, 29.738793999961498]]]}, "properties": {"geoid": "48201410706", "name": "Census Tract 4107.06", "population": "1835.0", "median_hh_income": "72305.0", "poverty_rate": "0.2140120415982485", "nearest_dollar_store_mi": "0.58", "gap_score": "133.0"}}, {"type": "Feature", "geometry": {"type": "Polygon", "coordinates": [[[-95.30890699996885, 30.00423100001074], [-95.29386700034193, 30.005045999636966], [-95.26824299973185, 30.005017999803833], [-95.27860099986088, 29.97865399981535], [-95.29058599988642, 29.952193000101435], [-95.3043130003345, 29.952236000173066], [-95.30823199957615, 29.968750999992015], [-95.30832299981276, 29.972062000320527], [-95.30736600028608, 29.972803000318393], [-95.29887299970493, 29.972831999857263], [-95.29692299976823, 29.973647999646314], [-95.29610400033381, 29.975023000028227], [-95.29592600005859, 29.982777000041377], [-95.29707900030215, 29.98295099990716], [-95.29695100025563, 29.983591000135434], [-95.3053400001814, 29.985306999755974], [-95.30856800003514, 29.985539000082476], [-95.30890699996885, 30.00423100001074]]]}, "properties": {"geoid": "48201241501", "name": "Census Tract 2415.01", "population": "4295.0", "median_hh_income": "44500.0", "poverty_rate": "0.1656590084643289", "nearest_dollar_store_mi": "1.81", "gap_score": "3018.9"}}, {"type": "Feature", "geometry": {"type": "Polygon", "coordinates": [[[-95.5236809998284, 29.79807800005609], [-95.51272600002281, 29.800312999803246], [-95.51138000033369, 29.801019000207347], [-95.51114000013419, 29.799873000111813], [-95.51012699963267, 29.798853999871532], [-95.51011199956406, 29.797238999708448], [-95.51280499966553, 29.797273999870068], [-95.51280800003858, 29.79431100005356], [-95.51391699990123, 29.79430700007319], [-95.51393699999271, 29.7896889998771], [-95.51552899972913, 29.789530999859593], [-95.51671399975974, 29.78892599998315], [-95.52031800025544, 29.788909999979257], [-95.51999699986509, 29.78797600009747], [-95.52012300026178, 29.78374199978664], [-95.52125999971351, 29.78373399976054], [-95.52128300017806, 29.785415000065715], [-95.52177500027264, 29.787353999665328], [-95.52181000043274, 29.792280999981504], [-95.52310300041842, 29.794758999963506], [-95.52392100002791, 29.79799999983817], [-95.5236809998284, 29.79807800005609]]]}, "properties": {"geoid": "48201521000", "name": "Census Tract 5210", "population": "2158.0", "median_hh_income": "47985.0", "poverty_rate": "0.22706209453197404", "nearest_dollar_store_mi": "1.78", "gap_score": "1574.5"}}, {"type": "Feature", "geometry": {"type": "Polygon", "coordinates": [[[-95.52441599959724, 29.806727000302853], [-95.5238270003166, 29.806134000030884], [-95.52082000039579, 29.805126999852355], [-95.51795300021705, 29.803361000300498], [-95.51657900004052, 29.80312999965458], [-95.51434799989646, 29.80217800031592], [-95.51251299958747, 29.802128000193562], [-95.51138000033369, 29.801019000207347], [-95.51272600002281, 29.800312999803246], [-95.52196199987038, 29.798611999674804], [-95.52392100002791, 29.79799999983817], [-95.52441599959724, 29.806727000302853]]]}, "properties": {"geoid": "48201521100", "name": "Census Tract 5211", "population": "2494.0", "median_hh_income": "36955.0", "poverty_rate": "0.46952686447473935", "nearest_dollar_store_mi": "1.35", "gap_score": "1652.7"}}, {"type": "Feature", "geometry": {"type": "Polygon", "coordinates": [[[-95.52628100004344, 29.821945000203588], [-95.52068399995335, 29.82196599994666], [-95.51649000035209, 29.82105599975921], [-95.50730600038302, 29.821190000200758], [-95.5012430001376, 29.820856000243367], [-95.49991400016692, 29.82052000009349], [-95.49911900012364, 29.820035000372048], [-95.50005499973393, 29.81882600032283], [-95.50078299983007, 29.81679699967306], [-95.500855999625, 29.81090700033247], [-95.51167900008444, 29.811048999749186], [-95.51965000043377, 29.809832999915667], [-95.52615700019489, 29.809801000356266], [-95.52628100004344, 29.821945000203588]]]}, "properties": {"geoid": "48201521300", "name": "Census Tract 5213", "population": "7160.0", "median_hh_income": "60095.0", "poverty_rate": "0.32122905027932963", "nearest_dollar_store_mi": "0.67", "gap_score": "1669.9"}}, {"type": "Feature", "geometry": {"type": "Polygon", "coordinates": [[[-95.54529599988683, 29.83257699965496], [-95.54502800009823, 29.83406200009822], [-95.545146000099, 29.860112000356615], [-95.54413099994768, 29.861658999987437], [-95.50472000041171, 29.83366700027219], [-95.50663299964016, 29.832845999659956], [-95.50824500036636, 29.832733999664754], [-95.5453210000012, 29.832239000325334], [-95.54529599988683, 29.83257699965496]]]}, "properties": {"geoid": "48201521600", "name": "Census Tract 5216", "population": "2972.0", "median_hh_income": "91667.0", "poverty_rate": "0.061574697173620456", "nearest_dollar_store_mi": "1.43", "gap_score": "0.0"}}, {"type": "Feature", "geometry": {"type": "Polygon", "coordinates": [[[-95.1267070001713, 29.56170599995245], [-95.12317399982071, 29.564218999705414], [-95.12126999991476, 29.564947999744298], [-95.11797799958859, 29.564915000123086], [-95.11435499972463, 29.563542999724508], [-95.11790599961856, 29.557040999844965], [-95.1203379996041, 29.554867000170987], [-95.1267070001713, 29.56170599995245]]]}, "properties": {"geoid": "48201340502", "name": "Census Tract 3405.02", "population": "2216.0", "median_hh_income": "54180.0", "poverty_rate": "0.2703068592057762", "nearest_dollar_store_mi": "0.97", "gap_score": "910.4"}}, {"type": "Feature", "geometry": {"type": "Polygon", "coordinates": [[[-95.20543899972989, 29.60642400013358], [-95.19190299997584, 29.616172000316865], [-95.18830299967807, 29.6127249998667], [-95.1769699995807, 29.600620999814296], [-95.1782840003811, 29.599246000268156], [-95.18044199983193, 29.591333000118833], [-95.18144100008972, 29.589328999703746], [-95.18440399962961, 29.586623999914366], [-95.19311099957268, 29.594244000310095], [-95.20543899972989, 29.60642400013358]]]}, "properties": {"geoid": "48201340102", "name": "Census Tract 3401.02", "population": "5498.0", "median_hh_income": "88884.0", "poverty_rate": "0.1650201244054153", "nearest_dollar_store_mi": "2.01", "gap_score": "0.0"}}, {"type": "Feature", "geometry": {"type": "Polygon", "coordinates": [[[-95.18425800003973, 29.586762999820557], [-95.18201900039806, 29.588646999733392], [-95.18094499979719, 29.590101999922343], [-95.1782840003811, 29.599246000268156], [-95.1769699995807, 29.600620999814296], [-95.1577990001017, 29.58020000023277], [-95.15924299970011, 29.579058000156362], [-95.1621359998181, 29.575823999610858], [-95.16498200008044, 29.574034000126716], [-95.16901599984813, 29.569615999825743], [-95.18093700029956, 29.583469000133782], [-95.18440399962961, 29.586623999914366], [-95.18425800003973, 29.586762999820557]]]}, "properties": {"geoid": "48201340101", "name": "Census Tract 3401.01", "population": "1610.0", "median_hh_income": "59022.0", "poverty_rate": "0.08198757763975155", "nearest_dollar_store_mi": "3.46", "gap_score": "1461.7"}}, {"type": "Feature", "geometry": {"type": "Polygon", "coordinates": [[[-95.6061070002944, 29.753920999699478], [-95.60117700020108, 29.753794999717503], [-95.59427600025465, 29.752370000037455], [-95.59201599979824, 29.751214999799014], [-95.58847699959988, 29.74839799998712], [-95.58660100018133, 29.747444999765076], [-95.58849400021663, 29.743875999934687], [-95.58868199963929, 29.740652000065737], [-95.59353800011277, 29.74059799985408], [-95.59357800029575, 29.743020999857173], [-95.59445000033192, 29.74300600024228], [-95.59447999957084, 29.74416899996713], [-95.59530399992646, 29.74416899996713], [-95.59520000016938, 29.744982999713816], [-95.59821700013593, 29.744944000381604], [-95.59825999979363, 29.74763999998953], [-95.59934699991497, 29.74749699965404], [-95.60221099972065, 29.746299000285134], [-95.60605200004281, 29.74622200017982], [-95.6061070002944, 29.753920999699478]]]}, "properties": {"geoid": "48201451302", "name": "Census Tract 4513.02", "population": "3254.0", "median_hh_income": "139884.0", "poverty_rate": "0.008604794099569761", "nearest_dollar_store_mi": "1.82", "gap_score": "0.0"}}, {"type": "Feature", "geometry": {"type": "Polygon", "coordinates": [[[-95.61512200020904, 29.71638900023001], [-95.6135489998409, 29.717419000266588], [-95.61323099982357, 29.71949500000828], [-95.60477400012574, 29.719793000252373], [-95.60466899964545, 29.714321999761584], [-95.61470399973429, 29.713411000129103], [-95.61465900042677, 29.714959000139537], [-95.61512200020904, 29.71638900023001]]]}, "properties": {"geoid": "48201451903", "name": "Census Tract 4519.03", "population": "3846.0", "median_hh_income": "32231.0", "poverty_rate": "0.3962558502340094", "nearest_dollar_store_mi": "0.5", "gap_score": "899.5"}}, {"type": "Feature", "geometry": {"type": "Polygon", "coordinates": [[[-95.6196880002543, 29.735915000293655], [-95.60583899960749, 29.736177999695148], [-95.6057340000255, 29.729779000032032], [-95.609556999906, 29.729684000291762], [-95.61456300016731, 29.72797900008766], [-95.61961200008632, 29.728069000305798], [-95.6196880002543, 29.735915000293655]]]}, "properties": {"geoid": "48201452001", "name": "Census Tract 4520.01", "population": "6370.0", "median_hh_income": "72528.0", "poverty_rate": "0.16246409192467284", "nearest_dollar_store_mi": "0.74", "gap_score": "542.7"}}, {"type": "Feature", "geometry": {"type": "Polygon", "coordinates": [[[-95.59262699971852, 29.73629700005195], [-95.58119900008491, 29.736557000051835], [-95.58051600019459, 29.734153000089453], [-95.58065299956364, 29.732045999943125], [-95.58013999955264, 29.72929099966331], [-95.58027900036814, 29.72799599975367], [-95.57163400034935, 29.727728999665022], [-95.57144600002836, 29.717062000256156], [-95.59222199966257, 29.715393000251147], [-95.59262699971852, 29.73629700005195]]]}, "properties": {"geoid": "48201452101", "name": "Census Tract 4521.01", "population": "7306.0", "median_hh_income": "74299.0", "poverty_rate": "0.1524951212712573", "nearest_dollar_store_mi": "1.33", "gap_score": "849.3"}}, {"type": "Feature", "geometry": {"type": "Polygon", "coordinates": [[[-95.35110100001798, 29.758978999741664], [-95.35050599999123, 29.76000500018376], [-95.34934299970192, 29.764481000363375], [-95.34767800017056, 29.766512000030474], [-95.34666100036941, 29.765890000385102], [-95.34660600011783, 29.76262599969587], [-95.34584299986159, 29.762003000366274], [-95.34343099996754, 29.762158000178445], [-95.34063999995679, 29.761335000314013], [-95.33792699976385, 29.76221499966669], [-95.33393700037709, 29.761536999753545], [-95.33337099976436, 29.761011999688446], [-95.33463899963564, 29.759943999644744], [-95.33800899977962, 29.75507199996426], [-95.3393949996517, 29.755419999885895], [-95.34138099957342, 29.75288899963951], [-95.35094700003219, 29.75854399969637], [-95.35126800042255, 29.758746000083125], [-95.35110100001798, 29.758978999741664]]]}, "properties": {"geoid": "48201310102", "name": "Census Tract 3101.02", "population": "2400.0", "median_hh_income": "91102.0", "poverty_rate": "0.24375", "nearest_dollar_store_mi": "1.33", "gap_score": "0.0"}}, {"type": "Feature", "geometry": {"type": "Polygon", "coordinates": [[[-95.46502000027239, 29.62870800007713], [-95.46348200006436, 29.63198000032567], [-95.46373599960924, 29.647490000291377], [-95.45087900044582, 29.652565999655337], [-95.44659600025781, 29.653898999632098], [-95.44615699986666, 29.62756699976315], [-95.46518500012883, 29.62728000027541], [-95.46502000027239, 29.62870800007713]]]}, "properties": {"geoid": "48201330200", "name": "Census Tract 3302", "population": "6130.0", "median_hh_income": "57287.0", "poverty_rate": "0.2962658331962494", "nearest_dollar_store_mi": "0.6", "gap_score": "1442.1"}}, {"type": "Feature", "geometry": {"type": "Polygon", "coordinates": [[[-95.46518500012883, 29.62728000027541], [-95.44615699986666, 29.62756699976315], [-95.44595199982724, 29.60610099963017], [-95.4647180001486, 29.605793999952965], [-95.46518500012883, 29.62728000027541]]]}, "properties": {"geoid": "48201330400", "name": "Census Tract 3304", "population": "5047.0", "median_hh_income": "45611.0", "poverty_rate": "0.27640182286506837", "nearest_dollar_store_mi": "1.4", "gap_score": "3011.2"}}, {"type": "Feature", "geometry": {"type": "Polygon", "coordinates": [[[-95.44615699986666, 29.62756699976315], [-95.41767799967174, 29.62805799993212], [-95.41398299983776, 29.627690000297306], [-95.4174359998224, 29.619034000026208], [-95.42242700001509, 29.62006600022509], [-95.42448400008192, 29.619855999865074], [-95.42581499970241, 29.61897000019255], [-95.42725500000117, 29.61952900030757], [-95.42970299988023, 29.618985999959545], [-95.43111300004178, 29.619533999816866], [-95.43247999964728, 29.618918000151318], [-95.43719999967833, 29.618914000207127], [-95.44118300029072, 29.620611000158977], [-95.4459700002689, 29.618779999641564], [-95.44615699986666, 29.62756699976315]]]}, "properties": {"geoid": "48201330500", "name": "Census Tract 3305", "population": "5466.0", "median_hh_income": "71875.0", "poverty_rate": "0.19923161361141603", "nearest_dollar_store_mi": "0.95", "gap_score": "676.6"}}, {"type": "Feature", "geometry": {"type": "Polygon", "coordinates": [[[-95.34294999974361, 29.84768299981756], [-95.3425260003194, 29.849129999678784], [-95.33484200002523, 29.861911000042454], [-95.33359400024541, 29.86134399999763], [-95.33396099976821, 29.85137899962142], [-95.33364799977377, 29.84075900001477], [-95.34280599980357, 29.84044200007261], [-95.34294999974361, 29.84768299981756]]]}, "properties": {"geoid": "48201220900", "name": "Census Tract 2209", "population": "1790.0", "median_hh_income": "23083.0", "poverty_rate": "0.3843575418994413", "nearest_dollar_store_mi": "0.66", "gap_score": "542.5"}}, {"type": "Feature", "geometry": {"type": "Polygon", "coordinates": [[[-95.35177800006049, 29.870991999869574], [-95.34109699989128, 29.87107299980836], [-95.34158499978793, 29.86983399961232], [-95.34124400020437, 29.868238999660797], [-95.34257399999996, 29.867733000026835], [-95.34271899976491, 29.86732599966137], [-95.34251700009855, 29.866117000178953], [-95.34160800025245, 29.864395999853595], [-95.34032100011456, 29.86341799964405], [-95.33904700039547, 29.86310500031471], [-95.33815100006983, 29.862225000290174], [-95.33484200002523, 29.861911000042454], [-95.34290299988793, 29.848150999826995], [-95.34862899984947, 29.848072000065898], [-95.34954100006864, 29.84967900008168], [-95.34982300010093, 29.85083600008054], [-95.34999899982803, 29.867341000119648], [-95.35177800006049, 29.870991999869574]]]}, "properties": {"geoid": "48201221000", "name": "Census Tract 2210", "population": "3508.0", "median_hh_income": "34574.0", "poverty_rate": "0.3768529076396807", "nearest_dollar_store_mi": "1.33", "gap_score": "2147.9"}}, {"type": "Feature", "geometry": {"type": "Polygon", "coordinates": [[[-95.36508500038401, 29.870732000083322], [-95.35189100003839, 29.870991999869574], [-95.34999899982803, 29.867341000119648], [-95.34981200023026, 29.850653000064934], [-95.34862899984947, 29.848072000065898], [-95.35239900002652, 29.848009000142493], [-95.3590509995526, 29.846497999854364], [-95.36508500038401, 29.870732000083322]]]}, "properties": {"geoid": "48201221100", "name": "Census Tract 2211", "population": "3233.0", "median_hh_income": "73110.0", "poverty_rate": "0.11197030621713579", "nearest_dollar_store_mi": "0.88", "gap_score": "290.9"}}, {"type": "Feature", "geometry": {"type": "Polygon", "coordinates": [[[-95.38491299981403, 29.8700500002523], [-95.36844499958393, 29.870243000291445], [-95.36508500038401, 29.870732000083322], [-95.36221800020529, 29.859197999686916], [-95.37201200026969, 29.85903799980325], [-95.37630299995536, 29.85940700009324], [-95.38470699994973, 29.859437999810595], [-95.38491299981403, 29.8700500002523]]]}, "properties": {"geoid": "48201221200", "name": "Census Tract 2212", "population": "5407.0", "median_hh_income": "47390.0", "poverty_rate": "0.19521690767519467", "nearest_dollar_store_mi": "0.63", "gap_score": "1364.2"}}, {"type": "Feature", "geometry": {"type": "Polygon", "coordinates": [[[-95.29200799974352, 29.81450700027568], [-95.2919640002609, 29.831337000279795], [-95.27009200028454, 29.831449000282465], [-95.26970399994701, 29.80704599975318], [-95.28013999989385, 29.80247299998337], [-95.28240000035026, 29.80386700025956], [-95.28369499998574, 29.804254000203063], [-95.29016699958677, 29.804221999638095], [-95.29128399984533, 29.804806000347405], [-95.29202100016231, 29.811670000181117], [-95.29200799974352, 29.81450700027568]]]}, "properties": {"geoid": "48201230900", "name": "Census Tract 2309", "population": "4524.0", "median_hh_income": "28250.0", "poverty_rate": "0.358974358974359", "nearest_dollar_store_mi": "2.4", "gap_score": "4915.5"}}, {"type": "Feature", "geometry": {"type": "Polygon", "coordinates": [[[-95.28841900021474, 29.845525999990898], [-95.28817300016745, 29.851230000171956], [-95.28531699985938, 29.850395999932267], [-95.282410000396, 29.84863600020604], [-95.27793800006208, 29.848552999901827], [-95.27547299956625, 29.847809999690703], [-95.27430599997727, 29.845560999611532], [-95.27245200030005, 29.844928000058697], [-95.27044700011177, 29.84515300031137], [-95.26981000025222, 29.844488000367797], [-95.26933700042422, 29.844596999811326], [-95.26811300003551, 29.845998999903852], [-95.26656099958377, 29.84678499997674], [-95.2647260001731, 29.846812000279726], [-95.26288300036654, 29.848047999840034], [-95.26231699975379, 29.84809999967275], [-95.26223700028616, 29.837040999644596], [-95.26272400035789, 29.836588999951704], [-95.26983100016861, 29.836494000211246], [-95.27014599981288, 29.836170000023355], [-95.27009200028454, 29.831449000282465], [-95.28847399956803, 29.831315000348077], [-95.28841900021474, 29.845525999990898]]]}, "properties": {"geoid": "48201231000", "name": "Census Tract 2310", "population": "6115.0", "median_hh_income": "52500.0", "poverty_rate": "0.30464249406980687", "nearest_dollar_store_mi": "1.17", "gap_score": "3121.7"}}, {"type": "Feature", "geometry": {"type": "Polygon", "coordinates": [[[-95.3287289995511, 29.668565999649417], [-95.32859200018206, 29.67205700001658], [-95.32051200005279, 29.672058999713762], [-95.31998399997319, 29.672890000017304], [-95.316583999692, 29.661573999634697], [-95.32854699997623, 29.661364999913136], [-95.3287289995511, 29.668565999649417]]]}, "properties": {"geoid": "48201332300", "name": "Census Tract 3323", "population": "2910.0", "median_hh_income": "44451.0", "poverty_rate": "0.15017182130584192", "nearest_dollar_store_mi": "2.88", "gap_score": "3208.1"}}, {"type": "Feature", "geometry": {"type": "Polygon", "coordinates": [[[-95.35813400020888, 29.730423000152857], [-95.35172199998401, 29.738466000181962], [-95.34596400023541, 29.734806000251], [-95.34206699983676, 29.731822999652557], [-95.34396200042019, 29.727274999825955], [-95.34643600023853, 29.727993000317607], [-95.34973199986433, 29.727786000006557], [-95.35813400020888, 29.730423000152857]]]}, "properties": {"geoid": "48201312200", "name": "Census Tract 3122", "population": "1609.0", "median_hh_income": "", "poverty_rate": "0.4064636420136731", "nearest_dollar_store_mi": "0.79", "gap_score": "0.0"}}, {"type": "Feature", "geometry": {"type": "Polygon", "coordinates": [[[-95.37223800022552, 29.73357800010681], [-95.37125900005921, 29.734218999991867], [-95.36908499981651, 29.73682600001435], [-95.35819799978297, 29.730441000232545], [-95.3498919996979, 29.727844000389254], [-95.34986599975863, 29.72642100029807], [-95.35093500033662, 29.723728000129288], [-95.35472899990482, 29.724886999856018], [-95.35627399978554, 29.724896000002726], [-95.35600299962391, 29.725586000009564], [-95.36078399975432, 29.727149999985595], [-95.3612189999475, 29.726613999884382], [-95.37251500023496, 29.733457999626914], [-95.37223800022552, 29.73357800010681]]]}, "properties": {"geoid": "48201312400", "name": "Census Tract 3124", "population": "2048.0", "median_hh_income": "", "poverty_rate": "0.55859375", "nearest_dollar_store_mi": "1.23", "gap_score": "0.0"}}, {"type": "Feature", "geometry": {"type": "Polygon", "coordinates": [[[-95.59615400022133, 29.703615000239473], [-95.58786300020488, 29.703741000051682], [-95.58758700002033, 29.68892599977422], [-95.59590499980096, 29.689088000225723], [-95.59615400022133, 29.703615000239473]]]}, "properties": {"geoid": "48201452900", "name": "Census Tract 4529", "population": "4267.0", "median_hh_income": "60455.0", "poverty_rate": "0.2073342736248237", "nearest_dollar_store_mi": "2.02", "gap_score": "2706.0"}}, {"type": "Feature", "geometry": {"type": "Polygon", "coordinates": [[[-95.57121199967665, 29.703926000176953], [-95.55737899982167, 29.704502000257406], [-95.55715399969075, 29.69210200038233], [-95.55747500008111, 29.689424000358535], [-95.56008100014394, 29.689657000267143], [-95.56714899959663, 29.68901500020392], [-95.57025599997485, 29.68837599978067], [-95.57103599994956, 29.69180199981191], [-95.57121199967665, 29.703926000176953]]]}, "properties": {"geoid": "48201453100", "name": "Census Tract 4531", "population": "3712.0", "median_hh_income": "39162.0", "poverty_rate": "0.4107532751091703", "nearest_dollar_store_mi": "2.67", "gap_score": "4657.9"}}, {"type": "Feature", "geometry": {"type": "Polygon", "coordinates": [[[-95.49315600033563, 29.67826299989495], [-95.49279700031043, 29.67942899986445], [-95.49279700031043, 29.685050999818767], [-95.49241200034598, 29.688255999892927], [-95.49289199984668, 29.690686999790913], [-95.49299300012902, 29.694802999947896], [-95.48457200041622, 29.699194000039608], [-95.48425699987364, 29.675308999885587], [-95.485964999961, 29.67516300006784], [-95.48792900014139, 29.675507999808985], [-95.49315600033563, 29.67826299989495]]]}, "properties": {"geoid": "48201421700", "name": "Census Tract 4217", "population": "4521.0", "median_hh_income": "80609.0", "poverty_rate": "0.1973014819730148", "nearest_dollar_store_mi": "0.87", "gap_score": "0.0"}}, {"type": "Feature", "geometry": {"type": "Polygon", "coordinates": [[[-95.39980900039923, 29.84524600024697], [-95.39295500030848, 29.845523999856415], [-95.38451399960589, 29.833202000369443], [-95.38441700041982, 29.830847000155966], [-95.38629500038648, 29.830766000304802], [-95.38747799986898, 29.831371000377395], [-95.38946899981356, 29.83388400026539], [-95.39127200033548, 29.834726000319147], [-95.39241299998518, 29.83614999991964], [-95.39450699986193, 29.836930999983466], [-95.39509299966782, 29.838052999726738], [-95.39791100034107, 29.83901599983192], [-95.39866100017854, 29.840407000216423], [-95.39980900039923, 29.84524600024697]]]}, "properties": {"geoid": "48201530501", "name": "Census Tract 5305.01", "population": "1636.0", "median_hh_income": "39425.0", "poverty_rate": "0.28203517587939697", "nearest_dollar_store_mi": "0.55", "gap_score": "385.9"}}, {"type": "Feature", "geometry": {"type": "Polygon", "coordinates": [[[-95.40301600033659, 29.84586099975219], [-95.40182000043531, 29.845358000238775], [-95.39980900039923, 29.84524600024697], [-95.39866100017854, 29.840407000216423], [-95.39791100034107, 29.83901599983192], [-95.39502999991863, 29.838014999774895], [-95.39450699986193, 29.836930999983466], [-95.39241299998518, 29.83614999991964], [-95.39127200033548, 29.834726000319147], [-95.38946899981356, 29.83388400026539], [-95.38761599996124, 29.83148099992614], [-95.38629500038648, 29.830766000304802], [-95.4027850003579, 29.830487000314946], [-95.40301600033659, 29.84586099975219]]]}, "properties": {"geoid": "48201530502", "name": "Census Tract 5305.02", "population": "2491.0", "median_hh_income": "62922.0", "poverty_rate": "0.19662243667068757", "nearest_dollar_store_mi": "0.56", "gap_score": "383.5"}}, {"type": "Feature", "geometry": {"type": "Polygon", "coordinates": [[[-95.40432199984274, 29.70716699968084], [-95.39131900019115, 29.72357699987665], [-95.39071800031661, 29.72393099978024], [-95.38477800009484, 29.720398000196816], [-95.38303300019754, 29.717612000001356], [-95.3809250000771, 29.7165180001765], [-95.38461599971313, 29.70569899985592], [-95.38768399973331, 29.706641999774092], [-95.38886100026633, 29.706523999647626], [-95.39022600022201, 29.705903999878956], [-95.3919359999592, 29.701503000255475], [-95.39660499993663, 29.702999000182448], [-95.39838599981893, 29.701914000178082], [-95.40211099979011, 29.701394999803103], [-95.40284200025931, 29.70369599996969], [-95.40301700016151, 29.706230000184206], [-95.4050659998324, 29.70624699963256], [-95.40432199984274, 29.70716699968084]]]}, "properties": {"geoid": "48201313102", "name": "Census Tract 3131.02", "population": "1789.0", "median_hh_income": "85956.0", "poverty_rate": "0.2064139941690962", "nearest_dollar_store_mi": "2.22", "gap_score": "0.0"}}, {"type": "Feature", "geometry": {"type": "Polygon", "coordinates": [[[-95.38863299976238, 29.726990000243557], [-95.3858390002769, 29.730332999706118], [-95.37782199989682, 29.725509000384157], [-95.37941399963323, 29.720882000335163], [-95.38891999981756, 29.726644000114177], [-95.38863299976238, 29.726990000243557]]]}, "properties": {"geoid": "48201312602", "name": "Census Tract 3126.02", "population": "2519.0", "median_hh_income": "131864.0", "poverty_rate": "0.11252992817238627", "nearest_dollar_store_mi": "1.11", "gap_score": "0.0"}}, {"type": "Feature", "geometry": {"type": "Polygon", "coordinates": [[[-95.38388599996715, 29.732978000172043], [-95.37704100009722, 29.741653000169055], [-95.36908499981651, 29.73682600001435], [-95.37125900005921, 29.734218999991867], [-95.3734480003705, 29.733165000283112], [-95.3844719997731, 29.73224699986779], [-95.38388599996715, 29.732978000172043]]]}, "properties": {"geoid": "48201312502", "name": "Census Tract 3125.02", "population": "2089.0", "median_hh_income": "101406.0", "poverty_rate": "0.25682261208577", "nearest_dollar_store_mi": "0.34", "gap_score": "0.0"}}, {"type": "Feature", "geometry": {"type": "Polygon", "coordinates": [[[-95.39936599981014, 29.74272900029529], [-95.3970329995588, 29.742826000009018], [-95.39328800039442, 29.744654999897868], [-95.38884399964958, 29.744510000169896], [-95.38888499965745, 29.738793999961498], [-95.3993139999316, 29.738693000386238], [-95.39936599981014, 29.74272900029529]]]}, "properties": {"geoid": "48201410703", "name": "Census Tract 4107.03", "population": "2286.0", "median_hh_income": "93250.0", "poverty_rate": "0.10153846153846154", "nearest_dollar_store_mi": "1.0", "gap_score": "0.0"}}, {"type": "Feature", "geometry": {"type": "Polygon", "coordinates": [[[-95.41072900004474, 29.742581000342287], [-95.39931099955855, 29.742795999938725], [-95.3993139999316, 29.738693000386238], [-95.41069300005972, 29.73855399963832], [-95.41072900004474, 29.742581000342287]]]}, "properties": {"geoid": "48201410802", "name": "Census Tract 4108.02", "population": "1441.0", "median_hh_income": "121094.0", "poverty_rate": "0.05829285218598196", "nearest_dollar_store_mi": "1.68", "gap_score": "0.0"}}, {"type": "Feature", "geometry": {"type": "Polygon", "coordinates": [[[-95.39792899988443, 29.752410000209032], [-95.38890399992404, 29.752575999697708], [-95.38884600019772, 29.745385000345614], [-95.38965299993657, 29.74537000030446], [-95.38965799995944, 29.744619000157122], [-95.39311500014205, 29.744655999803832], [-95.39792899988443, 29.752410000209032]]]}, "properties": {"geoid": "48201410501", "name": "Census Tract 4105.01", "population": "1825.0", "median_hh_income": "136043.0", "poverty_rate": "0.06958904109589041", "nearest_dollar_store_mi": "1.07", "gap_score": "0.0"}}, {"type": "Feature", "geometry": {"type": "Polygon", "coordinates": [[[-95.41874600042483, 29.738480999695895], [-95.41069300005972, 29.73855399963832], [-95.41060799967092, 29.730978000213486], [-95.41865699983805, 29.730743000133934], [-95.41874600042483, 29.738480999695895]]]}, "properties": {"geoid": "48201411003", "name": "Census Tract 4110.03", "population": "1671.0", "median_hh_income": "107802.0", "poverty_rate": "0.13285457809694792", "nearest_dollar_store_mi": "2.3", "gap_score": "0.0"}}, {"type": "Feature", "geometry": {"type": "Polygon", "coordinates": [[[-95.41877800021189, 29.742318999721107], [-95.41072900004474, 29.742581000342287], [-95.41069300005972, 29.73855399963832], [-95.41874600042483, 29.738480999695895], [-95.41877800021189, 29.742318999721107]]]}, "properties": {"geoid": "48201411002", "name": "Census Tract 4110.02", "population": "2176.0", "median_hh_income": "101875.0", "poverty_rate": "0.09604779411764706", "nearest_dollar_store_mi": "2.26", "gap_score": "0.0"}}, {"type": "Feature", "geometry": {"type": "Polygon", "coordinates": [[[-95.42996999984393, 29.738337000369512], [-95.41874600042483, 29.738480999695895], [-95.41865699983805, 29.730743000133934], [-95.42399799983512, 29.730643000298265], [-95.42814799995377, 29.730044000022648], [-95.42973200019256, 29.73528300032105], [-95.42996999984393, 29.738337000369512]]]}, "properties": {"geoid": "48201411503", "name": "Census Tract 4115.03", "population": "3555.0", "median_hh_income": "115417.0", "poverty_rate": "0.07623066104078763", "nearest_dollar_store_mi": "2.85", "gap_score": "0.0"}}, {"type": "Feature", "geometry": {"type": "Polygon", "coordinates": [[[-95.43002900029347, 29.742068000005272], [-95.41877800021189, 29.742318999721107], [-95.41874600042483, 29.738480999695895], [-95.42996999984393, 29.738337000369512], [-95.43002900029347, 29.742068000005272]]]}, "properties": {"geoid": "48201411001", "name": "Census Tract 4110.01", "population": "2673.0", "median_hh_income": "124773.0", "poverty_rate": "0.05761316872427984", "nearest_dollar_store_mi": "2.84", "gap_score": "0.0"}}, {"type": "Feature", "geometry": {"type": "Polygon", "coordinates": [[[-95.44792500022847, 29.730046000125924], [-95.44161699976067, 29.729004000222627], [-95.43287999968035, 29.729382000322936], [-95.42814799995377, 29.730044000022648], [-95.42778999975346, 29.726753000015336], [-95.42482399984054, 29.726798999988215], [-95.42483200023645, 29.725366999795526], [-95.43336400027735, 29.7252440001176], [-95.44302899957202, 29.720345000152754], [-95.44311599961064, 29.724593000338945], [-95.44781800009834, 29.724528999778027], [-95.44792500022847, 29.730046000125924]]]}, "properties": {"geoid": "48201411801", "name": "Census Tract 4118.01", "population": "3825.0", "median_hh_income": "121557.0", "poverty_rate": "0.04097277293153582", "nearest_dollar_store_mi": "3.35", "gap_score": "0.0"}}, {"type": "Feature", "geometry": {"type": "Polygon", "coordinates": [[[-95.54463999976072, 29.713494000192966], [-95.5427240001592, 29.71408099998298], [-95.53893200024085, 29.713631000120063], [-95.53882900030868, 29.70895600016669], [-95.54396699991614, 29.70873499981108], [-95.54410500000841, 29.712094000113808], [-95.54463999976072, 29.713494000192966]]]}, "properties": {"geoid": "48201433006", "name": "Census Tract 4330.06", "population": "2239.0", "median_hh_income": "41006.0", "poverty_rate": "0.25279142474318894", "nearest_dollar_store_mi": "2.6", "gap_score": "2428.2"}}, {"type": "Feature", "geometry": {"type": "Polygon", "coordinates": [[[-95.51241399985327, 29.74484900018494], [-95.51208999998818, 29.745433000150392], [-95.5102120000215, 29.74572100005623], [-95.50924999957363, 29.74628000004182], [-95.50784000031041, 29.746094000096797], [-95.50771599956353, 29.741960000297773], [-95.50517300014823, 29.741802999800615], [-95.50504299955355, 29.737466000226302], [-95.51008700034802, 29.737429000266754], [-95.51032300034959, 29.739618000002057], [-95.51122600034792, 29.7408139997464], [-95.51228800035489, 29.741427000362915], [-95.51218000039987, 29.744133999963008], [-95.51241399985327, 29.74484900018494]]]}, "properties": {"geoid": "48201431203", "name": "Census Tract 4312.03", "population": "1958.0", "median_hh_income": "42768.0", "poverty_rate": "0.29111338100102147", "nearest_dollar_store_mi": "0.37", "gap_score": "312.5"}}, {"type": "Feature", "geometry": {"type": "Polygon", "coordinates": [[[-95.48109699979196, 29.74970300021795], [-95.48081899995759, 29.750061999994983], [-95.47696699976477, 29.750125999863652], [-95.47727999975923, 29.745920000087434], [-95.47719899956839, 29.740556999702765], [-95.47657799960236, 29.73781499961572], [-95.47952099994906, 29.737762000191204], [-95.47952099994906, 29.74868400022365], [-95.48109000011924, 29.748724000306197], [-95.48109699979196, 29.74970300021795]]]}, "properties": {"geoid": "48201431403", "name": "Census Tract 4314.03", "population": "1772.0", "median_hh_income": "97500.0", "poverty_rate": "0.15914221218961624", "nearest_dollar_store_mi": "1.51", "gap_score": "0.0"}}, {"type": "Feature", "geometry": {"type": "Polygon", "coordinates": [[[-95.48264199967268, 29.750035000086847], [-95.48081899995759, 29.750061999994983], [-95.48109699979196, 29.74970300021795], [-95.48109000011924, 29.748724000306197], [-95.47952099994906, 29.74868400022365], [-95.47952099994906, 29.737762000191204], [-95.48249299970976, 29.737757000317615], [-95.48264199967268, 29.750035000086847]]]}, "properties": {"geoid": "48201431404", "name": "Census Tract 4314.04", "population": "2044.0", "median_hh_income": "71191.0", "poverty_rate": "0.07632093933463796", "nearest_dollar_store_mi": "1.34", "gap_score": "347.2"}}, {"type": "Feature", "geometry": {"type": "Polygon", "coordinates": [[[-95.61907700033402, 29.743274000146968], [-95.61856099994999, 29.744315000097536], [-95.61848999980488, 29.746434000104173], [-95.61041300004867, 29.746508000384225], [-95.60927099967573, 29.746153999814855], [-95.60605200004281, 29.74622200017982], [-95.60583899960749, 29.736177999695148], [-95.61353700014533, 29.73601000037353], [-95.61418200040079, 29.74049100007089], [-95.61560799955753, 29.740506000061966], [-95.61563000019716, 29.74212699986135], [-95.61624199994235, 29.74270100004693], [-95.61857400036878, 29.74284200035481], [-95.61919000031192, 29.743008000087087], [-95.61907700033402, 29.743274000146968]]]}, "properties": {"geoid": "48201451406", "name": "Census Tract 4514.06", "population": "2444.0", "median_hh_income": "44375.0", "poverty_rate": "0.24959083469721768", "nearest_dollar_store_mi": "1.03", "gap_score": "1049.6"}}, {"type": "Feature", "geometry": {"type": "Polygon", "coordinates": [[[-95.52178399959516, 29.742056999975382], [-95.52071800028853, 29.7421880003238], [-95.51977199973417, 29.74324999973069], [-95.51891899996457, 29.743333999992554], [-95.51817300032508, 29.742638999970467], [-95.51737200043401, 29.74395899975927], [-95.51644500014623, 29.743306999832477], [-95.51508199984038, 29.74458299962347], [-95.5139720001528, 29.744872000314693], [-95.51298200011584, 29.743762000345598], [-95.51235000027917, 29.743854000270414], [-95.51228800035489, 29.741427000362915], [-95.51122600034792, 29.7408139997464], [-95.51032300034959, 29.739618000002057], [-95.51008700034802, 29.737429000266754], [-95.51710799994504, 29.737371999944006], [-95.5171249996635, 29.737689999647692], [-95.5158159997843, 29.737712999859454], [-95.51581400013447, 29.741666000114783], [-95.51796999993549, 29.741044999863888], [-95.52136099999586, 29.74089100010471], [-95.52143799998875, 29.74178400026526], [-95.52178399959516, 29.742056999975382]]]}, "properties": {"geoid": "48201431206", "name": "Census Tract 4312.06", "population": "1895.0", "median_hh_income": "71875.0", "poverty_rate": "0.15614236509758897", "nearest_dollar_store_mi": "0.71", "gap_score": "168.7"}}, {"type": "Feature", "geometry": {"type": "Polygon", "coordinates": [[[-95.53893499971558, 29.714487999874706], [-95.53509500011664, 29.714540999890563], [-95.53498999963634, 29.710545000154895], [-95.53376000029817, 29.70705500029516], [-95.53419299994322, 29.706542999617827], [-95.53615899977345, 29.706504000167858], [-95.53615100027585, 29.705018000060104], [-95.5379790000138, 29.704998000280476], [-95.53882900030868, 29.70895600016669], [-95.53893499971558, 29.714487999874706]]]}, "properties": {"geoid": "48201432903", "name": "Census Tract 4329.03", "population": "2099.0", "median_hh_income": "52750.0", "poverty_rate": "0.25774178180085755", "nearest_dollar_store_mi": "2.31", "gap_score": "2032.7"}}, {"type": "Feature", "geometry": {"type": "Polygon", "coordinates": [[[-95.52136099999586, 29.74089100010471], [-95.51796999993549, 29.741044999863888], [-95.51581400013447, 29.741666000114783], [-95.5158159997843, 29.737712999859454], [-95.5171249996635, 29.737689999647692], [-95.51710799994504, 29.737371999944006], [-95.52116699982709, 29.73733100003392], [-95.52136099999586, 29.74089100010471]]]}, "properties": {"geoid": "48201431205", "name": "Census Tract 4312.05", "population": "3514.0", "median_hh_income": "43843.0", "poverty_rate": "0.22794536141149688", "nearest_dollar_store_mi": "0.93", "gap_score": "1336.6"}}, {"type": "Feature", "geometry": {"type": "Polygon", "coordinates": [[[-95.40214199975227, 29.93269699964646], [-95.4014110001814, 29.93398299996086], [-95.39860299955389, 29.935346000077303], [-95.397138999864, 29.939123999931], [-95.39386699962932, 29.93857800016677], [-95.3813970000802, 29.938695999890594], [-95.37993400021523, 29.932735000116825], [-95.3840299999072, 29.93199600035135], [-95.40212300038401, 29.931766000327414], [-95.40214199975227, 29.93269699964646]]]}, "properties": {"geoid": "48201222601", "name": "Census Tract 2226.01", "population": "2269.0", "median_hh_income": "31607.0", "poverty_rate": "0.5711767298369326", "nearest_dollar_store_mi": "0.44", "gap_score": "522.0"}}, {"type": "Feature", "geometry": {"type": "Polygon", "coordinates": [[[-95.4032270002238, 29.685236000022623], [-95.3955260002112, 29.685310000164858], [-95.39546599993675, 29.68719000037465], [-95.3944209996482, 29.689010999923212], [-95.39046800007135, 29.688800999791688], [-95.3932520004094, 29.68058900021568], [-95.3966380004469, 29.680378999657435], [-95.4031519998807, 29.679049000243342], [-95.4032270002238, 29.685236000022623]]]}, "properties": {"geoid": "48201314005", "name": "Census Tract 3140.05", "population": "2679.0", "median_hh_income": "38990.0", "poverty_rate": "0.2906534954407295", "nearest_dollar_store_mi": "3.68", "gap_score": "3457.7"}}, {"type": "Feature", "geometry": {"type": "Polygon", "coordinates": [[[-95.47643500038554, 29.73150800018136], [-95.46825399997392, 29.731522999955725], [-95.46800299990376, 29.727532999653114], [-95.46825399997392, 29.726395999661673], [-95.47639600002746, 29.726045000147113], [-95.47643500038554, 29.73150800018136]]]}, "properties": {"geoid": "48201432703", "name": "Census Tract 4327.03", "population": "2048.0", "median_hh_income": "75223.0", "poverty_rate": "0.22998046875", "nearest_dollar_store_mi": "1.85", "gap_score": "296.6"}}, {"type": "Feature", "geometry": {"type": "Polygon", "coordinates": [[[-95.48978199999371, 29.731792000157025], [-95.47643500038554, 29.73150800018136], [-95.47639600002746, 29.726045000147113], [-95.48720500024322, 29.72588199992398], [-95.4875709999411, 29.72811200024279], [-95.48736400025187, 29.729771000377614], [-95.48791499989768, 29.730651999928746], [-95.48976199990223, 29.73061899997962], [-95.48978199999371, 29.731792000157025]]]}, "properties": {"geoid": "48201432704", "name": "Census Tract 4327.04", "population": "1742.0", "median_hh_income": "42232.0", "poverty_rate": "0.14695752009184845", "nearest_dollar_store_mi": "1.29", "gap_score": "858.5"}}, {"type": "Feature", "geometry": {"type": "Polygon", "coordinates": [[[-95.48486199994612, 29.721789999636435], [-95.48417300020805, 29.725979000327953], [-95.47639600002746, 29.726045000147113], [-95.47644399970805, 29.720142000269583], [-95.48485000025056, 29.720051999963243], [-95.48486199994612, 29.721789999636435]]]}, "properties": {"geoid": "48201421104", "name": "Census Tract 4211.04", "population": "4854.0", "median_hh_income": "37316.0", "poverty_rate": "0.2865677791512155", "nearest_dollar_store_mi": "1.58", "gap_score": "3294.0"}}, {"type": "Feature", "geometry": {"type": "Polygon", "coordinates": [[[-95.48428500036103, 29.737717999735192], [-95.46839100024128, 29.738005999958663], [-95.46825399997392, 29.731522999955725], [-95.48420499999509, 29.73150900021841], [-95.48428500036103, 29.737717999735192]]]}, "properties": {"geoid": "48201432004", "name": "Census Tract 4320.04", "population": "2018.0", "median_hh_income": "128611.0", "poverty_rate": "0.011892963330029732", "nearest_dollar_store_mi": "1.54", "gap_score": "0.0"}}, {"type": "Feature", "geometry": {"type": "Polygon", "coordinates": [[[-95.49567600018473, 29.750678999610518], [-95.49565199989527, 29.756320000184456], [-95.48946999982417, 29.75806299967279], [-95.48617599984819, 29.758539999846732], [-95.48582799969364, 29.754431000013863], [-95.48603399955797, 29.749938000328097], [-95.49565799974307, 29.749940000034652], [-95.49567600018473, 29.750678999610518]]]}, "properties": {"geoid": "48201431504", "name": "Census Tract 4315.04", "population": "2503.0", "median_hh_income": "121875.0", "poverty_rate": "0.11146624051138633", "nearest_dollar_store_mi": "1.23", "gap_score": "0.0"}}, {"type": "Feature", "geometry": {"type": "Polygon", "coordinates": [[[-95.50110300039552, 29.750481000294304], [-95.49565799974307, 29.749940000034652], [-95.49561199971232, 29.737577000022995], [-95.49633800015864, 29.737556999710332], [-95.49664899960494, 29.738713999657566], [-95.49666000037391, 29.742425999893765], [-95.49759199978624, 29.742420000324437], [-95.49760799967976, 29.74381100006174], [-95.5009540004326, 29.744019999887268], [-95.50110300039552, 29.750481000294304]]]}, "properties": {"geoid": "48201431304", "name": "Census Tract 4313.04", "population": "3114.0", "median_hh_income": "67188.0", "poverty_rate": "0.08028259473346179", "nearest_dollar_store_mi": "0.53", "gap_score": "305.2"}}, {"type": "Feature", "geometry": {"type": "Polygon", "coordinates": [[[-95.50113600000748, 29.75415600005971], [-95.49951199958572, 29.755213000031038], [-95.49565199989527, 29.756320000184456], [-95.49565799974307, 29.749940000034652], [-95.50110300039552, 29.750481000294304], [-95.50113600000748, 29.75415600005971]]]}, "properties": {"geoid": "48201431503", "name": "Census Tract 4315.03", "population": "2295.0", "median_hh_income": "110563.0", "poverty_rate": "0.034858387799564274", "nearest_dollar_store_mi": "0.96", "gap_score": "0.0"}}, {"type": "Feature", "geometry": {"type": "Polygon", "coordinates": [[[-95.56451800031776, 29.937258999810357], [-95.56444700017265, 29.94280899961488], [-95.56140599991666, 29.942790999618676], [-95.5614019997187, 29.943923999776217], [-95.54742699957349, 29.9439939999837], [-95.54745400023597, 29.94783899986714], [-95.5478219995837, 29.94875499990207], [-95.54635299987093, 29.94904300008323], [-95.5422179998209, 29.949085999960364], [-95.53635899979, 29.950669000360236], [-95.53393699985018, 29.95082800007319], [-95.53337799980844, 29.95071399989356], [-95.52987200012033, 29.94813899972006], [-95.52495399972258, 29.944026000106636], [-95.51531500036718, 29.936902999917944], [-95.5245460001919, 29.93655799995916], [-95.52764799964893, 29.936120999954746], [-95.54789500027694, 29.928351000168913], [-95.5479139996452, 29.933089000195665], [-95.54823000001272, 29.93363699964604], [-95.56451599976963, 29.93369299984613], [-95.56451800031776, 29.937258999810357]]]}, "properties": {"geoid": "48201551502", "name": "Census Tract 5515.02", "population": "4924.0", "median_hh_income": "66534.0", "poverty_rate": "0.1437855402112104", "nearest_dollar_store_mi": "0.99", "gap_score": "999.3"}}, {"type": "Feature", "geometry": {"type": "Polygon", "coordinates": [[[-95.41275000012655, 29.869182000239338], [-95.41047100030188, 29.869840000112468], [-95.40792299996538, 29.86986600019828], [-95.40257799977036, 29.859395000174967], [-95.40424099965188, 29.858897000345628], [-95.40639200032834, 29.858769999774037], [-95.40637200023686, 29.857484000035214], [-95.41250800027721, 29.85711999979269], [-95.41275000012655, 29.869182000239338]]]}, "properties": {"geoid": "48201530701", "name": "Census Tract 5307.01", "population": "1421.0", "median_hh_income": "20516.0", "poverty_rate": "0.5607814761215629", "nearest_dollar_store_mi": "0.29", "gap_score": "215.9"}}, {"type": "Feature", "geometry": {"type": "Polygon", "coordinates": [[[-95.40772499959867, 29.70036300011522], [-95.4052549999783, 29.70202700016578], [-95.40244100040132, 29.702371000222787], [-95.40058400035105, 29.694645999806607], [-95.40059799969644, 29.693389000352585], [-95.40286700037367, 29.69122400016749], [-95.4033190002853, 29.689907999959445], [-95.40479999969362, 29.69265700005185], [-95.40475100018813, 29.695892000293615], [-95.40503999989312, 29.697442999939966], [-95.4058769997692, 29.698868000305982], [-95.40772499959867, 29.70036300011522]]]}, "properties": {"geoid": "48201314401", "name": "Census Tract 3144.01", "population": "1510.0", "median_hh_income": "47969.0", "poverty_rate": "0.33708609271523177", "nearest_dollar_store_mi": "3.43", "gap_score": "2019.0"}}, {"type": "Feature", "geometry": {"type": "Polygon", "coordinates": [[[-95.41271499996644, 29.717485000253973], [-95.41093699955888, 29.717789999880537], [-95.398200999871, 29.7226990002093], [-95.39711399974965, 29.722694000365127], [-95.39365499991722, 29.720637000121645], [-95.4008760004291, 29.71148700036168], [-95.41131400002574, 29.714913000201122], [-95.41267099958552, 29.715107000273388], [-95.41271499996644, 29.717485000253973]]]}, "properties": {"geoid": "48201980300", "name": "Census Tract 9803", "population": "2918.0", "median_hh_income": "", "poverty_rate": "0.0", "nearest_dollar_store_mi": "2.25", "gap_score": "0.0"}}, {"type": "Feature", "geometry": {"type": "Polygon", "coordinates": [[[-95.41400600030228, 29.94053399971194], [-95.40294500019148, 29.940487999960474], [-95.397138999864, 29.939123999931], [-95.39828299988676, 29.935790000344824], [-95.39904699996791, 29.934989000008436], [-95.4016229998935, 29.933770999933202], [-95.40214199975227, 29.93269699964646], [-95.40212300038401, 29.931766000327414], [-95.41198400039558, 29.931799000082552], [-95.41217099999332, 29.934660999991465], [-95.41400600030228, 29.94053399971194]]]}, "properties": {"geoid": "48201222602", "name": "Census Tract 2226.02", "population": "2320.0", "median_hh_income": "31483.0", "poverty_rate": "0.49181034482758623", "nearest_dollar_store_mi": "0.36", "gap_score": "419.0"}}, {"type": "Feature", "geometry": {"type": "Polygon", "coordinates": [[[-95.54525999990182, 29.822707999986882], [-95.53689199989246, 29.822479000205014], [-95.5368869998696, 29.81334999961962], [-95.53788500030247, 29.81216700009049], [-95.54014499986056, 29.812706000131183], [-95.54520899984819, 29.812687000014343], [-95.54525999990182, 29.822707999986882]]]}, "properties": {"geoid": "48201522101", "name": "Census Tract 5221.01", "population": "3413.0", "median_hh_income": "61950.0", "poverty_rate": "0.23791385877527102", "nearest_dollar_store_mi": "1.09", "gap_score": "1106.4"}}, {"type": "Feature", "geometry": {"type": "Polygon", "coordinates": [[[-95.23505500027485, 29.590001000148273], [-95.22787200029613, 29.59655999965986], [-95.2329530000022, 29.60071700022999], [-95.21599000020275, 29.601043000113513], [-95.21623799989987, 29.59844599978838], [-95.21718199990609, 29.596839999653294], [-95.22195499964059, 29.59202599994723], [-95.22707300005489, 29.58769400014055], [-95.22901999961853, 29.5868690000587], [-95.23211100010326, 29.58648200006539], [-95.2326009996497, 29.58735399980179], [-95.23541099992703, 29.58967499973131], [-95.23505500027485, 29.590001000148273]]]}, "properties": {"geoid": "48201350201", "name": "Census Tract 3502.01", "population": "3813.0", "median_hh_income": "104528.0", "poverty_rate": "0.0999213217938631", "nearest_dollar_store_mi": "1.42", "gap_score": "0.0"}}, {"type": "Feature", "geometry": {"type": "Polygon", "coordinates": [[[-95.22104699961939, 29.620652000060556], [-95.2207160000816, 29.62084000027199], [-95.22077899983078, 29.622534999908055], [-95.2196039998459, 29.622132999626704], [-95.19800800005405, 29.623000000249373], [-95.19190299997584, 29.616172000316865], [-95.20554800040816, 29.606349999778363], [-95.22104699961939, 29.620652000060556]]]}, "properties": {"geoid": "48201321101", "name": "Census Tract 3211.01", "population": "3896.0", "median_hh_income": "56454.0", "poverty_rate": "0.1601642710472279", "nearest_dollar_store_mi": "0.86", "gap_score": "1224.4"}}, {"type": "Feature", "geometry": {"type": "Polygon", "coordinates": [[[-95.57940499978382, 29.663191000102614], [-95.57703600044577, 29.669291999731865], [-95.57743300010581, 29.67258300017905], [-95.5772640000514, 29.67462800016431], [-95.57038900004426, 29.674219999731136], [-95.57026600002061, 29.67120499973589], [-95.56895799996632, 29.667057999621292], [-95.5686809999569, 29.66454299993831], [-95.56896100033939, 29.661599000013013], [-95.56967199981877, 29.65937099985435], [-95.57972699999908, 29.662403999976288], [-95.57940499978382, 29.663191000102614]]]}, "properties": {"geoid": "48201453405", "name": "Census Tract 4534.05", "population": "4064.0", "median_hh_income": "42721.0", "poverty_rate": "0.29404527559055116", "nearest_dollar_store_mi": "2.21", "gap_score": "3872.3"}}, {"type": "Feature", "geometry": {"type": "Polygon", "coordinates": [[[-95.52061500035637, 29.728399999962765], [-95.52049399998253, 29.729065000085495], [-95.50911599967932, 29.729340000208726], [-95.50264999992608, 29.731513000366437], [-95.50118600023619, 29.731662000306404], [-95.50104200029615, 29.72279300019789], [-95.52025100030829, 29.721240000160822], [-95.52061500035637, 29.728399999962765]]]}, "properties": {"geoid": "48201432600", "name": "Census Tract 4326", "population": "2206.0", "median_hh_income": "81731.0", "poverty_rate": "0.22484134179510426", "nearest_dollar_store_mi": "0.9", "gap_score": "0.0"}}, {"type": "Feature", "geometry": {"type": "Polygon", "coordinates": [[[-95.58537400031791, 29.662060999673084], [-95.58170899972285, 29.670336999850917], [-95.58127400042797, 29.673052999614118], [-95.58152200012509, 29.674882000164146], [-95.5772640000514, 29.67462800016431], [-95.57743300010581, 29.67258300017905], [-95.57703600044577, 29.669291999731865], [-95.57972699999908, 29.662403999976288], [-95.56967199981877, 29.65937099985435], [-95.57077700038177, 29.656214999746556], [-95.58148199994211, 29.65955799963418], [-95.5837340000026, 29.659426000009397], [-95.58434300027307, 29.660826000147637], [-95.58537400031791, 29.662060999673084]]]}, "properties": {"geoid": "48201453404", "name": "Census Tract 4534.04", "population": "4557.0", "median_hh_income": "41071.0", "poverty_rate": "0.45183234584156245", "nearest_dollar_store_mi": "1.94", "gap_score": "4278.1"}}, {"type": "Feature", "geometry": {"type": "Polygon", "coordinates": [[[-95.60425699991681, 29.688942000129106], [-95.59590499980096, 29.689088000225723], [-95.59565799992876, 29.676061000175498], [-95.60263800041622, 29.678045999857275], [-95.60271200003608, 29.67971299964568], [-95.60410399975595, 29.683210999842903], [-95.60425699991681, 29.688942000129106]]]}, "properties": {"geoid": "48201453702", "name": "Census Tract 4537.02", "population": "4492.0", "median_hh_income": "51502.0", "poverty_rate": "0.11487088156723063", "nearest_dollar_store_mi": "2.75", "gap_score": "4589.3"}}, {"type": "Feature", "geometry": {"type": "Polygon", "coordinates": [[[-95.5874790000653, 29.6845569998754], [-95.5865500001277, 29.68453799964897], [-95.58605200018535, 29.68415900033834], [-95.58277199955474, 29.68419199995005], [-95.58217400005324, 29.684649000222635], [-95.58097800015196, 29.68412099973147], [-95.57832100003552, 29.684383999817275], [-95.57801999973664, 29.68068100029235], [-95.57528300015255, 29.681080000091505], [-95.57529400002322, 29.68266699981199], [-95.57457699979774, 29.68268799987787], [-95.57447499969048, 29.674472000331907], [-95.58727900004877, 29.675217000356607], [-95.5874790000653, 29.6845569998754]]]}, "properties": {"geoid": "48201453604", "name": "Census Tract 4536.04", "population": "3589.0", "median_hh_income": "98790.0", "poverty_rate": "0.1058790749512399", "nearest_dollar_store_mi": "2.91", "gap_score": "0.0"}}, {"type": "Feature", "geometry": {"type": "Polygon", "coordinates": [[[-95.56036300017625, 29.670053999993698], [-95.55193499989244, 29.67070499970983], [-95.55086799986256, 29.671087999999404], [-95.54892399977366, 29.66962099979615], [-95.55812399963624, 29.661047999663634], [-95.55980199958637, 29.66486399978369], [-95.56036300017625, 29.670053999993698]]]}, "properties": {"geoid": "48201433601", "name": "Census Tract 4336.01", "population": "2878.0", "median_hh_income": "36992.0", "poverty_rate": "0.3766504517025712", "nearest_dollar_store_mi": "1.61", "gap_score": "2126.9"}}, {"type": "Feature", "geometry": {"type": "Polygon", "coordinates": [[[-95.58758700002033, 29.68892599977422], [-95.58180499998231, 29.688888000189298], [-95.57657500031333, 29.688050000063544], [-95.57199500002437, 29.68807799995148], [-95.57025599997485, 29.68837599978067], [-95.56948699987083, 29.684810999764068], [-95.57059900010653, 29.678379000082632], [-95.57038900004426, 29.674219999731136], [-95.57447499969048, 29.674472000331907], [-95.57457699979774, 29.68268799987787], [-95.57529400002322, 29.68266699981199], [-95.57528300015255, 29.681080000091505], [-95.57801999973664, 29.68068100029235], [-95.57832100003552, 29.684383999817275], [-95.58097800015196, 29.68412099973147], [-95.58217400005324, 29.684649000222635], [-95.58277199955474, 29.68419199995005], [-95.58605200018535, 29.68415900033834], [-95.5865500001277, 29.68453799964897], [-95.5874790000653, 29.6845569998754], [-95.58758700002033, 29.68892599977422]]]}, "properties": {"geoid": "48201453603", "name": "Census Tract 4536.03", "population": "3445.0", "median_hh_income": "37128.0", "poverty_rate": "0.19564586357039188", "nearest_dollar_store_mi": "2.93", "gap_score": "4018.5"}}, {"type": "Feature", "geometry": {"type": "Polygon", "coordinates": [[[-95.51805799979903, 29.713017000309485], [-95.50986600041509, 29.712971999702965], [-95.50866399976772, 29.712374000286996], [-95.50646299976084, 29.710483999958566], [-95.50941500032839, 29.707868999993543], [-95.51118600016494, 29.709154000305215], [-95.51257299986193, 29.70963000034104], [-95.51801500014135, 29.709725000338683], [-95.51805799979903, 29.713017000309485]]]}, "properties": {"geoid": "48201432806", "name": "Census Tract 4328.06", "population": "4291.0", "median_hh_income": "38096.0", "poverty_rate": "0.27440633245382584", "nearest_dollar_store_mi": "1.59", "gap_score": "2898.4"}}, {"type": "Feature", "geometry": {"type": "Polygon", "coordinates": [[[-95.52133400023168, 29.70897899994277], [-95.52125499969064, 29.71187399987568], [-95.5208079998019, 29.713173999822896], [-95.51805799979903, 29.713017000309485], [-95.51801500014135, 29.709725000338683], [-95.51257299986193, 29.70963000034104], [-95.51118600016494, 29.709154000305215], [-95.50941500032839, 29.707868999993543], [-95.51785600013268, 29.700379999776327], [-95.52026300000387, 29.70245700024804], [-95.52101799986418, 29.70369599996969], [-95.52133400023168, 29.70897899994277]]]}, "properties": {"geoid": "48201432805", "name": "Census Tract 4328.05", "population": "2473.0", "median_hh_income": "40325.0", "poverty_rate": "0.3534169025475131", "nearest_dollar_store_mi": "1.39", "gap_score": "1553.7"}}, {"type": "Feature", "geometry": {"type": "Polygon", "coordinates": [[[-95.55551799957342, 29.681735000015166], [-95.55531400025724, 29.682835000216063], [-95.55562399987862, 29.68400400019617], [-95.55358000023061, 29.684818999879184], [-95.55398699993638, 29.68565099978955], [-95.55158400026315, 29.686617000036836], [-95.55140799963773, 29.68356200002889], [-95.55047799987524, 29.6814789998679], [-95.55166000043114, 29.680842000223894], [-95.55299900044757, 29.68205000034126], [-95.55395400032441, 29.680503000203633], [-95.55565800021381, 29.6810250000705], [-95.55551799957342, 29.681735000015166]]]}, "properties": {"geoid": "48201433505", "name": "Census Tract 4335.05", "population": "2175.0", "median_hh_income": "34219.0", "poverty_rate": "0.3080459770114943", "nearest_dollar_store_mi": "1.6", "gap_score": "1515.6"}}, {"type": "Feature", "geometry": {"type": "Polygon", "coordinates": [[[-95.52041100014188, 29.713897000053915], [-95.51998699981934, 29.715429000337902], [-95.5199910000173, 29.717752000292215], [-95.51354899965519, 29.7177190000016], [-95.51361700032557, 29.713064999997943], [-95.520145999828, 29.712995000119495], [-95.5208079998019, 29.713173999822896], [-95.52041100014188, 29.713897000053915]]]}, "properties": {"geoid": "48201432803", "name": "Census Tract 4328.03", "population": "2577.0", "median_hh_income": "42096.0", "poverty_rate": "0.31819945673263483", "nearest_dollar_store_mi": "1.72", "gap_score": "1943.6"}}, {"type": "Feature", "geometry": {"type": "Polygon", "coordinates": [[[-95.53615899977345, 29.706504000167858], [-95.53419299994322, 29.706542999617827], [-95.53376000029817, 29.70705500029516], [-95.53498999963634, 29.710545000154895], [-95.53509500011664, 29.714540999890563], [-95.52417499957284, 29.714645999633365], [-95.52407199964067, 29.70662599989732], [-95.52381399989781, 29.706401000287347], [-95.52128800020093, 29.70641599991289], [-95.52130300026954, 29.705138999734462], [-95.53615100027585, 29.705018000060104], [-95.53615899977345, 29.706504000167858]]]}, "properties": {"geoid": "48201432904", "name": "Census Tract 4329.04", "population": "3861.0", "median_hh_income": "60093.0", "poverty_rate": "0.30924630924630925", "nearest_dollar_store_mi": "1.97", "gap_score": "2647.3"}}, {"type": "Feature", "geometry": {"type": "Polygon", "coordinates": [[[-95.6004619996254, 29.772769999871333], [-95.59878100020053, 29.777354000348588], [-95.59685200018023, 29.77726500028899], [-95.59549100042251, 29.77639700034334], [-95.59470700024985, 29.776247000244265], [-95.59485500038788, 29.782113999626265], [-95.59024999998456, 29.782691999668394], [-95.58979700024804, 29.77123799974804], [-95.5911680000515, 29.770462999911164], [-95.5928009997958, 29.770029000252745], [-95.60042300016565, 29.770193000103934], [-95.6004619996254, 29.772769999871333]]]}, "properties": {"geoid": "48201450301", "name": "Census Tract 4503.01", "population": "2690.0", "median_hh_income": "64143.0", "poverty_rate": "0.2037174721189591", "nearest_dollar_store_mi": "3.44", "gap_score": "2053.8"}}, {"type": "Feature", "geometry": {"type": "Polygon", "coordinates": [[[-95.60650300012952, 29.78495699993397], [-95.5902879996194, 29.784920000354433], [-95.59024999998456, 29.782691999668394], [-95.59485500038788, 29.782113999626265], [-95.59470700024985, 29.776247000244265], [-95.59549100042251, 29.77639700034334], [-95.59685200018023, 29.77726500028899], [-95.59878100020053, 29.777354000348588], [-95.60042900001343, 29.772952999781573], [-95.60042300016565, 29.770193000103934], [-95.60627399980066, 29.77009600036227], [-95.60650300012952, 29.78495699993397]]]}, "properties": {"geoid": "48201450302", "name": "Census Tract 4503.02", "population": "5835.0", "median_hh_income": "69751.0", "poverty_rate": "0.2863753213367609", "nearest_dollar_store_mi": "3.49", "gap_score": "3077.2"}}, {"type": "Feature", "geometry": {"type": "Polygon", "coordinates": [[[-95.55375299958465, 29.67642000035344], [-95.5523779995832, 29.680025999744892], [-95.55153599968426, 29.680938999650987], [-95.55047799987524, 29.6814789998679], [-95.55140799963773, 29.68356200002889], [-95.55158400026315, 29.686617000036836], [-95.54911200009464, 29.68781599985881], [-95.54875499971925, 29.686632999978873], [-95.54944900037853, 29.684172999654614], [-95.54860199955837, 29.682314000129335], [-95.5478979997517, 29.68177299996318], [-95.54392099988539, 29.680859999826954], [-95.5390219997542, 29.680193000112233], [-95.53832200014548, 29.680347999887193], [-95.53747699987348, 29.68104499993973], [-95.53679399998316, 29.68086100036844], [-95.54217799963793, 29.6758709996431], [-95.55365499967536, 29.675085000206625], [-95.55375299958465, 29.67642000035344]]]}, "properties": {"geoid": "48201433504", "name": "Census Tract 4335.04", "population": "3358.0", "median_hh_income": "35489.0", "poverty_rate": "0.4472900536033353", "nearest_dollar_store_mi": "1.16", "gap_score": "1874.3"}}, {"type": "Feature", "geometry": {"type": "Polygon", "coordinates": [[[-95.5604719999562, 29.674676000244204], [-95.55845400024744, 29.684661999747423], [-95.55659999967187, 29.684666999924385], [-95.55398699993638, 29.68565099978955], [-95.55358000023061, 29.684818999879184], [-95.55562399987862, 29.68400400019617], [-95.55531400025724, 29.682835000216063], [-95.55624200036992, 29.678118000252574], [-95.55620100036202, 29.677513999847694], [-95.55345600038204, 29.677487999728076], [-95.55375299958465, 29.67642000035344], [-95.55365499967536, 29.675085000206625], [-95.5604719999562, 29.674676000244204]]]}, "properties": {"geoid": "48201433507", "name": "Census Tract 4335.07", "population": "2911.0", "median_hh_income": "27063.0", "poverty_rate": "0.5231879079354174", "nearest_dollar_store_mi": "1.72", "gap_score": "2543.5"}}, {"type": "Feature", "geometry": {"type": "Polygon", "coordinates": [[[-95.58786300020488, 29.703741000051682], [-95.57538100006187, 29.7038649998612], [-95.57528499980239, 29.696749999653633], [-95.57468599957768, 29.69189500020157], [-95.57465100031591, 29.688044000365277], [-95.57718000038581, 29.688102999984213], [-95.58180499998231, 29.688888000189298], [-95.58758700002033, 29.68892599977422], [-95.58786300020488, 29.703741000051682]]]}, "properties": {"geoid": "48201453002", "name": "Census Tract 4530.02", "population": "5049.0", "median_hh_income": "61594.0", "poverty_rate": "0.14596949891067537", "nearest_dollar_store_mi": "2.35", "gap_score": "3343.7"}}, {"type": "Feature", "geometry": {"type": "Polygon", "coordinates": [[[-95.63317299995474, 29.754238999952392], [-95.63292299970948, 29.75590000032302], [-95.62828600041743, 29.75587999976581], [-95.62525900040514, 29.754909000121003], [-95.62519800030576, 29.747663000258974], [-95.62405900030589, 29.74416800005631], [-95.62358399992974, 29.741171000271017], [-95.62381800028146, 29.73585999987784], [-95.62673999981347, 29.735882999729206], [-95.62672499974485, 29.74313299966649], [-95.62821199989928, 29.74315099980526], [-95.62828999971708, 29.748869000179333], [-95.62873400013109, 29.748870999907147], [-95.62887800007114, 29.749588000378147], [-95.6298749997808, 29.749591999805116], [-95.62961399966487, 29.751760000317248], [-95.6299679996672, 29.75286900004121], [-95.631331999798, 29.753233000060217], [-95.63243300016303, 29.75286300031694], [-95.63317299995474, 29.754238999952392]]]}, "properties": {"geoid": "48201451605", "name": "Census Tract 4516.05", "population": "3203.0", "median_hh_income": "70714.0", "poverty_rate": "0.18662864385297845", "nearest_dollar_store_mi": "0.98", "gap_score": "462.7"}}, {"type": "Feature", "geometry": {"type": "Polygon", "coordinates": [[[-95.6445410002122, 29.75286699961324], [-95.64450299967905, 29.755871999853728], [-95.63292299970948, 29.75590000032302], [-95.63299700022765, 29.753503000338835], [-95.63243300016303, 29.75286300031694], [-95.631331999798, 29.753233000060217], [-95.6299679996672, 29.75286900004121], [-95.62961399966487, 29.751760000317248], [-95.6298749997808, 29.749591999805116], [-95.62887800007114, 29.749588000378147], [-95.62873400013109, 29.748870999907147], [-95.62828999971708, 29.748869000179333], [-95.62821199989928, 29.74315099980526], [-95.62672499974485, 29.74313299966649], [-95.62673999981347, 29.735882999729206], [-95.64405199959235, 29.735644000236437], [-95.64452199994564, 29.744287000292037], [-95.6445410002122, 29.75286699961324]]]}, "properties": {"geoid": "48201451606", "name": "Census Tract 4516.06", "population": "6423.0", "median_hh_income": "128056.0", "poverty_rate": "0.06741398100576054", "nearest_dollar_store_mi": "1.06", "gap_score": "0.0"}}, {"type": "Feature", "geometry": {"type": "Polygon", "coordinates": [[[-95.57538100006187, 29.7038649998612], [-95.57121199967665, 29.703926000176953], [-95.57103599994956, 29.69180199981191], [-95.57025599997485, 29.68837599978067], [-95.57465100031591, 29.688044000365277], [-95.57468599957768, 29.69189500020157], [-95.57528499980239, 29.696749999653633], [-95.57538100006187, 29.7038649998612]]]}, "properties": {"geoid": "48201453001", "name": "Census Tract 4530.01", "population": "3174.0", "median_hh_income": "75855.0", "poverty_rate": "0.16288594833018274", "nearest_dollar_store_mi": "2.69", "gap_score": "548.6"}}, {"type": "Feature", "geometry": {"type": "Polygon", "coordinates": [[[-95.55845400024744, 29.684661999747423], [-95.55747500008111, 29.689424000358535], [-95.55485800014765, 29.689231000296438], [-95.55218099993972, 29.689924000157987], [-95.54911200009464, 29.68781599985881], [-95.55605900007181, 29.684843000220706], [-95.55845400024744, 29.684661999747423]]]}, "properties": {"geoid": "48201433503", "name": "Census Tract 4335.03", "population": "2368.0", "median_hh_income": "46335.0", "poverty_rate": "0.31925675675675674", "nearest_dollar_store_mi": "1.81", "gap_score": "1888.9"}}, {"type": "Feature", "geometry": {"type": "Polygon", "coordinates": [[[-95.52915099969691, 29.726739999696964], [-95.52868299989176, 29.72899000013381], [-95.52049399998253, 29.729065000085495], [-95.52025100030829, 29.721240000160822], [-95.52900299955891, 29.720503000054386], [-95.52915099969691, 29.726739999696964]]]}, "properties": {"geoid": "48201432502", "name": "Census Tract 4325.02", "population": "1927.0", "median_hh_income": "47250.0", "poverty_rate": "0.3061754021795537", "nearest_dollar_store_mi": "1.59", "gap_score": "1335.2"}}, {"type": "Feature", "geometry": {"type": "Polygon", "coordinates": [[[-95.46043499996057, 29.72895300016818], [-95.4558329999303, 29.73026100007072], [-95.44792500022847, 29.730046000125924], [-95.4477710002427, 29.72270899989687], [-95.45151299993233, 29.722668000235245], [-95.4514829997951, 29.72039900034459], [-95.46030799973894, 29.72023799983121], [-95.46043499996057, 29.72895300016818]]]}, "properties": {"geoid": "48201411700", "name": "Census Tract 4117", "population": "3516.0", "median_hh_income": "77193.0", "poverty_rate": "0.028725824800910123", "nearest_dollar_store_mi": "2.56", "gap_score": "346.9"}}, {"type": "Feature", "geometry": {"type": "Polygon", "coordinates": [[[-95.41858099967006, 29.725490000102806], [-95.39943899960507, 29.72572600009901], [-95.39953499986453, 29.723193999932043], [-95.39880699976838, 29.722487000044598], [-95.41093699955888, 29.717789999880537], [-95.41271499996644, 29.717485000253973], [-95.41267099958552, 29.715107000273388], [-95.41839900009518, 29.71505399977608], [-95.41858099967006, 29.725490000102806]]]}, "properties": {"geoid": "48201412000", "name": "Census Tract 4120", "population": "3819.0", "median_hh_income": "244483.0", "poverty_rate": "0.06719160104986877", "nearest_dollar_store_mi": "2.43", "gap_score": "0.0"}}, {"type": "Feature", "geometry": {"type": "Polygon", "coordinates": [[[-95.54907500028472, 29.733110999940582], [-95.54647099987172, 29.733064999741487], [-95.54325499971354, 29.732252000015986], [-95.54336199984367, 29.73020599967516], [-95.54408999993981, 29.728353999943792], [-95.54897700037543, 29.72875199988467], [-95.54907500028472, 29.733110999940582]]]}, "properties": {"geoid": "48201432302", "name": "Census Tract 4323.02", "population": "2116.0", "median_hh_income": "47712.0", "poverty_rate": "0.32419659735349715", "nearest_dollar_store_mi": "2.67", "gap_score": "2492.6"}}, {"type": "Feature", "geometry": {"type": "Polygon", "coordinates": [[[-95.42814799995377, 29.730044000022648], [-95.42399799983512, 29.730643000298265], [-95.41060799967092, 29.730978000213486], [-95.4105280002033, 29.725582999721343], [-95.42483200023645, 29.725366999795526], [-95.42482399984054, 29.726798999988215], [-95.42778999975346, 29.726753000015336], [-95.42814799995377, 29.730044000022648]]]}, "properties": {"geoid": "48201411802", "name": "Census Tract 4118.02", "population": "2196.0", "median_hh_income": "113250.0", "poverty_rate": "0.09699453551912568", "nearest_dollar_store_mi": "2.65", "gap_score": "0.0"}}, {"type": "Feature", "geometry": {"type": "Polygon", "coordinates": [[[-95.4914929995558, 29.72373000035846], [-95.48979799988724, 29.72506000036863], [-95.48838400042607, 29.725680999729363], [-95.48417300020805, 29.725979000327953], [-95.48427799979002, 29.7242880003224], [-95.48477599973239, 29.722497999880193], [-95.48511800003915, 29.722536000012084], [-95.48528700009356, 29.721841000210997], [-95.48903299998116, 29.72181499986013], [-95.48904100037709, 29.72376400034717], [-95.4914929995558, 29.72373000035846]]]}, "properties": {"geoid": "48201421203", "name": "Census Tract 4212.03", "population": "2358.0", "median_hh_income": "38185.0", "poverty_rate": "0.44147582697201015", "nearest_dollar_store_mi": "1.24", "gap_score": "1400.6"}}, {"type": "Feature", "geometry": {"type": "Polygon", "coordinates": [[[-95.60583899960749, 29.736177999695148], [-95.59262699971852, 29.73629700005195], [-95.59249799984708, 29.730725000108468], [-95.59704499962577, 29.729803999825574], [-95.6057340000255, 29.729779000032032], [-95.60583899960749, 29.736177999695148]]]}, "properties": {"geoid": "48201452002", "name": "Census Tract 4520.02", "population": "3643.0", "median_hh_income": "56033.0", "poverty_rate": "0.06176305446378439", "nearest_dollar_store_mi": "0.79", "gap_score": "978.1"}}, {"type": "Feature", "geometry": {"type": "Polygon", "coordinates": [[[-95.62525900040514, 29.7530299996577], [-95.62525900040514, 29.754909000121003], [-95.62352799985325, 29.75444300005424], [-95.61844100029938, 29.754458000297664], [-95.6189419997165, 29.75135199969582], [-95.61843100025365, 29.749380000319224], [-95.61843499955329, 29.747997000389606], [-95.61812900012985, 29.747593000338124], [-95.61902399973225, 29.746558000205294], [-95.62342300027126, 29.746434999992385], [-95.62433899979006, 29.74682300032251], [-95.62499699956598, 29.746719999703814], [-95.62525900040514, 29.7530299996577]]]}, "properties": {"geoid": "48201451404", "name": "Census Tract 4514.04", "population": "3643.0", "median_hh_income": "61348.0", "poverty_rate": "0.1372495196266813", "nearest_dollar_store_mi": "1.21", "gap_score": "1247.7"}}, {"type": "Feature", "geometry": {"type": "Polygon", "coordinates": [[[-95.39987200014843, 29.95381800009], [-95.39323899999061, 29.95389800025845], [-95.39321999972404, 29.952914999707893], [-95.38986299999885, 29.952959999781502], [-95.38983399968653, 29.951747999716076], [-95.38647899961119, 29.951784000354746], [-95.3862619998762, 29.950996999743932], [-95.3994760003133, 29.950597999999992], [-95.39987200014843, 29.95381800009]]]}, "properties": {"geoid": "48201240505", "name": "Census Tract 2405.05", "population": "1556.0", "median_hh_income": "26810.0", "poverty_rate": "0.4330175913396482", "nearest_dollar_store_mi": "0.21", "gap_score": "155.6"}}, {"type": "Feature", "geometry": {"type": "Polygon", "coordinates": [[[-95.15403899997041, 29.553518999655623], [-95.14424200043126, 29.55956400027523], [-95.13880699982455, 29.55290700033602], [-95.14112800038032, 29.551281999696066], [-95.14040500030706, 29.550734000294668], [-95.13825600017873, 29.551082000276004], [-95.13788100026001, 29.5486679996332], [-95.13695700034528, 29.548210999759455], [-95.13914499993335, 29.54401000015073], [-95.13824299975992, 29.54216200006288], [-95.14182399979111, 29.540413999662025], [-95.15403899997041, 29.553518999655623]]]}, "properties": {"geoid": "48201341002", "name": "Census Tract 3410.02", "population": "3548.0", "median_hh_income": "71106.0", "poverty_rate": "0.11302142051860203", "nearest_dollar_store_mi": "0.87", "gap_score": "406.9"}}, {"type": "Feature", "geometry": {"type": "Polygon", "coordinates": [[[-95.35848900003613, 29.749764999825942], [-95.35126800042255, 29.758746000083125], [-95.34138099957342, 29.75288899963951], [-95.3393949996517, 29.755419999885895], [-95.33800899977962, 29.75507199996426], [-95.33463899963564, 29.759943999644744], [-95.33362000018468, 29.760748999921393], [-95.33337999998517, 29.76087499973878], [-95.33340599992445, 29.7590760001092], [-95.33255900000262, 29.758357999891317], [-95.33046599995077, 29.759508999889213], [-95.32886699964335, 29.759837999987685], [-95.33079400001385, 29.757506999998544], [-95.33010899957539, 29.75712700028123], [-95.34206600001184, 29.74189300009582], [-95.34290299988793, 29.744149000189143], [-95.3437809997719, 29.745287000087906], [-95.35317399997832, 29.750972000039585], [-95.35377200037813, 29.750219999889126], [-95.35461799957673, 29.75074299986514], [-95.35640100000717, 29.748505999779642], [-95.35848900003613, 29.749764999825942]]]}, "properties": {"geoid": "48201310101", "name": "Census Tract 3101.01", "population": "2768.0", "median_hh_income": "95786.0", "poverty_rate": "0.23442028985507246", "nearest_dollar_store_mi": "0.85", "gap_score": "0.0"}}, {"type": "Feature", "geometry": {"type": "Polygon", "coordinates": [[[-95.38810399985786, 29.77722200038074], [-95.38705500026968, 29.779058000259568], [-95.38744899955667, 29.780974999705624], [-95.38421800022817, 29.78073100006494], [-95.38426400025894, 29.7840839997196], [-95.37639699966668, 29.78460699990853], [-95.3764240003292, 29.78813799967839], [-95.37497200033486, 29.788150000358797], [-95.37497999983246, 29.788905999783015], [-95.37562400026302, 29.78889899963406], [-95.37559999997356, 29.7901009996575], [-95.37418499978916, 29.79012700023013], [-95.37418899998713, 29.790627000272945], [-95.37274899968837, 29.7906370002015], [-95.3718919997208, 29.789996999638337], [-95.37148800038807, 29.788152000082224], [-95.36872199959335, 29.783499000170668], [-95.3685750001786, 29.780965000371122], [-95.36932300036621, 29.778317000324027], [-95.36931099977234, 29.776985000373998], [-95.37177899974287, 29.77818300014372], [-95.37597700044043, 29.779204000242053], [-95.37826299993779, 29.778926000198943], [-95.38438599955936, 29.777142000339225], [-95.38845200001242, 29.776867999927], [-95.38810399985786, 29.77722200038074]]]}, "properties": {"geoid": "48201510301", "name": "Census Tract 5103.01", "population": "3551.0", "median_hh_income": "130503.0", "poverty_rate": "0.05688538439876091", "nearest_dollar_store_mi": "0.94", "gap_score": "0.0"}}, {"type": "Feature", "geometry": {"type": "Polygon", "coordinates": [[[-95.31008799980154, 29.743341000206186], [-95.30290800019586, 29.75394999974721], [-95.30179799960997, 29.75304800035927], [-95.30083799971024, 29.75272699997107], [-95.29996300019933, 29.752895000142136], [-95.29861400013716, 29.754160000084266], [-95.29720399997564, 29.754061000013635], [-95.30003000014648, 29.751968000117312], [-95.30319600007594, 29.744361999725673], [-95.29906600004877, 29.74306700017003], [-95.29894200020021, 29.739250999811084], [-95.31038999992532, 29.742883000351828], [-95.31008799980154, 29.743341000206186]]]}, "properties": {"geoid": "48201311001", "name": "Census Tract 3110.01", "population": "2746.0", "median_hh_income": "61057.0", "poverty_rate": "0.2884195193008012", "nearest_dollar_store_mi": "1.77", "gap_score": "1584.7"}}, {"type": "Feature", "geometry": {"type": "Polygon", "coordinates": [[[-95.57134499974602, 29.64874100004577], [-95.55812399963624, 29.661047999663634], [-95.55593400039834, 29.658287000358012], [-95.55036499989734, 29.653489000143676], [-95.55278699983714, 29.65278800022025], [-95.55271999988997, 29.64246900031628], [-95.55772799980112, 29.642434000002194], [-95.57134499974602, 29.64874100004577]]]}, "properties": {"geoid": "48201440101", "name": "Census Tract 4401.01", "population": "1842.0", "median_hh_income": "25323.0", "poverty_rate": "0.41611479028697573", "nearest_dollar_store_mi": "1.94", "gap_score": "1686.0"}}, {"type": "Feature", "geometry": {"type": "Polygon", "coordinates": [[[-95.33573900017579, 29.77128999976795], [-95.33377300034556, 29.77134500023944], [-95.33394700042282, 29.775924999730098], [-95.32641499956634, 29.776157000388842], [-95.32660899973509, 29.77826199978295], [-95.32484799994428, 29.778352000085548], [-95.32490999986855, 29.783757999836894], [-95.31591900024337, 29.787613999749585], [-95.3159290002891, 29.778035000306385], [-95.31559100018029, 29.774419000278794], [-95.32293800019055, 29.774157000231956], [-95.33571599971124, 29.769312999868312], [-95.33573900017579, 29.77128999976795]]]}, "properties": {"geoid": "48201211302", "name": "Census Tract 2113.02", "population": "2075.0", "median_hh_income": "32804.0", "poverty_rate": "0.35099009900990097", "nearest_dollar_store_mi": "1.44", "gap_score": "1341.9"}}, {"type": "Feature", "geometry": {"type": "Polygon", "coordinates": [[[-95.374602000439, 29.75761200000499], [-95.37372000035705, 29.760047999684836], [-95.37340200033975, 29.75994100038434], [-95.36869900002714, 29.757031999931808], [-95.36927899998528, 29.756291000042577], [-95.36581900032795, 29.754185999850318], [-95.35857600007476, 29.76317200026922], [-95.35789599965918, 29.763609999649496], [-95.35682899962934, 29.76289499989886], [-95.35361300036948, 29.762100999877937], [-95.35345799966046, 29.763453000307212], [-95.35385900041676, 29.76469799996909], [-95.35352700015574, 29.765580000371102], [-95.35263400020315, 29.765747000354462], [-95.350623999992, 29.765158999849888], [-95.34952000015222, 29.76543900007496], [-95.34833099992363, 29.766392999667435], [-95.34767800017056, 29.766512000030474], [-95.34934299970192, 29.764481000363375], [-95.35050599999123, 29.76000500018376], [-95.35110100001798, 29.758978999741664], [-95.3626840003606, 29.74486500020799], [-95.365189999966, 29.745879999666055], [-95.37272799977197, 29.750349999862106], [-95.37376200018986, 29.75126299993219], [-95.37450100015666, 29.7529070003664], [-95.374602000439, 29.75761200000499]]]}, "properties": {"geoid": "48201100001", "name": "Census Tract 1000.01", "population": "5869.0", "median_hh_income": "102588.0", "poverty_rate": "0.1121911705143783", "nearest_dollar_store_mi": "1.32", "gap_score": "0.0"}}, {"type": "Feature", "geometry": {"type": "Polygon", "coordinates": [[[-95.14855900005617, 29.570764000105097], [-95.14055500009488, 29.576517999703867], [-95.1324259995618, 29.567763000263795], [-95.14066700024787, 29.561884999974367], [-95.14880699975329, 29.570584000118238], [-95.14855900005617, 29.570764000105097]]]}, "properties": {"geoid": "48201340702", "name": "Census Tract 3407.02", "population": "3871.0", "median_hh_income": "87604.0", "poverty_rate": "0.12606561611986566", "nearest_dollar_store_mi": "1.49", "gap_score": "0.0"}}, {"type": "Feature", "geometry": {"type": "Polygon", "coordinates": [[[-95.54885699982651, 29.718981000031754], [-95.53906000028735, 29.71971100009021], [-95.53893200024085, 29.713631000120063], [-95.5427240001592, 29.71408099998298], [-95.54463999976072, 29.713494000192966], [-95.5464419995594, 29.715354000337605], [-95.54739099958847, 29.71688600023173], [-95.54872399975712, 29.716578999827377], [-95.54885699982651, 29.718981000031754]]]}, "properties": {"geoid": "48201433004", "name": "Census Tract 4330.04", "population": "2346.0", "median_hh_income": "42368.0", "poverty_rate": "0.39773755656108595", "nearest_dollar_store_mi": "2.82", "gap_score": "3087.7"}}, {"type": "Feature", "geometry": {"type": "Polygon", "coordinates": [[[-95.1324259995618, 29.567763000263795], [-95.12477599960285, 29.573385999969094], [-95.1233210001338, 29.57516699974135], [-95.12200800005664, 29.577488000246717], [-95.10959500040893, 29.57237699999499], [-95.11435499972463, 29.563542999724508], [-95.11797799958859, 29.564915000123086], [-95.12126999991476, 29.564947999744298], [-95.12317399982071, 29.564218999705414], [-95.1267070001713, 29.56170599995245], [-95.1324259995618, 29.567763000263795]]]}, "properties": {"geoid": "48201340501", "name": "Census Tract 3405.01", "population": "3754.0", "median_hh_income": "77065.0", "poverty_rate": "0.15514469453376206", "nearest_dollar_store_mi": "1.47", "gap_score": "250.2"}}, {"type": "Feature", "geometry": {"type": "Polygon", "coordinates": [[[-95.11572200022844, 29.561005000017463], [-95.10959500040893, 29.57237699999499], [-95.105968000347, 29.570939000197097], [-95.10359499991269, 29.570701000185263], [-95.10295200020536, 29.569641999667557], [-95.10178300006827, 29.569187000297962], [-95.10795400026872, 29.557798999700232], [-95.11572200022844, 29.561005000017463]]]}, "properties": {"geoid": "48201341303", "name": "Census Tract 3413.03", "population": "2936.0", "median_hh_income": "60057.0", "poverty_rate": "0.12966130687649674", "nearest_dollar_store_mi": "1.67", "gap_score": "1471.9"}}, {"type": "Feature", "geometry": {"type": "Polygon", "coordinates": [[[-95.52453600014616, 29.865554000128775], [-95.50684199987752, 29.865600999691356], [-95.50666299977738, 29.86366399983916], [-95.50487400039748, 29.860416000072725], [-95.5053830002105, 29.855859999670027], [-95.50471200001577, 29.853609000196098], [-95.50464699971845, 29.851592000063977], [-95.50551299990684, 29.848821000091405], [-95.52435799987094, 29.859432999781443], [-95.52453600014616, 29.865554000128775]]]}, "properties": {"geoid": "48201532301", "name": "Census Tract 5323.01", "population": "4612.0", "median_hh_income": "58154.0", "poverty_rate": "0.21986123156981788", "nearest_dollar_store_mi": "0.31", "gap_score": "508.7"}}, {"type": "Feature", "geometry": {"type": "Polygon", "coordinates": [[[-95.49561199971232, 29.737577000022995], [-95.4898520003139, 29.73768399979509], [-95.48978199999371, 29.731792000157025], [-95.4954359999852, 29.731745000098506], [-95.49561199971232, 29.737577000022995]]]}, "properties": {"geoid": "48201432005", "name": "Census Tract 4320.05", "population": "3676.0", "median_hh_income": "47468.0", "poverty_rate": "0.21137105549510338", "nearest_dollar_store_mi": "0.57", "gap_score": "841.6"}}, {"type": "Feature", "geometry": {"type": "Polygon", "coordinates": [[[-95.20505899978829, 29.777030999912515], [-95.2047499999918, 29.778290000232307], [-95.20292200025385, 29.78109300035383], [-95.20305500032323, 29.781820999823598], [-95.20240599986981, 29.783042000151788], [-95.20256999990136, 29.784169000349202], [-95.2015110002674, 29.785466999740574], [-95.20068600008688, 29.785978000340627], [-95.19842900000353, 29.785972999753938], [-95.19686700040435, 29.787410999627667], [-95.19529099966316, 29.78644900007256], [-95.19370200029978, 29.788376000040476], [-95.1929149997541, 29.788389000161846], [-95.1933230001831, 29.787894000344412], [-95.18323299984269, 29.788082999854872], [-95.18283500035773, 29.770630999978366], [-95.19702700023791, 29.771533999800567], [-95.1967319997868, 29.772602999900048], [-95.19515000009615, 29.774519000115987], [-95.19574400029799, 29.775826999707103], [-95.19673400033496, 29.77663000027521], [-95.19750099989085, 29.776884999880515], [-95.19850900036947, 29.77674000000111], [-95.20010500030384, 29.775454999988142], [-95.20134899988568, 29.775001999872867], [-95.20473099972523, 29.77534999996825], [-95.20456699969371, 29.775899000147067], [-95.20505899978829, 29.777030999912515]]]}, "properties": {"geoid": "48201233200", "name": "Census Tract 2332", "population": "6294.0", "median_hh_income": "60774.0", "poverty_rate": "0.1982840800762631", "nearest_dollar_store_mi": "0.56", "gap_score": "1077.9"}}, {"type": "Feature", "geometry": {"type": "Polygon", "coordinates": [[[-95.56054200027639, 29.67347000017165], [-95.56047500032923, 29.67462700034127], [-95.54217799963793, 29.6758709996431], [-95.54892399977366, 29.66962099979615], [-95.55086799986256, 29.671087999999404], [-95.55193499989244, 29.67070499970983], [-95.56036300017625, 29.670053999993698], [-95.56054200027639, 29.67347000017165]]]}, "properties": {"geoid": "48201433602", "name": "Census Tract 4336.02", "population": "4053.0", "median_hh_income": "42141.0", "poverty_rate": "0.3461633358006415", "nearest_dollar_store_mi": "1.37", "gap_score": "2500.3"}}, {"type": "Feature", "geometry": {"type": "Polygon", "coordinates": [[[-95.27690799984214, 29.66555799970751], [-95.27501099960888, 29.66558800022163], [-95.27493500033923, 29.66296699997336], [-95.27182600031115, 29.663017999969988], [-95.27181700009034, 29.66222600031991], [-95.27241899978978, 29.661455999669737], [-95.2767999998871, 29.661390000343385], [-95.27690799984214, 29.66555799970751]]]}, "properties": {"geoid": "48201333205", "name": "Census Tract 3332.05", "population": "1384.0", "median_hh_income": "35451.0", "poverty_rate": "0.3417630057803468", "nearest_dollar_store_mi": "0.76", "gap_score": "471.4"}}, {"type": "Feature", "geometry": {"type": "Polygon", "coordinates": [[[-95.50851700035292, 29.662788999751964], [-95.50565299964894, 29.663083999789478], [-95.5055740000062, 29.656029000006956], [-95.50842600011633, 29.656017999919282], [-95.50851700035292, 29.662788999751964]]]}, "properties": {"geoid": "48201422405", "name": "Census Tract 4224.05", "population": "1698.0", "median_hh_income": "18494.0", "poverty_rate": "0.4923439340400471", "nearest_dollar_store_mi": "1.28", "gap_score": "996.0"}}, {"type": "Feature", "geometry": {"type": "Polygon", "coordinates": [[[-95.55622300010334, 29.67841999987476], [-95.55565800021381, 29.6810250000705], [-95.55395400032441, 29.680503000203633], [-95.55299900044757, 29.68205000034126], [-95.55166000043114, 29.680842000223894], [-95.55247999969048, 29.679838999775363], [-95.55345600038204, 29.677487999728076], [-95.55620100036202, 29.677513999847694], [-95.55622300010334, 29.67841999987476]]]}, "properties": {"geoid": "48201433506", "name": "Census Tract 4335.06", "population": "1562.0", "median_hh_income": "36833.0", "poverty_rate": "0.33419188667095945", "nearest_dollar_store_mi": "1.55", "gap_score": "1078.5"}}, {"type": "Feature", "geometry": {"type": "Polygon", "coordinates": [[[-95.23868599963643, 29.636749999636564], [-95.23664500036146, 29.637651999819106], [-95.2241170001877, 29.638064000159375], [-95.22379099977447, 29.6373749997665], [-95.22375200031473, 29.634823999976355], [-95.22141200039067, 29.634829999726044], [-95.22116200014543, 29.629749999932184], [-95.2229420002028, 29.628517999927897], [-95.22512099957005, 29.627774000366326], [-95.22905700032678, 29.62770499995224], [-95.23868599963643, 29.636749999636564]]]}, "properties": {"geoid": "48201321001", "name": "Census Tract 3210.01", "population": "2805.0", "median_hh_income": "36717.0", "poverty_rate": "0.4552584670231729", "nearest_dollar_store_mi": "0.55", "gap_score": "751.2"}}, {"type": "Feature", "geometry": {"type": "Polygon", "coordinates": [[[-95.40005999957108, 29.688929000377442], [-95.3944209996482, 29.689010999923212], [-95.39546599993675, 29.68719000037465], [-95.3955260002112, 29.685310000164858], [-95.39998400030142, 29.685274999925095], [-95.40005999957108, 29.688929000377442]]]}, "properties": {"geoid": "48201314004", "name": "Census Tract 3140.04", "population": "2183.0", "median_hh_income": "44831.0", "poverty_rate": "0.2798900595510765", "nearest_dollar_store_mi": "3.69", "gap_score": "2794.0"}}, {"type": "Feature", "geometry": {"type": "Polygon", "coordinates": [[[-95.44083099993821, 29.808895000299415], [-95.4339810000454, 29.811769000198556], [-95.4313049996624, 29.812543999798237], [-95.41186800004462, 29.81273900032563], [-95.41237199983478, 29.81142499975586], [-95.41235000009345, 29.808839000148726], [-95.42246100035028, 29.80871499998183], [-95.42231900006006, 29.801678999643308], [-95.42439700004327, 29.80167700019018], [-95.42471300041078, 29.802319999654035], [-95.42549099983732, 29.801736000021002], [-95.42652000023234, 29.801656000083458], [-95.42667199966999, 29.802298999682286], [-95.42746300041364, 29.80299399974699], [-95.43319900042091, 29.803851999621276], [-95.43603599956408, 29.806273999848212], [-95.43921499991237, 29.8077770000126], [-95.44083099993821, 29.808895000299415]]]}, "properties": {"geoid": "48201511100", "name": "Census Tract 5111", "population": "4485.0", "median_hh_income": "162212.0", "poverty_rate": "0.10013562386980109", "nearest_dollar_store_mi": "1.38", "gap_score": "0.0"}}, {"type": "Feature", "geometry": {"type": "Polygon", "coordinates": [[[-95.5760179999214, 29.815645999656333], [-95.57585499971479, 29.831792999616848], [-95.56369300013725, 29.831933999944255], [-95.56357900033443, 29.81270500012516], [-95.57578600011782, 29.812958999784637], [-95.57605700027948, 29.813075000126407], [-95.5760179999214, 29.815645999656333]]]}, "properties": {"geoid": "48201540200", "name": "Census Tract 5402", "population": "2433.0", "median_hh_income": "57045.0", "poverty_rate": "0.11261816687217427", "nearest_dollar_store_mi": "2.78", "gap_score": "2307.4"}}, {"type": "Feature", "geometry": {"type": "Polygon", "coordinates": [[[-95.39876099973763, 29.830539999766838], [-95.38441700041982, 29.830847000155966], [-95.38451399960589, 29.833202000369443], [-95.381290999775, 29.828776999723026], [-95.37980100014585, 29.823207000161748], [-95.37804700002773, 29.81938899964046], [-95.38324699955946, 29.819380000187113], [-95.38370900041514, 29.823240999908062], [-95.38523699967915, 29.823057000088372], [-95.38541999997726, 29.822283999970395], [-95.39462200038797, 29.82220599992589], [-95.39876099973763, 29.830539999766838]]]}, "properties": {"geoid": "48201530400", "name": "Census Tract 5304", "population": "3549.0", "median_hh_income": "63106.0", "poverty_rate": "0.10171879402648633", "nearest_dollar_store_mi": "0.33", "gap_score": "287.9"}}, {"type": "Feature", "geometry": {"type": "Polygon", "coordinates": [[[-95.37513399981825, 29.813199000342998], [-95.37110500007341, 29.813638999870467], [-95.35757799964188, 29.813849999736366], [-95.35724499955595, 29.799969999846848], [-95.37193799975155, 29.800039999806184], [-95.37357600041702, 29.80868900034225], [-95.37513399981825, 29.813199000342998]]]}, "properties": {"geoid": "48201210600", "name": "Census Tract 2106", "population": "5415.0", "median_hh_income": "83618.0", "poverty_rate": "0.06703601108033241", "nearest_dollar_store_mi": "1.34", "gap_score": "0.0"}}, {"type": "Feature", "geometry": {"type": "Polygon", "coordinates": [[[-95.35758400038797, 29.813686999701766], [-95.35490499963191, 29.813773000121355], [-95.35029299955589, 29.812409000229597], [-95.3478570002707, 29.80310099981591], [-95.35050500016631, 29.803308999789913], [-95.35038700016554, 29.800060000119675], [-95.35724499955595, 29.799969999846848], [-95.35758400038797, 29.813686999701766]]]}, "properties": {"geoid": "48201210700", "name": "Census Tract 2107", "population": "2208.0", "median_hh_income": "61161.0", "poverty_rate": "0.20100045475216008", "nearest_dollar_store_mi": "1.26", "gap_score": "839.5"}}, {"type": "Feature", "geometry": {"type": "Polygon", "coordinates": [[[-95.21698199988954, 29.648019000349763], [-95.21411700025897, 29.64894399975424], [-95.2146910003693, 29.650354000376755], [-95.21255700030962, 29.650857000239462], [-95.2079739996476, 29.650979999652677], [-95.20781499963894, 29.640876000175496], [-95.20918700016564, 29.638363000012205], [-95.21102400012443, 29.63698100015774], [-95.21726200027203, 29.64364099983743], [-95.21511899999147, 29.64519700036826], [-95.21747300015922, 29.647721999685174], [-95.21698199988954, 29.648019000349763]]]}, "properties": {"geoid": "48201321302", "name": "Census Tract 3213.02", "population": "1929.0", "median_hh_income": "62042.0", "poverty_rate": "0.24935199585277346", "nearest_dollar_store_mi": "1.84", "gap_score": "1059.2"}}, {"type": "Feature", "geometry": {"type": "Polygon", "coordinates": [[[-95.41274799957841, 29.91733099970697], [-95.4123119995603, 29.924675999617733], [-95.40997500000933, 29.924584999887532], [-95.40855599962698, 29.924948999866402], [-95.4067489998054, 29.91992799984404], [-95.40438100029228, 29.920697000110497], [-95.40292900029796, 29.920820999782663], [-95.40213199970651, 29.921304999787747], [-95.40281100029718, 29.92234299961444], [-95.4005319995742, 29.92406499972202], [-95.4016089996498, 29.92527200013178], [-95.4000749996397, 29.925908999885323], [-95.39787500035605, 29.925979999960997], [-95.3935839997721, 29.92135000014641], [-95.39351799964987, 29.919320000322028], [-95.39591700002346, 29.918894999915096], [-95.40369400020403, 29.915671999968772], [-95.40680700043004, 29.915210999718525], [-95.41269499987497, 29.915071000025748], [-95.41274799957841, 29.91733099970697]]]}, "properties": {"geoid": "48201222505", "name": "Census Tract 2225.05", "population": "3304.0", "median_hh_income": "75994.0", "poverty_rate": "0.11371951219512196", "nearest_dollar_store_mi": "0.2", "gap_score": "39.8"}}, {"type": "Feature", "geometry": {"type": "Polygon", "coordinates": [[[-95.28611699992555, 29.603372999967068], [-95.28554199999027, 29.611654999619994], [-95.27551699994717, 29.61172600020494], [-95.27571799978863, 29.62502900009589], [-95.27841199971499, 29.625020999911577], [-95.27843500017953, 29.625940999766772], [-95.26673399983612, 29.62643699999908], [-95.26631500043477, 29.601627000087706], [-95.27776599963461, 29.601415999818446], [-95.27804900039015, 29.601650999960807], [-95.2781370002537, 29.603008999812975], [-95.28614600023786, 29.60290699992893], [-95.28611699992555, 29.603372999967068]]]}, "properties": {"geoid": "48201333802", "name": "Census Tract 3338.02", "population": "6105.0", "median_hh_income": "86897.0", "poverty_rate": "0.06208026208026208", "nearest_dollar_store_mi": "0.84", "gap_score": "0.0"}}, {"type": "Feature", "geometry": {"type": "Polygon", "coordinates": [[[-95.75223800021254, 29.83168599986016], [-95.74041899986837, 29.831816999852432], [-95.73762500038288, 29.831256000046608], [-95.73132699996081, 29.831218999668128], [-95.73127300043247, 29.83030500024807], [-95.7301989998316, 29.828857999627967], [-95.73018700013603, 29.82704299966463], [-95.73096299991275, 29.82539299992769], [-95.73100300009571, 29.81965999994655], [-95.73128799960276, 29.818297999992037], [-95.73331999955522, 29.817804000027007], [-95.7339170001301, 29.815232999872176], [-95.73796799961625, 29.816873000112455], [-95.74106999997161, 29.817063000178777], [-95.74297300005264, 29.81891599999476], [-95.74488399963127, 29.82011299977257], [-95.7464489996035, 29.82240499994893], [-95.74877500018216, 29.823338000358607], [-95.7492299995685, 29.824976000353598], [-95.75014799963544, 29.826002999943817], [-95.74952199964655, 29.82697700013584], [-95.74949200040764, 29.82911999984229], [-95.75223800021254, 29.83168599986016]]]}, "properties": {"geoid": "48201542305", "name": "Census Tract 5423.05", "population": "4761.0", "median_hh_income": "87338.0", "poverty_rate": "0.05524049569418189", "nearest_dollar_store_mi": "2.16", "gap_score": "0.0"}}, {"type": "Feature", "geometry": {"type": "Polygon", "coordinates": [[[-95.49305000003044, 29.7054529997441], [-95.4867189999964, 29.705531999741016], [-95.48662600011, 29.698086999956175], [-95.49299300012902, 29.694802999947896], [-95.49305000003044, 29.7054529997441]]]}, "properties": {"geoid": "48201421601", "name": "Census Tract 4216.01", "population": "3258.0", "median_hh_income": "37008.0", "poverty_rate": "0.3004910988336403", "nearest_dollar_store_mi": "0.38", "gap_score": "535.4"}}, {"type": "Feature", "geometry": {"type": "Polygon", "coordinates": [[[-95.48468299984599, 29.7091759997763], [-95.47634300032402, 29.709266999949186], [-95.47641399957082, 29.71652700029358], [-95.46805200030755, 29.71659099971594], [-95.46799000038328, 29.712978999694624], [-95.47259400006337, 29.71290400020459], [-95.47251200004762, 29.707475999769553], [-95.47628600042262, 29.707432000077624], [-95.47627600037688, 29.70560299965561], [-95.48463000014254, 29.705529999929485], [-95.48468299984599, 29.7091759997763]]]}, "properties": {"geoid": "48201421501", "name": "Census Tract 4215.01", "population": "3991.0", "median_hh_income": "46273.0", "poverty_rate": "0.34687580354847003", "nearest_dollar_store_mi": "0.97", "gap_score": "1735.6"}}, {"type": "Feature", "geometry": {"type": "Polygon", "coordinates": [[[-95.53051900002563, 29.676418999767716], [-95.5279049995669, 29.677080999771785], [-95.51098899962312, 29.685625000213633], [-95.5108179999189, 29.67840499997181], [-95.5143880000794, 29.678354999758756], [-95.51446599989721, 29.677022999726354], [-95.51598400001379, 29.67526199992465], [-95.51576499973066, 29.673616999939085], [-95.52092699962759, 29.67218900023876], [-95.52578999977376, 29.67193999971026], [-95.53001900043344, 29.673528999759036], [-95.53042299976617, 29.67426200026538], [-95.53051900002563, 29.676418999767716]]]}, "properties": {"geoid": "48201423002", "name": "Census Tract 4230.02", "population": "3080.0", "median_hh_income": "34059.0", "poverty_rate": "0.3626623376623377", "nearest_dollar_store_mi": "0.68", "gap_score": "953.3"}}, {"type": "Feature", "geometry": {"type": "Polygon", "coordinates": [[[-95.37915300041564, 29.71523399990852], [-95.37685600014932, 29.723455999799558], [-95.3750040001219, 29.72660100032811], [-95.36567000036503, 29.720968000109075], [-95.37146699957336, 29.713587000004395], [-95.37280800013791, 29.713942999677723], [-95.37369699989253, 29.71384099983897], [-95.37865899977291, 29.71196099979697], [-95.37915300041564, 29.71523399990852]]]}, "properties": {"geoid": "48201313000", "name": "Census Tract 3130", "population": "2401.0", "median_hh_income": "56516.0", "poverty_rate": "0.20616409829237817", "nearest_dollar_store_mi": "1.53", "gap_score": "1389.6"}}, {"type": "Feature", "geometry": {"type": "Polygon", "coordinates": [[[-95.46406200002248, 29.66263500017461], [-95.46399800044838, 29.664304999958283], [-95.44652299956456, 29.664502999876092], [-95.44659600025781, 29.653898999632098], [-95.45087900044582, 29.652565999655337], [-95.46373599960924, 29.647490000291377], [-95.46406200002248, 29.66263500017461]]]}, "properties": {"geoid": "48201420400", "name": "Census Tract 4204", "population": "3714.0", "median_hh_income": "94625.0", "poverty_rate": "0.03454790823211876", "nearest_dollar_store_mi": "1.16", "gap_score": "0.0"}}, {"type": "Feature", "geometry": {"type": "Polygon", "coordinates": [[[-95.49318499974964, 29.710930999936785], [-95.49307599996969, 29.71269800020393], [-95.48476099966378, 29.71279600030997], [-95.48463000014254, 29.705529999929485], [-95.49305000003044, 29.7054529997441], [-95.49318499974964, 29.710930999936785]]]}, "properties": {"geoid": "48201421403", "name": "Census Tract 4214.03", "population": "4503.0", "median_hh_income": "32813.0", "poverty_rate": "0.35747611641857363", "nearest_dollar_store_mi": "0.77", "gap_score": "1576.1"}}, {"type": "Feature", "geometry": {"type": "Polygon", "coordinates": [[[-95.48896100001116, 29.71638199969593], [-95.48480000002185, 29.71642399977221], [-95.48476099966378, 29.71279600030997], [-95.48889300023909, 29.7127460000449], [-95.48896100001116, 29.71638199969593]]]}, "properties": {"geoid": "48201421402", "name": "Census Tract 4214.02", "population": "3661.0", "median_hh_income": "37684.0", "poverty_rate": "0.3881453154875717", "nearest_dollar_store_mi": "1.11", "gap_score": "1881.8"}}, {"type": "Feature", "geometry": {"type": "Polygon", "coordinates": [[[-95.35088900030587, 29.69614599962537], [-95.34854600000878, 29.701767999991862], [-95.32952100011967, 29.695531999815135], [-95.32751400028155, 29.695023999745942], [-95.32666399998666, 29.695466000224744], [-95.3257149999576, 29.69196200022757], [-95.33505799993532, 29.68758100019541], [-95.34094100025568, 29.68570700011396], [-95.34103599979191, 29.687121999809438], [-95.33877100021095, 29.692775000081376], [-95.35088900030587, 29.69614599962537]]]}, "properties": {"geoid": "48201313400", "name": "Census Tract 3134", "population": "3803.0", "median_hh_income": "42500.0", "poverty_rate": "0.28766763081777547", "nearest_dollar_store_mi": "2.76", "gap_score": "4513.1"}}, {"type": "Feature", "geometry": {"type": "Polygon", "coordinates": [[[-95.35598099988259, 29.681738999804946], [-95.35582100004902, 29.683836999916444], [-95.35088900030587, 29.69614599962537], [-95.33877100021095, 29.692775000081376], [-95.34103599979191, 29.687121999809438], [-95.34094100025568, 29.68570700011396], [-95.34919600028712, 29.683251000268392], [-95.35449899975104, 29.68122200009176], [-95.35596499998908, 29.680921000062074], [-95.35598099988259, 29.681738999804946]]]}, "properties": {"geoid": "48201313500", "name": "Census Tract 3135", "population": "1781.0", "median_hh_income": "29922.0", "poverty_rate": "0.36327905670971367", "nearest_dollar_store_mi": "3.28", "gap_score": "2428.0"}}, {"type": "Feature", "geometry": {"type": "Polygon", "coordinates": [[[-95.3665270003326, 29.681284999620907], [-95.35942700019456, 29.69914099972643], [-95.35941600032389, 29.702374999971525], [-95.35240300022447, 29.702926999665728], [-95.34854600000878, 29.701767999991862], [-95.35582100004902, 29.683836999916444], [-95.35596499998908, 29.680921000062074], [-95.36054399955479, 29.680550999820095], [-95.36664899963301, 29.68097399983967], [-95.3665270003326, 29.681284999620907]]]}, "properties": {"geoid": "48201313600", "name": "Census Tract 3136", "population": "4618.0", "median_hh_income": "34013.0", "poverty_rate": "0.4465136422693807", "nearest_dollar_store_mi": "3.34", "gap_score": "6680.0"}}, {"type": "Feature", "geometry": {"type": "Polygon", "coordinates": [[[-95.37627600019117, 29.698060000106306], [-95.37520900016132, 29.701856999970303], [-95.37232600008906, 29.701610000256725], [-95.35941600032389, 29.702374999971525], [-95.35931599986647, 29.699505999976264], [-95.36311700000566, 29.689966000374355], [-95.36921299986304, 29.69187999996831], [-95.36778500015816, 29.695462000200838], [-95.37627600019117, 29.698060000106306]]]}, "properties": {"geoid": "48201313700", "name": "Census Tract 3137", "population": "2327.0", "median_hh_income": "48240.0", "poverty_rate": "0.1205183585313175", "nearest_dollar_store_mi": "3.07", "gap_score": "2607.4"}}, {"type": "Feature", "geometry": {"type": "Polygon", "coordinates": [[[-95.56498299974987, 29.747391999970485], [-95.56471999998413, 29.748639999880435], [-95.56323000035496, 29.748721999795507], [-95.56330399997482, 29.75784999961228], [-95.5624999997107, 29.757844999960597], [-95.56219299956402, 29.75835400003426], [-95.56146100016824, 29.75853500022946], [-95.55808799965122, 29.758003000064004], [-95.55789299965755, 29.74755000017306], [-95.56213300018788, 29.74716300019752], [-95.56498299974987, 29.747391999970485]]]}, "properties": {"geoid": "48201450804", "name": "Census Tract 4508.04", "population": "2310.0", "median_hh_income": "61250.0", "poverty_rate": "0.05064935064935065", "nearest_dollar_store_mi": "3.37", "gap_score": "1820.2"}}, {"type": "Feature", "geometry": {"type": "Polygon", "coordinates": [[[-95.58585600036675, 29.7428789998773], [-95.58408899982985, 29.744668000234388], [-95.58364699996397, 29.746884000267958], [-95.58168100013376, 29.746974999785216], [-95.57778299991017, 29.74786300020932], [-95.57206600016949, 29.74795099999867], [-95.5719909998264, 29.74277699981153], [-95.5735390000802, 29.74324600005073], [-95.57629599975576, 29.74335699968983], [-95.57616500023451, 29.736616000029947], [-95.58119900008491, 29.736557000051835], [-95.58126299965899, 29.73988399969424], [-95.58172499961636, 29.741322999721902], [-95.5852410002485, 29.74125200011485], [-95.58608899999525, 29.742710000155462], [-95.58585600036675, 29.7428789998773]]]}, "properties": {"geoid": "48201451006", "name": "Census Tract 4510.06", "population": "2465.0", "median_hh_income": "103096.0", "poverty_rate": "0.03286004056795132", "nearest_dollar_store_mi": "2.13", "gap_score": "0.0"}}, {"type": "Feature", "geometry": {"type": "Polygon", "coordinates": [[[-95.61961200008632, 29.728069000305798], [-95.61456300016731, 29.72797900008766], [-95.609556999906, 29.729684000291762], [-95.6057340000255, 29.729779000032032], [-95.60565600020769, 29.72729399976938], [-95.60487899970774, 29.724287000213366], [-95.60477400012574, 29.719793000252373], [-95.61323099982357, 29.71949500000828], [-95.6135489998409, 29.717419000266588], [-95.61512200020904, 29.71638900023001], [-95.61859500028518, 29.720597999905113], [-95.61930199956662, 29.72190099961478], [-95.61961200008632, 29.728069000305798]]]}, "properties": {"geoid": "48201451904", "name": "Census Tract 4519.04", "population": "3601.0", "median_hh_income": "56369.0", "poverty_rate": "0.08719800055540128", "nearest_dollar_store_mi": "0.4", "gap_score": "497.7"}}, {"type": "Feature", "geometry": {"type": "Polygon", "coordinates": [[[-95.60605200004281, 29.74622200017982], [-95.60221099972065, 29.746299000285134], [-95.59934699991497, 29.74749699965404], [-95.59825999979363, 29.74763999998953], [-95.59821700013593, 29.744944000381604], [-95.59520000016938, 29.744982999713816], [-95.59530399992646, 29.74416899996713], [-95.59447999957084, 29.74416899996713], [-95.59445000033192, 29.74300600024228], [-95.59357800029575, 29.743020999857173], [-95.59353800011277, 29.74059799985408], [-95.58868199963929, 29.740652000065737], [-95.58861700024026, 29.73639799969992], [-95.60583899960749, 29.736177999695148], [-95.60605200004281, 29.74622200017982]]]}, "properties": {"geoid": "48201451301", "name": "Census Tract 4513.01", "population": "4018.0", "median_hh_income": "90086.0", "poverty_rate": "0.06819313091090094", "nearest_dollar_store_mi": "1.29", "gap_score": "0.0"}}, {"type": "Feature", "geometry": {"type": "Polygon", "coordinates": [[[-95.50837599988762, 29.65152700027473], [-95.50638699959286, 29.651158999742442], [-95.50322800023442, 29.65116600013639], [-95.50315600026438, 29.644325999799417], [-95.50829300004693, 29.644232999917264], [-95.50837599988762, 29.65152700027473]]]}, "properties": {"geoid": "48201422303", "name": "Census Tract 4223.03", "population": "3079.0", "median_hh_income": "40471.0", "poverty_rate": "0.44949658980188373", "nearest_dollar_store_mi": "0.5", "gap_score": "741.9"}}, {"type": "Feature", "geometry": {"type": "Polygon", "coordinates": [[[-95.34892299957734, 29.62768799971845], [-95.3489059998589, 29.636281000261075], [-95.33938999962884, 29.636958999721905], [-95.33932500022982, 29.627373000196236], [-95.34892299957734, 29.62768799971845]]]}, "properties": {"geoid": "48201331604", "name": "Census Tract 3316.04", "population": "2690.0", "median_hh_income": "38938.0", "poverty_rate": "0.2998859749144812", "nearest_dollar_store_mi": "2.15", "gap_score": "2509.0"}}, {"type": "Feature", "geometry": {"type": "Polygon", "coordinates": [[[-95.38728000040058, 29.63221200031927], [-95.38535800005296, 29.630912999926856], [-95.38469299970602, 29.62986100005333], [-95.38412399961852, 29.62959700005001], [-95.38205599968106, 29.629291000369463], [-95.38014799957715, 29.629873000143554], [-95.37989400003225, 29.630137000204428], [-95.37988700035956, 29.631631000254227], [-95.37807399979191, 29.63265900008942], [-95.37790999976036, 29.635981000266007], [-95.37641599993326, 29.636547000326477], [-95.37549200001854, 29.63757700033949], [-95.37594899995302, 29.63956299982044], [-95.37569000038525, 29.6402349996192], [-95.37375700016699, 29.64043300004993], [-95.37261399996915, 29.6418980000078], [-95.37084200030769, 29.642343000221715], [-95.37000200005855, 29.643720000005803], [-95.36889900004368, 29.6442680003867], [-95.36746100029305, 29.6444849999026], [-95.36702500027496, 29.645667999817025], [-95.36581599995489, 29.64644400009983], [-95.36405299961595, 29.646482000108975], [-95.36338300014444, 29.621072999723285], [-95.35543600008455, 29.62105999979154], [-95.35542900041186, 29.612194999864794], [-95.38022600029326, 29.61230200037407], [-95.38023899981376, 29.614113999619516], [-95.38720400023259, 29.614031999946967], [-95.38728000040058, 29.63221200031927]]]}, "properties": {"geoid": "48201331502", "name": "Census Tract 3315.02", "population": "6146.0", "median_hh_income": "54097.0", "poverty_rate": "0.20685695538057744", "nearest_dollar_store_mi": "0.65", "gap_score": "1597.9"}}, {"type": "Feature", "geometry": {"type": "Polygon", "coordinates": [[[-95.4400690004052, 29.69063700022452], [-95.43819899993613, 29.689907999959445], [-95.43611699975494, 29.690859000263142], [-95.43466499976061, 29.69209100033823], [-95.43198599990288, 29.69111999978676], [-95.42944500013738, 29.691533999793425], [-95.42882400017135, 29.692176999799695], [-95.42859499984249, 29.693776999786632], [-95.4269329997859, 29.69582000014508], [-95.42645099973704, 29.693842999706156], [-95.42725300035134, 29.691361000039578], [-95.4271570000919, 29.6817459996319], [-95.42689299960294, 29.680800999858565], [-95.4260380001835, 29.67987800021092], [-95.42764300033869, 29.677724000146654], [-95.43599299990638, 29.679473000113916], [-95.43994800003136, 29.679512999685436], [-95.4400690004052, 29.69063700022452]]]}, "properties": {"geoid": "48201413302", "name": "Census Tract 4133.02", "population": "3768.0", "median_hh_income": "170750.0", "poverty_rate": "0.061040339702760085", "nearest_dollar_store_mi": "1.65", "gap_score": "0.0"}}, {"type": "Feature", "geometry": {"type": "Polygon", "coordinates": [[[-95.41921800042793, 29.678843000275567], [-95.41912999966607, 29.68219100000393], [-95.41236299961395, 29.68205700014656], [-95.41227200027565, 29.67808399963873], [-95.41919900016134, 29.677814999931893], [-95.41921800042793, 29.678843000275567]]]}, "properties": {"geoid": "48201314301", "name": "Census Tract 3143.01", "population": "2226.0", "median_hh_income": "50779.0", "poverty_rate": "0.1963162623539982", "nearest_dollar_store_mi": "2.52", "gap_score": "2239.9"}}, {"type": "Feature", "geometry": {"type": "Polygon", "coordinates": [[[-95.42757600039154, 29.67783600023081], [-95.41436299977936, 29.694449000345937], [-95.4135290002763, 29.69353300018063], [-95.41253699969121, 29.690993999751544], [-95.41236299961395, 29.68205700014656], [-95.41912999966607, 29.68219100000393], [-95.41919900016134, 29.677814999931893], [-95.42472599993127, 29.67761199993773], [-95.42757600039154, 29.67783600023081]]]}, "properties": {"geoid": "48201314302", "name": "Census Tract 3143.02", "population": "1650.0", "median_hh_income": "41845.0", "poverty_rate": "0.1593939393939394", "nearest_dollar_store_mi": "2.46", "gap_score": "1565.6"}}, {"type": "Feature", "geometry": {"type": "Polygon", "coordinates": [[[-95.42727099989472, 29.690530999906528], [-95.42645099973704, 29.693842999706156], [-95.4269329997859, 29.69582000014508], [-95.42563999980024, 29.696743000091402], [-95.4232089996396, 29.69684599973195], [-95.42043400042068, 29.69564000032823], [-95.41964299967704, 29.695906999927924], [-95.4180979997963, 29.697340000131152], [-95.41722499993521, 29.697731000253942], [-95.4144780003054, 29.69781299963962], [-95.41212599978748, 29.697311999702762], [-95.4260380001835, 29.67987800021092], [-95.42689299960294, 29.680800999858565], [-95.4271570000919, 29.6817459996319], [-95.42727099989472, 29.690530999906528]]]}, "properties": {"geoid": "48201413301", "name": "Census Tract 4133.01", "population": "5185.0", "median_hh_income": "70918.0", "poverty_rate": "0.03323615160349854", "nearest_dollar_store_mi": "2.41", "gap_score": "1566.0"}}, {"type": "Feature", "geometry": {"type": "Polygon", "coordinates": [[[-95.58176099960137, 29.798771999677207], [-95.57662899984169, 29.807485999852076], [-95.57613599992219, 29.809756000325148], [-95.57605700027948, 29.813075000126407], [-95.56378199982571, 29.81269800008241], [-95.56318699979896, 29.78480599989929], [-95.58100599974105, 29.78489099991585], [-95.58112600028997, 29.798751999885784], [-95.58176099960137, 29.798771999677207]]]}, "properties": {"geoid": "48201543201", "name": "Census Tract 5432.01", "population": "6682.0", "median_hh_income": "80159.0", "poverty_rate": "0.14476247564813427", "nearest_dollar_store_mi": "3.31", "gap_score": "0.0"}}, {"type": "Feature", "geometry": {"type": "Polygon", "coordinates": [[[-95.62380599968759, 29.78064599963509], [-95.62376800005273, 29.78506099973243], [-95.60650300012952, 29.78495699993397], [-95.6063120003338, 29.776321000342012], [-95.61245500004685, 29.77614099990358], [-95.61246799956733, 29.775887999931623], [-95.61339800022816, 29.7757419997925], [-95.61339700040324, 29.773774999715133], [-95.61512399985885, 29.773409999844155], [-95.6168589997104, 29.77629100016148], [-95.61971900021645, 29.77891999969591], [-95.6213720000522, 29.779748999780672], [-95.62381699955824, 29.779906999644485], [-95.62380599968759, 29.78064599963509]]]}, "properties": {"geoid": "48201450402", "name": "Census Tract 4504.02", "population": "2227.0", "median_hh_income": "120909.0", "poverty_rate": "0.06645711719802425", "nearest_dollar_store_mi": "3.34", "gap_score": "0.0"}}, {"type": "Feature", "geometry": {"type": "Polygon", "coordinates": [[[-95.4296719999181, 29.832277999946708], [-95.428538999766, 29.832335000025264], [-95.42833200007678, 29.830736999909202], [-95.41638700023421, 29.8307779997674], [-95.41621200033204, 29.831329000163507], [-95.41068899986176, 29.831397000352485], [-95.41043899961652, 29.81909000022188], [-95.42950100021389, 29.81944100036297], [-95.4296719999181, 29.832277999946708]]]}, "properties": {"geoid": "48201531000", "name": "Census Tract 5310", "population": "5027.0", "median_hh_income": "182632.0", "poverty_rate": "0.0483389695643525", "nearest_dollar_store_mi": "0.64", "gap_score": "0.0"}}, {"type": "Feature", "geometry": {"type": "Polygon", "coordinates": [[[-95.57144600002836, 29.717062000256156], [-95.55758100038634, 29.71826100025596], [-95.55737899982167, 29.704502000257406], [-95.57121199967665, 29.703926000176953], [-95.57144600002836, 29.717062000256156]]]}, "properties": {"geoid": "48201452300", "name": "Census Tract 4523", "population": "2216.0", "median_hh_income": "71384.0", "poverty_rate": "0.20216606498194944", "nearest_dollar_store_mi": "2.6", "gap_score": "797.0"}}, {"type": "Feature", "geometry": {"type": "Polygon", "coordinates": [[[-95.24719199973805, 29.686923000243713], [-95.24488399960107, 29.688454999940774], [-95.23911800035488, 29.69602500004227], [-95.23856400033601, 29.696302999763642], [-95.22951400026125, 29.6833179998138], [-95.2454130004039, 29.68318000016553], [-95.24519800031874, 29.684935000306105], [-95.24674200037457, 29.686069999801756], [-95.24719199973805, 29.686923000243713]]]}, "properties": {"geoid": "48201321800", "name": "Census Tract 3218", "population": "4101.0", "median_hh_income": "66856.0", "poverty_rate": "0.26779577810505645", "nearest_dollar_store_mi": "1.86", "gap_score": "1696.5"}}, {"type": "Feature", "geometry": {"type": "Polygon", "coordinates": [[[-95.31069100022418, 29.71220000030465], [-95.30939300021566, 29.713599000250607], [-95.30919400002404, 29.71447000005426], [-95.30753100014252, 29.715886999924894], [-95.30767599990746, 29.71739899983624], [-95.30882099975514, 29.71818600003103], [-95.30869600008165, 29.719216000352162], [-95.30543300006782, 29.72114600027795], [-95.30494500017117, 29.722631999624195], [-95.30522399983043, 29.72426700037155], [-95.30498399963092, 29.725580000213082], [-95.30545200033438, 29.72689799967171], [-95.30423700016654, 29.727648999897472], [-95.3031860000302, 29.729995999873175], [-95.30220100001611, 29.7298240001239], [-95.30153499984424, 29.728771000328457], [-95.29795299998817, 29.72758499972548], [-95.29459500043808, 29.727878999837326], [-95.29326100044453, 29.726484999652353], [-95.29127200014977, 29.725839999904935], [-95.29012599957889, 29.72348999988109], [-95.28930799996937, 29.72326700007702], [-95.28780599974634, 29.723455999799558], [-95.2861760003751, 29.722632999749717], [-95.28690899959578, 29.721102999696313], [-95.28641700039951, 29.72036100018372], [-95.28527199965355, 29.71998899977879], [-95.28511099999504, 29.71965000000221], [-95.30509999998188, 29.708425000208468], [-95.31069100022418, 29.71220000030465]]]}, "properties": {"geoid": "48201311200", "name": "Census Tract 3112", "population": "4523.0", "median_hh_income": "62096.0", "poverty_rate": "0.0855626796374088", "nearest_dollar_store_mi": "0.19", "gap_score": "226.5"}}, {"type": "Feature", "geometry": {"type": "Polygon", "coordinates": [[[-95.34011900044818, 29.801314000174518], [-95.33486399976654, 29.800172000086203], [-95.32409300008396, 29.80016499994585], [-95.32399699982449, 29.793950999619124], [-95.32578799975254, 29.79352700006246], [-95.3276869996356, 29.793516000224727], [-95.32984199961172, 29.79355399994253], [-95.3314390002693, 29.794012999907554], [-95.33993799979993, 29.79390500005936], [-95.34011900044818, 29.801314000174518]]]}, "properties": {"geoid": "48201211000", "name": "Census Tract 2110", "population": "1674.0", "median_hh_income": "26563.0", "poverty_rate": "0.2723404255319149", "nearest_dollar_store_mi": "0.4", "gap_score": "281.7"}}, {"type": "Feature", "geometry": {"type": "Polygon", "coordinates": [[[-95.32422699997826, 29.809072000165855], [-95.31721399987885, 29.809250999800255], [-95.31685599967855, 29.795035000106715], [-95.31615900044287, 29.79367800019332], [-95.31594000015977, 29.78792599989477], [-95.32042099981619, 29.787579000107385], [-95.32394300029613, 29.78766400010818], [-95.32422699997826, 29.809072000165855]]]}, "properties": {"geoid": "48201211200", "name": "Census Tract 2112", "population": "2330.0", "median_hh_income": "30833.0", "poverty_rate": "0.32889652211249465", "nearest_dollar_store_mi": "1.09", "gap_score": "1123.6"}}, {"type": "Feature", "geometry": {"type": "Polygon", "coordinates": [[[-95.3994760003133, 29.950597999999992], [-95.39318499956394, 29.950653999992326], [-95.39316100017281, 29.94816000014289], [-95.38909499971975, 29.948218000361027], [-95.38845399966223, 29.948741999644522], [-95.38769999962683, 29.948211999910622], [-95.38674499974995, 29.9493840003355], [-95.38596200030054, 29.94971600004658], [-95.3858600001933, 29.94931000003313], [-95.3870150000867, 29.948431000160706], [-95.3890989999177, 29.945633999643047], [-95.38975599986873, 29.945298000157425], [-95.39602800035154, 29.94517800001043], [-95.39670600021897, 29.946835000211735], [-95.39872499975262, 29.949155000231137], [-95.3994760003133, 29.950597999999992]]]}, "properties": {"geoid": "48201240504", "name": "Census Tract 2405.04", "population": "2888.0", "median_hh_income": "36176.0", "poverty_rate": "0.24480609418282548", "nearest_dollar_store_mi": "0.28", "gap_score": "338.5"}}, {"type": "Feature", "geometry": {"type": "Polygon", "coordinates": [[[-95.4338260002347, 29.946366000068764], [-95.43282199995406, 29.947197000099212], [-95.43254400011969, 29.948081999661987], [-95.42950799988657, 29.951588999917515], [-95.42919200041739, 29.95274899988307], [-95.42849799975814, 29.95342000014365], [-95.42674899966288, 29.953876000121245], [-95.42608000001628, 29.954430999689126], [-95.4232449996246, 29.955475999666287], [-95.42174199957667, 29.95562400037792], [-95.42028999958234, 29.95664100002409], [-95.41861300035542, 29.956875999938074], [-95.41811799988778, 29.952436000153273], [-95.41710199991155, 29.9490320002565], [-95.42836499968872, 29.948809999955177], [-95.42979699959159, 29.948290000289557], [-95.43224100017099, 29.946451999784255], [-95.4334599996385, 29.946142000370173], [-95.43416199979538, 29.946121999747074], [-95.4338260002347, 29.946366000068764]]]}, "properties": {"geoid": "48201550101", "name": "Census Tract 5501.01", "population": "2430.0", "median_hh_income": "26842.0", "poverty_rate": "0.5521702838063439", "nearest_dollar_store_mi": "0.15", "gap_score": "191.3"}}, {"type": "Feature", "geometry": {"type": "Polygon", "coordinates": [[[-95.41861300035542, 29.956875999938074], [-95.41631199989114, 29.95664599984592], [-95.41301100024245, 29.954165999770076], [-95.40780199959156, 29.953396000373665], [-95.40518999968096, 29.949569000072067], [-95.4011369996467, 29.948341999989303], [-95.40115099989039, 29.94432100012247], [-95.40391699978679, 29.943577999783997], [-95.40289400013785, 29.941919000052504], [-95.40294500019148, 29.940487999960474], [-95.41400600030228, 29.94053399971194], [-95.41789699995485, 29.951537000359025], [-95.41861300035542, 29.956875999938074]]]}, "properties": {"geoid": "48201240102", "name": "Census Tract 2401.02", "population": "1689.0", "median_hh_income": "42664.0", "poverty_rate": "0.35168738898756663", "nearest_dollar_store_mi": "0.81", "gap_score": "615.5"}}, {"type": "Feature", "geometry": {"type": "Polygon", "coordinates": [[[-95.41250800027721, 29.85711999979269], [-95.40637200023686, 29.857484000035214], [-95.40639200032834, 29.858769999774037], [-95.40424099965188, 29.858897000345628], [-95.40257799977036, 29.859395000174967], [-95.40130599970108, 29.8572049998868], [-95.39295500030848, 29.845523999856415], [-95.40132400014275, 29.845270000367112], [-95.40261700012842, 29.845639000124354], [-95.40477999960213, 29.847012999708618], [-95.4082829998155, 29.847180000132], [-95.4095289999455, 29.84764199988535], [-95.41163399969288, 29.84930000015603], [-95.4124170000406, 29.852882999715785], [-95.41250800027721, 29.85711999979269]]]}, "properties": {"geoid": "48201530702", "name": "Census Tract 5307.02", "population": "4321.0", "median_hh_income": "34674.0", "poverty_rate": "0.3931960194399445", "nearest_dollar_store_mi": "0.57", "gap_score": "1150.3"}}, {"type": "Feature", "geometry": {"type": "Polygon", "coordinates": [[[-95.25077500031736, 29.617164999629388], [-95.2483640002482, 29.623530999989793], [-95.24852900010464, 29.62715800031626], [-95.2384730000994, 29.627480999719502], [-95.2382610003873, 29.622967000089314], [-95.2402120001489, 29.622699999745787], [-95.24063200027348, 29.62155399992307], [-95.24264199958631, 29.618779000044636], [-95.24369000024792, 29.618168000027044], [-95.24539599978715, 29.617893999880813], [-95.24508799981557, 29.616737000378205], [-95.24190199979462, 29.61679599964214], [-95.24187800040347, 29.615628000216166], [-95.24224499992627, 29.614737999970913], [-95.24217399978117, 29.61112099998707], [-95.2380780000892, 29.61122000035634], [-95.2412399998207, 29.60829700010759], [-95.24060399978609, 29.607187000323513], [-95.2476029996418, 29.600818999985748], [-95.24843100019535, 29.602983999728416], [-95.24972900020389, 29.604849000112264], [-95.24994299956582, 29.60577999988692], [-95.2498210002654, 29.611001000119085], [-95.25074199980708, 29.61437600029756], [-95.25077500031736, 29.617164999629388]]]}, "properties": {"geoid": "48201333904", "name": "Census Tract 3339.04", "population": "6275.0", "median_hh_income": "73715.0", "poverty_rate": "0.1450199203187251", "nearest_dollar_store_mi": "1.03", "gap_score": "621.4"}}, {"type": "Feature", "geometry": {"type": "Polygon", "coordinates": [[[-95.17665300028662, 29.93100699982435], [-95.17572699982377, 29.939280000091674], [-95.17568800036402, 29.9428360003815], [-95.17430699961648, 29.9523780000603], [-95.17332699962526, 29.954542999994676], [-95.16908500034343, 29.960343000356403], [-95.16856599958635, 29.961989000048977], [-95.16864400030248, 29.963555999657068], [-95.16992200021951, 29.967218000275192], [-95.1570659999827, 29.97966199978547], [-95.15400100033557, 29.98183899979737], [-95.14954999991804, 29.983410000102594], [-95.14080899963977, 29.98423699996162], [-95.13785000029787, 29.98482499964533], [-95.13154100000514, 29.98766699973589], [-95.1292849997467, 29.977871999841557], [-95.14823900038903, 29.95762799997681], [-95.14982699992748, 29.943272999690404], [-95.14043600026919, 29.926716999959268], [-95.1329240004025, 29.91947900030842], [-95.14709199999324, 29.913058000028514], [-95.14775499979206, 29.91229900015009], [-95.15264999972528, 29.90124299992601], [-95.15603300028803, 29.89976999965499], [-95.16037000000443, 29.898560000305427], [-95.15802000003464, 29.900298999700528], [-95.15604800035665, 29.902684999941826], [-95.15553399962243, 29.90646100003104], [-95.15630399955137, 29.90910500028678], [-95.15756399992507, 29.910880000027966], [-95.16205200015251, 29.915497999913967], [-95.16442700023666, 29.919136999832443], [-95.16749100005887, 29.922760999984707], [-95.17242199997713, 29.92679599970605], [-95.17490199964324, 29.92977199965011], [-95.17675299984575, 29.930712000031818], [-95.17665300028662, 29.93100699982435]]]}, "properties": {"geoid": "48201252003", "name": "Census Tract 2520.03", "population": "10901.0", "median_hh_income": "173138.0", "poverty_rate": "0.005320612787817631", "nearest_dollar_store_mi": "3.32", "gap_score": "0.0"}}, {"type": "Feature", "geometry": {"type": "Polygon", "coordinates": [[[-95.37657800031496, 29.742229999738388], [-95.37094699988967, 29.749319000332594], [-95.365189999966, 29.745879999666055], [-95.3626840003606, 29.74486500020799], [-95.36908499981651, 29.73682600001435], [-95.37704100009722, 29.741653000169055], [-95.37657800031496, 29.742229999738388]]]}, "properties": {"geoid": "48201312501", "name": "Census Tract 3125.01", "population": "3348.0", "median_hh_income": "132250.0", "poverty_rate": "0.1166267942583732", "nearest_dollar_store_mi": "0.45", "gap_score": "0.0"}}, {"type": "Feature", "geometry": {"type": "Polygon", "coordinates": [[[-95.40946299982325, 29.77046999978962], [-95.40612299981652, 29.770500999802515], [-95.3972719999334, 29.769557000038354], [-95.39711200009981, 29.767325000340968], [-95.39762000008794, 29.76653799971093], [-95.40938400018054, 29.76607400008066], [-95.40946299982325, 29.77046999978962]]]}, "properties": {"geoid": "48201510702", "name": "Census Tract 5107.02", "population": "2059.0", "median_hh_income": "244293.0", "poverty_rate": "0.04953861097620204", "nearest_dollar_store_mi": "2.47", "gap_score": "0.0"}}, {"type": "Feature", "geometry": {"type": "Polygon", "coordinates": [[[-95.50842600011633, 29.74831400006808], [-95.50778099986087, 29.748743000086396], [-95.50655900002032, 29.74834099965978], [-95.50615200031453, 29.748553999650063], [-95.50526100001179, 29.750228000252275], [-95.50461599975631, 29.752926000133634], [-95.50110699969515, 29.752965000260257], [-95.50090500002881, 29.737538000150597], [-95.50504299955355, 29.737466000226302], [-95.50517300014823, 29.741802999800615], [-95.50771599956353, 29.741960000297773], [-95.50784000031041, 29.746094000096797], [-95.5067120001812, 29.747225999696784], [-95.50696999992405, 29.747786999620022], [-95.50804699999965, 29.74795999963596], [-95.50842600011633, 29.74831400006808]]]}, "properties": {"geoid": "48201431204", "name": "Census Tract 4312.04", "population": "3195.0", "median_hh_income": "78818.0", "poverty_rate": "0.03317683881064163", "nearest_dollar_store_mi": "0.38", "gap_score": "19.9"}}, {"type": "Feature", "geometry": {"type": "Polygon", "coordinates": [[[-95.42964000013104, 29.870956999817963], [-95.42068899979051, 29.87099499969537], [-95.42073499982126, 29.8735109999576], [-95.42125399968002, 29.874579000305346], [-95.42070300003421, 29.875912999695757], [-95.4207800000271, 29.882390999837526], [-95.41846600004233, 29.88225500033468], [-95.41749299972382, 29.882874999633223], [-95.41023100010237, 29.87359899985837], [-95.40792299996538, 29.86986600019828], [-95.41144899974496, 29.869637000258173], [-95.42816999969507, 29.86358900021445], [-95.42945099998518, 29.864669000122046], [-95.42964000013104, 29.870956999817963]]]}, "properties": {"geoid": "48201533301", "name": "Census Tract 5333.01", "population": "3154.0", "median_hh_income": "39754.0", "poverty_rate": "0.32729007633587787", "nearest_dollar_store_mi": "0.86", "gap_score": "1205.2"}}, {"type": "Feature", "geometry": {"type": "Polygon", "coordinates": [[[-95.40491299967152, 29.864262999991553], [-95.39773300006586, 29.864319000242084], [-95.39782799960209, 29.869907999783255], [-95.38491299981403, 29.8700500002523], [-95.38470699994973, 29.859437999810595], [-95.38651899979416, 29.85968300015299], [-95.40122600023346, 29.859639000307517], [-95.40257799977036, 29.859395000174967], [-95.40491299967152, 29.864262999991553]]]}, "properties": {"geoid": "48201221501", "name": "Census Tract 2215.01", "population": "4845.0", "median_hh_income": "42054.0", "poverty_rate": "0.27472527472527475", "nearest_dollar_store_mi": "0.64", "gap_score": "1315.1"}}, {"type": "Feature", "geometry": {"type": "Polygon", "coordinates": [[[-95.19190299997584, 29.616172000316865], [-95.18997700032858, 29.61747900021597], [-95.18143299969381, 29.62195299991339], [-95.17920599974767, 29.623482999722384], [-95.17111300009793, 29.623132000000567], [-95.17091300008138, 29.62063199990113], [-95.16241200000263, 29.620783000186755], [-95.16255900031574, 29.62694199968063], [-95.15416100016914, 29.627086000155828], [-95.15366999989946, 29.61167000009972], [-95.14474299984836, 29.617067000026978], [-95.14220799993066, 29.61493100001834], [-95.15383800012894, 29.60477999962319], [-95.15359600027962, 29.592596000238796], [-95.15303600041298, 29.591732000198984], [-95.16464999981942, 29.591629999846987], [-95.16783099981751, 29.59129700013967], [-95.16834100035376, 29.591820999870453], [-95.16836499974488, 29.591469000184418], [-95.18830299967807, 29.6127249998667], [-95.19190299997584, 29.616172000316865]]]}, "properties": {"geoid": "48201340201", "name": "Census Tract 3402.01", "population": "0.0", "median_hh_income": "", "poverty_rate": "0.0", "nearest_dollar_store_mi": "3.21", "gap_score": "0.0"}}, {"type": "Feature", "geometry": {"type": "Polygon", "coordinates": [[[-95.17920599974767, 29.623482999722384], [-95.17364299999277, 29.62750200037249], [-95.17030800000889, 29.63058099981131], [-95.14273500018534, 29.631220999874145], [-95.1414799998345, 29.63158400019253], [-95.13915199960604, 29.633197999991758], [-95.12237600030267, 29.633477000284465], [-95.12236000040915, 29.629713999613312], [-95.12087900010249, 29.626505000199547], [-95.11822000033624, 29.62403699972545], [-95.11640699976859, 29.623105999885798], [-95.11415300005827, 29.622465999810597], [-95.11331199998422, 29.60754300022594], [-95.11787600037965, 29.607234999760617], [-95.12011599984626, 29.606736000379794], [-95.12422800033008, 29.6051210003236], [-95.1326580002637, 29.60062600026126], [-95.13506799960965, 29.59762299975503], [-95.13591399970655, 29.59485599985953], [-95.1376129995731, 29.59253899980776], [-95.14386999998726, 29.589156999916764], [-95.14689799982446, 29.585749000346365], [-95.1491800000222, 29.583838000203876], [-95.15543999991111, 29.581669999812085], [-95.1577990001017, 29.58020000023277], [-95.16836499974488, 29.591469000184418], [-95.16834100035376, 29.591820999870453], [-95.16783099981751, 29.59129700013967], [-95.16464999981942, 29.591629999846987], [-95.15303600041298, 29.591732000198984], [-95.15359600027962, 29.592596000238796], [-95.15383800012894, 29.60477999962319], [-95.14220799993066, 29.61493100001834], [-95.14474299984836, 29.617067000026978], [-95.15366999989946, 29.61167000009972], [-95.15416100016914, 29.627086000155828], [-95.16255900031574, 29.62694199968063], [-95.16241200000263, 29.620783000186755], [-95.17091300008138, 29.62063199990113], [-95.17111300009793, 29.623132000000567], [-95.17920599974767, 29.623482999722384]]]}, "properties": {"geoid": "48201340202", "name": "Census Tract 3402.02", "population": "8505.0", "median_hh_income": "170807.0", "poverty_rate": "0.04315108759553204", "nearest_dollar_store_mi": "4.38", "gap_score": "0.0"}}, {"type": "Feature", "geometry": {"type": "Polygon", "coordinates": [[[-95.26717700042522, 29.709909000111377], [-95.26646799969734, 29.711158000019115], [-95.26626500020608, 29.712832999990805], [-95.26620400010671, 29.72233999999865], [-95.26652499959876, 29.724938999739305], [-95.26270000006843, 29.726201000256275], [-95.25932099970363, 29.726874000017443], [-95.25578900007626, 29.72681000013122], [-95.25402599973732, 29.726022000380564], [-95.24792300020724, 29.720639999777585], [-95.24545400041177, 29.719642000320402], [-95.24302099970302, 29.719086999972163], [-95.23891199959225, 29.719515000020927], [-95.2356779998907, 29.722369999945958], [-95.23210299970732, 29.724264000043878], [-95.22699500023708, 29.72581800018517], [-95.22452999974126, 29.725582999721343], [-95.22354200025244, 29.72527500007598], [-95.22412300003549, 29.723777000270978], [-95.22381900026188, 29.721196999619462], [-95.22144400017773, 29.72012299975218], [-95.22001700029777, 29.718748000269716], [-95.22001499974962, 29.716091000022185], [-95.2261020002845, 29.716036999853237], [-95.22609100041385, 29.709950000303134], [-95.22821000040494, 29.70977300004051], [-95.22813800043491, 29.70765799999304], [-95.22881600030234, 29.70750499998162], [-95.2462879999148, 29.70606600026344], [-95.26165300013005, 29.708619000333584], [-95.26717700042522, 29.709909000111377]]]}, "properties": {"geoid": "48201324200", "name": "Census Tract 3242", "population": "728.0", "median_hh_income": "50313.0", "poverty_rate": "0.23119777158774374", "nearest_dollar_store_mi": "3.04", "gap_score": "896.3"}}, {"type": "Feature", "geometry": {"type": "Polygon", "coordinates": [[[-95.53929000044113, 29.734744999978734], [-95.53887100014147, 29.737116999622486], [-95.52116699982709, 29.73733100003392], [-95.5205600001048, 29.733732000174353], [-95.52049399998253, 29.729065000085495], [-95.53396399961436, 29.728945999730403], [-95.5376130003159, 29.72784499968272], [-95.53915200034886, 29.7277280003704], [-95.53929000044113, 29.734744999978734]]]}, "properties": {"geoid": "48201432200", "name": "Census Tract 4322", "population": "3865.0", "median_hh_income": "54854.0", "poverty_rate": "0.048124191461836996", "nearest_dollar_store_mi": "1.69", "gap_score": "2283.7"}}, {"type": "Feature", "geometry": {"type": "Polygon", "coordinates": [[[-95.39315199995197, 29.680881000270293], [-95.3916339998354, 29.68536299996965], [-95.38435499959722, 29.68547599984288], [-95.381262000361, 29.686806000068014], [-95.37954199967974, 29.686923000243713], [-95.38062100030348, 29.684894000049386], [-95.38120399973636, 29.680715999790394], [-95.39297500039996, 29.68058399983586], [-95.3932520004094, 29.68058900021568], [-95.39315199995197, 29.680881000270293]]]}, "properties": {"geoid": "48201313902", "name": "Census Tract 3139.02", "population": "2706.0", "median_hh_income": "66013.0", "poverty_rate": "0.12490761271249076", "nearest_dollar_store_mi": "4.03", "gap_score": "1703.1"}}, {"type": "Feature", "geometry": {"type": "Polygon", "coordinates": [[[-95.10959500040893, 29.57237699999499], [-95.10364000011853, 29.583427999955887], [-95.10221499988839, 29.582326000367434], [-95.10170699990027, 29.58037399961638], [-95.10089199976551, 29.579825000245055], [-95.09782000044568, 29.57968200022029], [-95.09652400008697, 29.57901399977596], [-95.09425799978278, 29.578898999951644], [-95.0928109998113, 29.579840999972976], [-95.09123300031861, 29.57951400034218], [-95.09074799989672, 29.579801999850474], [-95.09078499970664, 29.581134000070886], [-95.08961100044499, 29.582761000038822], [-95.09041999983366, 29.584015000171586], [-95.08997999961761, 29.585909999761498], [-95.08837399963748, 29.58738799980912], [-95.08739100017155, 29.587024999690822], [-95.08672900019764, 29.58559899985954], [-95.08595099987278, 29.58565399967334], [-95.08554599981683, 29.586522999783757], [-95.08557799960388, 29.588019999927162], [-95.08509599955502, 29.588267000386917], [-95.08418300040928, 29.587977000231273], [-95.08353700032892, 29.586858000230766], [-95.08249200004036, 29.587597999830116], [-95.08141999998765, 29.58731999978304], [-95.0808400000295, 29.58755499995438], [-95.07804399999588, 29.585772000166944], [-95.07651699965847, 29.58591300031098], [-95.07685700031541, 29.587153000030057], [-95.07647099962772, 29.587329999651914], [-95.07515199970278, 29.586559999820135], [-95.07443700002544, 29.585465000329744], [-95.07309299998613, 29.585255999705236], [-95.07234599962342, 29.584648000256657], [-95.07131799995163, 29.583312999692048], [-95.07100400013228, 29.581942000026245], [-95.0700059996994, 29.581728000097318], [-95.06955499961269, 29.58249900003566], [-95.06903099973104, 29.582535999984955], [-95.06707300029674, 29.58073700022044], [-95.06905800039355, 29.579103999716892], [-95.0697529999794, 29.57789299961208], [-95.07137700040117, 29.576883000135982], [-95.07103099989646, 29.57480600026793], [-95.07187000032069, 29.573297999713766], [-95.07134100041618, 29.5707709998333], [-95.07160699965665, 29.5701160000571], [-95.07171399978677, 29.56527300019666], [-95.07216400004856, 29.56368399966166], [-95.07188200001626, 29.56306399977583], [-95.07634799960407, 29.556343999659163], [-95.07818700011101, 29.555183999983075], [-95.09280800033659, 29.550505999953547], [-95.09323099993588, 29.551370999861728], [-95.09426600017869, 29.552196000080645], [-95.10795400026872, 29.557798999700232], [-95.10178300006827, 29.569187000297962], [-95.10295200020536, 29.569641999667557], [-95.10359499991269, 29.570701000185263], [-95.105968000347, 29.570939000197097], [-95.10959500040893, 29.57237699999499]]]}, "properties": {"geoid": "48201341304", "name": "Census Tract 3413.04", "population": "1543.0", "median_hh_income": "80500.0", "poverty_rate": "0.18464730290456433", "nearest_dollar_store_mi": "2.87", "gap_score": "0.0"}}, {"type": "Feature", "geometry": {"type": "Polygon", "coordinates": [[[-95.33583000041239, 29.782824000221634], [-95.33099300020547, 29.782883000253165], [-95.33098800018259, 29.793971999784], [-95.32984199961172, 29.79355399994253], [-95.3276869996356, 29.793516000224727], [-95.32578799975254, 29.79352700006246], [-95.32399699982449, 29.793950999619124], [-95.32394300029613, 29.78766400010818], [-95.32042099981619, 29.787579000107385], [-95.31594000015977, 29.78792599989477], [-95.31591900024337, 29.787613999749585], [-95.33577699981062, 29.779183999658915], [-95.33583000041239, 29.782824000221634]]]}, "properties": {"geoid": "48201211102", "name": "Census Tract 2111.02", "population": "2401.0", "median_hh_income": "29750.0", "poverty_rate": "0.5456059975010412", "nearest_dollar_store_mi": "0.81", "gap_score": "1000.1"}}, {"type": "Feature", "geometry": {"type": "Polygon", "coordinates": [[[-95.30433000005294, 29.76163399998437], [-95.30428999986997, 29.767377000052928], [-95.30326700022106, 29.767376000373623], [-95.30324200010669, 29.772850000286546], [-95.29781099969794, 29.772842999794626], [-95.29621700031171, 29.772521999659634], [-95.2900069997532, 29.772856999998172], [-95.2839100000709, 29.77218000000159], [-95.28349800034225, 29.750098000121064], [-95.2912599995559, 29.755189999934142], [-95.29312500000209, 29.757010999817787], [-95.29388700043341, 29.75716899967639], [-95.29482399986863, 29.756819000019576], [-95.29681700036133, 29.756765999722113], [-95.29853799996918, 29.757099999936596], [-95.3043130003345, 29.760151999617044], [-95.30433000005294, 29.76163399998437]]]}, "properties": {"geoid": "48201211501", "name": "Census Tract 2115.01", "population": "3129.0", "median_hh_income": "38641.0", "poverty_rate": "0.36113774368807927", "nearest_dollar_store_mi": "3.04", "gap_score": "4259.0"}}, {"type": "Feature", "geometry": {"type": "Polygon", "coordinates": [[[-95.31559100018029, 29.774419000278794], [-95.30122799969759, 29.77442100027651], [-95.29884199974279, 29.775058000247668], [-95.2922179998058, 29.7776919996265], [-95.28991300004186, 29.77803200002824], [-95.28403599956928, 29.77811499963451], [-95.2839100000709, 29.77218000000159], [-95.2900069997532, 29.772856999998172], [-95.29621700031171, 29.772521999659634], [-95.29781099969794, 29.772842999794626], [-95.30324200010669, 29.772850000286546], [-95.30326700022106, 29.767376000373623], [-95.30428999986997, 29.767377000052928], [-95.3043130003345, 29.760151999617044], [-95.30594699990372, 29.760910999880277], [-95.31547999985222, 29.763627000293624], [-95.31559100018029, 29.774419000278794]]]}, "properties": {"geoid": "48201211502", "name": "Census Tract 2115.02", "population": "2805.0", "median_hh_income": "57063.0", "poverty_rate": "0.2784313725490196", "nearest_dollar_store_mi": "2.66", "gap_score": "2916.3"}}, {"type": "Feature", "geometry": {"type": "Polygon", "coordinates": [[[-95.30289800015011, 29.745107000049526], [-95.30003000014648, 29.751968000117312], [-95.29720399997564, 29.754061000013635], [-95.29483300008945, 29.751148000322143], [-95.2950189998623, 29.750349999862106], [-95.29582999979911, 29.749536000013897], [-95.29651600006247, 29.748164000037594], [-95.29644699956717, 29.747637000360932], [-95.29597000043951, 29.747302999810977], [-95.29302600026789, 29.747269999880704], [-95.28884299963896, 29.749924999895043], [-95.2885990001398, 29.749756000350633], [-95.28819800028181, 29.747575000216834], [-95.28801800035676, 29.742742000101597], [-95.29050800006861, 29.736551000131403], [-95.29894200020021, 29.739250999811084], [-95.29906600004877, 29.74306700017003], [-95.30319600007594, 29.744361999725673], [-95.30289800015011, 29.745107000049526]]]}, "properties": {"geoid": "48201311002", "name": "Census Tract 3110.02", "population": "3516.0", "median_hh_income": "52092.0", "poverty_rate": "0.22070534698521047", "nearest_dollar_store_mi": "1.83", "gap_score": "2617.3"}}, {"type": "Feature", "geometry": {"type": "Polygon", "coordinates": [[[-95.34112000035582, 29.769718000135132], [-95.34045099981091, 29.77169499983852], [-95.34027099988586, 29.777252000282424], [-95.32490999986855, 29.783757999836894], [-95.32484799994428, 29.778352000085548], [-95.32660899973509, 29.77826199978295], [-95.32641499956634, 29.776157000388842], [-95.33394700042282, 29.775924999730098], [-95.33374700040629, 29.771414999945222], [-95.33573900017579, 29.77128999976795], [-95.33571599971124, 29.769312999868312], [-95.33862300007293, 29.76905600037266], [-95.34112000035582, 29.769718000135132]]]}, "properties": {"geoid": "48201211301", "name": "Census Tract 2113.01", "population": "2676.0", "median_hh_income": "35208.0", "poverty_rate": "0.4857997010463378", "nearest_dollar_store_mi": "1.27", "gap_score": "1686.7"}}, {"type": "Feature", "geometry": {"type": "Polygon", "coordinates": [[[-95.3402170003575, 29.778404000310122], [-95.33993799979993, 29.79390500005936], [-95.33098800018259, 29.793971999784], [-95.33099300020547, 29.782883000253165], [-95.33583000041239, 29.782824000221634], [-95.33577699981062, 29.779183999658915], [-95.34027099988586, 29.777252000282424], [-95.3402170003575, 29.778404000310122]]]}, "properties": {"geoid": "48201211101", "name": "Census Tract 2111.01", "population": "2954.0", "median_hh_income": "41784.0", "poverty_rate": "0.34475738038683407", "nearest_dollar_store_mi": "0.52", "gap_score": "693.4"}}, {"type": "Feature", "geometry": {"type": "Polygon", "coordinates": [[[-95.14043799991902, 29.56204899963742], [-95.1324259995618, 29.567763000263795], [-95.1203379996041, 29.554867000170987], [-95.12496399992382, 29.551940999950673], [-95.12859299963557, 29.548956999870136], [-95.14066700024787, 29.561884999974367], [-95.14043799991902, 29.56204899963742]]]}, "properties": {"geoid": "48201340701", "name": "Census Tract 3407.01", "population": "3918.0", "median_hh_income": "69716.0", "poverty_rate": "0.15135273098519653", "nearest_dollar_store_mi": "0.6", "gap_score": "372.7"}}, {"type": "Feature", "geometry": {"type": "Polygon", "coordinates": [[[-95.4093880003785, 29.76541500028688], [-95.40938400018054, 29.76607400008066], [-95.39736599964473, 29.76656700000634], [-95.39901699983068, 29.763528999935094], [-95.39842299962883, 29.76185799999786], [-95.40118600005049, 29.761942000263744], [-95.40358600024898, 29.760922000180923], [-95.40698599963187, 29.76075799996929], [-95.40808100014912, 29.760381999878582], [-95.40862500012226, 29.760521999745336], [-95.40914599963084, 29.76241699967166], [-95.4093880003785, 29.76541500028688]]]}, "properties": {"geoid": "48201510701", "name": "Census Tract 5107.01", "population": "2165.0", "median_hh_income": "84615.0", "poverty_rate": "0.23879907621247112", "nearest_dollar_store_mi": "2.26", "gap_score": "0.0"}}, {"type": "Feature", "geometry": {"type": "Polygon", "coordinates": [[[-95.34270100022157, 29.86755699992514], [-95.3411620001886, 29.86845899998823], [-95.34158499978793, 29.86983399961232], [-95.34084800036925, 29.87292900000443], [-95.34164300041255, 29.87456699987483], [-95.34226900040144, 29.875152000097593], [-95.3354949997783, 29.87523500009221], [-95.33542000033356, 29.871013999628627], [-95.33228899966586, 29.871030999934867], [-95.33019999981201, 29.870354000072158], [-95.33284199985982, 29.865512000268897], [-95.33359400024541, 29.86134399999763], [-95.33558900038796, 29.862109999651686], [-95.33815100006983, 29.862225000290174], [-95.33904700039547, 29.86310500031471], [-95.34105900025644, 29.863858000040267], [-95.34251700009855, 29.866117000178953], [-95.34270100022157, 29.86755699992514]]]}, "properties": {"geoid": "48201222000", "name": "Census Tract 2220", "population": "2028.0", "median_hh_income": "40598.0", "poverty_rate": "0.28057199211045364", "nearest_dollar_store_mi": "1.98", "gap_score": "1710.5"}}, {"type": "Feature", "geometry": {"type": "Polygon", "coordinates": [[[-95.20034499960504, 30.081628000244468], [-95.2003360002825, 30.083446000164063], [-95.19572400020651, 30.08732100021198], [-95.17844900023753, 30.07684600010901], [-95.18117800032401, 30.075402999719884], [-95.18386499967936, 30.075321000147014], [-95.18589499998198, 30.076190000307733], [-95.18808199974515, 30.07849300003274], [-95.18951700002104, 30.07915300031505], [-95.19472599977362, 30.07883400015832], [-95.19712900034517, 30.078365999977343], [-95.19881099959494, 30.078678999752263], [-95.2001510003346, 30.079988000345843], [-95.20034499960504, 30.081628000244468]]]}, "properties": {"geoid": "48201251401", "name": "Census Tract 2514.01", "population": "2975.0", "median_hh_income": "125521.0", "poverty_rate": "0.09310924369747899", "nearest_dollar_store_mi": "3.02", "gap_score": "0.0"}}, {"type": "Feature", "geometry": {"type": "Polygon", "coordinates": [[[-95.22302400021859, 29.612180999906542], [-95.21923700032309, 29.613565999969868], [-95.21612200044724, 29.615990999703435], [-95.20554800040816, 29.606349999778363], [-95.21163199967165, 29.602256999745464], [-95.21599000020275, 29.601043000113513], [-95.21647499972634, 29.604529999765084], [-95.21734699976253, 29.606217999917533], [-95.22142499991116, 29.609850999737883], [-95.22302400021859, 29.612180999906542]]]}, "properties": {"geoid": "48201334002", "name": "Census Tract 3340.02", "population": "2420.0", "median_hh_income": "67938.0", "poverty_rate": "0.05909090909090909", "nearest_dollar_store_mi": "0.56", "gap_score": "230.1"}}, {"type": "Feature", "geometry": {"type": "Polygon", "coordinates": [[[-95.60444799971253, 29.703492999973417], [-95.59615400022133, 29.703615000239473], [-95.59590499980096, 29.689088000225723], [-95.60425699991681, 29.688942000129106], [-95.60444799971253, 29.703492999973417]]]}, "properties": {"geoid": "48201452802", "name": "Census Tract 4528.02", "population": "6301.0", "median_hh_income": "58906.0", "poverty_rate": "0.22837644818282812", "nearest_dollar_store_mi": "1.87", "gap_score": "4072.4"}}, {"type": "Feature", "geometry": {"type": "Polygon", "coordinates": [[[-95.61464299963492, 29.702030000377768], [-95.61463699978714, 29.703506000181473], [-95.60444799971253, 29.703492999973417], [-95.60425699991681, 29.688942000129106], [-95.61432799999066, 29.688507999647864], [-95.61462599991651, 29.692417999858506], [-95.61464299963492, 29.702030000377768]]]}, "properties": {"geoid": "48201452801", "name": "Census Tract 4528.01", "population": "5413.0", "median_hh_income": "54087.0", "poverty_rate": "0.19286901902826528", "nearest_dollar_store_mi": "1.87", "gap_score": "4024.3"}}, {"type": "Feature", "geometry": {"type": "Polygon", "coordinates": [[[-95.48531499968264, 29.817044000110474], [-95.48417900005582, 29.817522999787542], [-95.48326600001175, 29.818335999648447], [-95.46253200021035, 29.80323400005526], [-95.46288700003758, 29.80293100024296], [-95.48483299963381, 29.8028379999004], [-95.48531499968264, 29.817044000110474]]]}, "properties": {"geoid": "48201520400", "name": "Census Tract 5204", "population": "3837.0", "median_hh_income": "34623.0", "poverty_rate": "0.4787594474850143", "nearest_dollar_store_mi": "0.82", "gap_score": "1556.4"}}, {"type": "Feature", "geometry": {"type": "Polygon", "coordinates": [[[-95.33309600030304, 29.72608900026251], [-95.32855000034927, 29.7369950002916], [-95.32552400016189, 29.740832000301378], [-95.31424700014101, 29.737262999879775], [-95.31528300020874, 29.735854999909446], [-95.328368999701, 29.72279599978939], [-95.33318699964131, 29.725889999888466], [-95.33309600030304, 29.72608900026251]]]}, "properties": {"geoid": "48201310600", "name": "Census Tract 3106", "population": "4598.0", "median_hh_income": "51837.0", "poverty_rate": "0.1341490058990605", "nearest_dollar_store_mi": "0.3", "gap_score": "518.6"}}, {"type": "Feature", "geometry": {"type": "Polygon", "coordinates": [[[-95.44738999957787, 29.705918000067047], [-95.44618700000389, 29.7059340000566], [-95.44616000023971, 29.70457600025588], [-95.43716700006637, 29.704578999611435], [-95.43722999981556, 29.695134999662386], [-95.43679200014765, 29.693452000058887], [-95.43589699964691, 29.691805999981465], [-95.43843599976258, 29.690483000373575], [-95.43904900023101, 29.69078100009452], [-95.43903900018528, 29.6916649997607], [-95.44007899955263, 29.691662000019544], [-95.4400690004052, 29.69063700022452], [-95.44087399959592, 29.690993000091275], [-95.44216599975667, 29.690935999930023], [-95.44610599981301, 29.687568000267753], [-95.4470130000093, 29.68731200014869], [-95.44738999957787, 29.705918000067047]]]}, "properties": {"geoid": "48201413000", "name": "Census Tract 4130", "population": "3111.0", "median_hh_income": "111219.0", "poverty_rate": "0.05271616843458695", "nearest_dollar_store_mi": "1.83", "gap_score": "0.0"}}, {"type": "Feature", "geometry": {"type": "Polygon", "coordinates": [[[-95.4770599996512, 29.686548000159803], [-95.47623500036899, 29.68988400004703], [-95.4591000001421, 29.69008299999272], [-95.45905199956321, 29.681396999640228], [-95.4606700001372, 29.681050000296622], [-95.46261699970086, 29.679742000067385], [-95.47687499970328, 29.677388999721643], [-95.4770599996512, 29.686548000159803]]]}, "properties": {"geoid": "48201420800", "name": "Census Tract 4208", "population": "2829.0", "median_hh_income": "226250.0", "poverty_rate": "0.05905511811023622", "nearest_dollar_store_mi": "0.97", "gap_score": "0.0"}}, {"type": "Feature", "geometry": {"type": "Polygon", "coordinates": [[[-95.347582999736, 29.766586000302908], [-95.34259699956618, 29.768558000322894], [-95.34116399983843, 29.769641000087223], [-95.33862300007293, 29.76905600037266], [-95.33588999978852, 29.769268000344045], [-95.32293800019055, 29.774157000231956], [-95.31559100018029, 29.774419000278794], [-95.31547999985222, 29.763627000293624], [-95.32004599989749, 29.75611800036682], [-95.32297599982539, 29.75733099996383], [-95.32457500013281, 29.759105999986737], [-95.32572199963028, 29.75989899981137], [-95.32963699957229, 29.759831999900744], [-95.33255900000262, 29.758357999891317], [-95.33340599992445, 29.7590760001092], [-95.33337099976436, 29.761011999688446], [-95.33393700037709, 29.761536999753545], [-95.33792699976385, 29.76221499966669], [-95.34063999995679, 29.761335000314013], [-95.34343099996754, 29.762158000178445], [-95.34584299986159, 29.762003000366274], [-95.34660600011783, 29.76262599969587], [-95.34666100036941, 29.765890000385102], [-95.347582999736, 29.766586000302908]]]}, "properties": {"geoid": "48201211400", "name": "Census Tract 2114", "population": "4291.0", "median_hh_income": "77773.0", "poverty_rate": "0.19948729899790257", "nearest_dollar_store_mi": "1.93", "gap_score": "294.5"}}, {"type": "Feature", "geometry": {"type": "Polygon", "coordinates": [[[-95.41884299961087, 29.74928399978651], [-95.4182950003381, 29.752160999680687], [-95.4173019999281, 29.754564999993196], [-95.41480100034558, 29.75790300011633], [-95.4137409999884, 29.758666999868364], [-95.41062199991461, 29.7590079998855], [-95.40849200005286, 29.75972600012519], [-95.40851299996926, 29.756120999741636], [-95.41072700039491, 29.754556000168996], [-95.41072900004474, 29.742581000342287], [-95.41877800021189, 29.742318999721107], [-95.41884299961087, 29.74928399978651]]]}, "properties": {"geoid": "48201411100", "name": "Census Tract 4111", "population": "3667.0", "median_hh_income": "177796.0", "poverty_rate": "0.046632124352331605", "nearest_dollar_store_mi": "2.31", "gap_score": "0.0"}}, {"type": "Feature", "geometry": {"type": "Polygon", "coordinates": [[[-95.44839600040667, 29.755992999820133], [-95.44649599980036, 29.755100999678902], [-95.44604999973653, 29.75394199968106], [-95.44390900000413, 29.754069999882287], [-95.44244100011628, 29.753611999907232], [-95.44150499960767, 29.75405299995635], [-95.44114599958247, 29.75522400017727], [-95.43967000019703, 29.757081999962743], [-95.43802099966089, 29.757131999968795], [-95.43820599960883, 29.75777999978649], [-95.43920300021678, 29.758776000059463], [-95.43918399995023, 29.7592000001689], [-95.43858200025076, 29.759629000386845], [-95.43552099990328, 29.75797800028144], [-95.43375099989164, 29.75766499985504], [-95.4332400004288, 29.75815399995974], [-95.43304000041225, 29.759797999661266], [-95.43192300015367, 29.759665000196208], [-95.43067500037385, 29.75851800028107], [-95.4293339998093, 29.758283999780645], [-95.42864599989613, 29.758705000334796], [-95.4284600001233, 29.75934399994511], [-95.42952499960501, 29.760316000040593], [-95.42816800004523, 29.76054099962866], [-95.42753500038367, 29.76013499994291], [-95.42681899998307, 29.758393000388335], [-95.42590699976392, 29.757931000018186], [-95.42516799979713, 29.756582000090418], [-95.42466599965678, 29.75683399990739], [-95.42422700016397, 29.758296999909394], [-95.42321000036283, 29.758255000207107], [-95.42231200038736, 29.757344999995613], [-95.42028399973456, 29.759279999723528], [-95.41945299970625, 29.758918999901447], [-95.41828899959202, 29.757549999791685], [-95.41699099958348, 29.758669999946758], [-95.4160270003841, 29.760159000215946], [-95.41416600013586, 29.759838999742204], [-95.41345499975816, 29.76007599976721], [-95.41297699990726, 29.76237899983307], [-95.41173699962503, 29.762053000256383], [-95.40862500012226, 29.760521999745336], [-95.40853200023584, 29.76019700011661], [-95.40849200005286, 29.75972600012519], [-95.40978199966548, 29.75921900030289], [-95.41359299985041, 29.75870799963225], [-95.41480100034558, 29.75790300011633], [-95.41660800016714, 29.755723000010182], [-95.41788100006133, 29.7533190001759], [-95.41863199972369, 29.750904999620367], [-95.41881900021976, 29.748398999855766], [-95.42224999956478, 29.747790000024093], [-95.43014999976899, 29.747758000129153], [-95.44169700012662, 29.746759999790065], [-95.44825599976629, 29.7466569998866], [-95.44839600040667, 29.755992999820133]]]}, "properties": {"geoid": "48201411200", "name": "Census Tract 4112", "population": "1700.0", "median_hh_income": "176042.0", "poverty_rate": "0.06", "nearest_dollar_store_mi": "3.35", "gap_score": "0.0"}}, {"type": "Feature", "geometry": {"type": "Polygon", "coordinates": [[[-95.44825599976629, 29.7466569998866], [-95.44169700012662, 29.746759999790065], [-95.43014999976899, 29.747758000129153], [-95.42224999956478, 29.747790000024093], [-95.41881900021976, 29.748398999855766], [-95.41877800021189, 29.742318999721107], [-95.43143699990688, 29.742057999907257], [-95.43527499985599, 29.74151600027837], [-95.4481589996819, 29.741630000080942], [-95.44825599976629, 29.7466569998866]]]}, "properties": {"geoid": "48201411400", "name": "Census Tract 4114", "population": "2898.0", "median_hh_income": "250001.0", "poverty_rate": "0.025183630640083946", "nearest_dollar_store_mi": "3.37", "gap_score": "0.0"}}, {"type": "Feature", "geometry": {"type": "Polygon", "coordinates": [[[-95.46044199963325, 29.72975200012322], [-95.45830699974863, 29.740943000272708], [-95.4481589996819, 29.741630000080942], [-95.44792500022847, 29.730046000125924], [-95.4558329999303, 29.73026100007072], [-95.46043499996057, 29.72895300016818], [-95.46044199963325, 29.72975200012322]]]}, "properties": {"geoid": "48201411600", "name": "Census Tract 4116", "population": "2806.0", "median_hh_income": "127426.0", "poverty_rate": "0.04490377761938703", "nearest_dollar_store_mi": "2.89", "gap_score": "0.0"}}, {"type": "Feature", "geometry": {"type": "Polygon", "coordinates": [[[-95.3003840001488, 29.69587200025752], [-95.29529199967376, 29.695551999918862], [-95.28873200020921, 29.697448999857382], [-95.28701200042626, 29.696039000046586], [-95.28665300040107, 29.6950119996211], [-95.2845500003035, 29.692336999618284], [-95.27811200013933, 29.685750999956785], [-95.2789180000533, 29.685499000312582], [-95.29631000019813, 29.685149000365676], [-95.2985959996955, 29.68883700004607], [-95.29886900040529, 29.692309999783834], [-95.3003840001488, 29.69587200025752]]]}, "properties": {"geoid": "48201332900", "name": "Census Tract 3329", "population": "4635.0", "median_hh_income": "41194.0", "poverty_rate": "0.3064767415980414", "nearest_dollar_store_mi": "1.42", "gap_score": "2866.0"}}, {"type": "Feature", "geometry": {"type": "Polygon", "coordinates": [[[-95.51534999962898, 29.92536999993996], [-95.50794599971731, 29.92525400007708], [-95.50423300033998, 29.924293000302672], [-95.50221300008307, 29.924340000200395], [-95.50055000020156, 29.92488699989561], [-95.4938440002488, 29.919992999697445], [-95.49530499956565, 29.917719000333445], [-95.49574800015476, 29.91612599984368], [-95.49568700005538, 29.89968100035473], [-95.50074799966997, 29.89961599970429], [-95.51534999962898, 29.92536999993996]]]}, "properties": {"geoid": "48201534002", "name": "Census Tract 5340.02", "population": "5216.0", "median_hh_income": "55481.0", "poverty_rate": "0.2026457055214724", "nearest_dollar_store_mi": "0.55", "gap_score": "1131.1"}}, {"type": "Feature", "geometry": {"type": "Polygon", "coordinates": [[[-95.26801900032419, 29.79180600032735], [-95.26159600022865, 29.792098999748593], [-95.24727799995179, 29.794892000378965], [-95.24527899961127, 29.79494799976244], [-95.2448719999055, 29.794213000098274], [-95.24275899976217, 29.793537999898973], [-95.24053299964095, 29.791999000319247], [-95.23957500028936, 29.790834000228383], [-95.23945999976333, 29.789019000003567], [-95.23901799989746, 29.788172999904692], [-95.23842600024375, 29.788085000359278], [-95.23778799966098, 29.786969000369112], [-95.23816599995276, 29.786221000176187], [-95.23798900040074, 29.785474000129533], [-95.23634999991036, 29.785000999921806], [-95.23650100042141, 29.784340999632132], [-95.23587100023455, 29.783879999941227], [-95.23515800020702, 29.78403399991171], [-95.23483699981665, 29.783754000214422], [-95.23556699956262, 29.782224999875726], [-95.23377599963459, 29.78069199983081], [-95.23362500002186, 29.779750999671982], [-95.23302599979712, 29.779415999784177], [-95.23185199963716, 29.777129000316684], [-95.23102599963173, 29.776568999722986], [-95.22996100015, 29.77634400026643], [-95.22853599991986, 29.774711000303128], [-95.22797199985524, 29.772116000182145], [-95.23615499991668, 29.773855999721903], [-95.25214199992287, 29.773839000033988], [-95.26407699971969, 29.77572099970157], [-95.26348500006598, 29.778612000158812], [-95.26353799976943, 29.780686000213244], [-95.26801900032419, 29.79180600032735]]]}, "properties": {"geoid": "48201232600", "name": "Census Tract 2326", "population": "2568.0", "median_hh_income": "70764.0", "poverty_rate": "0.10007788161993769", "nearest_dollar_store_mi": "0.99", "gap_score": "343.4"}}, {"type": "Feature", "geometry": {"type": "Polygon", "coordinates": [[[-95.55611199977527, 29.6584639999739], [-95.55222000029778, 29.661115999909644], [-95.55016099968283, 29.661917999986425], [-95.54962599993053, 29.6629849996537], [-95.54746699975647, 29.664072999763746], [-95.54714000041662, 29.66491399967958], [-95.54606300034102, 29.66533200033452], [-95.54535199996333, 29.666360000278228], [-95.54377799977026, 29.66769599984064], [-95.54129700027924, 29.668651999724272], [-95.54005100014923, 29.668459000370383], [-95.53814300004532, 29.66883800032434], [-95.53674600030259, 29.670388000013567], [-95.53655799998161, 29.66418300036677], [-95.53619800013149, 29.663561000213473], [-95.53613000035945, 29.661718999713077], [-95.53601900003136, 29.656452000125316], [-95.53626599990356, 29.65629800021608], [-95.54379899968666, 29.65622599981268], [-95.54553000023854, 29.655775000017133], [-95.55036499989734, 29.653489000143676], [-95.55611199977527, 29.6584639999739]]]}, "properties": {"geoid": "48201423201", "name": "Census Tract 4232.01", "population": "2631.0", "median_hh_income": "80141.0", "poverty_rate": "0.14117199391171995", "nearest_dollar_store_mi": "1.18", "gap_score": "0.0"}}, {"type": "Feature", "geometry": {"type": "Polygon", "coordinates": [[[-95.51605299961075, 29.674940999703516], [-95.51446599989721, 29.677022999726354], [-95.5143880000794, 29.678354999758756], [-95.5108179999189, 29.67840499997181], [-95.51098899962312, 29.685625000213633], [-95.50873999993568, 29.686784000379976], [-95.5086410002015, 29.676171999963017], [-95.51145800015149, 29.675897000180843], [-95.51445400020165, 29.674063000217572], [-95.51576499973066, 29.673616999939085], [-95.51605299961075, 29.674940999703516]]]}, "properties": {"geoid": "48201423001", "name": "Census Tract 4230.01", "population": "3299.0", "median_hh_income": "36117.0", "poverty_rate": "0.328584419521067", "nearest_dollar_store_mi": "0.68", "gap_score": "998.7"}}, {"type": "Feature", "geometry": {"type": "Polygon", "coordinates": [[[-95.50853400007138, 29.666558999957196], [-95.5011729998174, 29.666745999645833], [-95.5008980003561, 29.656680999934704], [-95.50330400040238, 29.65606800030818], [-95.5055740000062, 29.656029000006956], [-95.50565299964894, 29.663083999789478], [-95.50851700035292, 29.662788999751964], [-95.50853400007138, 29.666558999957196]]]}, "properties": {"geoid": "48201422406", "name": "Census Tract 4224.06", "population": "2757.0", "median_hh_income": "44519.0", "poverty_rate": "0.24954061006982728", "nearest_dollar_store_mi": "1.47", "gap_score": "1691.9"}}, {"type": "Feature", "geometry": {"type": "Polygon", "coordinates": [[[-95.50874999998143, 29.685739999997875], [-95.50873999993568, 29.686784000379976], [-95.50382099971301, 29.68928799986412], [-95.50365699968148, 29.681831000390087], [-95.49280900000602, 29.68181199964837], [-95.49279700031043, 29.67942899986445], [-95.49319200032065, 29.67817099994693], [-95.49631499969409, 29.678455000159953], [-95.50285300031567, 29.677371000277557], [-95.5059249996355, 29.676321999882035], [-95.5086410002015, 29.676171999963017], [-95.50874999998143, 29.685739999997875]]]}, "properties": {"geoid": "48201422601", "name": "Census Tract 4226.01", "population": "3272.0", "median_hh_income": "46015.0", "poverty_rate": "0.24631173829377806", "nearest_dollar_store_mi": "0.56", "gap_score": "758.5"}}, {"type": "Feature", "geometry": {"type": "Polygon", "coordinates": [[[-95.50382099971301, 29.68928799986412], [-95.49299300012902, 29.694802999947896], [-95.49289199984668, 29.690686999790913], [-95.49241200034598, 29.688255999892927], [-95.49280900000602, 29.68181199964837], [-95.50365699968148, 29.681831000390087], [-95.50382099971301, 29.68928799986412]]]}, "properties": {"geoid": "48201422602", "name": "Census Tract 4226.02", "population": "2359.0", "median_hh_income": "73162.0", "poverty_rate": "0.10512929207291224", "nearest_dollar_store_mi": "0.58", "gap_score": "137.9"}}, {"type": "Feature", "geometry": {"type": "Polygon", "coordinates": [[[-95.50857599990417, 29.67086600000518], [-95.50245900013039, 29.670936000358637], [-95.50249699976521, 29.673409000098832], [-95.49714200042276, 29.67347000017165], [-95.49712999982887, 29.672660999639476], [-95.49263499992873, 29.672702000202165], [-95.49225800036018, 29.671049999915667], [-95.49222099965195, 29.66635300016079], [-95.4981809999652, 29.666305999916972], [-95.49872599976324, 29.6667740000034], [-95.50853400007138, 29.666558999957196], [-95.50857599990417, 29.67086600000518]]]}, "properties": {"geoid": "48201422502", "name": "Census Tract 4225.02", "population": "3043.0", "median_hh_income": "45382.0", "poverty_rate": "0.09913793103448276", "nearest_dollar_store_mi": "1.39", "gap_score": "1548.5"}}, {"type": "Feature", "geometry": {"type": "Polygon", "coordinates": [[[-95.6884159996862, 29.790943999940136], [-95.64487000010018, 29.790765000290804], [-95.64479099955915, 29.78503500018273], [-95.68835100028718, 29.785040000036677], [-95.6884159996862, 29.790943999940136]]]}, "properties": {"geoid": "48201541702", "name": "Census Tract 5417.02", "population": "2644.0", "median_hh_income": "64765.0", "poverty_rate": "0.04236006051437216", "nearest_dollar_store_mi": "2.3", "gap_score": "1290.1"}}, {"type": "Feature", "geometry": {"type": "Polygon", "coordinates": [[[-95.50559200044789, 29.655430999740325], [-95.5055740000062, 29.656029000006956], [-95.50229400027393, 29.656228999830528], [-95.49891800028219, 29.657115999620274], [-95.49205499997059, 29.657190000160295], [-95.49218999968981, 29.65191100024415], [-95.49268599998236, 29.650597000096592], [-95.49757199969474, 29.654326000215942], [-95.50556800015843, 29.654474999903638], [-95.50559200044789, 29.655430999740325]]]}, "properties": {"geoid": "48201422404", "name": "Census Tract 4224.04", "population": "2676.0", "median_hh_income": "40478.0", "poverty_rate": "0.2234678624813154", "nearest_dollar_store_mi": "1.2", "gap_score": "1305.7"}}, {"type": "Feature", "geometry": {"type": "Polygon", "coordinates": [[[-95.42331499994481, 29.698289000366017], [-95.42289399999534, 29.700366999943917], [-95.41895499976387, 29.700157000137434], [-95.41881400019687, 29.699751000255173], [-95.41823699971347, 29.699744000121715], [-95.4182380004367, 29.700709000316518], [-95.41487800033846, 29.700727999826228], [-95.41508599985261, 29.698303999642437], [-95.41477700005613, 29.697827999767384], [-95.41722499993521, 29.697731000253942], [-95.4180199999785, 29.69738800029003], [-95.41816899994141, 29.697833000069643], [-95.42021799961232, 29.696841000160962], [-95.42140500019107, 29.696753999626246], [-95.42356000016719, 29.69739400021073], [-95.42331499994481, 29.698289000366017]]]}, "properties": {"geoid": "48201413206", "name": "Census Tract 4132.06", "population": "2653.0", "median_hh_income": "73281.0", "poverty_rate": "0.09460987561251413", "nearest_dollar_store_mi": "2.85", "gap_score": "740.4"}}, {"type": "Feature", "geometry": {"type": "Polygon", "coordinates": [[[-95.41840300029314, 29.714619000334178], [-95.41839900009518, 29.71505399977608], [-95.41267099958552, 29.715107000273388], [-95.41256699982844, 29.705308999836696], [-95.4117180002568, 29.70320499979358], [-95.40902099995738, 29.703776999634613], [-95.40725000012083, 29.703442000221195], [-95.4050659998324, 29.70624699963256], [-95.40301700016151, 29.706230000184206], [-95.40295000021436, 29.704294000349357], [-95.40244100040132, 29.702371000222787], [-95.4052549999783, 29.70202700016578], [-95.40720300026516, 29.700825000347255], [-95.40901299956145, 29.698310000288764], [-95.41051200030975, 29.697340999728283], [-95.41143799987431, 29.697196999895787], [-95.41477700005613, 29.697827999767384], [-95.41508599985261, 29.698303999642437], [-95.41487800033846, 29.700727999826228], [-95.4182380004367, 29.700709000316518], [-95.41840300029314, 29.714619000334178]]]}, "properties": {"geoid": "48201412202", "name": "Census Tract 4122.02", "population": "3496.0", "median_hh_income": "167986.0", "poverty_rate": "0.06686478454680535", "nearest_dollar_store_mi": "3.27", "gap_score": "0.0"}}, {"type": "Feature", "geometry": {"type": "Polygon", "coordinates": [[[-95.42301799984389, 29.70612899982224], [-95.4182879997671, 29.706163999820088], [-95.41823699971347, 29.699744000121715], [-95.41881400019687, 29.699751000255173], [-95.41895499976387, 29.700157000137434], [-95.42289399999534, 29.700366999943917], [-95.42301799984389, 29.70612899982224]]]}, "properties": {"geoid": "48201413205", "name": "Census Tract 4132.05", "population": "1503.0", "median_hh_income": "63837.0", "poverty_rate": "0.14171656686626746", "nearest_dollar_store_mi": "2.98", "gap_score": "1100.2"}}, {"type": "Feature", "geometry": {"type": "Polygon", "coordinates": [[[-95.42744800034501, 29.706093000302108], [-95.42301799984389, 29.70612899982224], [-95.42290800023903, 29.701237000261596], [-95.4251650003224, 29.70100399989645], [-95.42521600037603, 29.70058999989685], [-95.42735299991045, 29.700546999874454], [-95.42744800034501, 29.706093000302108]]]}, "properties": {"geoid": "48201413203", "name": "Census Tract 4132.03", "population": "1874.0", "median_hh_income": "63640.0", "poverty_rate": "0.1622198505869797", "nearest_dollar_store_mi": "2.79", "gap_score": "1325.1"}}, {"type": "Feature", "geometry": {"type": "Polygon", "coordinates": [[[-95.44659600025781, 29.653898999632098], [-95.44338199974943, 29.654936000249062], [-95.44227799990966, 29.656153000131756], [-95.43104100007176, 29.660414000071228], [-95.39671999956435, 29.67070800007642], [-95.40897900012459, 29.640272999629527], [-95.4105990003484, 29.640608999672242], [-95.42205100027147, 29.640470999985528], [-95.42230999983923, 29.641495999701004], [-95.42701899999963, 29.641437000066684], [-95.43002199972247, 29.641775999796877], [-95.4295589999402, 29.627849999624704], [-95.44615699986666, 29.62756699976315], [-95.44659600025781, 29.653898999632098]]]}, "properties": {"geoid": "48201334102", "name": "Census Tract 3341.02", "population": "6742.0", "median_hh_income": "65064.0", "poverty_rate": "0.21954143563614567", "nearest_dollar_store_mi": "1.58", "gap_score": "2581.8"}}, {"type": "Feature", "geometry": {"type": "Polygon", "coordinates": [[[-95.43002199972247, 29.641775999796877], [-95.42207300001277, 29.64133500003505], [-95.42163000032197, 29.627994999869355], [-95.4295589999402, 29.627849999624704], [-95.43002199972247, 29.641775999796877]]]}, "properties": {"geoid": "48201330101", "name": "Census Tract 3301.01", "population": "5251.0", "median_hh_income": "79040.0", "poverty_rate": "0.170443725004761", "nearest_dollar_store_mi": "0.82", "gap_score": "64.2"}}, {"type": "Feature", "geometry": {"type": "Polygon", "coordinates": [[[-95.49928800017804, 29.716840999799164], [-95.49317999972676, 29.722248999973814], [-95.49315200013767, 29.719962999728306], [-95.48900299984395, 29.720003000343315], [-95.48896100001116, 29.71638199969593], [-95.49453700018485, 29.716249999787617], [-95.4962159999599, 29.715639000196727], [-95.49712800017906, 29.714940000201455], [-95.49928800017804, 29.716840999799164]]]}, "properties": {"geoid": "48201421205", "name": "Census Tract 4212.05", "population": "2377.0", "median_hh_income": "33816.0", "poverty_rate": "0.37904922170803534", "nearest_dollar_store_mi": "1.36", "gap_score": "1485.0"}}, {"type": "Feature", "geometry": {"type": "Polygon", "coordinates": [[[-95.4888870003913, 29.851032999931032], [-95.48862600027539, 29.860485000240686], [-95.48696699969352, 29.86436800014336], [-95.48677199969985, 29.865752000009042], [-95.4816159996507, 29.865762999687924], [-95.47205799958785, 29.848886000348802], [-95.47563399959614, 29.849118000083315], [-95.47973000018644, 29.850485999996376], [-95.48888499984317, 29.850571999912596], [-95.4888870003913, 29.851032999931032]]]}, "properties": {"geoid": "48201532200", "name": "Census Tract 5322", "population": "3566.0", "median_hh_income": "36058.0", "poverty_rate": "0.5123387549074594", "nearest_dollar_store_mi": "0.66", "gap_score": "1194.5"}}, {"type": "Feature", "geometry": {"type": "Polygon", "coordinates": [[[-95.50110300039552, 29.755688000140456], [-95.50066400000438, 29.758232999799016], [-95.50085700034822, 29.7603780001023], [-95.50011400018347, 29.760115999982666], [-95.49920399961412, 29.760524000020563], [-95.49842399963946, 29.762074999825863], [-95.49723899960881, 29.761563999682537], [-95.49676599978082, 29.76165199992041], [-95.4961180000506, 29.7621909998861], [-95.49594200032351, 29.763218999633867], [-95.49514200025736, 29.763912000250528], [-95.49460099975896, 29.765050000363882], [-95.49284199961797, 29.764721000223194], [-95.49227500007862, 29.7641830003222], [-95.4924070003231, 29.763385999653735], [-95.49207900026003, 29.763105000207595], [-95.49115899964497, 29.763265000036007], [-95.4907810002515, 29.763715999995107], [-95.49085099967338, 29.764160999656], [-95.4921749996212, 29.764980000109173], [-95.49222499984991, 29.765519000106966], [-95.49124200038395, 29.765601999945886], [-95.49011400025474, 29.764853999995356], [-95.48963499968062, 29.764854999699825], [-95.48979299986436, 29.765799999800695], [-95.49099700016157, 29.76667900001984], [-95.48904399985182, 29.766591999985398], [-95.48782200001126, 29.76721399995091], [-95.48724299987803, 29.768186999788238], [-95.48822700006721, 29.76948299962137], [-95.4870350003639, 29.769623000026986], [-95.4861909999168, 29.76908400027692], [-95.48561099995867, 29.76908400027692], [-95.48524600008568, 29.769523999637894], [-95.48510799999342, 29.770727999981702], [-95.48297800013165, 29.771745999985473], [-95.48296499971286, 29.77033800010531], [-95.48196299998034, 29.77023399982984], [-95.4815160000916, 29.77059700028458], [-95.48178100040548, 29.77218000000159], [-95.48115100021862, 29.773224999967645], [-95.4788759996936, 29.77333599993456], [-95.47763499958647, 29.772682000042554], [-95.47627300000383, 29.77108799971938], [-95.47561100002993, 29.771423999814676], [-95.47512599960803, 29.772407999903372], [-95.47324199979357, 29.772177999959126], [-95.4720819998773, 29.77038000020098], [-95.47012799974264, 29.770260000103764], [-95.46854100002909, 29.77063399969853], [-95.46772900026735, 29.76947200026072], [-95.46768200041171, 29.76295300025096], [-95.47033500033018, 29.76326599975634], [-95.47226900037334, 29.76387299970509], [-95.47885700032533, 29.763647999800977], [-95.48464400038623, 29.758855000188298], [-95.48946999982417, 29.75806299967279], [-95.49911900012364, 29.75534000036942], [-95.50113600000748, 29.75415600005971], [-95.50110300039552, 29.755688000140456]]]}, "properties": {"geoid": "48201431600", "name": "Census Tract 4316", "population": "3582.0", "median_hh_income": "118409.0", "poverty_rate": "0.09178743961352658", "nearest_dollar_store_mi": "2.07", "gap_score": "0.0"}}, {"type": "Feature", "geometry": {"type": "Polygon", "coordinates": [[[-95.12149900024362, 29.578433000144567], [-95.11851800026209, 29.58421899976251], [-95.11603299967477, 29.584136999999465], [-95.11327000015142, 29.58536199996392], [-95.10991800044913, 29.58494200033428], [-95.10852199963297, 29.585347000258366], [-95.1059039998746, 29.58503300038936], [-95.10364000011853, 29.583427999955887], [-95.10959500040893, 29.57237699999499], [-95.12200800005664, 29.577488000246717], [-95.12149900024362, 29.578433000144567]]]}, "properties": {"geoid": "48201340400", "name": "Census Tract 3404", "population": "1070.0", "median_hh_income": "147115.0", "poverty_rate": "0.07102803738317758", "nearest_dollar_store_mi": "2.33", "gap_score": "0.0"}}, {"type": "Feature", "geometry": {"type": "Polygon", "coordinates": [[[-95.31424700014101, 29.737262999879775], [-95.31038999992532, 29.742883000351828], [-95.29050800006861, 29.736551000131403], [-95.29298299971185, 29.73045099992869], [-95.29461899982921, 29.728680999959973], [-95.29489900021169, 29.727944999966947], [-95.29762900012307, 29.727532000356597], [-95.29960300034921, 29.72822400031879], [-95.29927399956291, 29.729075999980058], [-95.30072200025761, 29.72953399969759], [-95.29948600017335, 29.73265100012028], [-95.31424700014101, 29.737262999879775]]]}, "properties": {"geoid": "48201310900", "name": "Census Tract 3109", "population": "4145.0", "median_hh_income": "45763.0", "poverty_rate": "0.15036496350364964", "nearest_dollar_store_mi": "1.26", "gap_score": "1995.3"}}, {"type": "Feature", "geometry": {"type": "Polygon", "coordinates": [[[-95.43114700037695, 29.886267999643103], [-95.42585999990825, 29.886421999969297], [-95.42424700025545, 29.886886999647256], [-95.42175499999546, 29.888306000360846], [-95.41749299972382, 29.882874999633223], [-95.41846600004233, 29.88225500033468], [-95.4207800000271, 29.882390999837526], [-95.42070300003421, 29.875912999695757], [-95.42125399968002, 29.874579000305346], [-95.42073499982126, 29.8735109999576], [-95.42068899979051, 29.87099499969537], [-95.42964000013104, 29.870956999817963], [-95.4299809997146, 29.885636999812625], [-95.43112599956224, 29.885593999786195], [-95.43114700037695, 29.886267999643103]]]}, "properties": {"geoid": "48201533302", "name": "Census Tract 5333.02", "population": "3938.0", "median_hh_income": "47569.0", "poverty_rate": "0.1946805593638607", "nearest_dollar_store_mi": "0.62", "gap_score": "967.8"}}, {"type": "Feature", "geometry": {"type": "Polygon", "coordinates": [[[-95.28013999989385, 29.80247299998337], [-95.26200299993442, 29.810752000382173], [-95.229925000165, 29.82455999970644], [-95.22838600013203, 29.8217080001252], [-95.22978399969969, 29.820737999725576], [-95.22994100005852, 29.819464999668153], [-95.23084700042989, 29.8182660000241], [-95.23083800020906, 29.817517000040095], [-95.23015899961842, 29.81657800005277], [-95.22854900033865, 29.816312999785353], [-95.22896699991509, 29.815674999754513], [-95.23087900021696, 29.814966999953423], [-95.23066199958366, 29.813481000262907], [-95.22988499998203, 29.813133000246822], [-95.22809999990177, 29.81351500019953], [-95.22640000021035, 29.813412000356028], [-95.22577000002347, 29.814362000345177], [-95.2253840002341, 29.814412999796442], [-95.22491700025385, 29.81397399977127], [-95.22461500013007, 29.812178000215834], [-95.22312600032582, 29.812002999637528], [-95.22267199986605, 29.810752000382173], [-95.21870000002266, 29.808651000137285], [-95.21804999974431, 29.80885099990526], [-95.2164420001144, 29.810231999749327], [-95.21499000012007, 29.809591999815353], [-95.21340599988126, 29.810927000031963], [-95.21288199999962, 29.81073900004852], [-95.21262000005879, 29.809883000083683], [-95.21322299958315, 29.80786200000417], [-95.21423400043483, 29.806644000259524], [-95.21408000044904, 29.8061380003179], [-95.2127969996108, 29.805204999969874], [-95.2146069998054, 29.804051999631774], [-95.24025599963153, 29.79510400021851], [-95.24727799995179, 29.794892000378965], [-95.26159600022865, 29.792098999748593], [-95.26801900032419, 29.79180600032735], [-95.26933499987608, 29.794557999897012], [-95.27066100037202, 29.79616300030304], [-95.28013999989385, 29.80247299998337]]]}, "properties": {"geoid": "48201232500", "name": "Census Tract 2325", "population": "4397.0", "median_hh_income": "44481.0", "poverty_rate": "0.42979274611398965", "nearest_dollar_store_mi": "2.2", "gap_score": "4610.1"}}, {"type": "Feature", "geometry": {"type": "Polygon", "coordinates": [[[-95.46456599981265, 29.89874500029187], [-95.46354499981354, 29.899210000109186], [-95.46219900012441, 29.898165000300313], [-95.46009799967666, 29.897619000163985], [-95.44098199955096, 29.89788900003194], [-95.44077700040984, 29.885263999726956], [-95.4299809997146, 29.885636999812625], [-95.42945099998518, 29.864669000122046], [-95.43434900029143, 29.868653000214387], [-95.44034700023954, 29.874230000307428], [-95.45587499976308, 29.88998199964957], [-95.45852799968156, 29.892101999965664], [-95.46456599981265, 29.89874500029187]]]}, "properties": {"geoid": "48201533402", "name": "Census Tract 5334.02", "population": "6434.0", "median_hh_income": "53581.0", "poverty_rate": "0.187639375597324", "nearest_dollar_store_mi": "1.21", "gap_score": "3073.8"}}, {"type": "Feature", "geometry": {"type": "Polygon", "coordinates": [[[-95.70955299989375, 29.72853599975985], [-95.70774500024727, 29.72962300002522], [-95.70801800005874, 29.730211999975044], [-95.70937999964137, 29.730563999780323], [-95.70915799988352, 29.73117599981675], [-95.70827400015179, 29.731834000024815], [-95.70864099967459, 29.73320300027559], [-95.70662999963852, 29.73360599978207], [-95.70528800014736, 29.735295000313148], [-95.70513499998648, 29.736136000086162], [-95.70085099997354, 29.73983399966519], [-95.69868400030187, 29.742336000076914], [-95.69664399995348, 29.744039999690994], [-95.6957369997572, 29.74569499965456], [-95.69216599977176, 29.74923499962538], [-95.6921530002513, 29.750854999627574], [-95.68825400020282, 29.75389499986475], [-95.68533699979537, 29.754208000366965], [-95.68499700003674, 29.755257999629002], [-95.6853810001763, 29.75774899973656], [-95.68549599980403, 29.775596999817576], [-95.68348399994305, 29.777554000299023], [-95.68252700041637, 29.7812759998683], [-95.68554500020784, 29.78126799964513], [-95.68555100005561, 29.78271700030042], [-95.68839700031795, 29.782704000222036], [-95.68835100028718, 29.785040000036677], [-95.64479099955915, 29.78503500018273], [-95.6446039999614, 29.777172999846364], [-95.64291699979044, 29.772008999734663], [-95.64459800011362, 29.76371099985626], [-95.64452199994564, 29.744287000292037], [-95.64405199959235, 29.735644000236437], [-95.64843400041292, 29.735520999896906], [-95.65143600031085, 29.734523000234628], [-95.65821500005853, 29.728482000046064], [-95.68669300042855, 29.710328999855804], [-95.70834299974875, 29.722448999894148], [-95.70824099964149, 29.72390299974522], [-95.70887599985122, 29.725173000050933], [-95.70823700034184, 29.72664700037068], [-95.70955299989375, 29.72853599975985]]]}, "properties": {"geoid": "48201454400", "name": "Census Tract 4544", "population": "1013.0", "median_hh_income": "60242.0", "poverty_rate": "0.09180651530108588", "nearest_dollar_store_mi": "3.03", "gap_score": "874.1"}}, {"type": "Feature", "geometry": {"type": "Polygon", "coordinates": [[[-95.68679399981256, 29.826488000321078], [-95.6863660001904, 29.828022999748146], [-95.68484999972365, 29.831106000364937], [-95.6622670002679, 29.831077000068], [-95.65992800016878, 29.831799000065942], [-95.65700699956338, 29.834069999995737], [-95.6553050002221, 29.834854000089052], [-95.65123999959395, 29.835923000097797], [-95.64562599978541, 29.835991000277016], [-95.645532999899, 29.814823999880417], [-95.66154099982158, 29.81472999969921], [-95.66152400010314, 29.816705999686224], [-95.66933399989567, 29.81660699988056], [-95.66956300022453, 29.812160000010145], [-95.68679200016275, 29.81226699962636], [-95.68654100009257, 29.823332000180805], [-95.68679399981256, 29.826488000321078]]]}, "properties": {"geoid": "48201541701", "name": "Census Tract 5417.01", "population": "6879.0", "median_hh_income": "94661.0", "poverty_rate": "0.23091519486206394", "nearest_dollar_store_mi": "1.82", "gap_score": "0.0"}}, {"type": "Feature", "geometry": {"type": "Polygon", "coordinates": [[[-95.38401999986145, 29.949388999743896], [-95.38201399984827, 29.948978999942117], [-95.37195299982015, 29.949220999870047], [-95.37130799956469, 29.948435000192795], [-95.37125099966329, 29.94717099995339], [-95.36937600006966, 29.947067000080494], [-95.36840299975113, 29.945616000158086], [-95.3627329998661, 29.94412899979993], [-95.36092600004453, 29.94174300019132], [-95.35922100033022, 29.940226999834067], [-95.35622399955683, 29.9402569998208], [-95.3605579997985, 29.95976700002594], [-95.36121599957445, 29.961432999799992], [-95.36400499993537, 29.966049000044915], [-95.36425400035571, 29.970903000036426], [-95.35836500018758, 29.9709439998441], [-95.35840100017258, 29.96649100016508], [-95.3567209996743, 29.965573000051698], [-95.3500609997523, 29.965796000304582], [-95.34710099968716, 29.96078400009233], [-95.34617000009973, 29.960170999974945], [-95.34392499971194, 29.95972799967622], [-95.34027099988586, 29.953715999684558], [-95.33987000002786, 29.95176000018987], [-95.32685499978238, 29.951770999714817], [-95.3247929996927, 29.95199200024393], [-95.32486700021086, 29.957990000264722], [-95.32982800026632, 29.966130999757972], [-95.3295439996859, 29.966142000027535], [-95.32956899980024, 29.966532000236807], [-95.33084500006747, 29.968752999988446], [-95.33328299990079, 29.971160999872907], [-95.33499600001102, 29.973969999792008], [-95.33725200026947, 29.975807999646367], [-95.32954799988384, 29.97583300015682], [-95.32852600005982, 29.976261999780192], [-95.30839499978278, 29.9759309999493], [-95.30823199957615, 29.968750999992015], [-95.30399100011924, 29.95078500017098], [-95.30343799992526, 29.939938000302895], [-95.31448300014256, 29.939209999680585], [-95.3813970000802, 29.938695999890594], [-95.38401999986145, 29.949388999743896]]]}, "properties": {"geoid": "48201241503", "name": "Census Tract 2415.03", "population": "2644.0", "median_hh_income": "51519.0", "poverty_rate": "0.17494270435446907", "nearest_dollar_store_mi": "1.48", "gap_score": "1529.2"}}, {"type": "Feature", "geometry": {"type": "Polygon", "coordinates": [[[-95.39318499956394, 29.950653999992326], [-95.38702900033041, 29.9508439998148], [-95.38560999994804, 29.951192999960274], [-95.38416100032678, 29.952020999628875], [-95.38406699971713, 29.949388000329204], [-95.3858600001933, 29.94931000003313], [-95.38596200030054, 29.94971600004658], [-95.38633399984623, 29.949610000118614], [-95.38769999962683, 29.948211999910622], [-95.38845399966223, 29.948741999644522], [-95.38909499971975, 29.948218000361027], [-95.39316100017281, 29.94816000014289], [-95.39318499956394, 29.950653999992326]]]}, "properties": {"geoid": "48201240503", "name": "Census Tract 2405.03", "population": "2731.0", "median_hh_income": "37138.0", "poverty_rate": "0.3519072550486163", "nearest_dollar_store_mi": "0.16", "gap_score": "202.0"}}, {"type": "Feature", "geometry": {"type": "Polygon", "coordinates": [[[-95.2161619997319, 30.049049000189363], [-95.21325500026852, 30.05505700029823], [-95.21232899980566, 30.057914000010772], [-95.21155399985385, 30.06225899992593], [-95.21135200018749, 30.068473000369764], [-95.20704999973286, 30.068230999636363], [-95.20468200021975, 30.06852400031395], [-95.19856299989783, 30.068549999772326], [-95.1922029995515, 30.067445999834167], [-95.18817899982955, 30.067799000377022], [-95.18745599975625, 30.065599999947512], [-95.1871629998533, 30.060726000293155], [-95.1863460000687, 30.05623200029677], [-95.18421200000898, 30.050024000221907], [-95.18799100040687, 30.04841399987586], [-95.19112800002402, 30.044843999743936], [-95.19441600015223, 30.043507000292028], [-95.1997019998977, 30.043075999712798], [-95.20752500010903, 30.045718999977336], [-95.21101900010156, 30.04659200027467], [-95.2161619997319, 30.049049000189363]]]}, "properties": {"geoid": "48201251300", "name": "Census Tract 2513", "population": "7242.0", "median_hh_income": "131636.0", "poverty_rate": "0.028583264291632146", "nearest_dollar_store_mi": "2.16", "gap_score": "0.0"}}, {"type": "Feature", "geometry": {"type": "Polygon", "coordinates": [[[-95.13204700034345, 30.02115599990731], [-95.13030800029392, 30.0297180003194], [-95.12900799973727, 30.032518000025032], [-95.12433299991206, 30.041023000047836], [-95.11886200021866, 30.044478999628247], [-95.11844000044427, 30.046756000296934], [-95.11503199976714, 30.04754100008502], [-95.11156799991184, 30.04745799999738], [-95.10930099978275, 30.048622000279924], [-95.10766100036577, 30.048656000065204], [-95.1054670000316, 30.050864000053643], [-95.10323199968953, 30.05205100005676], [-95.10261599974639, 30.05396599963857], [-95.10137200016453, 30.054212999829936], [-95.09978100025303, 30.055958000153428], [-95.09571499979997, 30.057312999705466], [-95.0871769999113, 30.05735700000039], [-95.08686599956668, 30.05372699974196], [-95.08928400020682, 30.043715000113618], [-95.0891979999931, 30.03927199981733], [-95.08981999978404, 30.035815999802065], [-95.08955000034561, 30.033536000079692], [-95.08841399982046, 30.030195000127218], [-95.08833600000266, 30.028027000071372], [-95.089936000135, 30.022906000308097], [-95.09461099996018, 30.021384000226778], [-95.1154999995723, 30.018056999864577], [-95.13171799955715, 30.01285799991871], [-95.13290799961065, 30.01691800018061], [-95.13204700034345, 30.02115599990731]]]}, "properties": {"geoid": "48201251701", "name": "Census Tract 2517.01", "population": "4631.0", "median_hh_income": "86486.0", "poverty_rate": "0.17318073850140359", "nearest_dollar_store_mi": "3.42", "gap_score": "0.0"}}, {"type": "Feature", "geometry": {"type": "Polygon", "coordinates": [[[-95.3813970000802, 29.938695999890594], [-95.31448300014256, 29.939209999680585], [-95.30343799992526, 29.939938000302895], [-95.3033419996658, 29.9377169997795], [-95.31060599983539, 29.93767399965792], [-95.31048299981175, 29.93048299975891], [-95.33480799969006, 29.92988700008654], [-95.34224299956385, 29.930368999616963], [-95.34846099961996, 29.9303839999299], [-95.35185000003051, 29.931360999822367], [-95.35748700030358, 29.931372999641898], [-95.37208800043769, 29.933444000146967], [-95.37650700016985, 29.933292999616338], [-95.37993400021523, 29.932735000116825], [-95.3813970000802, 29.938695999890594]]]}, "properties": {"geoid": "48201222702", "name": "Census Tract 2227.02", "population": "3218.0", "median_hh_income": "22941.0", "poverty_rate": "0.41547545059042884", "nearest_dollar_store_mi": "1.23", "gap_score": "1867.6"}}, {"type": "Feature", "geometry": {"type": "Polygon", "coordinates": [[[-95.45090299983697, 29.937907000184726], [-95.4474480002025, 29.94022500004218], [-95.44165399957059, 29.94330399979112], [-95.43554900039068, 29.945663000103796], [-95.43224100017099, 29.946451999784255], [-95.42964799962866, 29.94837599989804], [-95.42745300036789, 29.948890000261105], [-95.41710199991155, 29.9490320002565], [-95.41400600030228, 29.94053399971194], [-95.42098800043956, 29.940434999763543], [-95.43350099964638, 29.937541999802267], [-95.4395630000669, 29.937937000092624], [-95.45090299983697, 29.937907000184726]]]}, "properties": {"geoid": "48201550102", "name": "Census Tract 5501.02", "population": "2295.0", "median_hh_income": "45634.0", "poverty_rate": "0.35947712418300654", "nearest_dollar_store_mi": "0.59", "gap_score": "613.4"}}, {"type": "Feature", "geometry": {"type": "Polygon", "coordinates": [[[-95.15360600032537, 30.00309299991388], [-95.14390599997228, 30.008744000012467], [-95.13171799955715, 30.01285799991871], [-95.12950999987761, 29.993928999782238], [-95.13130199963055, 29.987787999744], [-95.13154100000514, 29.98766699973589], [-95.131734000349, 29.98850400025922], [-95.13731999967013, 29.99158800031691], [-95.14388500005587, 29.99093299977089], [-95.14806399958853, 29.98949299995299], [-95.14891700025646, 29.98964499972244], [-95.1512930001655, 29.991759000225578], [-95.15246399995243, 29.99402500012397], [-95.15044200004571, 29.996696999868945], [-95.15070399998653, 29.997838000077483], [-95.14979400031552, 29.99781999993394], [-95.14956400016175, 29.99894700007249], [-95.15060799972707, 30.00022000012115], [-95.1525240002269, 30.001096000286466], [-95.15360600032537, 30.00309299991388]]]}, "properties": {"geoid": "48201250403", "name": "Census Tract 2504.03", "population": "4543.0", "median_hh_income": "82480.0", "poverty_rate": "0.08276469293418445", "nearest_dollar_store_mi": "0.74", "gap_score": "0.0"}}, {"type": "Feature", "geometry": {"type": "Polygon", "coordinates": [[[-95.26376999957301, 30.03243399966049], [-95.24191500021341, 30.04976200029975], [-95.23913599989822, 30.04931400033462], [-95.23296399987287, 30.049456999748738], [-95.22861799993562, 30.050955999924508], [-95.22431999967898, 30.05098400000343], [-95.2216530004151, 30.050667999874836], [-95.21953000022606, 30.050230999622887], [-95.21621399961043, 30.04893799993836], [-95.2183100000353, 30.043947999955982], [-95.21896000031366, 30.039166999896608], [-95.21748599967971, 30.034497999666044], [-95.2119949998948, 30.02556300007294], [-95.21179499987828, 30.024044000214598], [-95.21776100003932, 30.024331999878942], [-95.21965999992238, 30.023927999627276], [-95.22276700030064, 30.022674000223812], [-95.22617699972926, 30.01956300011845], [-95.22760500033245, 30.019112999971927], [-95.23139300005285, 30.018749000250367], [-95.23605600018249, 30.02017100023945], [-95.23931800037143, 30.022018000078475], [-95.24528600018229, 30.02622000029231], [-95.25306800038572, 30.026177000363752], [-95.25935500003881, 30.026698000014502], [-95.26125200027207, 30.027911000255894], [-95.26219600027827, 30.031056000107597], [-95.26376999957301, 30.03243399966049]]]}, "properties": {"geoid": "48201251100", "name": "Census Tract 2511", "population": "7435.0", "median_hh_income": "107067.0", "poverty_rate": "0.03559870550161812", "nearest_dollar_store_mi": "1.06", "gap_score": "0.0"}}, {"type": "Feature", "geometry": {"type": "Polygon", "coordinates": [[[-95.24191500021341, 30.04976200029975], [-95.21905999987277, 30.068478999770086], [-95.21135200018749, 30.068473000369764], [-95.21155399985385, 30.06225899992593], [-95.21232899980566, 30.057914000010772], [-95.21325500026852, 30.05505700029823], [-95.21621399961043, 30.04893799993836], [-95.21953000022606, 30.050230999622887], [-95.2216530004151, 30.050667999874836], [-95.22664100023475, 30.05107299992412], [-95.22861799993562, 30.050955999924508], [-95.23296399987287, 30.049456999748738], [-95.23913599989822, 30.04931400033462], [-95.24191500021341, 30.04976200029975]]]}, "properties": {"geoid": "48201251200", "name": "Census Tract 2512", "population": "6260.0", "median_hh_income": "72500.0", "poverty_rate": "0.06693290734824281", "nearest_dollar_store_mi": "0.9", "gap_score": "600.8"}}, {"type": "Feature", "geometry": {"type": "Polygon", "coordinates": [[[-95.16210499985597, 30.048625000192864], [-95.1605929995872, 30.053265000115477], [-95.16091499980246, 30.054320999871138], [-95.1595029999911, 30.05527000026531], [-95.15877900009292, 30.056190999963196], [-95.15816099960166, 30.057329000168416], [-95.15727400039518, 30.060638000345843], [-95.15561300016346, 30.06268900038361], [-95.15768100010095, 30.06418800005522], [-95.15994300020718, 30.06503399984262], [-95.15939400021117, 30.065735000002714], [-95.15953899997612, 30.067112000154467], [-95.15749699997792, 30.069695000033285], [-95.1573260002737, 30.07181300001844], [-95.15709899959465, 30.07191999978078], [-95.15654299992597, 30.071079000047863], [-95.15500700026605, 30.070727000068636], [-95.15474100012727, 30.071167000041342], [-95.15347200043107, 30.070908999856435], [-95.15275199983252, 30.07167600022644], [-95.15004399966246, 30.071049999688295], [-95.14822500014535, 30.071765000203676], [-95.14664699975431, 30.07166200000432], [-95.14601099971968, 30.070831999957147], [-95.14390799962209, 30.065816999744754], [-95.14120799984795, 30.061416999890454], [-95.1385080000738, 30.059316999661867], [-95.13230799956104, 30.05271699975659], [-95.12290799968191, 30.043617999630566], [-95.13030800029392, 30.0297180003194], [-95.13204700034345, 30.02115599990731], [-95.13675999980347, 30.021815000257998], [-95.1418940001113, 30.020930000342307], [-95.14568199983171, 30.022071000311858], [-95.14788200001365, 30.0243090003497], [-95.15207899998798, 30.03353800032622], [-95.15398000041918, 30.034957000173947], [-95.15534700002469, 30.04206099979462], [-95.15714499962542, 30.043544000344536], [-95.1574950003281, 30.044124999903772], [-95.15740999993929, 30.04495599992521], [-95.15791499955435, 30.04568199995958], [-95.15926100014178, 30.046826000337514], [-95.15976699958176, 30.04684300015106], [-95.16065100021183, 30.047893000086525], [-95.16182000034894, 30.047965000056404], [-95.16210499985597, 30.048625000192864]]]}, "properties": {"geoid": "48201250902", "name": "Census Tract 2509.02", "population": "5784.0", "median_hh_income": "190950.0", "poverty_rate": "0.0031120331950207467", "nearest_dollar_store_mi": "3.0", "gap_score": "0.0"}}, {"type": "Feature", "geometry": {"type": "Polygon", "coordinates": [[[-95.3857329999717, 29.752620999699694], [-95.38571100023039, 29.75761900000147], [-95.37868899991014, 29.757886000060715], [-95.37864000040464, 29.752116000252105], [-95.38573200014677, 29.751998999615594], [-95.3857329999717, 29.752620999699694]]]}, "properties": {"geoid": "48201410101", "name": "Census Tract 4101.01", "population": "2246.0", "median_hh_income": "92813.0", "poverty_rate": "0.17142857142857143", "nearest_dollar_store_mi": "1.01", "gap_score": "0.0"}}, {"type": "Feature", "geometry": {"type": "Polygon", "coordinates": [[[-95.3041860001129, 29.620848000007324], [-95.28534100014882, 29.62078399976381], [-95.28546599982229, 29.625448999901195], [-95.28039099996401, 29.625565000066942], [-95.27843500017953, 29.625940999766772], [-95.27841199971499, 29.625020999911577], [-95.27571799978863, 29.62502900009589], [-95.27551699994717, 29.61172600020494], [-95.28554199999027, 29.611654999619994], [-95.28649299966918, 29.59788600012939], [-95.28802800040249, 29.598331000237593], [-95.29067200010014, 29.59753399973437], [-95.29229700034682, 29.597791999753557], [-95.29357299971574, 29.59651599988034], [-95.29455199988206, 29.596630000121635], [-95.29610699980853, 29.59617399994574], [-95.29715700011997, 29.59654800028997], [-95.3041860001129, 29.620848000007324]]]}, "properties": {"geoid": "48201333801", "name": "Census Tract 3338.01", "population": "4084.0", "median_hh_income": "52550.0", "poverty_rate": "0.3117042115572968", "nearest_dollar_store_mi": "1.64", "gap_score": "2923.5"}}, {"type": "Feature", "geometry": {"type": "Polygon", "coordinates": [[[-95.21080300019148, 29.637137999756543], [-95.20861899990305, 29.639067000196878], [-95.20776299976039, 29.641190000256184], [-95.20812500015866, 29.654961999953326], [-95.19262699987401, 29.634566999693185], [-95.19317800041814, 29.626324999706636], [-95.19559299978694, 29.624553000126205], [-95.19750699973864, 29.622499000134674], [-95.21102400012443, 29.63698100015774], [-95.21080300019148, 29.637137999756543]]]}, "properties": {"geoid": "48201321200", "name": "Census Tract 3212", "population": "5008.0", "median_hh_income": "33750.0", "poverty_rate": "0.3592252396166134", "nearest_dollar_store_mi": "1.88", "gap_score": "4265.7"}}, {"type": "Feature", "geometry": {"type": "Polygon", "coordinates": [[[-95.38321800014548, 29.748255999822938], [-95.38179100026551, 29.750045000169212], [-95.38092400025221, 29.749525999880756], [-95.37982200006223, 29.751413000005147], [-95.37918100000472, 29.751542000153552], [-95.37838000011365, 29.751193000185264], [-95.37683500023292, 29.753115999947596], [-95.37513700019129, 29.752070000191466], [-95.37449299976075, 29.75287899984086], [-95.37376200018986, 29.75126299993219], [-95.37094699988967, 29.749319000332594], [-95.37201800011748, 29.748007999767864], [-95.37631300000109, 29.750599000209608], [-95.38132000008731, 29.744229999967356], [-95.38169500000603, 29.744444999927953], [-95.38157399963222, 29.747132999864945], [-95.38321800014548, 29.748255999822938]]]}, "properties": {"geoid": "48201410602", "name": "Census Tract 4106.02", "population": "2647.0", "median_hh_income": "93715.0", "poverty_rate": "0.07404608991310918", "nearest_dollar_store_mi": "0.58", "gap_score": "0.0"}}, {"type": "Feature", "geometry": {"type": "Polygon", "coordinates": [[[-95.37365500005974, 29.760194000083924], [-95.37230199979962, 29.762155000204473], [-95.36846899987337, 29.764073000062087], [-95.36728399984274, 29.76508599978519], [-95.36540300040133, 29.76905799969774], [-95.3650350001553, 29.770551999777666], [-95.36128000004686, 29.767653999727976], [-95.35933500013304, 29.767262999899415], [-95.35770499986347, 29.766145000042393], [-95.35859799981607, 29.764832000256305], [-95.35789599965918, 29.763609999649496], [-95.35907300019221, 29.762738999941615], [-95.36581900032795, 29.754185999850318], [-95.36927899998528, 29.756291000042577], [-95.36869900002714, 29.757031999931808], [-95.37365500005974, 29.760194000083924]]]}, "properties": {"geoid": "48201980700", "name": "Census Tract 9807", "population": "2067.0", "median_hh_income": "90972.0", "poverty_rate": "0.14997581035316884", "nearest_dollar_store_mi": "1.62", "gap_score": "0.0"}}, {"type": "Feature", "geometry": {"type": "Polygon", "coordinates": [[[-95.39901699983068, 29.763528999935094], [-95.39711200009981, 29.767325000340968], [-95.39743500014, 29.77666800016582], [-95.38570799985733, 29.776959999870126], [-95.38238000044448, 29.7775699997788], [-95.37656300024635, 29.779211000289266], [-95.37506299967313, 29.77910800021344], [-95.37245800033355, 29.778357000273243], [-95.37242700037142, 29.777280999814884], [-95.37592999968645, 29.777287999996584], [-95.3758340003253, 29.770007000090665], [-95.3772069997786, 29.77000500000476], [-95.37722699987008, 29.76854799974851], [-95.37561400021727, 29.76833300002386], [-95.37558599972986, 29.76548500023764], [-95.38135000022454, 29.76553999999752], [-95.38154199984515, 29.766195000204863], [-95.3826010003774, 29.767196999915413], [-95.38273799974645, 29.768309000149305], [-95.39181799995842, 29.76896099963675], [-95.39222899986216, 29.76754200002475], [-95.39228199956561, 29.762530999880717], [-95.39538100044625, 29.762936999995805], [-95.39842299962883, 29.76185799999786], [-95.39901699983068, 29.763528999935094]]]}, "properties": {"geoid": "48201510202", "name": "Census Tract 5102.02", "population": "6566.0", "median_hh_income": "112284.0", "poverty_rate": "0.10767590618336886", "nearest_dollar_store_mi": "1.8", "gap_score": "0.0"}}, {"type": "Feature", "geometry": {"type": "Polygon", "coordinates": [[[-95.38580900013967, 29.758310000036527], [-95.38572999959864, 29.761681000070507], [-95.38471799982037, 29.76177699964698], [-95.38390400040882, 29.763234000123337], [-95.38298600034187, 29.76392699985643], [-95.38227699961399, 29.763600000140777], [-95.38087700039652, 29.76192700036068], [-95.378910999668, 29.762324999627253], [-95.3780310001342, 29.762053999988815], [-95.37680199972263, 29.761040000281245], [-95.37471000039403, 29.761416000242416], [-95.37320499979795, 29.761159999725226], [-95.37450600017954, 29.758129999986366], [-95.37449299976075, 29.75287899984086], [-95.37513700019129, 29.752070000191466], [-95.37683500023292, 29.753115999947596], [-95.37801600006559, 29.75162800016028], [-95.37875300038255, 29.75209300022446], [-95.37868899991014, 29.757886000060715], [-95.38571100023039, 29.75761900000147], [-95.38580900013967, 29.758310000036527]]]}, "properties": {"geoid": "48201410102", "name": "Census Tract 4101.02", "population": "3956.0", "median_hh_income": "73029.0", "poverty_rate": "0.21132457027300303", "nearest_dollar_store_mi": "1.22", "gap_score": "542.5"}}, {"type": "Feature", "geometry": {"type": "Polygon", "coordinates": [[[-95.39842299962883, 29.76185799999786], [-95.3960180003058, 29.76281200015678], [-95.3946809999392, 29.76293300032158], [-95.39264399996387, 29.76249300008537], [-95.391176000076, 29.762556999814475], [-95.3879299997806, 29.761574000174253], [-95.38572999959864, 29.761681000070507], [-95.38571100023039, 29.75761900000147], [-95.39811800003032, 29.75733199974337], [-95.39842299962883, 29.76185799999786]]]}, "properties": {"geoid": "48201410201", "name": "Census Tract 4102.01", "population": "1734.0", "median_hh_income": "80037.0", "poverty_rate": "0.09630911188004614", "nearest_dollar_store_mi": "1.59", "gap_score": "0.0"}}, {"type": "Feature", "geometry": {"type": "Polygon", "coordinates": [[[-95.39230400020524, 29.763948999794202], [-95.39222899986216, 29.76754200002475], [-95.39181799995842, 29.76896099963675], [-95.38273799974645, 29.768309000149305], [-95.3826010003774, 29.767196999915413], [-95.38154199984515, 29.766195000204863], [-95.38135000022454, 29.76553999999752], [-95.37558599972986, 29.76548500023764], [-95.37536499979691, 29.761344000309304], [-95.37680199972263, 29.761040000281245], [-95.3780310001342, 29.762053999988815], [-95.378910999668, 29.762324999627253], [-95.38099299984917, 29.761963000124265], [-95.38282200031036, 29.7639370001123], [-95.38390400040882, 29.763234000123337], [-95.38471799982037, 29.76177699964698], [-95.3879299997806, 29.761574000174253], [-95.391176000076, 29.762556999814475], [-95.39228199956561, 29.762530999880717], [-95.39230400020524, 29.763948999794202]]]}, "properties": {"geoid": "48201510201", "name": "Census Tract 5102.01", "population": "2450.0", "median_hh_income": "118015.0", "poverty_rate": "0.10163265306122449", "nearest_dollar_store_mi": "1.72", "gap_score": "0.0"}}, {"type": "Feature", "geometry": {"type": "Polygon", "coordinates": [[[-95.58870400027891, 29.742805000038743], [-95.58827900013146, 29.74443699988324], [-95.58660100018133, 29.747444999765076], [-95.58364699996397, 29.746884000267958], [-95.58408899982985, 29.744668000234388], [-95.58608899999525, 29.742710000155462], [-95.5852410002485, 29.74125200011485], [-95.5869860001458, 29.740714999755973], [-95.58868199963929, 29.740652000065737], [-95.58870400027891, 29.742805000038743]]]}, "properties": {"geoid": "48201451003", "name": "Census Tract 4510.03", "population": "3829.0", "median_hh_income": "43787.0", "poverty_rate": "0.24732306085139724", "nearest_dollar_store_mi": "1.85", "gap_score": "2948.3"}}, {"type": "Feature", "geometry": {"type": "Polygon", "coordinates": [[[-95.55771699993046, 29.73685700029421], [-95.54365899994458, 29.737057999939037], [-95.54325499971354, 29.732252000015986], [-95.54647099987172, 29.733064999741487], [-95.54907500028472, 29.733110999940582], [-95.54897700037543, 29.72875199988467], [-95.55401299987564, 29.727659999947296], [-95.55762099967099, 29.727635999695174], [-95.55771699993046, 29.73685700029421]]]}, "properties": {"geoid": "48201432303", "name": "Census Tract 4323.03", "population": "2778.0", "median_hh_income": "58369.0", "poverty_rate": "0.31281497480201587", "nearest_dollar_store_mi": "2.96", "gap_score": "3116.2"}}, {"type": "Feature", "geometry": {"type": "Polygon", "coordinates": [[[-95.55789299965755, 29.74755000017306], [-95.53844299962098, 29.747495999776447], [-95.53836300015335, 29.73959099962148], [-95.53887100014147, 29.737116999622486], [-95.55771699993046, 29.73685700029421], [-95.55789299965755, 29.74755000017306]]]}, "properties": {"geoid": "48201431001", "name": "Census Tract 4310.01", "population": "2613.0", "median_hh_income": "98911.0", "poverty_rate": "0.062403697996918334", "nearest_dollar_store_mi": "2.71", "gap_score": "0.0"}}, {"type": "Feature", "geometry": {"type": "Polygon", "coordinates": [[[-95.61477800025246, 29.71191900019413], [-95.61470399973429, 29.713411000129103], [-95.60466899964545, 29.714321999761584], [-95.60444799971253, 29.703492999973417], [-95.61463699978714, 29.703506000181473], [-95.61477800025246, 29.71191900019413]]]}, "properties": {"geoid": "48201452502", "name": "Census Tract 4525.02", "population": "4498.0", "median_hh_income": "43866.0", "poverty_rate": "0.266118274788795", "nearest_dollar_store_mi": "1.02", "gap_score": "1934.6"}}, {"type": "Feature", "geometry": {"type": "Polygon", "coordinates": [[[-95.62499699956598, 29.746719999703814], [-95.62433899979006, 29.74682300032251], [-95.62342300027126, 29.746434999992385], [-95.61848999980488, 29.746434000104173], [-95.61856099994999, 29.744315000097536], [-95.6192510004113, 29.74285799991812], [-95.61926700030483, 29.741648999645406], [-95.61775300038622, 29.73943100022135], [-95.61810700038853, 29.735946000075096], [-95.62381800028146, 29.73585999987784], [-95.62358399992974, 29.741171000271017], [-95.62411000035951, 29.744369999776378], [-95.62499699956598, 29.746719999703814]]]}, "properties": {"geoid": "48201451405", "name": "Census Tract 4514.05", "population": "2813.0", "median_hh_income": "52619.0", "poverty_rate": "0.13544258798435835", "nearest_dollar_store_mi": "0.6", "gap_score": "642.8"}}, {"type": "Feature", "geometry": {"type": "Polygon", "coordinates": [[[-95.55833600024667, 29.76221499966669], [-95.55662399996135, 29.7624739997924], [-95.55592699982734, 29.762272999632593], [-95.55558200004583, 29.7612630003227], [-95.5544249996043, 29.760895999822917], [-95.55475699986532, 29.75966699970862], [-95.55450099977227, 29.759203000231338], [-95.55249300010927, 29.759834000189688], [-95.55266299998858, 29.760674000270523], [-95.55127600029158, 29.76076700001641], [-95.54909000035333, 29.759161999890182], [-95.54779900001749, 29.75910699974857], [-95.54832200007422, 29.757408000114523], [-95.5468919998212, 29.756615999861324], [-95.54514000025122, 29.755004999945893], [-95.54522300009191, 29.754274000328117], [-95.54584599970774, 29.75355900025351], [-95.54572000020936, 29.753092000327527], [-95.54255799957954, 29.753102999926643], [-95.54208499975151, 29.752722999889276], [-95.54205399978937, 29.751827000164997], [-95.54170700035807, 29.751646000333718], [-95.53975700042136, 29.751909999646504], [-95.53860099980474, 29.750119999975137], [-95.53844299962098, 29.747495999776447], [-95.55789299965755, 29.74755000017306], [-95.55809500022224, 29.760867000225424], [-95.55833600024667, 29.76221499966669]]]}, "properties": {"geoid": "48201431002", "name": "Census Tract 4310.02", "population": "3020.0", "median_hh_income": "106250.0", "poverty_rate": "0.010596026490066225", "nearest_dollar_store_mi": "3.0", "gap_score": "0.0"}}, {"type": "Feature", "geometry": {"type": "Polygon", "coordinates": [[[-95.57629599975576, 29.74335699968983], [-95.5735390000802, 29.74324600005073], [-95.5719909998264, 29.74277699981153], [-95.57175999984774, 29.736694999681962], [-95.57616500023451, 29.736616000029947], [-95.57629599975576, 29.74335699968983]]]}, "properties": {"geoid": "48201451005", "name": "Census Tract 4510.05", "population": "1967.0", "median_hh_income": "33341.0", "poverty_rate": "0.373157092018302", "nearest_dollar_store_mi": "2.22", "gap_score": "1995.3"}}, {"type": "Feature", "geometry": {"type": "Polygon", "coordinates": [[[-95.32230100033102, 29.728818000220084], [-95.31528300020874, 29.735854999909446], [-95.31424700014101, 29.737262999879775], [-95.29948600017335, 29.73265100012028], [-95.30072200025761, 29.72953399969759], [-95.29927399956291, 29.729075999980058], [-95.29960300034921, 29.72822400031879], [-95.30153499984424, 29.728771000328457], [-95.30220100001611, 29.7298240001239], [-95.3031860000302, 29.729995999873175], [-95.30423700016654, 29.727648999897472], [-95.30545200033438, 29.72689799967171], [-95.30498399963092, 29.725580000213082], [-95.30522399983043, 29.72426700037155], [-95.30502899983678, 29.72237700006237], [-95.30819399994134, 29.723785999737164], [-95.3228779999161, 29.728220000039634], [-95.32230100033102, 29.728818000220084]]]}, "properties": {"geoid": "48201310800", "name": "Census Tract 3108", "population": "3124.0", "median_hh_income": "53281.0", "poverty_rate": "0.14884763124199743", "nearest_dollar_store_mi": "1.16", "gap_score": "1384.8"}}, {"type": "Feature", "geometry": {"type": "Polygon", "coordinates": [[[-95.55762099967099, 29.727635999695174], [-95.55401299987564, 29.727659999947296], [-95.54924799963875, 29.728733000217407], [-95.54525099968097, 29.728604999655268], [-95.54502999974805, 29.72662500004768], [-95.54562999979767, 29.72478199990448], [-95.5455269998655, 29.72299100035054], [-95.54886500022243, 29.722712999615595], [-95.54885699982651, 29.718981000031754], [-95.55758100038634, 29.71826100025596], [-95.55762099967099, 29.727635999695174]]]}, "properties": {"geoid": "48201432402", "name": "Census Tract 4324.02", "population": "2960.0", "median_hh_income": "39861.0", "poverty_rate": "0.31258503401360543", "nearest_dollar_store_mi": "3.13", "gap_score": "3885.3"}}, {"type": "Feature", "geometry": {"type": "Polygon", "coordinates": [[[-95.5489060002303, 29.720316999897346], [-95.54886500022243, 29.722712999615595], [-95.5455269998655, 29.72299100035054], [-95.54562999979767, 29.72478199990448], [-95.54502999974805, 29.72662500004768], [-95.54525099968097, 29.728604999655268], [-95.54183200003153, 29.727759999635794], [-95.53915200034886, 29.7277280003704], [-95.53906000028735, 29.71971100009021], [-95.54885699982651, 29.718981000031754], [-95.5489060002303, 29.720316999897346]]]}, "properties": {"geoid": "48201432401", "name": "Census Tract 4324.01", "population": "3781.0", "median_hh_income": "42297.0", "poverty_rate": "0.28020358960621483", "nearest_dollar_store_mi": "2.65", "gap_score": "4271.3"}}, {"type": "Feature", "geometry": {"type": "Polygon", "coordinates": [[[-95.44177199957136, 30.029180999867886], [-95.44140800042162, 30.03034699976142], [-95.43894799994865, 30.032103999872167], [-95.43436600000987, 30.03230799975789], [-95.4318050001529, 30.03197499991074], [-95.43072300005443, 30.032524000048404], [-95.42927400043317, 30.03266100035229], [-95.42899999989845, 30.021343000248905], [-95.43664900003252, 30.01903199994647], [-95.43759399986362, 30.021540000347926], [-95.44048199995875, 30.025350000008345], [-95.44141599991922, 30.02742299986721], [-95.44177199957136, 30.029180999867886]]]}, "properties": {"geoid": "48201553300", "name": "Census Tract 5533", "population": "3916.0", "median_hh_income": "43695.0", "poverty_rate": "0.3544607190412783", "nearest_dollar_store_mi": "0.33", "gap_score": "591.7"}}, {"type": "Feature", "geometry": {"type": "Polygon", "coordinates": [[[-95.58834100005575, 29.71569799999253], [-95.57144600002836, 29.717062000256156], [-95.57134599957094, 29.711708000121707], [-95.58328799993878, 29.71154799994865], [-95.58337699962723, 29.71106100011546], [-95.58799200007628, 29.710978000380873], [-95.58805800019853, 29.71494999988189], [-95.58834100005575, 29.71569799999253]]]}, "properties": {"geoid": "48201452401", "name": "Census Tract 4524.01", "population": "3187.0", "median_hh_income": "45917.0", "poverty_rate": "0.20635930047694753", "nearest_dollar_store_mi": "1.67", "gap_score": "2146.2"}}, {"type": "Feature", "geometry": {"type": "Polygon", "coordinates": [[[-95.61487699998666, 29.7735340000969], [-95.61339700040324, 29.773774999715133], [-95.61339800022816, 29.7757419997925], [-95.61246799956733, 29.775887999931623], [-95.61245500004685, 29.77614099990358], [-95.6063120003338, 29.776321000342012], [-95.60627399980066, 29.77009600036227], [-95.60890199960478, 29.770088999677913], [-95.61024200034443, 29.770431999886515], [-95.6141179999284, 29.77253399987269], [-95.61512399985885, 29.773409999844155], [-95.61487699998666, 29.7735340000969]]]}, "properties": {"geoid": "48201450401", "name": "Census Tract 4504.01", "population": "2020.0", "median_hh_income": "63102.0", "poverty_rate": "0.25643564356435644", "nearest_dollar_store_mi": "2.92", "gap_score": "1670.0"}}, {"type": "Feature", "geometry": {"type": "Polygon", "coordinates": [[[-95.57175999984774, 29.736694999681962], [-95.56420100012535, 29.736783999896605], [-95.56386700021453, 29.73456399973249], [-95.56398000019243, 29.731435999829074], [-95.56747400018494, 29.732486999681047], [-95.56803800024957, 29.730830000081532], [-95.56801599960994, 29.727755000043775], [-95.57163400034935, 29.727728999665022], [-95.57175999984774, 29.736694999681962]]]}, "properties": {"geoid": "48201452204", "name": "Census Tract 4522.04", "population": "2414.0", "median_hh_income": "51145.0", "poverty_rate": "0.10853355426677713", "nearest_dollar_store_mi": "2.33", "gap_score": "2079.5"}}, {"type": "Feature", "geometry": {"type": "Polygon", "coordinates": [[[-95.54396199989328, 29.728737999760636], [-95.54333300042967, 29.730344000241818], [-95.54314299956054, 29.732886999653992], [-95.543611000264, 29.734715999836283], [-95.54365899994458, 29.737057999939037], [-95.53887100014147, 29.737116999622486], [-95.53929000044113, 29.734744999978734], [-95.53915200034886, 29.7277280003704], [-95.5421469996758, 29.727813999738217], [-95.54408999993981, 29.728353999943792], [-95.54396199989328, 29.728737999760636]]]}, "properties": {"geoid": "48201432301", "name": "Census Tract 4323.01", "population": "3510.0", "median_hh_income": "43515.0", "poverty_rate": "0.23817663817663817", "nearest_dollar_store_mi": "2.35", "gap_score": "3408.9"}}, {"type": "Feature", "geometry": {"type": "Polygon", "coordinates": [[[-95.56805999999088, 29.73025000030606], [-95.56747400018494, 29.732486999681047], [-95.56398000019243, 29.731435999829074], [-95.56386700021453, 29.73456399973249], [-95.56420100012535, 29.736783999896605], [-95.55771699993046, 29.73685700029421], [-95.55762099967099, 29.727635999695174], [-95.56801599960994, 29.727755000043775], [-95.56805999999088, 29.73025000030606]]]}, "properties": {"geoid": "48201452203", "name": "Census Tract 4522.03", "population": "2195.0", "median_hh_income": "50395.0", "poverty_rate": "0.2720343020485946", "nearest_dollar_store_mi": "2.68", "gap_score": "2492.8"}}, {"type": "Feature", "geometry": {"type": "Polygon", "coordinates": [[[-95.65476399972371, 29.723359000077256], [-95.65427800037523, 29.728625000192668], [-95.65178100009236, 29.731266000287306], [-95.6536010003327, 29.732738999998116], [-95.65208200039122, 29.73410899961029], [-95.64981899956177, 29.73521500033848], [-95.64839699970467, 29.73552399988795], [-95.64405199959235, 29.735644000236437], [-95.64414100017913, 29.7199210003527], [-95.64701000000768, 29.719768000305187], [-95.65055000003096, 29.718668000363927], [-95.65388199964178, 29.718577000130356], [-95.65476399972371, 29.723359000077256]]]}, "properties": {"geoid": "48201454305", "name": "Census Tract 4543.05", "population": "3546.0", "median_hh_income": "46644.0", "poverty_rate": "0.26875352509870276", "nearest_dollar_store_mi": "1.49", "gap_score": "2232.2"}}, {"type": "Feature", "geometry": {"type": "Polygon", "coordinates": [[[-95.58066000013464, 29.732262000311728], [-95.58057899994378, 29.733279000217355], [-95.57755299975639, 29.73265700027394], [-95.57567800016277, 29.73270199985496], [-95.57616500023451, 29.736616000029947], [-95.57175999984774, 29.736694999681962], [-95.57163400034935, 29.727728999665022], [-95.58027900036814, 29.72799599975367], [-95.58013999955264, 29.72929099966331], [-95.58066000013464, 29.732262000311728]]]}, "properties": {"geoid": "48201452103", "name": "Census Tract 4521.03", "population": "2559.0", "median_hh_income": "84556.0", "poverty_rate": "0.19140469558296858", "nearest_dollar_store_mi": "1.9", "gap_score": "0.0"}}, {"type": "Feature", "geometry": {"type": "Polygon", "coordinates": [[[-95.58868199963929, 29.740652000065737], [-95.5869860001458, 29.740714999755973], [-95.58463500035111, 29.741369999972473], [-95.58172499961636, 29.741322999721902], [-95.58126299965899, 29.73988399969424], [-95.58119900008491, 29.736557000051835], [-95.58861700024026, 29.73639799969992], [-95.58868199963929, 29.740652000065737]]]}, "properties": {"geoid": "48201451004", "name": "Census Tract 4510.04", "population": "1700.0", "median_hh_income": "51826.0", "poverty_rate": "0.25588235294117645", "nearest_dollar_store_mi": "1.65", "gap_score": "1172.6"}}, {"type": "Feature", "geometry": {"type": "Polygon", "coordinates": [[[-95.61926800012972, 29.742346000147204], [-95.61919000031192, 29.743008000087087], [-95.61650800008113, 29.742789999611613], [-95.61572899993136, 29.742306999789427], [-95.61560799955753, 29.740506000061966], [-95.61418200040079, 29.74049100007089], [-95.61353700014533, 29.73601000037353], [-95.61810700038853, 29.735946000075096], [-95.61775300038622, 29.73943100022135], [-95.61888200034035, 29.7407910002458], [-95.61926800012972, 29.742346000147204]]]}, "properties": {"geoid": "48201451407", "name": "Census Tract 4514.07", "population": "1785.0", "median_hh_income": "29990.0", "poverty_rate": "0.2823529411764706", "nearest_dollar_store_mi": "0.68", "gap_score": "515.4"}}, {"type": "Feature", "geometry": {"type": "Polygon", "coordinates": [[[-95.57623300000657, 29.757235999807786], [-95.57332499981996, 29.757294000315987], [-95.57259800044703, 29.75767400017995], [-95.57158499994554, 29.75733099996383], [-95.57048199993068, 29.7577650000402], [-95.56978899999463, 29.756391000039066], [-95.56697600024259, 29.75641399986041], [-95.5669350002347, 29.758899999710575], [-95.5633099998226, 29.75869799963431], [-95.56324600024851, 29.748664999652387], [-95.56471999998413, 29.748639999880435], [-95.56501299988709, 29.74725199970143], [-95.57206600016949, 29.74795099999867], [-95.57210499962922, 29.75012400016081], [-95.57257099978455, 29.751741000329005], [-95.57429700031356, 29.754496999828238], [-95.57556799965961, 29.755760000238016], [-95.57623300000657, 29.757235999807786]]]}, "properties": {"geoid": "48201450803", "name": "Census Tract 4508.03", "population": "4179.0", "median_hh_income": "71755.0", "poverty_rate": "0.22660923665948793", "nearest_dollar_store_mi": "3.05", "gap_score": "1690.6"}}, {"type": "Feature", "geometry": {"type": "Polygon", "coordinates": [[[-95.50842600011633, 29.656017999919282], [-95.5055740000062, 29.656029000006956], [-95.50556800015843, 29.654474999903638], [-95.50057299976778, 29.654492000299367], [-95.50036899955327, 29.644372000036714], [-95.50315600026438, 29.644325999799417], [-95.50322800023442, 29.65116600013639], [-95.50638699959286, 29.651158999742442], [-95.50837599988762, 29.65152700027473], [-95.50842600011633, 29.656017999919282]]]}, "properties": {"geoid": "48201422304", "name": "Census Tract 4223.04", "population": "4382.0", "median_hh_income": "48780.0", "poverty_rate": "0.31811958010041075", "nearest_dollar_store_mi": "0.76", "gap_score": "1464.8"}}, {"type": "Feature", "geometry": {"type": "Polygon", "coordinates": [[[-95.36405299961595, 29.646482000108975], [-95.3600859997954, 29.64728299961361], [-95.35917399957623, 29.64808200037809], [-95.35760299975622, 29.647931999725383], [-95.35628600037944, 29.648215000134847], [-95.35543600008455, 29.62105999979154], [-95.36338300014444, 29.621072999723285], [-95.36405299961595, 29.646482000108975]]]}, "properties": {"geoid": "48201331501", "name": "Census Tract 3315.01", "population": "4551.0", "median_hh_income": "75553.0", "poverty_rate": "0.14348494836299713", "nearest_dollar_store_mi": "1.55", "gap_score": "479.0"}}, {"type": "Feature", "geometry": {"type": "Polygon", "coordinates": [[[-95.45816500035673, 29.681251000078085], [-95.45568200031755, 29.681331000131696], [-95.45316499994321, 29.68266600006887], [-95.45056700027631, 29.684587999908473], [-95.44891100006747, 29.686784000379976], [-95.44610599981301, 29.687568000267753], [-95.44256199959177, 29.69074800030512], [-95.44144199985848, 29.691061000378365], [-95.4400690004052, 29.69063700022452], [-95.43994800003136, 29.679512999685436], [-95.45491400003844, 29.679369999836762], [-95.45675299964707, 29.679908000355564], [-95.45816500035673, 29.681251000078085]]]}, "properties": {"geoid": "48201412902", "name": "Census Tract 4129.02", "population": "3184.0", "median_hh_income": "95781.0", "poverty_rate": "0.15859766277128548", "nearest_dollar_store_mi": "0.93", "gap_score": "0.0"}}, {"type": "Feature", "geometry": {"type": "Polygon", "coordinates": [[[-95.4591000001421, 29.69008299999272], [-95.45107000024154, 29.690153000232833], [-95.45103799955618, 29.68930600029587], [-95.44907900029696, 29.689879000129615], [-95.44705400001719, 29.689957000217976], [-95.4470130000093, 29.68731200014869], [-95.44891100006747, 29.686784000379976], [-95.45101599981487, 29.684169999689832], [-95.4550799997198, 29.681563000317364], [-95.457093000304, 29.681132000026942], [-95.45905199956321, 29.681396999640228], [-95.4591000001421, 29.69008299999272]]]}, "properties": {"geoid": "48201412901", "name": "Census Tract 4129.01", "population": "1916.0", "median_hh_income": "85773.0", "poverty_rate": "0.17382198952879582", "nearest_dollar_store_mi": "0.86", "gap_score": "0.0"}}, {"type": "Feature", "geometry": {"type": "Polygon", "coordinates": [[[-95.64564300040216, 29.830638999799913], [-95.64562599978541, 29.835991000277016], [-95.61364900029832, 29.836051999665038], [-95.6116559998056, 29.8358179996384], [-95.59675400027095, 29.831518000207662], [-95.57585499971479, 29.831792999616848], [-95.57623499965639, 29.809016000114262], [-95.57737299983134, 29.805854999882893], [-95.58176099960137, 29.798771999677207], [-95.58112600028997, 29.798751999885784], [-95.58100599974105, 29.78489099991585], [-95.64479099955915, 29.78503500018273], [-95.64564300040216, 29.830638999799913]]]}, "properties": {"geoid": "48201543202", "name": "Census Tract 5432.02", "population": "3905.0", "median_hh_income": "73839.0", "poverty_rate": "0.13341869398207426", "nearest_dollar_store_mi": "3.14", "gap_score": "1090.7"}}, {"type": "Feature", "geometry": {"type": "Polygon", "coordinates": [[[-95.23928099966318, 29.65252700033894], [-95.22577500004634, 29.652656000302084], [-95.22116999964302, 29.64778700007902], [-95.22302900024144, 29.646214999638456], [-95.22502400038398, 29.64542499990914], [-95.23364099991537, 29.645174000050368], [-95.23557999998143, 29.644748999917038], [-95.23781699997329, 29.643785999990275], [-95.23812199957183, 29.646251999628983], [-95.23913800044636, 29.64624100003414], [-95.23928099966318, 29.65252700033894]]]}, "properties": {"geoid": "48201320902", "name": "Census Tract 3209.02", "population": "3685.0", "median_hh_income": "85656.0", "poverty_rate": "0.06648575305291723", "nearest_dollar_store_mi": "1.42", "gap_score": "0.0"}}]}