{"type": "FeatureCollection", "features": [{"type": "Feature", "properties": {"name": "Houston city limits"}, "geometry": {"type": "Polygon", "coordinates": [[[-95.90974300023596, 30.109590999851093], [-95.90941099997494, 30.09510400011436], [-95.8919200000959, 30.095269000087495], [-95.89164700028442, 30.080636999971983], [-95.87784299984344, 30.08083600038179], [-95.87777300042154, 30.076692000162446], [-95.87447799972233, 30.076674000344813], [-95.87386500015224, 30.038058000116962], [-95.8375639995709, 30.02441200002615], [-95.83536199973913, 30.024576999639752], [-95.8190829996549, 30.01834700036002], [-95.81647599976718, 30.01865500026335], [-95.81462200008995, 30.018089999746415], [-95.81266100028259, 30.01598700031602], [-95.79914800009475, 30.010665000081435], [-95.79938800029427, 30.026445000048373], [-95.79792899972894, 30.03562200038307], [-95.798264000363, 30.036908999917742], [-95.79789699994188, 30.035622999707588], [-95.79935599960889, 30.026438000239956], [-95.79911600030769, 30.01065999986716], [-95.78336899960273, 30.004962999747345], [-95.78073499995081, 30.005384000166835], [-95.77944399961495, 30.005091000213536], [-95.77802900032889, 30.004393000054318], [-95.77646900037952, 30.002348999799107], [-95.7667170001479, 29.998431000170562], [-95.76805000031653, 29.999614999687843], [-95.76836999998368, 30.002512999898034], [-95.76503099980185, 30.00264600025355], [-95.7648099998689, 30.001295000265664], [-95.76412399960556, 30.000500999645368], [-95.76213000018626, 29.99973700037811], [-95.7611550002179, 30.00017999963414], [-95.75889899995946, 29.999137999821727], [-95.757275000436, 30.001323000371457], [-95.75262400000192, 29.996323000042473], [-95.74535200033473, 29.99347800030554], [-95.74317600044223, 29.993182000175214], [-95.74153399957879, 29.994938000030483], [-95.7391600002179, 29.994743000254616], [-95.73900700005701, 29.995794000175938], [-95.73786399985916, 29.995614000332957], [-95.73640500019215, 29.994533000127465], [-95.7369719997315, 29.99349299965515], [-95.73562900041543, 29.99168900020301], [-95.73687999966998, 29.990736000354264], [-95.73811099973138, 29.98864400007806], [-95.73905399991267, 29.989771999929754], [-95.74095399962067, 29.990506999838008], [-95.74436300012269, 29.990190999872112], [-95.7243769996106, 29.982419000011514], [-95.72369000042065, 29.98376900029743], [-95.71742799998361, 29.981506000137315], [-95.72448499956562, 29.99729999999752], [-95.72478699968941, 30.02954100030086], [-95.72782000044782, 30.04479800009103], [-95.72475499990236, 30.029537999810064], [-95.72442199981643, 29.997143000161945], [-95.7174000003945, 29.98150700000711], [-95.71664999965874, 29.98143799963013], [-95.71620299976999, 29.98063599988512], [-95.71543899968884, 29.980674999810084], [-95.71556300043572, 29.98019700009265], [-95.7134789997064, 29.97947199980464], [-95.71346700001085, 29.97827799991181], [-95.71094899981156, 29.97733700023919], [-95.71030600010424, 29.978613999976076], [-95.70818600028824, 29.976326000252683], [-95.70166699993324, 29.97464199991452], [-95.70084099992779, 29.976321999786652], [-95.69960200036881, 29.97627099986127], [-95.69957200023157, 29.99710099978725], [-95.69724800020107, 29.99706599972073], [-95.69738799994315, 29.996336000299284], [-95.69897100035705, 29.996602000273274], [-95.69925500003916, 29.995924999973152], [-95.69923999997054, 29.976778999657903], [-95.69619100021696, 29.976707000132716], [-95.69629900017198, 29.974280000362413], [-95.6968570003888, 29.974270000158295], [-95.6969279996356, 29.97336299979214], [-95.69909799968033, 29.973996999877635], [-95.70091399972273, 29.971633999648947], [-95.68111899990465, 29.957833999876584], [-95.67693199997609, 29.96248100029019], [-95.67710100003049, 29.963151000182002], [-95.67935200026608, 29.96467600006604], [-95.6793329999995, 29.96530400013114], [-95.67369900009948, 29.96529099970286], [-95.67334500009714, 29.968850999761017], [-95.67100900037107, 29.972331999806688], [-95.67043600008562, 29.974223999673256], [-95.67127600033477, 29.977417000152027], [-95.67257199979515, 29.97732200000514], [-95.6728270000633, 29.97777899994451], [-95.67259299971155, 29.978997000207762], [-95.67207800005075, 29.97908899984834], [-95.672877000292, 29.98291899986529], [-95.67704599977891, 29.98715699998445], [-95.67802400012032, 29.988731000355127], [-95.67824599987816, 29.995031999929193], [-95.67770399955485, 29.995025000237742], [-95.67772299982143, 29.99621600031751], [-95.67373000006161, 29.996230000309907], [-95.6739059997887, 29.99486299968324], [-95.67793999955641, 29.994856999715264], [-95.67781700043106, 29.989292999860865], [-95.67648400026243, 29.987041999648053], [-95.67285200017764, 29.983456000223892], [-95.67170399995693, 29.978954000042], [-95.67006299981672, 29.97903300031407], [-95.65960099993062, 29.983180999807512], [-95.65802000006487, 29.984142999956692], [-95.65876900007741, 29.984793000207347], [-95.65796800018634, 29.98548900005121], [-95.65708600010439, 29.98473600016164], [-95.65620900004534, 29.98545899970913], [-95.65582400008088, 29.98508600017165], [-95.65661099972824, 29.984413000062656], [-95.65369199967098, 29.981980000319364], [-95.6533960002933, 29.980577999908565], [-95.6528060002894, 29.981043000203208], [-95.65211900020117, 29.980439000269644], [-95.65317299981221, 29.97962300024086], [-95.65226599961592, 29.97954899988572], [-95.65161399968777, 29.97719400030245], [-95.65003100017219, 29.977432000371735], [-95.64971300015486, 29.97823500021293], [-95.64866899969124, 29.97734500031119], [-95.64876999997358, 29.97693799962413], [-95.65267999989271, 29.976689999967046], [-95.65382800011344, 29.981777000277035], [-95.65704099989856, 29.984554999881492], [-95.65931300005055, 29.982992000188876], [-95.6683360003611, 29.97943200029476], [-95.67077800039237, 29.97709800002811], [-95.67016300027414, 29.975268000158618], [-95.67026700003122, 29.973239000247474], [-95.6730739999355, 29.96868700008705], [-95.67331699960974, 29.96456200020114], [-95.67191400001923, 29.958964999673558], [-95.67115300031111, 29.95915199967333], [-95.67096699963996, 29.958169999809737], [-95.66975400002023, 29.957318999715838], [-95.66867000027194, 29.957207000202697], [-95.66856700033978, 29.948930999809235], [-95.62881699997176, 29.92115599970066], [-95.62881799979667, 29.92388900020057], [-95.63159499956372, 29.924426999935875], [-95.6340719997551, 29.925826999702004], [-95.6321569999785, 29.9278949999483], [-95.63052900025708, 29.926738000233172], [-95.63008400001816, 29.92721600011552], [-95.62878199981165, 29.927229999709358], [-95.62919299971541, 29.945939999729852], [-95.63195100011417, 29.945993000107112], [-95.63209500005422, 29.9467049997198], [-95.63209500005422, 29.947388999947712], [-95.63082399980988, 29.9474080001031], [-95.63082499963478, 29.94825299973821], [-95.62919000024065, 29.94845999980583], [-95.62962000041098, 29.950412999842687], [-95.6309810001687, 29.950370999944184], [-95.63099200003936, 29.952737999687944], [-95.63048499987616, 29.952737000306925], [-95.62902500038423, 29.9496260000562], [-95.62833499992293, 29.949627000246792], [-95.6283409997707, 29.949081999954494], [-95.62724500032684, 29.94908499976431], [-95.62725000034972, 29.947522999614247], [-95.61646799989816, 29.947612999951144], [-95.61648999963946, 29.949307000230096], [-95.61573599960404, 29.949315000223613], [-95.6138590003606, 29.94775200036327], [-95.61187599991364, 29.948661999997846], [-95.60867200034932, 29.951524999858318], [-95.60544699997033, 29.952418999726923], [-95.60544899962015, 29.953343000050285], [-95.60475499985918, 29.953341999897066], [-95.60404799967944, 29.954713999856576], [-95.60406899959582, 29.952351999712445], [-95.60474200033872, 29.95234100025175], [-95.60506700002873, 29.950729999653554], [-95.60720100008844, 29.94842300009612], [-95.6079030002453, 29.946403999988394], [-95.60755099989281, 29.936215000233492], [-95.60661600010742, 29.936227999793026], [-95.60658900034323, 29.935147999876754], [-95.60748899996851, 29.9351449996466], [-95.60670099959793, 29.933458999996397], [-95.60781399965852, 29.933460999924282], [-95.6084799998304, 29.93558599981573], [-95.6084880002263, 29.936198000148277], [-95.60785300001659, 29.936208000290346], [-95.6080990000639, 29.946676999783236], [-95.60743899973981, 29.948400000101298], [-95.6052629998473, 29.95078699975056], [-95.60493399995933, 29.952251000302255], [-95.608458999914, 29.95136199978901], [-95.6116900001408, 29.948482999786727], [-95.61123599968104, 29.948006999740635], [-95.61176499958555, 29.947600000322616], [-95.61229299966516, 29.948141000131177], [-95.61282599976761, 29.947870000101478], [-95.6106349998065, 29.94532500024838], [-95.61429899967834, 29.945261000049715], [-95.61431999959474, 29.947231999835722], [-95.61567399967979, 29.947332000238152], [-95.61569200012146, 29.94524900034841], [-95.61644799980667, 29.945239999793138], [-95.61686499955819, 29.947420999756712], [-95.6182870003136, 29.947427000254862], [-95.618272000245, 29.94664400029263], [-95.61902799993021, 29.946651000279846], [-95.61904700019679, 29.947417999896633], [-95.62544400035306, 29.947364000065445], [-95.62543000010936, 29.94605800006129], [-95.6239689998942, 29.946063999863316], [-95.62394200013001, 29.944546999735337], [-95.62885799997963, 29.944466000363647], [-95.62862700000096, 29.93338200001871], [-95.62763299976605, 29.93338200001871], [-95.62784299982833, 29.93097799976214], [-95.62758400026057, 29.929134000088986], [-95.62720299959572, 29.929132999692328], [-95.6272059999688, 29.923773999840904], [-95.62801100005782, 29.923832000262315], [-95.6280460002179, 29.923152999962795], [-95.62324099979806, 29.922635000247862], [-95.6192170000761, 29.92013499967282], [-95.62386000011425, 29.918000000370867], [-95.62854699963502, 29.920958999776186], [-95.62218499963886, 29.916445999911314], [-95.6218569995758, 29.9165970003063], [-95.62337100039272, 29.91766199997696], [-95.61882799991368, 29.919713000325963], [-95.61639599992813, 29.916812000324047], [-95.61569100029654, 29.917163999941177], [-95.6177659999067, 29.919649000003137], [-95.62154299975644, 29.92226900021909], [-95.62097299984404, 29.923097000060395], [-95.6201610000823, 29.92309900019652], [-95.6201590004325, 29.922507999888314], [-95.61794699965667, 29.92095200031707], [-95.60839000031703, 29.92520400008104], [-95.60827700033913, 29.92327899982251], [-95.61292100020218, 29.921183999812406], [-95.61166300037662, 29.91968799971816], [-95.61022100042803, 29.920357000116734], [-95.6098180000219, 29.919694000331763], [-95.6063829995806, 29.921266999624738], [-95.60630499976281, 29.925192000296253], [-95.6012850001561, 29.924760000073444], [-95.59880299994184, 29.925363000012485], [-95.59827599968715, 29.92502899989721], [-95.59771400017068, 29.92536599975906], [-95.59883200025416, 29.92602899991792], [-95.59898100021708, 29.926769999678037], [-95.59677000016447, 29.92810500000211], [-95.59601699995396, 29.927394000032375], [-95.59415800025387, 29.9286049998297], [-95.59422900039898, 29.930796000064465], [-95.59227600008923, 29.93165000013397], [-95.5922669998684, 29.932428000306533], [-95.5932600002784, 29.931962000293314], [-95.5932440003849, 29.933271000370603], [-95.59207699989761, 29.93339899980657], [-95.59208500029352, 29.931734999745377], [-95.59080700037647, 29.93233899982939], [-95.59075799997268, 29.929213000252854], [-95.59805399992929, 29.92482200012332], [-95.59738199990966, 29.92431900019914], [-95.59758799977398, 29.92394100019771], [-95.59994299976664, 29.923475999827435], [-95.60004900007183, 29.923995999955544], [-95.59994299976664, 29.919197000055522], [-95.60373899988296, 29.918811999682497], [-95.60374700027889, 29.917353999876585], [-95.60827499979099, 29.917297000089775], [-95.60830900012617, 29.91932199975543], [-95.60889199955905, 29.919315000181225], [-95.61033799970558, 29.917344000175888], [-95.60797000019245, 29.91375600022839], [-95.60836199982961, 29.912922000325892], [-95.61033299968273, 29.911981000352768], [-95.60919500040606, 29.909341000177488], [-95.60364099997365, 29.90853899975508], [-95.60369799987507, 29.904528999678476], [-95.60577199966033, 29.905984999879074], [-95.60656300040398, 29.905136999954028], [-95.60905899996362, 29.906854000168163], [-95.61862899972206, 29.913913000214063], [-95.61801600015195, 29.91455099999962], [-95.61875400029383, 29.915067999968983], [-95.61990900018725, 29.91454499985464], [-95.62061700019188, 29.89252300026849], [-95.62061100034411, 29.891612999819767], [-95.61976100004924, 29.890820000019627], [-95.62060899979598, 29.890811999997368], [-95.62058399968163, 29.886537999886006], [-95.61965599956893, 29.8865630002465], [-95.61963700020067, 29.884926999700344], [-95.6205820000318, 29.884924000293594], [-95.62057600018402, 29.88318599986335], [-95.61579000003074, 29.883226999991614], [-95.61576900011434, 29.879719000276918], [-95.61329699994582, 29.87967900037855], [-95.61328500025024, 29.880210999895517], [-95.61016700000137, 29.880244000376738], [-95.61016100015358, 29.880916999688953], [-95.60863999966398, 29.880934999966954], [-95.6084389998225, 29.884528999988454], [-95.60657599992444, 29.88807099974299], [-95.60604100017214, 29.89056299976199], [-95.60654499996231, 29.88734700008392], [-95.60812599982808, 29.884479999865174], [-95.60831099977598, 29.881116999653027], [-95.60615199960192, 29.881103999909023], [-95.6061709998685, 29.883271000338482], [-95.60483699987495, 29.883342999731305], [-95.60427100016051, 29.88238800035448], [-95.60597599987483, 29.882365999988615], [-95.60595800033148, 29.879635000004434], [-95.59948300035741, 29.88012399970742], [-95.57119800033125, 29.88064300016182], [-95.5506729998689, 29.86647199966088], [-95.54214900022393, 29.867999999902526], [-95.53835800013049, 29.867971999645693], [-95.53767100004222, 29.8673340000099], [-95.5348390000236, 29.86684499992162], [-95.52868399971668, 29.8628470000174], [-95.52647000018933, 29.86224199975685], [-95.52504499995918, 29.86089999977036], [-95.52438899983306, 29.860889999858284], [-95.52453600014616, 29.865554000128775], [-95.50210699977787, 29.86564500002419], [-95.50237899976443, 29.87375800036748], [-95.50699900023636, 29.874429000272833], [-95.50704199989407, 29.890121000323813], [-95.49563799965158, 29.890273000133224], [-95.5092830000839, 29.914678000386864], [-95.4957370002841, 29.914726999677555], [-95.49574800015476, 29.91612599984368], [-95.4966100001452, 29.91614700001588], [-95.49662000019094, 29.918216000201422], [-95.49541300041899, 29.918038000223643], [-95.49508100015798, 29.918569000029603], [-95.49618300034793, 29.919067999764767], [-95.49604100005772, 29.92043999983992], [-95.49515999980069, 29.92044299973485], [-95.4956739996366, 29.92081099965157], [-95.49608700008847, 29.92043900013449], [-95.49951400013384, 29.920296999814116], [-95.49951699960857, 29.92131999990953], [-95.49874500002981, 29.921314000172515], [-95.49878500021278, 29.923835000055018], [-95.4994890000195, 29.924370999971657], [-95.49791800019948, 29.924391999961944], [-95.49830800018682, 29.925437000222047], [-95.49775400016796, 29.925426999776082], [-95.49773300025156, 29.923031999897916], [-95.49707100027764, 29.922581999884585], [-95.49634099963336, 29.923285999896592], [-95.49391100019595, 29.921219999833323], [-95.49324000000122, 29.92138499963276], [-95.491787000182, 29.92459699974547], [-95.49194700001554, 29.92636999964906], [-95.4927880000896, 29.928276999790263], [-95.49604899955531, 29.930942999756265], [-95.49792599969709, 29.930496000067272], [-95.49790899997865, 29.929551000354213], [-95.49863600024986, 29.929523000260467], [-95.49943600031604, 29.929521000253487], [-95.49944800001161, 29.93084199962592], [-95.50283800024705, 29.930827000160473], [-95.50267300039062, 29.928509000119988], [-95.5033830000451, 29.928274000131488], [-95.50130900025984, 29.926701999872186], [-95.50245999995529, 29.92651399993806], [-95.4994890000195, 29.924370999971657], [-95.49961100021824, 29.921888000367883], [-95.5015040002535, 29.921873000331626], [-95.50150799955316, 29.923275000336155], [-95.50222700032678, 29.92327300020357], [-95.50223900002236, 29.924181000191954], [-95.50435299999057, 29.92418699975623], [-95.50433000042435, 29.92325600024313], [-95.50534499967736, 29.923239000279793], [-95.50529399962375, 29.924289000078467], [-95.50806000041844, 29.9251499998703], [-95.50974699969109, 29.9252830002501], [-95.50909800013598, 29.924127000204805], [-95.50942899967377, 29.92400500009706], [-95.50985399982119, 29.924494000074123], [-95.5115850003731, 29.924373000082184], [-95.51160999958914, 29.92526500019741], [-95.51398100037363, 29.925263000104863], [-95.51400099956682, 29.926677000240968], [-95.51330799963077, 29.92668100036925], [-95.51329799958502, 29.925534000213524], [-95.50710399981836, 29.92552900038481], [-95.50712200026003, 29.927487999991257], [-95.50769999967001, 29.927496999817052], [-95.50771599956353, 29.92807100017179], [-95.50471799986354, 29.92803300025601], [-95.50744100010225, 29.930189999963698], [-95.5100360002944, 29.930144999708848], [-95.5159859996636, 29.93503399962976], [-95.52081100017494, 29.93499499969963], [-95.52151800035469, 29.93627700015345], [-95.5146540002182, 29.936501999814695], [-95.5272989996695, 29.946007999621294], [-95.52243300004858, 29.93753699979838], [-95.52535100028093, 29.937243000218665], [-95.52523900012795, 29.934932000199428], [-95.52835400000379, 29.933993999894902], [-95.52760300034143, 29.932602000353352], [-95.52654700018222, 29.93299199978252], [-95.524469000199, 29.928590000027153], [-95.52431699986305, 29.927708999975504], [-95.52547699977931, 29.927698000125265], [-95.52513700002069, 29.922339999776774], [-95.5274180003935, 29.922322999657005], [-95.52742099986824, 29.920441000323954], [-95.52512600015004, 29.920462000364687], [-95.52506300040086, 29.916632999649913], [-95.5273840000583, 29.916625000142982], [-95.52737300018767, 29.915602999835745], [-95.53027899982612, 29.915580999794578], [-95.53031599963606, 29.919397000278593], [-95.54022100002855, 29.919323000250696], [-95.54021900037873, 29.92223200011149], [-95.53895599963198, 29.92224200009985], [-95.53897300024873, 29.92527400022414], [-95.5351350002996, 29.92529799977253], [-95.53512600007878, 29.9237979997509], [-95.53384700033682, 29.923804000116778], [-95.53386300023034, 29.925879000243857], [-95.53794100037898, 29.925857999788725], [-95.54146899980837, 29.92691000004803], [-95.54145100026503, 29.925256999826935], [-95.54788000020834, 29.925509000288933], [-95.548616999627, 29.924953000064068], [-95.54857200031948, 29.921212999613964], [-95.55105799983339, 29.921208000346823], [-95.55106500040438, 29.922267999753437], [-95.55513799963182, 29.922317999667023], [-95.55564800016808, 29.919779000031856], [-95.55426800014378, 29.919784999861378], [-95.55427399999155, 29.91925599974658], [-95.55364999965248, 29.91925799995981], [-95.55369900005628, 29.917338000199273], [-95.55098000001557, 29.917317000278246], [-95.55091700026638, 29.910387999953873], [-95.55234099977329, 29.9103750001342], [-95.55214199958166, 29.90929199979415], [-95.55304899977796, 29.908543999658285], [-95.55563399992438, 29.910926000227175], [-95.55563099955133, 29.90997899966293], [-95.55087999955813, 29.90560400001793], [-95.55026100014027, 29.903000000184385], [-95.5491439998817, 29.902977999695484], [-95.54917099964587, 29.903985999763908], [-95.54789000025409, 29.902983999758497], [-95.54789899957659, 29.90424699992015], [-95.53848299980396, 29.90428799995119], [-95.53846600008552, 29.90278599982396], [-95.53996900013347, 29.902763000183676], [-95.53996099973754, 29.901484000010573], [-95.54443399989638, 29.90146700022406], [-95.5444499997899, 29.90273899987614], [-95.54844500009787, 29.902713999679456], [-95.5481520001949, 29.90192900012439], [-95.54969799990056, 29.90269500033563], [-95.54912899981308, 29.901158999879076], [-95.54841900015859, 29.900610999985798], [-95.54971999964185, 29.900649000243384], [-95.5502009998658, 29.901543000071733], [-95.55018099977433, 29.897851000279353], [-95.55147499958488, 29.89782900021106], [-95.55156800036963, 29.899291999627504], [-95.55264600027014, 29.901008000219267], [-95.55560299996223, 29.90144199970819], [-95.5553610001129, 29.902830999985238], [-95.55675000035804, 29.9031459997662], [-95.55606800029264, 29.904619999827748], [-95.55485200029986, 29.905301000069123], [-95.55616799985175, 29.908150000130526], [-95.55768099994545, 29.907940999865], [-95.55780399996908, 29.908531000376605], [-95.55793000036579, 29.914140999906273], [-95.55635000032494, 29.914331999926148], [-95.55642899996766, 29.917802999651904], [-95.56305799992752, 29.91775700029346], [-95.56307299999614, 29.9213899996696], [-95.56061000004846, 29.920521999789333], [-95.55933600032935, 29.9207250003514], [-95.55933899980411, 29.92147399978378], [-95.55636700004338, 29.921470000224847], [-95.55586900010103, 29.923198999942418], [-95.5574669996852, 29.92392500002185], [-95.55703200039034, 29.924556999953793], [-95.55985500018814, 29.925993999728732], [-95.56727599981824, 29.927379000047328], [-95.56684200034829, 29.928307999892468], [-95.56566399999033, 29.927884000118635], [-95.56500299984135, 29.929254000125947], [-95.56472300035718, 29.933548999824072], [-95.57151499962534, 29.93351500029666], [-95.571384999929, 29.932974000345585], [-95.57384000037908, 29.932240999876736], [-95.5740450004185, 29.933533999988217], [-95.57876899974919, 29.933539000193218], [-95.57877200012221, 29.93290499974888], [-95.57998999976482, 29.93288599993721], [-95.58013600025299, 29.933433000152128], [-95.58012100018439, 29.932458000309488], [-95.58154200021657, 29.933524999929876], [-95.58188100015029, 29.931337000178967], [-95.58332499974868, 29.931320999635002], [-95.58331499970295, 29.930525999874153], [-95.5846910004276, 29.930517000322258], [-95.58467399981085, 29.929436000308097], [-95.58330300000738, 29.92944299994913], [-95.58326799984728, 29.927526999749386], [-95.58326500037255, 29.92656899983132], [-95.5838119998204, 29.92654899994442], [-95.58339099987093, 29.920807000065995], [-95.58458299957427, 29.920367999999595], [-95.58452099964997, 29.915189000369395], [-95.58388600033857, 29.915220999633426], [-95.58388299996551, 29.914131999651676], [-95.58262000011707, 29.914646000169647], [-95.58288600025588, 29.910157000030235], [-95.58011899963624, 29.90989199976137], [-95.57997999971909, 29.910916999682044], [-95.57892000026023, 29.91093100001056], [-95.57894399965136, 29.91171300010735], [-95.57840600042434, 29.911712000314235], [-95.57836399969322, 29.90938000003631], [-95.58288700008077, 29.909890000138628], [-95.58283699985206, 29.905839999637706], [-95.58452800022098, 29.906050000267868], [-95.5845270003961, 29.90561300026445], [-95.58394900008776, 29.905550000079103], [-95.58368299994899, 29.904528999678476], [-95.58096999975604, 29.904216999981735], [-95.58095700023557, 29.903464999612122], [-95.58451599962711, 29.90341299982411], [-95.58452099964997, 29.90432999983253], [-95.58633599986746, 29.904317999868233], [-95.58673599990055, 29.904256000289273], [-95.58673599990055, 29.903410000194913], [-95.58743700023251, 29.903401999625842], [-95.58757199995172, 29.90254900009292], [-95.58771699971668, 29.90437599994182], [-95.58472499986448, 29.90468100009526], [-95.58474300030615, 29.90563000012223], [-95.58868199963929, 29.906201999921254], [-95.58631900014902, 29.907806000015494], [-95.58652699966316, 29.912002999631977], [-95.58904200038772, 29.910915000079857], [-95.58879200014245, 29.90948299976969], [-95.59118899996788, 29.907838999926405], [-95.58879600034041, 29.90623700005962], [-95.59319099978313, 29.90700500031186], [-95.59208899959316, 29.90823699999626], [-95.59249299982422, 29.908479999943797], [-95.5917029998038, 29.909861999965635], [-95.59075600032286, 29.9104329997957], [-95.591512999833, 29.911164999870792], [-95.58621000036908, 29.91331199977731], [-95.58623999960798, 29.917216000336534], [-95.58486700015469, 29.917544000228077], [-95.58505200010262, 29.93255900035664], [-95.58893199988454, 29.9303839999299], [-95.58900800005252, 29.932104000321356], [-95.58869199968503, 29.93210600027643], [-95.58868400018741, 29.930839000044404], [-95.58735600004165, 29.931625000188667], [-95.58735900041471, 29.9335619997319], [-95.58491200036053, 29.933570000213304], [-95.58488999972091, 29.935979999759322], [-95.58648099963241, 29.93595700000112], [-95.58689099971124, 29.93715900017916], [-95.59109400043165, 29.93710700008213], [-95.59144699971075, 29.937100999739812], [-95.59144800043399, 29.936402000201053], [-95.58900800005252, 29.936448000284923], [-95.58900399985455, 29.935915999775837], [-95.59269899968852, 29.935863999807566], [-95.59281199966645, 29.9379789997928], [-95.59185599996466, 29.937966999991524], [-95.59181199958374, 29.938821000012737], [-95.58543299986914, 29.938926999762835], [-95.58574199966561, 29.939765000141477], [-95.58462600013027, 29.939781000106034], [-95.58461000023675, 29.93827200000656], [-95.5785389995954, 29.9382179998806], [-95.57852299970189, 29.93703900033334], [-95.56688699965581, 29.94393099995488], [-95.56403399972078, 29.946340999929333], [-95.55577799986442, 29.953862999754858], [-95.55805699968909, 29.953883000377726], [-95.55801099965834, 29.95703999964493], [-95.55427399999155, 29.95585800023306], [-95.5542849998622, 29.958525999852466], [-95.56379900044246, 29.958418999875274], [-95.56386100036673, 29.95291300017116], [-95.56255499996227, 29.95292300018947], [-95.56255099976433, 29.95085799997584], [-95.56394099983436, 29.950742999651226], [-95.56394400020741, 29.952782999841613], [-95.5656680001883, 29.952799000046987], [-95.56568499990674, 29.955354999993663], [-95.56409200034541, 29.95538000020182], [-95.56410999988877, 29.958108000305938], [-95.56510699959844, 29.95824499984825], [-95.56509800027591, 29.958813999749996], [-95.57079900012309, 29.9604810000129], [-95.57074700024454, 29.957544000031135], [-95.57242099999672, 29.957523000033607], [-95.57248100027117, 29.960978999616422], [-95.58426799992999, 29.961147999932205], [-95.58427899980065, 29.960529000017733], [-95.58505899977533, 29.96053300034135], [-95.58503399966096, 29.95925999973358], [-95.58425000038665, 29.959261999920944], [-95.58434499992288, 29.95581600029966], [-95.58348799995531, 29.955824999897686], [-95.5834729998867, 29.95485899973204], [-95.5812419997426, 29.954713999856576], [-95.58122900022212, 29.95412200038773], [-95.58162300040743, 29.954114000002622], [-95.58163500010299, 29.954732000029708], [-95.58337699962723, 29.954704000018403], [-95.5833110004033, 29.952484000150957], [-95.57877799997001, 29.951302999674176], [-95.58243900036712, 29.951226000276385], [-95.58242900032137, 29.950554999998307], [-95.58482799979663, 29.95050100031386], [-95.58480699988024, 29.947222000023462], [-95.58605800003312, 29.94717300038397], [-95.58600799980441, 29.94909900017294], [-95.58506100032345, 29.94911299980129], [-95.58573499999292, 29.949377999955438], [-95.5860010001317, 29.952534999831155], [-95.58834299970557, 29.952515999877072], [-95.58835199992639, 29.9535270000531], [-95.58749699960865, 29.95353599985838], [-95.58752199972301, 29.954679999780033], [-95.58662000044791, 29.9549549996996], [-95.58661700007485, 29.95600400012312], [-95.58596599997162, 29.956728000312008], [-95.58499100000326, 29.956717999898153], [-95.58500299969883, 29.9575919998976], [-95.58859600032388, 29.957540999698207], [-95.58861899989009, 29.95844899982235], [-95.58635400030913, 29.95848500036945], [-95.58640600018767, 29.959826999875638], [-95.58831900031443, 29.959788000327695], [-95.58832199978919, 29.961135999813347], [-95.58528499973113, 29.961177999833893], [-95.58532300026428, 29.96208300000491], [-95.5887100001267, 29.96206400031901], [-95.58873400041612, 29.96305999984617], [-95.58959200020861, 29.96305999984617], [-95.58953899960686, 29.96123999975764], [-95.59223799955609, 29.96117699975949], [-95.59184199972097, 29.95883300005707], [-95.59425399961502, 29.960881999940888], [-95.58645200021842, 29.96670199968938], [-95.59029699984022, 29.96690000010427], [-95.59235300008211, 29.965089999868166], [-95.59442600004247, 29.966820000282855], [-95.59252700015941, 29.968484000115787], [-95.59053600021481, 29.96716900037395], [-95.58563100023585, 29.966926999776575], [-95.58563799990856, 29.970024999639328], [-95.58414099970838, 29.970033000300162], [-95.5844589997257, 29.968807999872688], [-95.58250600031427, 29.968793999905024], [-95.58249200007056, 29.967472000297366], [-95.57629599975576, 29.967990000009387], [-95.5762780002124, 29.9672780002961], [-95.57739299992285, 29.96722500037028], [-95.57673799962163, 29.96597799977374], [-95.57993000038869, 29.965993000164055], [-95.57973899969465, 29.963407999859644], [-95.57923999992737, 29.9634199997042], [-95.57990500027432, 29.96241900036228], [-95.5803549996378, 29.96694300004008], [-95.58507700021698, 29.966669999860404], [-95.58494199959947, 29.961395000176164], [-95.57973700004484, 29.9614629996157], [-95.57974500044075, 29.961889999668177], [-95.57846499997557, 29.961482000194703], [-95.5734339995999, 29.961583000344334], [-95.56394400020741, 29.958696999867964], [-95.56394699968214, 29.966843999924794], [-95.56831400043409, 29.967246999887774], [-95.56812199991515, 29.963495999723673], [-95.56891399958539, 29.96347600025668], [-95.56910500027942, 29.96722600038382], [-95.57548300016911, 29.967240999807576], [-95.57548300016911, 29.96690000010427], [-95.57584600039227, 29.967285999621716], [-95.57569800025428, 29.968119999906875], [-95.57443100020788, 29.96814100000007], [-95.57441600013925, 29.967392000158213], [-95.57208000041318, 29.96743099983526], [-95.57221400030748, 29.96837099995204], [-95.56553099992094, 29.96797099989644], [-95.56484800003065, 29.968518000139852], [-95.56484899985557, 29.96971699977655], [-95.56395099988012, 29.969910999685197], [-95.56395300042824, 29.97065300014083], [-95.56201699983693, 29.970662999930873], [-95.56259099994729, 29.97132500013258], [-95.56395599990297, 29.971317000353917], [-95.5638730000623, 29.973175000120698], [-95.56838800005394, 29.97313099981505], [-95.56838999970375, 29.97581899962276], [-95.56526300013235, 29.975823000109045], [-95.56668499998943, 29.978451999878583], [-95.56839800009968, 29.978149999884817], [-95.56839499972662, 29.97714799961523], [-95.56890400043797, 29.97714200013295], [-95.56927699980855, 29.978269000012574], [-95.57059999993145, 29.979456999893028], [-95.56899300012641, 29.980563000164032], [-95.56941200042608, 29.98129099988514], [-95.5684340000847, 29.981606000295084], [-95.56935200015162, 29.983053999728796], [-95.56812799976295, 29.983094000114196], [-95.57151999964822, 29.988291999779733], [-95.57236599974513, 29.98773199966853], [-95.57076399996298, 29.985209999710285], [-95.57110700009466, 29.985105999957103], [-95.57177300026652, 29.985226000141466], [-95.57179199963477, 29.985943000282948], [-95.57272099957235, 29.98597699977801], [-95.57270200020412, 29.985200999661128], [-95.57304299978765, 29.985156000181227], [-95.57348499965352, 29.98564099972584], [-95.57635799968003, 29.9863369998505], [-95.57712500013422, 29.988158999640547], [-95.57957600038634, 29.98934999962471], [-95.58002699957473, 29.98877499997436], [-95.5797289996489, 29.987981000345545], [-95.5806230003247, 29.986829999937243], [-95.58176099960137, 29.98700500029633], [-95.58255399999486, 29.986305999943173], [-95.58356199957515, 29.987412999997982], [-95.5841060004466, 29.98727499962288], [-95.5842839998235, 29.986444000108854], [-95.58531800024141, 29.986435999991727], [-95.58625899987457, 29.98687699984612], [-95.58601200000237, 29.987849000373764], [-95.58726300015522, 29.987827999778524], [-95.58756799975376, 29.98982900019666], [-95.58565800000002, 29.98987600024196], [-95.58562200001504, 29.99595599998896], [-95.58195800014317, 29.99563700029217], [-95.58196700036402, 29.99650000022131], [-95.59129600009801, 29.99651799982619], [-95.59137399991583, 29.99393300031702], [-95.59296700037547, 29.99187600007522], [-95.59304500019327, 29.991048000268616], [-95.59212600030142, 29.990828999787908], [-95.59227299971619, 29.990471000000962], [-95.5915139996579, 29.990355999612902], [-95.59151500038114, 29.989959000300775], [-95.59074000042932, 29.98999299997676], [-95.59074799992692, 29.989525999999465], [-95.5932109998746, 29.99029300018276], [-95.59315499979812, 29.99188999990172], [-95.59154200014531, 29.994025999867695], [-95.59159200037402, 29.99652399969379], [-95.60121200036117, 29.99653600020588], [-95.60120399996525, 29.99607100011355], [-95.6021439997735, 29.99606299999421], [-95.60219599965204, 29.996528000123966], [-95.60336700033727, 29.996509999742905], [-95.6033830002308, 29.996093000244013], [-95.60612200036302, 29.995529000099154], [-95.60645600027385, 29.995930000152047], [-95.61522199976815, 29.98817200018852], [-95.61369899962871, 29.986366000106457], [-95.6113889998419, 29.986353999921086], [-95.61130199980327, 29.984349000132745], [-95.60449899976614, 29.97859899993489], [-95.60344099995713, 29.979583999902804], [-95.60345900039879, 29.98015100001807], [-95.60110500023104, 29.979313000004108], [-95.60273999962517, 29.97706199999858], [-95.60035000037072, 29.975119999907555], [-95.59955100012947, 29.975832000229904], [-95.59799100018012, 29.974498999988977], [-95.59906200040794, 29.97380400011307], [-95.60163999998333, 29.97603200019797], [-95.60211799983422, 29.975330999783218], [-95.60330899971265, 29.9759790002729], [-95.60245799959286, 29.97672099976351], [-95.6047909998442, 29.97863899978024], [-95.60530600040333, 29.97819899981738], [-95.60649899993156, 29.979268000190526], [-95.60601500023289, 29.979693000210602], [-95.61139200021496, 29.984251999929327], [-95.61136399972756, 29.983570000195833], [-95.61223800031189, 29.983556999823413], [-95.61190100002798, 29.984651999788927], [-95.61766999964723, 29.98970900012904], [-95.61678799956529, 29.990478999792987], [-95.614866000116, 29.98883599999773], [-95.61178399985212, 29.991562000113923], [-95.61299399999712, 29.993236000007226], [-95.61263199959888, 29.993522999903735], [-95.61104700043346, 29.992225999813087], [-95.60589999970685, 29.996440999678093], [-95.61157999963761, 29.99633799974024], [-95.61382199965237, 29.994461999987674], [-95.61308500023371, 29.993132000102843], [-95.61346400035039, 29.992780999913002], [-95.61749599956997, 29.996267000113573], [-95.62096399962321, 29.994465999722966], [-95.61971199964543, 29.993217999807126], [-95.62096799982118, 29.99235400036935], [-95.62381099971047, 29.99480399972299], [-95.62478300020408, 29.993913999720426], [-95.62565400041534, 29.994661000043], [-95.62465799963228, 29.995563999929665], [-95.6343470001147, 30.0036190000523], [-95.63475999966828, 30.003830000047397], [-95.63536599956568, 30.00333199978849], [-95.63593800002621, 30.003834000183097], [-95.64937199967302, 29.992008999903156], [-95.653290999813, 29.99098900037496], [-95.65346400006536, 29.991919000091713], [-95.65233900030918, 29.992594999947634], [-95.65006899980703, 29.992936000136545], [-95.64999900038514, 29.99193299991214], [-95.64969100041358, 29.992071000036944], [-95.63944500043753, 30.00097599983639], [-95.64029900003204, 30.001634000015002], [-95.63658099973354, 30.00468799978565], [-95.63777599980992, 30.005173999996074], [-95.63648299982424, 30.006253000185765], [-95.63606000022494, 30.00621000015617], [-95.63526900037962, 30.00469699962392], [-95.63287699967873, 30.005793999811814], [-95.62645399958319, 30.005977000286606], [-95.61864799998862, 30.011773999845165], [-95.61674099970962, 30.012686000249992], [-95.61565000028865, 30.01276800034632], [-95.615591999664, 30.010716000230357], [-95.61698799958185, 30.010687999663766], [-95.61708499966622, 30.012456999821136], [-95.61769300011177, 30.012184999868047], [-95.62402199959766, 30.007495999951324], [-95.62351000030989, 30.005760000103006], [-95.62375100033431, 30.006049999990783], [-95.62478999987675, 30.00536500020672], [-95.6257570003475, 30.00620200007619], [-95.62679099986708, 30.005747000302794], [-95.63308300044137, 30.00560499968122], [-95.6344299999554, 30.005002000229023], [-95.63386699971569, 30.00453300002299], [-95.63452600021486, 30.00392299965946], [-95.62505000016775, 29.996113999868854], [-95.62381800028146, 29.99718999985634], [-95.62252799977053, 29.99606500021857], [-95.6216819996736, 29.996883999642733], [-95.62067699956803, 29.99606299999421], [-95.61422400023358, 29.996575999827577], [-95.61373600033697, 29.998457000130312], [-95.61258800011625, 30.000044999719137], [-95.6099440004186, 30.002173000378125], [-95.60895900040451, 30.003550000262518], [-95.6093529996915, 30.00373100013872], [-95.60873199972548, 30.006657000096794], [-95.60805999970583, 30.006681999840808], [-95.6081500001175, 30.011241999625955], [-95.61136499955246, 30.011268000118257], [-95.61137600032144, 30.011982999706213], [-95.61413700019496, 30.012225000182497], [-95.614168999982, 30.012801999986973], [-95.60915199985004, 30.01277099978889], [-95.60916699991864, 30.01401600019953], [-95.60796799964433, 30.014026999831735], [-95.60797400039041, 30.014558999892728], [-95.60507299987651, 30.014624999639906], [-95.60506200000584, 30.01362899998761], [-95.60279499987675, 30.013467999794333], [-95.60276700028766, 30.01281900019183], [-95.6066079997115, 30.012735999804544], [-95.60657400027462, 30.008951000069747], [-95.60782000040464, 30.008943000210856], [-95.60810499991167, 30.004481000168823], [-95.60911800041318, 30.00267899981695], [-95.61315300000578, 29.998743000015782], [-95.61358099962796, 29.997901000165033], [-95.61261900007838, 29.997527999916034], [-95.61292799987488, 29.996644000081183], [-95.60642299976357, 29.996644000081183], [-95.6063609998393, 29.99737400034924], [-95.60551899994033, 29.998148000048594], [-95.60465600012499, 29.997732000136246], [-95.60461299956896, 29.99671599993281], [-95.600524000448, 29.99672799964363], [-95.60054199999134, 29.997226000368578], [-95.59934000024228, 29.997249999665552], [-95.59934000024228, 29.996729000138135], [-95.5933370002713, 29.9967819998805], [-95.59334800014197, 29.99735699983176], [-95.59081200039935, 29.997410000016785], [-95.59079800015564, 29.999104000166138], [-95.58824499979627, 29.999071999884787], [-95.58824200032154, 29.996745000268827], [-95.5875700003019, 29.99673899963665], [-95.58716000022308, 29.99792200018533], [-95.58657600006697, 29.997663000142996], [-95.5869019995819, 29.996746999701553], [-95.58384899963033, 29.996783000374485], [-95.58395699958537, 29.997758999985226], [-95.58536900029503, 29.999686000031243], [-95.58352899996319, 30.001366000185133], [-95.58494800034555, 30.003059999710217], [-95.58584399977288, 30.002667000047722], [-95.58640500036275, 30.003676000146786], [-95.58565399980206, 30.004041000371757], [-95.58614300042193, 30.004721999861797], [-95.58821700020718, 30.004710000339635], [-95.58821999968191, 30.00542000004034], [-95.58889099987664, 30.005415000339596], [-95.59157399993236, 30.010888000203547], [-95.59316900004183, 30.00990099973073], [-95.59330399976103, 30.012918999919524], [-95.59502600009209, 30.012880000216626], [-95.59502400044228, 30.012143999976292], [-95.59603399967241, 30.012122999854434], [-95.59604299989324, 30.012859999804586], [-95.59682200004299, 30.01285000037491], [-95.59680399960135, 30.01216300019388], [-95.59736099999327, 30.01215100001595], [-95.59738500028271, 30.01283699994803], [-95.59831599987012, 30.012805000206328], [-95.59828099971003, 30.012131000234756], [-95.59915100009638, 30.01211200001109], [-95.5991450002486, 30.010529999652302], [-95.60054100016644, 30.01049200014374], [-95.6005460001893, 30.012758000129516], [-95.60211799983422, 30.01272699991772], [-95.60213600027589, 30.013536999686952], [-95.59907900012637, 30.013604999985034], [-95.59907199955536, 30.012955999723204], [-95.59621899962033, 30.013019000324284], [-95.59623100021422, 30.014498999660145], [-95.59789999994352, 30.014484999911797], [-95.5979119996391, 30.015412000206293], [-95.59625200013062, 30.01543599977162], [-95.5962720002221, 30.016647999825494], [-95.59442500021756, 30.016681999691727], [-95.59517800042806, 30.017922999665668], [-95.59299499996453, 30.01806400026469], [-95.59383400038878, 30.019329000234887], [-95.59895000025493, 30.019344000343747], [-95.59895600010272, 30.01979899997356], [-95.59554900014882, 30.020146000006026], [-95.59904899998915, 30.025852000192028], [-95.60214299994858, 30.02574199982083], [-95.60285599997611, 30.026691999638523], [-95.60227600001798, 30.0271719997931], [-95.60424699987107, 30.029691999998175], [-95.60346299969842, 30.030266000358893], [-95.60431600036635, 30.031371999799468], [-95.60482199980633, 30.031641000357826], [-95.60886999981773, 30.028253999967948], [-95.61149900034508, 30.030922000367237], [-95.6116690002244, 30.031543999720277], [-95.6109930000068, 30.03169299997101], [-95.60880500041873, 30.02849500022805], [-95.60558000003971, 30.030863000075854], [-95.6053619995815, 30.03115399981466], [-95.60604500037013, 30.031995000355856], [-95.6041010002812, 30.033412000271753], [-95.60463400038367, 30.034392000015842], [-95.60400699967155, 30.03464999970032], [-95.60472600044518, 30.03456099980064], [-95.60601900043085, 30.035576999661835], [-95.60842700012695, 30.033663000098514], [-95.61030000007074, 30.036068999956978], [-95.60850499994476, 30.03687299980992], [-95.60875199981696, 30.038757999877777], [-95.61031699978918, 30.040666000262345], [-95.60748300012074, 30.042204000348082], [-95.61173199997359, 30.04716999988473], [-95.61541900030997, 30.054128000060228], [-95.62054400039696, 30.054058999653886], [-95.62042899987092, 30.045974999721704], [-95.65979900029734, 30.045087000108495], [-95.6204489999624, 30.046000999658702], [-95.62056299976523, 30.05408499980135], [-95.57855899968689, 30.05475099981738], [-95.5581139995905, 30.07327500006445], [-95.56026799974168, 30.07510100031251], [-95.55861800027895, 30.076582000275902], [-95.56434199969236, 30.08160599966458], [-95.55466700035196, 30.086753999629554], [-95.54968200000702, 30.091141999894734], [-95.54658899987251, 30.093442999864088], [-95.54551900036792, 30.093463999847277], [-95.5424079997917, 30.096220000047758], [-95.5439910002056, 30.09757600034517], [-95.54162500034231, 30.099391000136695], [-95.54215400024681, 30.09984399995026], [-95.54169200028944, 30.1002519999405], [-95.55366499972111, 30.11140900002165], [-95.55465599958298, 30.113584000067142], [-95.55571000009235, 30.11400499963629], [-95.55471199965946, 30.115527999613168], [-95.5542709996185, 30.123109000186126], [-95.55527099970122, 30.123385000004106], [-95.55523700026433, 30.124192999810973], [-95.55413500007438, 30.124277999979444], [-95.5540449996627, 30.12572200022638], [-95.55515600007347, 30.125774000136182], [-95.55507499988262, 30.12746700002078], [-95.55589400021537, 30.127507000382465], [-95.55782999990836, 30.129754999633732], [-95.55781499983975, 30.13139399977119], [-95.55132999981993, 30.131113000239846], [-95.55132599962198, 30.13024600025544], [-95.55350700043566, 30.13019899998671], [-95.55390900011858, 30.12428499986207], [-95.55281399960131, 30.12416000032921], [-95.55252999991917, 30.123216000381657], [-95.55334599987887, 30.122315000101526], [-95.55347700029844, 30.121095000379846], [-95.55411800035594, 30.121114999910844], [-95.55445200026679, 30.114303000332523], [-95.55349200036706, 30.11176199984931], [-95.54602399998298, 30.10511799991721], [-95.54466200040032, 30.103139000024203], [-95.53535899970728, 30.095157000098034], [-95.52525400019655, 30.085559000047574], [-95.51592600028745, 30.084640000019427], [-95.51651899976608, 30.08272900008562], [-95.51853099962705, 30.081648999627472], [-95.51576599955558, 30.079070000300177], [-95.51153500014438, 30.079084999914677], [-95.51152400027375, 30.07410999995447], [-95.50853300024646, 30.07412300011678], [-95.50850399993413, 30.074949000169447], [-95.50748999960771, 30.07494100019635], [-95.50735099969056, 30.070467999763576], [-95.50687799986254, 30.070467999763576], [-95.5068810002356, 30.072743000384676], [-95.50395899980528, 30.072764000098953], [-95.5039680000261, 30.07409300015828], [-95.5030669996776, 30.074186999635078], [-95.50306400020287, 30.07505599965008], [-95.50126400005401, 30.07505799983545], [-95.50039299984273, 30.07613599979381], [-95.50038100014716, 30.074229999713364], [-95.49931699959204, 30.074229999713364], [-95.49959799979943, 30.07559099998198], [-95.49674900006237, 30.075591999680583], [-95.49683399955286, 30.07333000030654], [-95.49866700021201, 30.073417999853024], [-95.49868899995333, 30.071057000231576], [-95.49994000010619, 30.07028599994211], [-95.49990099974812, 30.0739000000263], [-95.50092799959502, 30.073908999799116], [-95.50090000000593, 30.069707999998208], [-95.50410100009552, 30.067737999948143], [-95.50451000034943, 30.06806300032122], [-95.50585000019075, 30.06723499997441], [-95.49641400032661, 30.059673000006214], [-95.49269299965505, 30.05077100014807], [-95.4772920003531, 30.059320000028265], [-95.47697900035867, 30.054116000297295], [-95.47649800013473, 30.05279399975178], [-95.47494499985805, 30.05031299976552], [-95.47402000011843, 30.05082099993261], [-95.47283300043799, 30.049161000281522], [-95.46771000000079, 30.051698000119384], [-95.46767400001578, 30.05322999965543], [-95.46855000024993, 30.054661000182012], [-95.46769900013015, 30.054764000189888], [-95.46729099970115, 30.05282699973135], [-95.46288000036489, 30.053447000131424], [-95.46221500001795, 30.052570999813415], [-95.46907699960632, 30.05102600010702], [-95.4929010000675, 30.037880000137875], [-95.48989900016959, 30.03363999962339], [-95.48956699990856, 30.03175799983799], [-95.48495300018273, 30.025299000385065], [-95.49093299968916, 30.023051000182342], [-95.49152400041625, 30.02415899967044], [-95.48954699981705, 30.025317999637775], [-95.48963999970348, 30.025744999648698], [-95.48938799980841, 30.02539600013406], [-95.48708899989226, 30.026751000079354], [-95.48601799966443, 30.025230000120946], [-95.48515499984909, 30.025393000295566], [-95.4897309999401, 30.031677000033095], [-95.49056399961822, 30.033271999850527], [-95.4900620003762, 30.033548000002746], [-95.49281999987664, 30.03735699999226], [-95.4942240001904, 30.036588000309475], [-95.49390399962495, 30.036144000256883], [-95.49705700003395, 30.03427100007106], [-95.49766100028152, 30.035379000134053], [-95.49542099991662, 30.03659099980916], [-95.49595999986687, 30.037339000021323], [-95.49514399990717, 30.038040000273373], [-95.4940069995571, 30.038636999820532], [-95.49346599995702, 30.03786100018239], [-95.49223999991852, 30.03854799961337], [-95.49279599958722, 30.039308999896242], [-95.49047800030282, 30.04058199980568], [-95.48990699966718, 30.039827000327183], [-95.4768760004265, 30.046928999940683], [-95.47725899984283, 30.047452000100762], [-95.47437499994567, 30.049035999844172], [-95.47700299974979, 30.053404000354327], [-95.47721899965985, 30.05736700038272], [-95.47843100035298, 30.05749400017483], [-95.47878899965495, 30.058163000210783], [-95.49332799986476, 30.049988000214324], [-95.49317899990186, 30.049557999803234], [-95.49255200008805, 30.049917000117823], [-95.49076399963475, 30.045534999752416], [-95.49338599959108, 30.044630999903724], [-95.49530000044109, 30.047285999706837], [-95.49482400024002, 30.047544000030644], [-95.4957230000404, 30.048797999682613], [-95.49939500030817, 30.046766000194662], [-95.49996000019767, 30.047561999702673], [-95.49669200016096, 30.04936699996755], [-95.49722199989039, 30.050103999846357], [-95.49536599966503, 30.05114300002392], [-95.49588899972176, 30.05185699977112], [-95.49498300024868, 30.052361999994176], [-95.4955830002983, 30.05262599989717], [-95.49413700015177, 30.05342199973891], [-95.49656400011445, 30.059265999638725], [-95.50896900026454, 30.069685000118927], [-95.50966999969819, 30.069129000024162], [-95.51095000016338, 30.070339999761785], [-95.51209599983595, 30.07042000007382], [-95.51511799982538, 30.07333799963255], [-95.51591399969358, 30.072652000275742], [-95.51711499961775, 30.072647999807703], [-95.51695200030943, 30.074077000073014], [-95.5189840002619, 30.074063000190677], [-95.51897900023901, 30.072991000094483], [-95.52119199994146, 30.07233999982207], [-95.52157600008101, 30.074046000386353], [-95.52275899956352, 30.07403800034024], [-95.52271199970784, 30.07300099967475], [-95.52600800023197, 30.072993000321556], [-95.52601999992753, 30.073793000072857], [-95.53311599986762, 30.073090000015043], [-95.54973399988558, 30.072878000024787], [-95.55336599997037, 30.07347000007822], [-95.55631699981467, 30.07484399998535], [-95.5767140002305, 30.056511999807462], [-95.5749760000059, 30.05552299972208], [-95.5671750004342, 30.06347899970121], [-95.56593099995403, 30.06242900020357], [-95.56847000006971, 30.0598320000697], [-95.5675129996447, 30.059050000118454], [-95.5667319998451, 30.05587199965131], [-95.56788300043885, 30.054182000141914], [-95.56659700012588, 30.05283400000838], [-95.56784200043097, 30.052235999774677], [-95.56935499962637, 30.053857999987674], [-95.57094499971294, 30.054604999762926], [-95.57694799968391, 30.050969000017663], [-95.57752099996935, 30.051228999967737], [-95.57777399968934, 30.050642000385324], [-95.58037800010234, 30.051811000264912], [-95.58276700043017, 30.050836999889434], [-95.58613900022397, 30.05036800032572], [-95.58852900037672, 30.054535999688888], [-95.6153869996246, 30.054128999975614], [-95.61252899966671, 30.04873000019786], [-95.6094930003319, 30.050875000262458], [-95.60909400012372, 30.050404000195165], [-95.60982100039496, 30.049673999938904], [-95.60904600044314, 30.049072000197814], [-95.61044400001079, 30.048144999752203], [-95.60866599960323, 30.0457079999735], [-95.60930599983583, 30.045253000299603], [-95.6060510002179, 30.04187100031698], [-95.60505100013519, 30.042561000034972], [-95.60462099996488, 30.04225299975612], [-95.60294700021271, 30.03949600020949], [-95.60351799995001, 30.03925699961331], [-95.60283300040989, 30.037973999782228], [-95.60247199983655, 30.03828899989258], [-95.60171500032641, 30.037417999696405], [-95.59635199968972, 30.036679000127208], [-95.60371100029387, 30.03631300016459], [-95.60266799965514, 30.034511999699404], [-95.59893400036141, 30.034595999858116], [-95.5989050000491, 30.033622999877462], [-95.60035200002055, 30.03257599997598], [-95.60142300024836, 30.03255900004755], [-95.60102999988797, 30.03150099976808], [-95.58993699999012, 30.013198000159157], [-95.58577199980284, 30.01448699976484], [-95.58596599997162, 30.02604300024973], [-95.58846200042957, 30.03690200007061], [-95.58654400027991, 30.03694800027893], [-95.58587700028315, 30.034394000245026], [-95.58754400036264, 30.034374999621143], [-95.585810000336, 30.026193999831282], [-95.58545399978554, 30.014567999613334], [-95.57974999956531, 30.014863000202062], [-95.57806300029266, 30.015458000275533], [-95.57682999968313, 30.016223000125294], [-95.57081699966643, 30.02276700005789], [-95.56938899996155, 30.02366100036131], [-95.5707360003739, 30.024694999892628], [-95.56747900020783, 30.024789999809624], [-95.55740700030907, 30.030541000173674], [-95.55806099988705, 30.031101999918675], [-95.55665200044872, 30.03285700038406], [-95.55724699957717, 30.033164000190357], [-95.55687199965845, 30.033857000241706], [-95.55965199979855, 30.035442999812613], [-95.56001400019679, 30.035168999707754], [-95.56179199970605, 30.03668000021871], [-95.56129100028892, 30.0370880001731], [-95.55914299998551, 30.03527600018797], [-95.55784300032715, 30.03627900003143], [-95.55673100009146, 30.035843000172147], [-95.55592600000242, 30.036249000270274], [-95.55338400041201, 30.03833899975633], [-95.55160299963141, 30.03786699988222], [-95.55070499965596, 30.038455999883148], [-95.54992300003146, 30.03740600024204], [-95.55191099960298, 30.036268999852847], [-95.55246999964474, 30.037037999678134], [-95.55156199962353, 30.037553000068364], [-95.55334699970379, 30.03817900010365], [-95.55614699993536, 30.035953000221244], [-95.55499399969179, 30.03535600005725], [-95.5537069995539, 30.036334999924314], [-95.55310200037971, 30.03557799976451], [-95.55343299991752, 30.035170999921267], [-95.55137199965273, 30.032429999900607], [-95.55632500021058, 30.029686999965534], [-95.55700700027597, 30.030588000376742], [-95.55764499996043, 30.03007100002789], [-95.55700700027597, 30.029217999825757], [-95.55797499967332, 30.028669000041848], [-95.55861200043117, 30.029504999849767], [-95.56193200034645, 30.027623000100256], [-95.56141699978731, 30.02691599968881], [-95.56312200039994, 30.025946000356022], [-95.56364999958123, 30.02667699986361], [-95.56711799963449, 30.024759000247858], [-95.56467800015133, 30.021257000031614], [-95.56588400009836, 30.0205859999262], [-95.5684840003134, 30.02405800016898], [-95.56885400020926, 30.023847999867307], [-95.56839800009968, 30.023011000345473], [-95.56920800021157, 30.02357700026878], [-95.5704700002351, 30.02276199967597], [-95.5667319998451, 30.016496000189488], [-95.5659369998018, 30.016862999721347], [-95.56571699969379, 30.01646700018132], [-95.56701100040267, 30.016059999654548], [-95.56382299983359, 30.01045799971129], [-95.56519700001012, 30.01044200023589], [-95.56536199986654, 30.011657000117733], [-95.5645919999376, 30.011719999988102], [-95.569998000232, 30.02121499975371], [-95.5707079998865, 30.020930000342307], [-95.57071799993223, 30.021473000291046], [-95.57176700041872, 30.02146300017419], [-95.57807499998823, 30.014855000042125], [-95.58487700020045, 30.014466000139056], [-95.58956600026934, 30.013031999949447], [-95.58401900040798, 30.00348299972176], [-95.58197200038687, 30.003660000355584], [-95.5820090001968, 30.004713000025852], [-95.58096100043352, 30.00474000030926], [-95.58093100029629, 30.00661800026568], [-95.5800380003437, 30.006632000346432], [-95.57994499955898, 30.003696999722976], [-95.57901200032174, 30.003718999718764], [-95.57823599964671, 29.99937100019116], [-95.58047900038467, 29.999172999935475], [-95.57991399959683, 29.99847200028348], [-95.57851100000632, 29.998594000044978], [-95.57844400005916, 29.9979229998898], [-95.57919700026967, 29.9976079998998], [-95.57507100044047, 29.997867999790753], [-95.57508300013603, 29.996721000071794], [-95.57016800011131, 29.996776000028525], [-95.56764999991204, 29.997310999927095], [-95.56745499991837, 29.996143000380822], [-95.56845300035125, 29.99356500023641], [-95.56775700004215, 29.992362999770105], [-95.57019999989836, 29.991752000303332], [-95.57031200005137, 29.99029300018276], [-95.56769900031584, 29.990768999987562], [-95.56627900010858, 29.989807000234006], [-95.56581999962594, 29.98875000038762], [-95.56639499956123, 29.988079999625644], [-95.5680959999759, 29.988153000045422], [-95.56842999988673, 29.987530000301053], [-95.5706600002059, 29.987368999775157], [-95.57093300001739, 29.98852499993341], [-95.57149100023422, 29.98830299992953], [-95.56835399971874, 29.983411999803845], [-95.56812699993803, 29.983891000232862], [-95.5647679996647, 29.983807999770097], [-95.5647889995811, 29.984984999792967], [-95.56302500031556, 29.98541799966794], [-95.56222799972413, 29.98531900006788], [-95.56222699989921, 29.983755999951054], [-95.55650400031074, 29.987822000163398], [-95.55666099977125, 29.990007000068733], [-95.55462200014611, 29.990049000333013], [-95.55459500038192, 29.989127999909474], [-95.55106399968116, 29.9918769998406], [-95.5507980004407, 29.991509999687473], [-95.5482869999141, 29.99307399964506], [-95.5414579999377, 29.995370000335857], [-95.54430500002495, 29.999096999983887], [-95.54587599984495, 30.003050000070637], [-95.54827000019567, 30.006239999672232], [-95.548876999918, 30.005938999811967], [-95.54944900037853, 30.00670500034653], [-95.55900700044138, 30.001523000341614], [-95.55848100001162, 30.000788000317637], [-95.5590579995967, 30.00026600023339], [-95.55856600040042, 29.999893999999966], [-95.56070700013284, 29.998722000169195], [-95.5607959998213, 29.99908499978151], [-95.56150100035121, 29.99895700012547], [-95.56150300000103, 29.99851600025301], [-95.5627399999102, 29.99781199995559], [-95.56393400016168, 29.998921999935526], [-95.56764999991204, 29.997310999927095], [-95.56789199976137, 29.998333000021745], [-95.56471900015922, 29.999686999717962], [-95.56446499971601, 30.000625000156923], [-95.5634229998005, 30.000634000363707], [-95.55948500029227, 30.002823999701675], [-95.558762000219, 30.001922999850652], [-95.55773100017416, 30.002503999861666], [-95.55762099967099, 30.00408999997362], [-95.556382000112, 30.004135999847787], [-95.55648500004416, 30.00315000031058], [-95.55530000001353, 30.00369400000606], [-95.55506900003485, 30.005807000383793], [-95.56043299959812, 30.006187000313552], [-95.55981900020312, 30.005650000004316], [-95.56038499991755, 30.005403999752424], [-95.56084799969982, 30.006386000195644], [-95.5548820004371, 30.00591500028258], [-95.55384100034651, 30.004498000243824], [-95.55264799991996, 30.0051449997894], [-95.55338500023693, 30.006191999975393], [-95.55286700020307, 30.006486999803283], [-95.55212700041136, 30.005443000060698], [-95.55133499984281, 30.005876000159848], [-95.55210300012192, 30.006924000024622], [-95.55022400033033, 30.00800699981938], [-95.54937400003544, 30.006853999807138], [-95.54891100025318, 30.007110999974547], [-95.55024100004877, 30.00892099981761], [-95.54905900039118, 30.009585000060664], [-95.54998400013083, 30.01083999964405], [-95.54879900010017, 30.011499999661634], [-95.54659999974314, 30.008520999737968], [-95.54307099959051, 30.01047000009402], [-95.54374900035626, 30.011380999695437], [-95.54225499963083, 30.012158000055074], [-95.5418360002295, 30.011188999828004], [-95.54124000037783, 30.011504999833605], [-95.54072099962073, 30.01280700009326], [-95.5375780001558, 30.01454199998607], [-95.53697100043348, 30.013707999890205], [-95.53380899980367, 30.015453999830747], [-95.53438399973894, 30.016252000204805], [-95.53295799968387, 30.017044999710276], [-95.53319000038577, 30.017488000244768], [-95.53281799994178, 30.017696000227385], [-95.5324940000767, 30.017192999685808], [-95.52831399982082, 30.019467999860026], [-95.52902600002344, 30.020440000080786], [-95.52797200041238, 30.02102499997786], [-95.52907600025215, 30.022165000171803], [-95.52771100029645, 30.022926000249733], [-95.52900500010703, 30.023728999939674], [-95.53043500036006, 30.022772999893707], [-95.53086499963204, 30.023966000210116], [-95.52909799999345, 30.02548499970805], [-95.53286899999542, 30.03044100032929], [-95.53366999988648, 30.03004899965537], [-95.5343539996017, 30.030593999739203], [-95.53302299998121, 30.031247999617175], [-95.52761000001412, 30.024301000174027], [-95.52361899990413, 30.0210970000258], [-95.52831100034606, 30.01835899978828], [-95.52663900024372, 30.01605799983321], [-95.52992300017398, 30.014211999756935], [-95.53029499971966, 30.014719999870707], [-95.53174000004128, 30.01391799988663], [-95.53256799969654, 30.015064999943494], [-95.53625699968273, 30.013004000036613], [-95.53544099972305, 30.011882999812748], [-95.53713700011484, 30.010910999734186], [-95.53405499985097, 30.00651000035422], [-95.53349599980922, 30.003838999963456], [-95.53026700013055, 30.003215999869212], [-95.52382200029372, 30.006756000197537], [-95.5175339999174, 30.009295999983326], [-95.51784000023915, 30.009737999760755], [-95.51538399996416, 30.011112999745432], [-95.51691700014935, 30.01329300020103], [-95.51940000018851, 30.011911000042012], [-95.52020399955431, 30.012983999649588], [-95.51848899979426, 30.013938000085382], [-95.51796200043788, 30.013251999989453], [-95.51723199979361, 30.013656999724002], [-95.51853700037316, 30.015407999759653], [-95.51893099966013, 30.015200999953546], [-95.51924000035493, 30.015604999981747], [-95.51858400022881, 30.015984999715407], [-95.51415799992564, 30.009866999873605], [-95.51567199984424, 30.009021000363422], [-95.51620999996959, 30.00968499993707], [-95.52329800041208, 30.006693999902403], [-95.52745600002834, 30.00447999975246], [-95.52697700035252, 30.00380800007623], [-95.52861099992174, 30.00291999999702], [-95.5290799995518, 30.003592000241742], [-95.53199500030942, 30.0016139996695], [-95.5316220000405, 30.00102300004943], [-95.53225600042532, 30.000700000039817], [-95.52974599972364, 29.996894999618412], [-95.52706600004099, 29.994572000040193], [-95.52434399962722, 29.991065000310616], [-95.52388199966985, 29.990689999715375], [-95.52297600019679, 29.99119200025752], [-95.52148499984442, 29.989135000016674], [-95.52471500024629, 29.991243000300734], [-95.52735700029413, 29.994688999686417], [-95.5299750000525, 29.99693299966663], [-95.53275299964446, 30.00105800027634], [-95.53740400007852, 29.997108999822967], [-95.54264600034139, 29.994629999622738], [-95.54222600021681, 29.993226999907588], [-95.54315699980424, 29.993226999907588], [-95.54441700017796, 29.99405800022], [-95.54931100028625, 29.9922879998114], [-95.54938200043138, 29.99120200031379], [-95.54838700037155, 29.991343999759806], [-95.54792100021622, 29.990935000098673], [-95.54784699969805, 29.990207000278613], [-95.54855399987781, 29.989730000326368], [-95.54785900029194, 29.9885599998992], [-95.54733399968708, 29.98793800017949], [-95.54603599967854, 29.987909000382665], [-95.54568000002638, 29.987107999803296], [-95.54277100001485, 29.988419999961902], [-95.54226600039979, 29.989113999693483], [-95.54114599976819, 29.989270999779432], [-95.54061100001589, 29.99007299980913], [-95.54028600032588, 29.98964099979292], [-95.54114400011836, 29.98881600018551], [-95.53858699956103, 29.985237999685065], [-95.5406260000845, 29.98415499963118], [-95.536831999618, 29.979552000332305], [-95.53739700040585, 29.97923499984743], [-95.53572600012839, 29.976117999928142], [-95.53077299957053, 29.970133000335302], [-95.52927500044377, 29.97087899981849], [-95.5302620001077, 29.97224100009642], [-95.52745400037851, 29.97411099981244], [-95.52626599997483, 29.97471200028191], [-95.52521700038663, 29.97324699987131], [-95.51389199978688, 29.97999299963336], [-95.51467299958647, 29.981059999623852], [-95.51244099961745, 29.982305000274454], [-95.51185800018457, 29.981648000222354], [-95.50904200005947, 29.98319500008195], [-95.50849200023858, 29.982463000093432], [-95.50802100006038, 29.98272399982494], [-95.50852300020071, 29.98375500010391], [-95.50605299968201, 29.985091000118388], [-95.51026600044817, 29.990573000024], [-95.51244599964032, 29.989037000026425], [-95.51453200001946, 29.991809000211465], [-95.51508600003832, 29.991501999978553], [-95.51641900020697, 29.993332999991846], [-95.51571500040026, 29.993751999686783], [-95.51246599973182, 29.989276000293504], [-95.51026600044817, 29.99074199979329], [-95.51169900017592, 29.99273099963864], [-95.51257100021212, 29.99549799994999], [-95.51162700020589, 29.996003000245437], [-95.50827499960528, 29.991372000338853], [-95.51002399970051, 29.990410000204125], [-95.50975699973684, 29.990039000160547], [-95.50605900042811, 29.985295000220706], [-95.50483199966637, 29.985975999953215], [-95.50400499983603, 29.985503999829813], [-95.50307099987556, 29.98599600033752], [-95.50363999996304, 29.986787000050835], [-95.50223399999948, 29.987551000181206], [-95.5013619999633, 29.986318999955692], [-95.50088999996018, 29.986582999901497], [-95.50276799992686, 29.98917299992338], [-95.50105099961866, 29.99014199963222], [-95.5007710001345, 29.989741000316833], [-95.49684100012388, 29.991427000147333], [-95.49553899991737, 29.989603000065316], [-95.49786200012298, 29.9883199996635], [-95.49819799968365, 29.988786000070647], [-95.49896400031294, 29.98834999991916], [-95.4986379998997, 29.98788900038377], [-95.49913300036734, 29.987616999998114], [-95.49894000002348, 29.98733999981215], [-95.4914280001568, 29.991471000127774], [-95.49285900023472, 29.99373100034019], [-95.49223999991852, 29.994086999776695], [-95.49064399998414, 29.99189500028386], [-95.48699600000583, 29.994140000151788], [-95.48868599965155, 29.996509999742905], [-95.48288100004729, 30.00013799976665], [-95.48406500025301, 30.002265000326545], [-95.4819179997745, 30.004105999695486], [-95.47855000017867, 30.000034999775735], [-95.47313300001363, 30.00308300027768], [-95.47416800025643, 30.0039190003053], [-95.47696900031292, 30.004758999611123], [-95.47848599970625, 30.006241999691515], [-95.47885700032533, 30.00822100017565], [-95.47799199996184, 30.012127999994956], [-95.47933299962807, 30.014652999872986], [-95.48046999997814, 30.01540599992516], [-95.4834459999368, 30.016000999852363], [-95.48330899966946, 30.016517000163297], [-95.48467399962514, 30.016658999943626], [-95.48477300025768, 30.01740400036746], [-95.48299900004807, 30.016993999704336], [-95.48332200008825, 30.016086999960983], [-95.47974000023218, 30.015172000344577], [-95.47817000023709, 30.01327799995481], [-95.47782899975522, 30.01180200010514], [-95.47868700044602, 30.007452999682524], [-95.47822999961322, 30.00619399999564], [-95.4770939999864, 30.005034000153987], [-95.47387500035347, 30.0039760002275], [-95.47298200040089, 30.003162000021412], [-95.47131199994837, 30.004105000053293], [-95.47078800006672, 30.00336699997894], [-95.46712400019489, 30.005441000025307], [-95.4679429996293, 30.00667799981994], [-95.46484199999715, 30.008235999630777], [-95.47730700042172, 30.025537999643568], [-95.47756900036254, 30.025167000277445], [-95.47807099960457, 30.02582900023765], [-95.47857799976775, 30.025514999616327], [-95.479116999718, 30.027087000153795], [-95.48123999990709, 30.02930199980497], [-95.4818469996294, 30.028242000181745], [-95.48267600000787, 30.028540000276216], [-95.48212799983678, 30.02916400013485], [-95.4817760003826, 30.02875399988009], [-95.48122200036373, 30.029552999929802], [-95.48166199968145, 30.030109999969255], [-95.48079200019342, 30.030808999725718], [-95.47823800000913, 30.02861299970604], [-95.47878299980718, 30.028309999728876], [-95.47480299956786, 30.02253100026686], [-95.46993500029711, 30.01575700020547], [-95.46933299969935, 30.016075999779392], [-95.46598900039297, 30.011448000347624], [-95.46381199977722, 30.01264499978749], [-95.46222800043674, 30.01046699980398], [-95.46053700006782, 30.01134099981853], [-95.45929299958765, 30.009598999722716], [-95.45743200023772, 30.010554999976115], [-95.4580079999979, 30.01134999983111], [-95.45669599974565, 30.012067999847538], [-95.457522999576, 30.01299000007724], [-95.45695500021174, 30.013302000036507], [-95.4556930001882, 30.011571000057245], [-95.45381199984848, 30.012641000007047], [-95.45471700039495, 30.01387599961178], [-95.45417599989656, 30.014180999999574], [-95.45391300013083, 30.013873999746412], [-95.45131000044105, 30.015318000167614], [-95.45150500043474, 30.015706000315035], [-95.45304100009464, 30.01486199989039], [-95.45379000010719, 30.015889999918475], [-95.45185799971384, 30.016668000251514], [-95.45028199987094, 30.01449399963916], [-95.44833600013222, 30.015614999911495], [-95.44898100038768, 30.01652399989434], [-95.44625599960087, 30.018028000312817], [-95.44520100016489, 30.01656899993121], [-95.44188700009741, 30.01752399961478], [-95.44639399969311, 30.023163000106308], [-95.4453850002879, 30.02374500038271], [-95.44607900004885, 30.02467500030784], [-95.44439199987788, 30.025621999630133], [-95.44038499987437, 30.02007200030496], [-95.44085299967952, 30.019848999831204], [-95.43969199993832, 30.01822800005279], [-95.43935100035479, 30.018330000324877], [-95.44067299975447, 30.019842999818536], [-95.43874499955908, 30.020909999998068], [-95.44091700015194, 30.023868999839735], [-95.43329999980493, 30.028461999920463], [-95.43394099986244, 30.029950999633524], [-95.43585599963903, 30.02929600036437], [-95.43577799982123, 30.032040000370486], [-95.43775000039756, 30.031917999747684], [-95.44056300014961, 30.030588999752073], [-95.44150100030802, 30.031599999955617], [-95.44364000039062, 30.031899000204564], [-95.4446670002375, 30.033324000163358], [-95.44712900036028, 30.032468999691403], [-95.45037499975737, 30.03696699963185], [-95.44872199992157, 30.036586000124576], [-95.44877899982299, 30.035967000049066], [-95.44830599999499, 30.03566199979728], [-95.44629199958588, 30.036650999893084], [-95.44396500008062, 30.03680199964541], [-95.44158699962344, 30.035347999995437], [-95.44131399981197, 30.034343999946174], [-95.43998200036654, 30.034632000015442], [-95.4394710000054, 30.03376899975079], [-95.43842700044007, 30.03464100024711], [-95.4371980000285, 30.034192000220273], [-95.43623399993082, 30.034911999928372], [-95.43476799969277, 30.03388599982961], [-95.43357199979148, 30.035511999966555], [-95.4328479998933, 30.03527899972731], [-95.43194400007006, 30.03571300031014], [-95.43106299981305, 30.03443600038329], [-95.4297480000861, 30.035204999656866], [-95.42972899981952, 30.023681000150646], [-95.42937900001515, 30.021986999650032], [-95.43013100040072, 30.021954999749546], [-95.43006199990545, 30.021350999885463], [-95.42797100040175, 30.021980000304616], [-95.4284960001083, 30.023738000383663], [-95.42854799998685, 30.036227999809864], [-95.42911299987637, 30.040727000262358], [-95.4306500002595, 30.040549999687034], [-95.43123400041561, 30.041599000185034], [-95.43032800004424, 30.042057999682946], [-95.43092700026894, 30.044998000252107], [-95.43139099987611, 30.044577000057703], [-95.43268700023484, 30.046253000249987], [-95.43405499966526, 30.045603999876846], [-95.43537600013833, 30.04754500001252], [-95.43135200041637, 30.047629000008232], [-95.4316150001821, 30.049284999819253], [-95.43568999995769, 30.049249000320597], [-95.43717299991414, 30.050400000383146], [-95.43840599962536, 30.051904999909265], [-95.43618399970208, 30.05281100009606], [-95.44014600039809, 30.05830400031794], [-95.434064999711, 30.0614719997254], [-95.43456100000354, 30.064361000343467], [-95.43782800021536, 30.062951000310818], [-95.43888400037457, 30.064403000215023], [-95.4376769997043, 30.06504299964434], [-95.43496699988441, 30.06538999984123], [-95.43527999987884, 30.067202999915875], [-95.43730400033373, 30.066479999989898], [-95.43747599986285, 30.065757000224576], [-95.43931399964656, 30.064797999653194], [-95.4396829997175, 30.065298000165154], [-95.43880599965844, 30.065789999770853], [-95.43902599976647, 30.06609000001773], [-95.44359400035987, 30.063554000238714], [-95.44681800001565, 30.063211999720927], [-95.45078999985907, 30.06111999978708], [-95.4516090001918, 30.0622100003085], [-95.45033999959726, 30.062934000152612], [-95.44957999971408, 30.061951000261686], [-95.44795500036571, 30.062821000261515], [-95.44827500003285, 30.063320000053025], [-95.44747999998954, 30.063754999657558], [-95.44993799991437, 30.067263000114313], [-95.45750300038283, 30.065417999725632], [-95.45841999972653, 30.066689000327354], [-95.45709199958077, 30.067166000151143], [-95.45733699980316, 30.06749499996936], [-95.45567899994452, 30.067887000177503], [-95.45449399991386, 30.066324999666712], [-95.45003300034892, 30.067505999885295], [-95.45175200030694, 30.06976200013329], [-95.45317099979098, 30.06900600022587], [-95.45364699999205, 30.069704999946673], [-95.45487399985547, 30.06905600013069], [-95.45581200001389, 30.07036099998597], [-95.45828300035751, 30.07041799979474], [-95.45829900025103, 30.07135100005763], [-95.45645200024649, 30.071362000322384], [-95.45644499967547, 30.07070599992207], [-95.45205199988258, 30.07058500002736], [-95.45249899977134, 30.071200000115923], [-95.45024599988594, 30.07161700011004], [-95.44977399988282, 30.070382000205765], [-95.44783499981679, 30.070323999847087], [-95.44809400028288, 30.07074299991818], [-95.44738799992804, 30.070945999776647], [-95.44603399984301, 30.069400000190726], [-95.44978700030163, 30.0673179998108], [-95.4469140002751, 30.06336700025431], [-95.44346200011539, 30.0637470003344], [-95.43775000039756, 30.06700000015382], [-95.43949500029483, 30.06939000024651], [-95.43449700042945, 30.070124000306432], [-95.43426300007772, 30.068816000357025], [-95.43325200012436, 30.06894399999777], [-95.432678000014, 30.06816099995638], [-95.43205399967493, 30.06821900002793], [-95.42538799990515, 30.07179299983932], [-95.42942800041895, 30.077419000379273], [-95.42712399958161, 30.078306999963445], [-95.42293199963017, 30.072272000180696], [-95.42905299960191, 30.068561000348456], [-95.42592900040354, 30.064075000040717], [-95.43072899990221, 30.063499000005592], [-95.42980699963732, 30.058362999817934], [-95.43095800023107, 30.05773099977372], [-95.42989100020122, 30.05625799987368], [-95.43178800043448, 30.055254000247178], [-95.43122600001968, 30.053291999617763], [-95.43014999976899, 30.05203500029608], [-95.42757499966831, 30.052042999787922], [-95.4274259997054, 30.049922999865107], [-95.42801800025742, 30.049819000306208], [-95.42798800012018, 30.048760000067805], [-95.42697299996888, 30.04733199975951], [-95.42794299991434, 30.04607900020646], [-95.42849000026052, 30.04640600012951], [-95.43004099998905, 30.045479999618845], [-95.42851299982675, 30.03619800003325], [-95.42858399997186, 30.029623999843608], [-95.42617899975049, 30.029761000267445], [-95.42622999980411, 30.025132000001467], [-95.4205199997361, 30.025791000368944], [-95.42054800022352, 30.02495400013983], [-95.41921800042793, 30.025185000125703], [-95.41920599983405, 30.024807999726338], [-95.4193089997662, 30.020444999801985], [-95.41971499964707, 30.02038999974331], [-95.41982900034822, 30.020979999629677], [-95.42292599978236, 30.021002999931145], [-95.42275699972798, 30.020060999787592], [-95.42407999985086, 30.0197460000814], [-95.42458799983898, 30.022356999790844], [-95.42574100008258, 30.021957999692066], [-95.42515100007869, 30.01638300021704], [-95.4278550000508, 30.0160549997122], [-95.42685800034113, 30.00878099981763], [-95.42536299979079, 30.008784999753704], [-95.42479200005349, 30.00484799981367], [-95.42212200041658, 30.00494399970661], [-95.42174499994971, 30.00304599990339], [-95.42113999987721, 30.002321999643026], [-95.41568699972716, 30.000784999734808], [-95.41671799977199, 29.99769500010072], [-95.4125280003687, 29.99677200038631], [-95.41233599984977, 29.99730800001713], [-95.41140500026235, 29.997310000216448], [-95.41140699991217, 29.99675499976574], [-95.40851600034232, 29.996789999941942], [-95.40853399988566, 29.997334999981465], [-95.40696600043869, 29.997332000072287], [-95.40692600025572, 29.996509999742905], [-95.40768199994096, 29.99650800030546], [-95.4079659996231, 29.994333999815595], [-95.40372199979312, 29.994390999797105], [-95.4036029999674, 29.995972999968444], [-95.40204999969075, 29.9958000000873], [-95.40210400011743, 29.998477000334073], [-95.39987299997334, 29.99848599995762], [-95.39857199959175, 29.995686999880753], [-95.39720699963607, 29.99590200008068], [-95.39916699961852, 30.003998000161378], [-95.40345599965431, 30.008811999706868], [-95.40452000020944, 30.01421499993368], [-95.40288099971906, 30.01516400020955], [-95.40221299989737, 30.01259399985253], [-95.40100600012543, 30.013265999911773], [-95.40069999980368, 30.01030599992357], [-95.40319899973638, 30.008811999706868], [-95.39889299998212, 30.003795999665584], [-95.39849499959887, 30.00403999995097], [-95.40095000004894, 30.014103000015133], [-95.40047399984788, 30.01432900035982], [-95.4001590002036, 30.013068999710978], [-95.398785999852, 30.013377999997623], [-95.39747299977485, 30.013963000328065], [-95.3986800004451, 30.015313999717105], [-95.39695399991606, 30.01626500018408], [-95.3965460003854, 30.015709999971868], [-95.39471000025151, 30.016718999647306], [-95.39498999973567, 30.01709500017869], [-95.3940120002926, 30.017633999769625], [-95.39551699999036, 30.019688999886842], [-95.39398899982807, 30.020241999872287], [-95.39349099988569, 30.019487000230118], [-95.3924489999702, 30.019898000180596], [-95.39286200042207, 30.020490999870052], [-95.38760099989263, 30.02129699979828], [-95.39300100033923, 30.020704999737138], [-95.39491000026806, 30.02339199992512], [-95.39510299971359, 30.0245110002939], [-95.39603500002421, 30.02348199996727], [-95.39513500039894, 30.02141500006594], [-95.39723500012346, 30.02205500037646], [-95.39786899960997, 30.021919999895207], [-95.39767799981425, 30.021298000045043], [-95.39828299988676, 30.021646999984977], [-95.39894099966268, 30.023945999700487], [-95.39621099975132, 30.024955999781692], [-95.39705100000046, 30.026126999808408], [-95.39608500025295, 30.0266510003002], [-95.3917319997447, 30.024730000322943], [-95.38984000043264, 30.025768999824283], [-95.38785399961262, 30.023011000345473], [-95.3870219997594, 30.02346600025959], [-95.38528899955767, 30.022875000157256], [-95.38559800025247, 30.02234099990163], [-95.38489199989763, 30.02203100007967], [-95.38547799970355, 30.02158599990802], [-95.3806439998697, 30.02060800006542], [-95.38174600005966, 30.022231999761075], [-95.38083700021355, 30.022774000125573], [-95.38153799964721, 30.025450000322078], [-95.38100399971981, 30.029910000087646], [-95.3825789997378, 30.040218000373674], [-95.38318200016046, 30.04000299980319], [-95.38417999969504, 30.041252999864312], [-95.38538099961919, 30.0417569996779], [-95.38356899977475, 30.042832999858675], [-95.38412299979362, 30.04374900002798], [-95.38475999965317, 30.04340700031205], [-95.38442800029047, 30.043959000155255], [-95.38507000017289, 30.045020999645985], [-95.3882679998894, 30.04320900010059], [-95.38742500016554, 30.04466700030318], [-95.38738900018052, 30.045883999888346], [-95.38818699969855, 30.046575999632086], [-95.38774900003064, 30.046819999625008], [-95.38980100007458, 30.0500580003035], [-95.3892189995683, 30.050374999998976], [-95.38971700040901, 30.0510489996563], [-95.38888300000764, 30.051464999845862], [-95.39021399962814, 30.053797000298466], [-95.39169300028496, 30.055119999799604], [-95.39376899972002, 30.05404999963108], [-95.39527199976798, 30.05409599965238], [-95.39438700021131, 30.05460200003111], [-95.3951189996071, 30.0553830002224], [-95.39362800015304, 30.05619800000237], [-95.39474899971125, 30.056757000090442], [-95.39722599990264, 30.055330999824662], [-95.40330000001873, 30.06346400005335], [-95.40235299963946, 30.064011000202328], [-95.40033499993069, 30.06125300004564], [-95.39981900044499, 30.06153399996922], [-95.39707299974178, 30.059624999746184], [-95.39566599995328, 30.061223999916763], [-95.3970329995588, 30.06310199962155], [-95.39793999975508, 30.06259099999526], [-95.39879599989773, 30.063117999926313], [-95.40099500025477, 30.06476799997753], [-95.39997300043076, 30.065307999745375], [-95.40091700043699, 30.065780000239336], [-95.40198699994158, 30.06611799970411], [-95.40430099992633, 30.064828999904506], [-95.40534100019201, 30.066252000037277], [-95.40251500002117, 30.066337000282235], [-95.39987200014843, 30.06538000026928], [-95.39776700040103, 30.066565999828843], [-95.39679400008252, 30.06521500018971], [-95.39753800007217, 30.064808999868866], [-95.39735300012424, 30.064552000022896], [-95.39592500041937, 30.06384699999026], [-95.395343999738, 30.06416600026205], [-95.39495399975067, 30.063476000238264], [-95.39391799968294, 30.063859000128765], [-95.39324099964043, 30.062962999780513], [-95.3747089996708, 30.072547999715567], [-95.37302300022306, 30.070134999930154], [-95.37230799964739, 30.07075800001769], [-95.36883299992145, 30.06767899981616], [-95.36758299959348, 30.068349999756155], [-95.3630130002486, 30.06210399999001], [-95.366063999652, 30.06341000036931], [-95.37242599964817, 30.06951199980758], [-95.37554300007216, 30.070696000109873], [-95.37564600000432, 30.069759999840837], [-95.37828899987706, 30.069370000355093], [-95.37892099971373, 30.070282000155853], [-95.3796720002744, 30.06994799994093], [-95.3950609998808, 30.061512000363678], [-95.39730100024572, 30.059062000060944], [-95.39516200016313, 30.057978999779877], [-95.39538800011894, 30.057620999804072], [-95.39309699970039, 30.05676699975589], [-95.39248900015316, 30.057418999711192], [-95.39121500043407, 30.05537700002836], [-95.39149800029129, 30.05522400001184], [-95.39003200005327, 30.05372399998362], [-95.38801000014654, 30.053992999727225], [-95.38950200032383, 30.053205999910354], [-95.3874100000969, 30.04961699984895], [-95.38699900019317, 30.050043000177492], [-95.3868250001159, 30.048629000076588], [-95.38635499976263, 30.048844999779423], [-95.38556899994018, 30.047831999833445], [-95.38618800025637, 30.047507999899246], [-95.38415399975577, 30.044100000268596], [-95.38310900036552, 30.044619999779076], [-95.38204200033567, 30.04291599993344], [-95.37797800043074, 30.044893000179023], [-95.37773300020838, 30.044551999758962], [-95.38151599990589, 30.04299299977202], [-95.38115299968273, 30.04208499990736], [-95.38254899960056, 30.04167600026957], [-95.3818260004256, 30.040700999718812], [-95.38232400036797, 30.040481999983893], [-95.38117699997218, 30.0340689997956], [-95.38022499957006, 30.03412000035058], [-95.37997900042107, 30.033204999945614], [-95.38105099957549, 30.032886000264586], [-95.38079700003057, 30.030922000367237], [-95.38015400032326, 30.031273000161924], [-95.37979399957483, 30.030772000361743], [-95.38070300031926, 30.030138999875795], [-95.37892400008678, 30.027684000351634], [-95.36583900041943, 30.034718999628698], [-95.36650300004315, 30.03564499962049], [-95.36557499993046, 30.036019999823747], [-95.3649580001624, 30.035173000134776], [-95.34969599987933, 30.04354699963363], [-95.35013500027046, 30.044557999831238], [-95.34969300040459, 30.046028000363698], [-95.3477719998819, 30.04709900010088], [-95.34836199988577, 30.047833999791365], [-95.34982099955279, 30.047279999799812], [-95.34968900020662, 30.048718999750808], [-95.34920100031, 30.049080999895367], [-95.34716400033467, 30.046554999805405], [-95.34645600033001, 30.046982000072227], [-95.34579799965576, 30.04561399989087], [-95.3448500003499, 30.04615399992753], [-95.34570599959424, 30.047745000070396], [-95.34478800042562, 30.047746000050235], [-95.34398599981131, 30.0466609996628], [-95.34265099999287, 30.04739200033712], [-95.34315700033115, 30.048200999936412], [-95.34094600027854, 30.049452999898453], [-95.34093799988263, 30.04835399991735], [-95.33976700009569, 30.049002000189343], [-95.3397820001643, 30.04729800029736], [-95.34167000017672, 30.04718299969727], [-95.34269399965056, 30.04664999976357], [-95.34268000030518, 30.046087000179433], [-95.34304299963001, 30.046396000195436], [-95.3455199998214, 30.044991000198902], [-95.34441900035468, 30.042645999622703], [-95.34279800030595, 30.04268299999678], [-95.34323099995099, 30.04066100000572], [-95.34550899995075, 30.04310999984645], [-95.34857600014602, 30.04201100025395], [-95.34958600027447, 30.043395000027726], [-95.38055600000617, 30.026611000360315], [-95.38058000029561, 30.025985999786464], [-95.38121399978209, 30.025938000312454], [-95.38122200017803, 30.025507000315738], [-95.38068200040286, 30.023238000061085], [-95.38002299990369, 30.02336900017781], [-95.37987800013873, 30.02280400007638], [-95.38063899984682, 30.02262199976837], [-95.38030900013396, 30.021238000000675], [-95.37759299956797, 30.021676000033917], [-95.37616700041123, 30.019795999965787], [-95.37968899999284, 30.020163999988068], [-95.33096499971806, 30.011580000048973], [-95.33088400042553, 30.0124039998945], [-95.33023300032227, 30.01226200024506], [-95.3302140000557, 30.020129999760016], [-95.33380000010973, 30.020131000018548], [-95.33920200020616, 30.017669000358953], [-95.34067000009404, 30.019779000179007], [-95.34081400003407, 30.02051000004413], [-95.33695799964329, 30.02260299999901], [-95.33836100013212, 30.024558999681105], [-95.33766300017321, 30.02493500003958], [-95.33906900013677, 30.026895000361808], [-95.3382029999484, 30.027418999905066], [-95.33393999985182, 30.021324000234454], [-95.32989000019062, 30.02349600000103], [-95.32993600022137, 30.01352000038298], [-95.32729400017352, 30.01352700032549], [-95.3270320002327, 30.014739000372636], [-95.32504799996083, 30.014729999889703], [-95.32503600026526, 30.01354899969719], [-95.3212660000882, 30.01356399990238], [-95.3212660000882, 30.012477000314444], [-95.32933799982156, 30.012497000025892], [-95.3293479998673, 30.011948000221707], [-95.33010500027576, 30.01201000034471], [-95.33012199999419, 30.01153800033984], [-95.32128100015682, 30.008194999662624], [-95.32125600004247, 30.010413000013315], [-95.31815500041033, 30.010435999654078], [-95.31818600037245, 30.009307000138936], [-95.31759399982045, 30.009284000236402], [-95.3179639997163, 30.007664000081146], [-95.31564800008171, 30.006770000258825], [-95.31596899957377, 30.00618999995509], [-95.31462399970957, 30.005658999755276], [-95.31422500039969, 30.007370000250678], [-95.31548800024814, 30.007360999877], [-95.3160630001834, 30.008039999933462], [-95.31613400032852, 30.009735999811955], [-95.31249700022086, 30.010398999688295], [-95.31249100037309, 30.009900000146917], [-95.3081139995754, 30.009913000180838], [-95.30890699996885, 30.00423100001074], [-95.31182000017833, 30.004539999821766], [-95.30889100007532, 30.00307900011172], [-95.303812999844, 30.001284999670286], [-95.29580200021002, 30.001248000181498], [-95.29577899974548, 30.004593000060172], [-95.29453299961548, 30.005025000346272], [-95.29454500020937, 30.005512999717908], [-95.29580499968475, 30.00539299994193], [-95.29581100043085, 30.006089000045172], [-95.2938220001361, 30.006091000067446], [-95.29326499974417, 30.005237000094002], [-95.2868319996029, 30.005232000384037], [-95.2868600000903, 30.00682999972122], [-95.28452699983896, 30.006811999652932], [-95.28448199963312, 30.001655999690215], [-95.27713399979794, 30.00157199963103], [-95.277025000018, 29.997382000362936], [-95.27805199986489, 29.99613899993511], [-95.27799999998635, 29.98804399968663], [-95.27560599963564, 29.98759100031126], [-95.27700699957633, 29.984388000155736], [-95.27612500039272, 29.98275900027935], [-95.27710500038394, 29.979632000017403], [-95.27902199981038, 29.976496000067204], [-95.28696700022043, 29.958433999849913], [-95.28564699957226, 29.95780700006894], [-95.2834940001443, 29.957752000322735], [-95.28103200002153, 29.956404000088074], [-95.27805199986489, 29.955649999870126], [-95.27565900023741, 29.95385699964508], [-95.27301399981653, 29.954257999830805], [-95.26997099991071, 29.95403199971541], [-95.26896599980515, 29.954707999798096], [-95.26822099999056, 29.954552999849046], [-95.26658300022338, 29.956090000064595], [-95.25395999961509, 29.961812999909075], [-95.2453570003274, 29.962300999990923], [-95.24554999977292, 29.969256000130887], [-95.2442319996729, 29.969271000026435], [-95.24417800014454, 29.966627999826066], [-95.24209500013846, 29.96429399992181], [-95.24056699997615, 29.96534599994686], [-95.2414289999666, 29.96628400028487], [-95.24091500013068, 29.96663700000167], [-95.24220499974331, 29.96804800033187], [-95.2364870001777, 29.968142000004402], [-95.23522799962892, 29.96900100000402], [-95.24495599957108, 29.962307000369318], [-95.25394799991952, 29.96178699969399], [-95.2654159997361, 29.956490999805133], [-95.26535800000977, 29.955137000340383], [-95.26629100014534, 29.955149999761854], [-95.26613600033464, 29.95581600029966], [-95.2682800004401, 29.954026999762135], [-95.2675919996286, 29.953695999806445], [-95.26892499979725, 29.9524489999279], [-95.26968499968045, 29.953103999724377], [-95.27017799959994, 29.95264599977736], [-95.26939000012764, 29.952020999628875], [-95.27075699973317, 29.950756999826478], [-95.27203200017549, 29.950754000067043], [-95.28155500007824, 29.941937999696066], [-95.28076500005783, 29.941929999887567], [-95.28075500001209, 29.941181999771853], [-95.27555799995507, 29.940761999925986], [-95.27557600039673, 29.943583999735637], [-95.27419600037243, 29.943605999814615], [-95.27415799983929, 29.941559999673718], [-95.27162799994444, 29.94159000003688], [-95.27162499957139, 29.94042300025844], [-95.26845299979415, 29.940464999687542], [-95.26844199992348, 29.93997800013994], [-95.26717300022726, 29.939671999615328], [-95.26716499983135, 29.939112999785706], [-95.26807399967745, 29.93908699986199], [-95.26658800024626, 29.938625999847048], [-95.26301399988778, 29.93894200034253], [-95.26035000009864, 29.93845299973932], [-95.255474000432, 29.935782000041954], [-95.25388500017033, 29.936039999949696], [-95.25402900011036, 29.937568000129712], [-95.2495609999744, 29.93739900021507], [-95.24955699977644, 29.93854700015016], [-95.24695900010956, 29.936658000194484], [-95.2449079998905, 29.93693800016282], [-95.24440699957509, 29.936405999938433], [-95.24437499978804, 29.93503800020057], [-95.23638599989536, 29.934362999878804], [-95.23238100043999, 29.934409000126813], [-95.23247799962606, 29.93518499985376], [-95.22958299985824, 29.935193999761903], [-95.22959100025416, 29.935977000332677], [-95.22728399994207, 29.936000999635468], [-95.2274399995777, 29.936304999903733], [-95.22557000000693, 29.937305000276478], [-95.22444100005279, 29.9346309998742], [-95.21858200002188, 29.934701999955408], [-95.21857399962597, 29.935910999690236], [-95.21452899998762, 29.935920999861136], [-95.2145349998354, 29.93479600001784], [-95.21317599972748, 29.934787999635034], [-95.21315099961312, 29.93570299964374], [-95.21163099984675, 29.93578099971211], [-95.21157800014329, 29.93377800004781], [-95.23872699964431, 29.933926000353992], [-95.23909400006542, 29.932408999625284], [-95.24299300011393, 29.934369000386177], [-95.24431000038902, 29.93433400001606], [-95.24429299977227, 29.933170999845185], [-95.24592600041488, 29.933159000242465], [-95.24592700023979, 29.93243600010058], [-95.24696900015529, 29.93243600010058], [-95.24725100018759, 29.9342029999673], [-95.24721400037768, 29.931724999932225], [-95.25734999985053, 29.931516999698804], [-95.26001000034003, 29.93258400006731], [-95.25957000012397, 29.9342510002013], [-95.26081999955362, 29.93463299977854], [-95.26046999974925, 29.935510999813687], [-95.26432100011716, 29.936741000336752], [-95.2653870003221, 29.934723000101275], [-95.27104299996344, 29.934765000379713], [-95.27104100031362, 29.93839399975079], [-95.26959099996911, 29.938396999883025], [-95.27131800032305, 29.93897699987009], [-95.27297000033391, 29.93893600011095], [-95.2729419998465, 29.934765999941273], [-95.28759499985915, 29.934593000127947], [-95.28771899970769, 29.936429999916147], [-95.29393799958872, 29.930637999851644], [-95.30305200013589, 29.93058899982836], [-95.30349800019972, 29.94124999980245], [-95.31690099988441, 29.94101899987544], [-95.31690000005949, 29.940597000335472], [-95.31814799983931, 29.94053699977958], [-95.31813100012087, 29.939763000340292], [-95.3119930004307, 29.93974499979291], [-95.31198099983682, 29.93812800038399], [-95.31263199994007, 29.938105999871887], [-95.31248899982492, 29.930468000239358], [-95.31333400009694, 29.93044800035747], [-95.31339299964817, 29.934222000305994], [-95.3149650001914, 29.934197000228366], [-95.31502999959041, 29.937548999651575], [-95.31681899986864, 29.937528999635962], [-95.316843999983, 29.938973999755397], [-95.31791000018795, 29.938944999679777], [-95.3175200002006, 29.93039100028278], [-95.31544200021739, 29.930413999770533], [-95.31531300034594, 29.921284999621793], [-95.31724099964302, 29.921262000360255], [-95.31728599984886, 29.924317999754088], [-95.31849900036691, 29.924307000307664], [-95.31852899960582, 29.926210000121582], [-95.32622600031877, 29.926141999933087], [-95.32619600018153, 29.923046000080205], [-95.3308330003719, 29.9230029998476], [-95.33110899965811, 29.929791999667888], [-95.33169899966198, 29.930156999675003], [-95.33173299999717, 29.9388489998255], [-95.33335900006877, 29.93887299999237], [-95.33357499997882, 29.933396000302167], [-95.34228699994478, 29.933179000358], [-95.34238499985408, 29.935764999882743], [-95.34546200009508, 29.935827000083098], [-95.34555099978354, 29.93867499980484], [-95.3499200001853, 29.938628999972234], [-95.34988199965217, 29.936841999928834], [-95.35422699976448, 29.936811999690708], [-95.35421800044195, 29.93500199972813], [-95.35606100024853, 29.934978999743866], [-95.35480400024788, 29.897727000043233], [-95.34854400035897, 29.897767999642213], [-95.34857699997093, 29.898767000157914], [-95.34054500042055, 29.89881700018951], [-95.34047900029832, 29.893966000279473], [-95.3330669999907, 29.894035999795097], [-95.33295700038587, 29.888187000077405], [-95.35485000027863, 29.88806999971263], [-95.35513599961058, 29.877398999901995], [-95.352122999842, 29.871602000243463], [-95.35177800006049, 29.870991999869574], [-95.34109699989128, 29.87107299980836], [-95.34084800036925, 29.87292900000443], [-95.34175100036758, 29.874700000021775], [-95.33494499995739, 29.874749999662164], [-95.33488499968296, 29.871021999681467], [-95.33228899966586, 29.871030999934867], [-95.3305239996771, 29.870482000129165], [-95.33282000011852, 29.866510999935148], [-95.31670500006582, 29.866664000144716], [-95.30677600028218, 29.891183000354637], [-95.30093099959666, 29.891187000350953], [-95.30090999968026, 29.900745000337576], [-95.29978199955103, 29.900580999731286], [-95.2997790000763, 29.903517000151773], [-95.29588099985273, 29.903575999787694], [-95.2959620000436, 29.90796499969794], [-95.29148700023492, 29.908013000125216], [-95.29158900034217, 29.914731000285997], [-95.28850399970524, 29.91437599977695], [-95.28736899990332, 29.913585000041806], [-95.2871689998868, 29.899434000305178], [-95.28981400030766, 29.899391000000655], [-95.28976599972877, 29.897391999971415], [-95.29730199988492, 29.897293999886273], [-95.29722700044016, 29.89129800018505], [-95.28779599970059, 29.891418999863312], [-95.28768799974554, 29.885329999670397], [-95.28204399979978, 29.885428999893097], [-95.28201399966257, 29.883081000046925], [-95.28049999974395, 29.883089999990972], [-95.28035900017696, 29.874674999802703], [-95.24789499971983, 29.87501100004213], [-95.24787600035158, 29.857515000349856], [-95.22983200027858, 29.857728000165235], [-95.22857199990487, 29.857087999793492], [-95.2284689999727, 29.847366999696], [-95.22407000033203, 29.847462999661165], [-95.22694500000837, 29.84293300036964], [-95.22734099984349, 29.841318000003074], [-95.23147900026657, 29.84101600001603], [-95.23183900011668, 29.840075999790116], [-95.23407000026077, 29.83877700023012], [-95.2339249995975, 29.837754000043432], [-95.23019899980139, 29.83420899986559], [-95.23023200031166, 29.83220700014512], [-95.23161300016088, 29.830123999681494], [-95.2304749999859, 29.828351000037387], [-95.22990300042369, 29.824513000307544], [-95.22844200020853, 29.822021999759556], [-95.22749099963133, 29.822301999912035], [-95.22841600026926, 29.82110900031593], [-95.22875199982994, 29.821455999928496], [-95.22978399969969, 29.820737999725576], [-95.23006400008217, 29.819122999867965], [-95.23084700042989, 29.8182660000241], [-95.2305519999788, 29.816889000320668], [-95.22859799984414, 29.816410999913128], [-95.22881100027946, 29.815753000218596], [-95.22520900033192, 29.8189039998873], [-95.22317800020436, 29.81889399966681], [-95.22328799980922, 29.82294400012861], [-95.22504600012529, 29.82579000026028], [-95.21276499982375, 29.82636099983432], [-95.2127470002804, 29.822729000349025], [-95.20265000026728, 29.822896999969817], [-95.20245000025075, 29.811944999641113], [-95.21072600019859, 29.811820000192906], [-95.21262000005879, 29.809883000083683], [-95.21322299958315, 29.80786200000417], [-95.21423400043483, 29.806644000259524], [-95.21265900041685, 29.805124000386257], [-95.21077200022934, 29.804753999808515], [-95.21009400036192, 29.803624999717297], [-95.20872199983522, 29.802728000012216], [-95.20728099971156, 29.800085999663715], [-95.20379099991699, 29.796680000300874], [-95.20440699986014, 29.795519000067728], [-95.20679700001288, 29.79555199969632], [-95.20638399956101, 29.792264000303565], [-95.20536099991209, 29.79057100003063], [-95.20551099969991, 29.789793000216378], [-95.20614699973454, 29.78945400023435], [-95.2095379997949, 29.789740000214387], [-95.21213999965977, 29.78790600027445], [-95.21420099992454, 29.787432999864272], [-95.21506999958768, 29.78589299968782], [-95.21404100009099, 29.783281999976545], [-95.2129730002362, 29.782146999776465], [-95.21251600030172, 29.78004299974213], [-95.21071500032794, 29.778933000265635], [-95.20835000028956, 29.77890600033997], [-95.20792099994415, 29.77604399968478], [-95.2069259998843, 29.77546000032044], [-95.20641600024638, 29.775495999899157], [-95.20637199986544, 29.778552000381772], [-95.2047499999918, 29.778290000232307], [-95.20292200025385, 29.78109300035383], [-95.20345899965596, 29.782026000211992], [-95.2041509997671, 29.782209999891343], [-95.20451700036331, 29.78112400019714], [-95.20526200017788, 29.78132600027388], [-95.20591099973299, 29.779581000194867], [-95.20673900028656, 29.77973999987964], [-95.20619699996327, 29.781241999890046], [-95.20559500026383, 29.78107300014802], [-95.20612800036629, 29.781428000088333], [-95.20555599990574, 29.782980000084024], [-95.20497599994762, 29.782811000157132], [-95.20549099960843, 29.783203999921188], [-95.2050880001006, 29.784195000123752], [-95.20319500006534, 29.786407999968752], [-95.20388899982628, 29.786906000130628], [-95.20355300026561, 29.78784200037114], [-95.2025039997791, 29.787884000141734], [-95.20235700036433, 29.788708999859267], [-95.20234700031858, 29.789993000265145], [-95.20337300034056, 29.789989000112133], [-95.2033769996402, 29.791378000160524], [-95.2054329998821, 29.791332000197606], [-95.20600199996959, 29.792198999857558], [-95.19813899957529, 29.792164999691398], [-95.19773299969444, 29.791642000013404], [-95.19987000012718, 29.79078099999809], [-95.19966000006492, 29.788851000381502], [-95.20209700007332, 29.78894699964323], [-95.20319099986737, 29.78597200026025], [-95.20192399982095, 29.785176000178403], [-95.20049600011609, 29.786164999807568], [-95.19912500031263, 29.786462999933004], [-95.19909299962725, 29.78606699967188], [-95.19818899980402, 29.78614499983544], [-95.19616600007238, 29.78826299987361], [-95.19428499973266, 29.788302999747184], [-95.19319599996149, 29.789418000217086], [-95.18245700006597, 29.802441999736818], [-95.18245700006597, 29.803343000066846], [-95.1844310002921, 29.803255999931302], [-95.18496299967133, 29.80586199962514], [-95.18570699966102, 29.80573500021687], [-95.18571199968387, 29.805054000086983], [-95.18830699987605, 29.805066000297696], [-95.18827199971594, 29.805756000246774], [-95.1847839995712, 29.806097999778906], [-95.18482799995213, 29.80744499979357], [-95.18252800021106, 29.807482999677287], [-95.18250399992162, 29.806344000073164], [-95.17951999956705, 29.806248000353538], [-95.1672469996614, 29.838762000154567], [-95.1672390001638, 29.8482649997568], [-95.16633199996751, 29.854573000248276], [-95.1614450004302, 29.876901000355886], [-95.16128800007138, 29.884499999632308], [-95.15964100008338, 29.88597799998122], [-95.15287300020636, 29.9013339999618], [-95.15544699958379, 29.90031599968632], [-95.15604800035665, 29.902684999941826], [-95.15553399962243, 29.90646100003104], [-95.15630399955137, 29.90910500028678], [-95.16205200015251, 29.915497999913967], [-95.16341000043552, 29.917588999950873], [-95.20008400038743, 29.917483000052307], [-95.19929900038989, 29.92272999971206], [-95.19979599960905, 29.9260730000493], [-95.20181099984305, 29.928956000169947], [-95.20595900031188, 29.93232199986044], [-95.20373900003844, 29.93449699996676], [-95.17659300001218, 29.935034999967108], [-95.177291999796, 29.95401000038614], [-95.1834449995548, 29.953950000138864], [-95.16090399993183, 29.975803000010433], [-95.15928299988309, 29.976738999841672], [-95.15941799960231, 29.97722900037129], [-95.1567129998053, 29.979844000310827], [-95.14218100016647, 29.979928000081678], [-95.1419150000277, 29.981129000263454], [-95.13917800044364, 29.981344000088217], [-95.13531899967981, 29.98394899983078], [-95.13521400009782, 29.984523000356518], [-95.13711600035396, 29.986994000002724], [-95.14019400041984, 29.987961000361103], [-95.14215799970194, 29.989785000266526], [-95.14546599992164, 29.98961000013908], [-95.14618300014712, 29.991240999979162], [-95.14129300023677, 29.992790999809177], [-95.14037699981965, 29.99402400038023], [-95.14143200015394, 29.997032000133313], [-95.1430909998375, 29.99764400026049], [-95.14302399989036, 29.998327999963916], [-95.1416759996531, 29.999121000384353], [-95.14190599980687, 29.999953000046418], [-95.14578099956591, 29.999896999831765], [-95.14579900000757, 30.00217699980265], [-95.14162499959946, 30.00224099990855], [-95.14090200042452, 30.002662000208257], [-95.14215000020432, 30.004250999828752], [-95.14149699955294, 30.005291999998537], [-95.14014400019114, 30.00306100014088], [-95.1382319998893, 30.00539999968003], [-95.14072400014929, 30.007336000304026], [-95.14226400000716, 30.009275999626478], [-95.143844000048, 30.00863200013955], [-95.14336799984694, 30.006634999974523], [-95.14781800043956, 30.005228999935593], [-95.14835200036693, 30.00608200035567], [-95.15157099999986, 30.00417800035684], [-95.15040699988562, 30.002725000345194], [-95.15304999975837, 30.002091000081577], [-95.1525240002269, 30.001096000286466], [-95.15001000022559, 29.999718000114672], [-95.14954999991804, 29.99871999999834], [-95.14988700020194, 29.99769200020237], [-95.15940400025693, 29.99790699994902], [-95.15998300039014, 29.99522000023756], [-95.15866000026725, 29.99350000023264], [-95.15981599998557, 29.991783000066313], [-95.16025899967634, 29.99014700010235], [-95.16148999973773, 29.98937499983839], [-95.16154300033949, 29.984004999705494], [-95.16229800019981, 29.98232200025718], [-95.1636349996681, 29.980887000211496], [-95.1636060002541, 29.979821999692135], [-95.15710500034076, 29.979858000277563], [-95.15973300014488, 29.97752299999573], [-95.1692650002685, 29.977461000115547], [-95.16535799982408, 29.979807999720336], [-95.16887699993096, 29.97978300021036], [-95.16889100017467, 29.981907000029988], [-95.16931200012414, 29.98193000005233], [-95.17954700022953, 29.98057700002941], [-95.18387300007527, 29.978775999809358], [-95.18688400019404, 29.978590999963888], [-95.18709900027919, 29.976757999834177], [-95.19143599999559, 29.978337000355058], [-95.19177099973136, 29.977409999996876], [-95.1936050002154, 29.977614000314542], [-95.1940060000734, 29.977871999841557], [-95.19339699980294, 29.97919400034902], [-95.19393400010338, 29.979243999659126], [-95.20266899963553, 29.97784599993771], [-95.21414800022109, 29.977853000062137], [-95.21672699962143, 29.978682999980588], [-95.21905999987277, 29.977052999989166], [-95.2190620004209, 29.978356000041952], [-95.22530399986816, 29.97490499983878], [-95.22507700008742, 29.97365899986182], [-95.22592200035943, 29.971232000331735], [-95.2260949997135, 29.97448500004503], [-95.22670200033413, 29.974147000133257], [-95.22669800013617, 29.973419000188443], [-95.22733400017079, 29.9733870001882], [-95.22734400021655, 29.97380200021839], [-95.23175399972787, 29.971126999975034], [-95.23129299959541, 29.97061000025419], [-95.23268199984055, 29.969670000307303], [-95.23303099982002, 29.970544000029943], [-95.2299400002336, 29.972689999619384], [-95.21423600008464, 29.981075000071442], [-95.21333999975901, 29.979832000115444], [-95.21412599958148, 29.97940600002108], [-95.21375999988358, 29.977963999746073], [-95.20649900008705, 29.977950000290516], [-95.2065099999577, 29.97851800029603], [-95.20597799968014, 29.978576999818557], [-95.20597500020541, 29.980532000010456], [-95.20717000028178, 29.980684000269417], [-95.20706599962641, 29.98175300035195], [-95.2064170000713, 29.98174100038722], [-95.20641799989619, 29.982372000326855], [-95.20349800001401, 29.982424999953093], [-95.20349299999116, 29.981067000299888], [-95.20621899970456, 29.981042000328745], [-95.20679700001288, 29.98154100024287], [-95.20685700028734, 29.980837000172265], [-95.20571900011237, 29.98066400037146], [-95.2060799997874, 29.97794799970115], [-95.20534500001855, 29.97794499998426], [-95.20534300036874, 29.979012000188803], [-95.20184099998029, 29.979163999661505], [-95.19769599988452, 29.980343000019197], [-95.196068999988, 29.980382000059222], [-95.19596500023094, 29.97932000002514], [-95.19540199999123, 29.979360000358277], [-95.19554000008348, 29.980232999764063], [-95.19202599999949, 29.980077000056326], [-95.19181199973923, 29.982887999669007], [-95.19297000000569, 29.986660999733427], [-95.1938649996081, 29.987009000332048], [-95.20244799970261, 29.98412200013382], [-95.20351999975533, 29.984114999673146], [-95.20352800015125, 29.984827999932534], [-95.17835200015314, 29.993214000021553], [-95.17842099975013, 29.998366000241397], [-95.18366700021095, 29.99849800023249], [-95.18339400039947, 29.997602999805494], [-95.1894299999824, 29.997575000206094], [-95.18941999993666, 29.99681100019731], [-95.19738899973784, 29.996773000102444], [-95.19961900005703, 29.997045000297305], [-95.19960900001128, 29.998926999963434], [-95.20003400015872, 29.998959000291553], [-95.20032200003881, 29.997761999881565], [-95.20095600042363, 29.99776400007167], [-95.20164099996374, 29.997788000016563], [-95.20164900035967, 29.998924999796714], [-95.20269100027517, 29.9989839996412], [-95.20268000040451, 29.997967000102776], [-95.20299599987369, 29.997980999848146], [-95.20300199972148, 29.998998999714782], [-95.20359599992332, 29.999013999786047], [-95.20358699970248, 29.998522999698256], [-95.20695500019663, 29.998522999698256], [-95.20696000021951, 29.999170999773707], [-95.20881399989672, 29.99927899989361], [-95.2318190000252, 29.99918200027396], [-95.23173799983434, 29.975427000208978], [-95.23600799960359, 29.97535099997688], [-95.23601599999951, 29.978059999961584], [-95.23660400035357, 29.978075999988466], [-95.2366489996611, 29.999960000168223], [-95.23741799976511, 30.002263000227085], [-95.238408999627, 30.003594999961738], [-95.24048300031056, 30.005294999667147], [-95.24286099986944, 30.006103000200568], [-95.24270000021096, 30.01696900022563], [-95.24424300044187, 30.020508000312585], [-95.24679000005514, 30.02252299994765], [-95.2502149995524, 30.0234009996219], [-95.25022399977321, 30.027103000054854], [-95.25481599975774, 30.026252999790728], [-95.25604900036727, 30.023267999871504], [-95.2562700003002, 30.02448999967974], [-95.2570720000162, 30.024736000039887], [-95.25794999990016, 30.02473099975728], [-95.25820400034337, 30.02388999980767], [-95.25820500016829, 30.025947999977937], [-95.26128499988404, 30.02694400034002], [-95.26381099958091, 30.032034000317882], [-95.26828600028789, 30.031684000249285], [-95.27246499982053, 30.03236300020416], [-95.27690700001723, 30.031114000136373], [-95.27691399968992, 30.03146600017298], [-95.27818400010936, 30.03097099991027], [-95.28268099965933, 30.03067699995567], [-95.28473899955107, 30.029905000066012], [-95.2846830003729, 30.021301000007423], [-95.29335199978281, 30.02117799992007], [-95.29335599998078, 30.019999000030722], [-95.29302200006993, 30.020003000292167], [-95.29335500015586, 30.019673999830246], [-95.29332500001861, 30.016318999900182], [-95.29127700017266, 30.016367999660297], [-95.2912599995559, 30.01453599965229], [-95.29334699975993, 30.01450699984886], [-95.29391300037268, 30.042911999819015], [-95.26239299992176, 30.04285899984271], [-95.26261100037998, 30.051844999732943], [-95.26403200041216, 30.051685000121925], [-95.26423800027648, 30.058875000143576], [-95.26527199979606, 30.059765000245246], [-95.26267400012917, 30.060333999714064], [-95.2626480001899, 30.05744999994086], [-95.2613889996411, 30.05758699998663], [-95.26141299993056, 30.06049300027095], [-95.26267400012917, 30.060333999714064], [-95.26280499965041, 30.071401000332475], [-95.24562599994091, 30.071573999673625], [-95.24480900015631, 30.070279000121722], [-95.24086300025216, 30.07033500022601], [-95.24150000011171, 30.068471999821877], [-95.21830099981449, 30.069037999701436], [-95.21484899965475, 30.0717369997827], [-95.21588600044569, 30.072423999771907], [-95.21762299994705, 30.07244300009309], [-95.21834799967014, 30.074442999626562], [-95.21826099963151, 30.076369000303455], [-95.21611800024928, 30.076928999657767], [-95.21437699965165, 30.076818000348524], [-95.21404899958857, 30.07523599984497], [-95.21240800034668, 30.07531800026565], [-95.21187299969607, 30.07406099998518], [-95.1665629999462, 30.11073200007897], [-95.16654799987757, 30.10927599974128], [-95.16564900007721, 30.10681600030788], [-95.16294099990716, 30.100886000057876], [-95.14994400010333, 30.08419000011033], [-95.14827500037404, 30.0847280003876], [-95.14691600026613, 30.083574000311067], [-95.14711700010758, 30.082466999664433], [-95.14447800043281, 30.08382200007586], [-95.14153199971307, 30.07971500032553], [-95.14329400022709, 30.07861799981173], [-95.14031700044352, 30.07524800015721], [-95.14058500023211, 30.07388000026901], [-95.13495800000479, 30.074025999881176], [-95.1370569999044, 30.07296699969832], [-95.13785299977259, 30.07164400004908], [-95.13898000007691, 30.071166000298085], [-95.13849200018029, 30.070048000328345], [-95.1277859998967, 30.06652999961611], [-95.127595000101, 30.067512999901886], [-95.12129099983115, 30.066883000316253], [-95.12156299981771, 30.064780999812193], [-95.11037200001056, 30.061635000145316], [-95.11035199991908, 30.060220999965022], [-95.10729800014259, 30.06025899984688], [-95.110284000147, 30.0667459999187], [-95.10184400016763, 30.06677299963187], [-95.101749999558, 30.060295000007923], [-95.09642399962954, 30.060380999778143], [-95.09336300018036, 30.047861999975325], [-95.09813900028792, 30.047823000022408], [-95.09811599982336, 30.046013999624673], [-95.11701500021411, 30.0458669999102], [-95.11720000016204, 30.045437000270727], [-95.1172670001092, 30.043530000032074], [-95.11680699980165, 30.042923000133335], [-95.11653999983798, 30.04328799976115], [-95.11448500031929, 30.0431820001825], [-95.1121279997785, 30.041063999662004], [-95.10797799965984, 30.041114999727384], [-95.108016000193, 30.043571000164015], [-95.10254499960128, 30.043598999997794], [-95.10255600037026, 30.04294099986741], [-95.10160599961795, 30.042941999895746], [-95.10162099968655, 30.043581999627524], [-95.09743899978086, 30.043680000166724], [-95.1009129996819, 30.028256000321072], [-95.10194200007692, 30.028247000287273], [-95.10175200010612, 30.0241909996374], [-95.0994620004108, 30.02423300021023], [-95.09938299986977, 30.019373000288418], [-95.10294100033471, 30.01930999983452], [-95.11027199955313, 29.986514999758562], [-95.11066999993639, 29.985873999875896], [-95.12226999999744, 29.9855669999645], [-95.12236299988388, 29.9831799999545], [-95.12180899986501, 29.98206100024728], [-95.12071300042116, 29.9812779999925], [-95.11863899973757, 29.982347999767427], [-95.1185989995546, 29.981291999757094], [-95.1174079996762, 29.980461999853897], [-95.1165919997165, 29.98071399971967], [-95.11709399985683, 29.980117999968297], [-95.11930699955927, 29.98093299994526], [-95.11978100011052, 29.980460999973573], [-95.11941200003956, 29.979631000128734], [-95.12012400024217, 29.979657000343458], [-95.12034900037308, 29.976710999805086], [-95.12148900019788, 29.974791000037026], [-95.12039600022875, 29.974193999819153], [-95.11803399966509, 29.97435000020669], [-95.12167999999359, 29.973927999730698], [-95.12256299990042, 29.97094699977241], [-95.12125700039427, 29.970447000351864], [-95.12257899979394, 29.970778999755968], [-95.12349900040903, 29.96872900002933], [-95.12351299975441, 29.967897000199915], [-95.12288900031365, 29.967340000305583], [-95.12391100013767, 29.967140999974784], [-95.12526900042066, 29.965716999623133], [-95.11434600040211, 29.96582300027684], [-95.11801500029684, 29.9562309997715], [-95.1362839996024, 29.955871999688032], [-95.1342120003653, 29.954964000153957], [-95.13370799967682, 29.954290999907993], [-95.13497100042358, 29.95512500027418], [-95.13677300022226, 29.954930000162904], [-95.1372970001039, 29.95207100015894], [-95.1382689996992, 29.950877999646455], [-95.14166800015549, 29.949746999695723], [-95.142337999627, 29.948172999698212], [-95.14043299989615, 29.948168999655564], [-95.1404439997668, 29.94874299984401], [-95.13914099973539, 29.949128999818896], [-95.13910899994835, 29.947943999918635], [-95.14269300035255, 29.948032000239582], [-95.1429999996009, 29.949239000259293], [-95.14700599977951, 29.94881600036951], [-95.14711899975741, 29.946444000338822], [-95.14540999984513, 29.944740999730467], [-95.14286099968372, 29.943760000231418], [-95.13933599972906, 29.944724000323802], [-95.14128900003882, 29.942899999805334], [-95.13964399970065, 29.941136999817562], [-95.11280700036914, 29.941888999788628], [-95.11243999994805, 29.920224999870356], [-95.11879000024862, 29.920240999862354], [-95.12151400031223, 29.91579400016599], [-95.12397999973464, 29.91465099976627], [-95.12336899981437, 29.91130099963672], [-95.12454999964704, 29.908103000377267], [-95.1245039996163, 29.906566000136234], [-95.12057199995584, 29.902142999989376], [-95.13177199998384, 29.902028000213683], [-95.1339870002344, 29.90296700022793], [-95.15096500010245, 29.902757999990303], [-95.14848899973597, 29.90838199986325], [-95.14039500026132, 29.91218699978392], [-95.14072300032437, 29.91266699979892], [-95.14923199990073, 29.90857899975244], [-95.15201100021591, 29.902156999993615], [-95.15206800011731, 29.900694999715988], [-95.15332599994287, 29.89922700028076], [-95.15929999960153, 29.885757000078], [-95.16084899968023, 29.88457099962993], [-95.16080900039557, 29.877598999911374], [-95.16685300037442, 29.848515000049318], [-95.16671600010707, 29.83854300035293], [-95.1705339999647, 29.828086999661025], [-95.16809699995629, 29.82482499993294], [-95.16498799992823, 29.81853199973876], [-95.16326300012243, 29.812043000153075], [-95.16103799982614, 29.813382000381644], [-95.15886399958345, 29.810899000139763], [-95.15772399975863, 29.811501999620127], [-95.15740900011437, 29.8104159997907], [-95.15630299972645, 29.81071300015569], [-95.15659099960654, 29.81148200003563], [-95.15468699970062, 29.81206699967525], [-95.1545169998213, 29.811262999685873], [-95.15411900033634, 29.81138499977261], [-95.15416500036712, 29.81323900038005], [-95.14957099983444, 29.813210000354744], [-95.13984399971717, 29.8164849999301], [-95.13974199960992, 29.812943999730635], [-95.14258500039752, 29.81390200022228], [-95.14178100013339, 29.796476999858825], [-95.14089800022656, 29.796259000346268], [-95.14088200033304, 29.795736999633363], [-95.14154000010898, 29.795719000366677], [-95.14119600015239, 29.794931999941774], [-95.13921799972829, 29.79497699962574], [-95.13914499993335, 29.792537999896684], [-95.1406200003922, 29.79252699995025], [-95.1419929998455, 29.796125000016858], [-95.14216100007499, 29.79804300017572], [-95.14253500016882, 29.798039000344478], [-95.14256600013096, 29.79880200013637], [-95.14219500041018, 29.79880200013637], [-95.142886999623, 29.814011000298727], [-95.14431799970092, 29.81473299965664], [-95.15083399968287, 29.812257000300825], [-95.15038299959616, 29.81143800000032], [-95.15238799978445, 29.81103900030186], [-95.15236100002028, 29.810307999722745], [-95.15362200021887, 29.810272000193834], [-95.15364700033324, 29.81122499967959], [-95.1586710001379, 29.809779000360884], [-95.15979699971899, 29.809019000243126], [-95.16000000010857, 29.80960899966683], [-95.16130800016286, 29.809268999750163], [-95.1608319999618, 29.808307999931394], [-95.16117799956821, 29.80769800028579], [-95.16198799968011, 29.80769199994878], [-95.16199199987807, 29.80488099968285], [-95.1613800001329, 29.80486199963826], [-95.16087100031986, 29.80286300017699], [-95.16170700037104, 29.80285000037692], [-95.16196299956576, 29.80165700019997], [-95.161663999815, 29.796457999777136], [-95.16267499976837, 29.796337000362314], [-95.16215500008468, 29.7942700000521], [-95.16011899993427, 29.7944459998826], [-95.16070599956511, 29.79360700026343], [-95.15923199982946, 29.790644999675923], [-95.15669799973666, 29.790844000136314], [-95.15709100009707, 29.790114999786763], [-95.15478200013516, 29.789149999768394], [-95.15214400028529, 29.788845999938342], [-95.1517009996962, 29.78921900003975], [-95.15148399996121, 29.788850000137003], [-95.15109300014898, 29.789253999888114], [-95.15108399992813, 29.788854000335487], [-95.15027299999132, 29.788851000381502], [-95.14311099992898, 29.788943999692048], [-95.14311699977677, 29.789281000141393], [-95.14243999973425, 29.789288999724185], [-95.14243300006154, 29.788949000130373], [-95.1413319996965, 29.788956999739643], [-95.14134299956717, 29.789301000266544], [-95.14116799966499, 29.788962000177317], [-95.14076900035512, 29.78930700014741], [-95.13981100010521, 29.789317000207856], [-95.13980199988438, 29.78897200027229], [-95.13387099988344, 29.78903900018107], [-95.13386599986057, 29.78938200018693], [-95.13272500021085, 29.789059000354644], [-95.13254199991277, 29.789395999637144], [-95.13285800028025, 29.788496000257393], [-95.13421599966493, 29.788879000208212], [-95.13370900040005, 29.788261999623156], [-95.13419300009872, 29.787863999733435], [-95.13440599963573, 29.788873999766388], [-95.1359179999045, 29.78886799985955], [-95.1359799998288, 29.78841499961996], [-95.13641599984689, 29.788411000183576], [-95.13610700005039, 29.7888630001968], [-95.14361399989423, 29.788777000189413], [-95.1435970001758, 29.787500000023666], [-95.14410099996594, 29.787488000044956], [-95.14379800001726, 29.788771000276814], [-95.14575399980171, 29.788455000212423], [-95.14934599970354, 29.7887300003445], [-95.14932200031242, 29.786242999894757], [-95.14982299972952, 29.786241999624128], [-95.14955300029109, 29.788723000183243], [-95.16013999985067, 29.789007999670353], [-95.15768000027603, 29.782465999628343], [-95.15214299956206, 29.781100999811287], [-95.15243200016539, 29.780476000118192], [-95.15244300003603, 29.78090999972523], [-95.15812700016477, 29.782309000214447], [-95.15807699993606, 29.78082099970765], [-95.15611000028095, 29.78080699983787], [-95.15521599960512, 29.78025600017731], [-95.15679700036918, 29.777547000135975], [-95.15765299961355, 29.777733999756943], [-95.15495399966429, 29.77356699995598], [-95.15356500031749, 29.77220700018122], [-95.15230999996665, 29.772205999770414], [-95.14612399969758, 29.773282000176742], [-95.12308099993429, 29.778885999697316], [-95.10681100007089, 29.785496000012234], [-95.0952389995989, 29.78927899966088], [-95.08941499972808, 29.791026999755996], [-95.08258900012473, 29.791865999956723], [-95.07098900006365, 29.795790000357137], [-95.06771900037712, 29.795710000342314], [-95.06104500021142, 29.79288100038418], [-95.06782800015706, 29.79571199991469], [-95.07107699992721, 29.795740000160457], [-95.08257999990391, 29.791841000050564], [-95.08940600040556, 29.79100100019678], [-95.09522899955316, 29.789253999888114], [-95.10678699978143, 29.785474000129533], [-95.12370400044843, 29.77868400015574], [-95.14761500004995, 29.772937000343898], [-95.15997499999422, 29.771317000187445], [-95.16692600016935, 29.76758000024446], [-95.18129499960155, 29.767099999611883], [-95.18145199996037, 29.77019500018609], [-95.18220299962275, 29.77017799987673], [-95.18223000028524, 29.76720300034111], [-95.18903300032238, 29.767081000192604], [-95.18846599988471, 29.76492599974564], [-95.1888530003973, 29.76385299995935], [-95.19117800025273, 29.761746000053716], [-95.19221599997027, 29.759409999643434], [-95.19138800031502, 29.757306000013564], [-95.19391900003477, 29.75792499981705], [-95.2076360004371, 29.757737999867516], [-95.20444299984514, 29.76055599973921], [-95.20398400026085, 29.760039000352997], [-95.20304699992731, 29.7604529999747], [-95.20207699998183, 29.759936000057067], [-95.2016159998494, 29.759062000319187], [-95.2018069996451, 29.75801000003323], [-95.2005539998424, 29.75912800020323], [-95.20354800024273, 29.76163099999471], [-95.20573699965571, 29.762162999614958], [-95.21028299960949, 29.758079999698428], [-95.20961099958986, 29.74172700007775], [-95.20827999996935, 29.743504000140078], [-95.20398000006287, 29.74682899962833], [-95.19255200042925, 29.75128600015034], [-95.18774799983431, 29.752416999789], [-95.18494599995293, 29.752501000169495], [-95.18122299963152, 29.74911800030573], [-95.18084900043603, 29.749453000126568], [-95.18258599993739, 29.751032999800294], [-95.181142000339, 29.752347000068077], [-95.18124400044623, 29.752721000238303], [-95.17297400034617, 29.753779000339797], [-95.16593399958427, 29.752859000240566], [-95.16133300027721, 29.75120599967401], [-95.15230900014173, 29.74529899966302], [-95.15024500040222, 29.743186000152498], [-95.13967200018803, 29.74274000025147], [-95.1330590001217, 29.741151999835992], [-95.12827399979335, 29.740999000183493], [-95.1182169999632, 29.745351999784067], [-95.11049000001134, 29.747224999816446], [-95.10763799990121, 29.75122399992322], [-95.1047840001413, 29.754152999846177], [-95.09961800004642, 29.757088999996306], [-95.0982449996948, 29.760640000316737], [-95.09606600032757, 29.76424800024191], [-95.09093299984464, 29.768067000182977], [-95.08474599975065, 29.76995599983803], [-95.07865999993902, 29.769870999619126], [-95.07266799983871, 29.767881000120834], [-95.06551400017231, 29.763694000006176], [-95.06281100002509, 29.761363000036706], [-95.0579889998868, 29.75526700017001], [-95.05573799965123, 29.748633000036737], [-95.05392599980681, 29.745301000242016], [-95.05198000006806, 29.742987000154944], [-95.0488369997048, 29.74060999999027], [-95.04225200012588, 29.73802900009796], [-95.03017699968866, 29.736830999934284], [-95.02306700040319, 29.73509000025033], [-95.016112999855, 29.73000500034172], [-95.0142480003071, 29.72781000022274], [-95.01356600024172, 29.725802000244038], [-95.01369500011316, 29.71281799976336], [-95.01349099989866, 29.710742000036976], [-95.01263700030414, 29.70951199982455], [-95.0242010003802, 29.700303999892043], [-95.02694600036018, 29.70389600017977], [-95.02867500036393, 29.707856999842686], [-95.02953099960828, 29.713416999872837], [-95.0290460000847, 29.719658999838476], [-95.03024700000887, 29.72194700025153], [-95.03276699985796, 29.723171000292194], [-95.0469849996774, 29.724960999651824], [-95.05321100012945, 29.727170000032913], [-95.05806000003192, 29.72968100012607], [-95.06270600044311, 29.733246000352374], [-95.06653599999632, 29.73751399992158], [-95.0707389998184, 29.744807000307425], [-95.07212899988846, 29.749079000242208], [-95.0745120003685, 29.752339999703327], [-95.08181400017293, 29.75643999982157], [-95.08370999968295, 29.755757999867754], [-95.08511700036975, 29.75197899983972], [-95.08741000043811, 29.748702000145773], [-95.09048000010812, 29.746050000176734], [-95.0946119997851, 29.74375099972154], [-95.09658699983616, 29.740331999715732], [-95.10025400008105, 29.73710499984831], [-95.11308699985332, 29.73231100018615], [-95.12040499955125, 29.7283629997796], [-95.12432399969123, 29.727368000130397], [-95.13140999958557, 29.7269810002846], [-95.13594200019395, 29.727771999747734], [-95.14026600038987, 29.729395000298954], [-95.15036099985487, 29.728916000188896], [-95.15513500031258, 29.72965500024637], [-95.15979199969613, 29.731845999649494], [-95.1650359996088, 29.736343000328983], [-95.17272199955278, 29.740201000062733], [-95.17795100029517, 29.739166000068387], [-95.18518199995445, 29.73863999986565], [-95.19711699975129, 29.73457799982351], [-95.19941800021557, 29.731786999985918], [-95.20155499975002, 29.726783000203564], [-95.20352999980108, 29.723654000204373], [-95.20702999964139, 29.720853000086382], [-95.20966699966634, 29.719406000059617], [-95.21317900010054, 29.718134999939746], [-95.2166539998265, 29.71756199979442], [-95.22069299961706, 29.71745900033505], [-95.22621100006445, 29.7183250001331], [-95.22609100041385, 29.709950000303134], [-95.22821000040494, 29.70977300004051], [-95.2280880002062, 29.690563000102628], [-95.23454200026389, 29.690491000037206], [-95.22413700027917, 29.675877000068006], [-95.22842299994196, 29.675783999686164], [-95.22824800003978, 29.669822999660635], [-95.23413100036014, 29.669741000073667], [-95.23635599975813, 29.670353000042486], [-95.24947200028595, 29.6703419999598], [-95.24916799961402, 29.65221299970727], [-95.21651699955913, 29.652775999738086], [-95.2164580000079, 29.651009999829483], [-95.2079739996476, 29.650979999652677], [-95.20778799987475, 29.64385400018928], [-95.19978399991346, 29.644005000019106], [-95.19262699987401, 29.634566999693185], [-95.19278599988267, 29.631370000182486], [-95.19081800040263, 29.631404999656954], [-95.19078300024253, 29.63024999964636], [-95.14273500018534, 29.631220999874145], [-95.13915199960604, 29.633197999991758], [-95.12237600030267, 29.633477000284465], [-95.12236000040915, 29.629713999613312], [-95.12087900010249, 29.626505000199547], [-95.11822000033624, 29.62403699972545], [-95.11415300005827, 29.622465999810597], [-95.11331199998422, 29.60754300022594], [-95.10811300027737, 29.607784999652615], [-95.10758199982473, 29.599628000014448], [-95.10686399977432, 29.59628100027146], [-95.10524899957339, 29.592954999650747], [-95.1025399995784, 29.589742999732685], [-95.10250899961626, 29.585770000318586], [-95.10355999975259, 29.583363000230445], [-95.10210000026068, 29.582165999882022], [-95.10181900005327, 29.580624999940863], [-95.10114100018583, 29.57990399965829], [-95.09782000044568, 29.57968200022029], [-95.09659299968395, 29.57905200021215], [-95.0957790002724, 29.57928600011616], [-95.09337300022611, 29.578142999856013], [-95.09414200033014, 29.576743999904398], [-95.08110399962013, 29.57138799986719], [-95.07838100027976, 29.560911999842332], [-95.07684399989664, 29.55933299976492], [-95.07503000040236, 29.55849600000677], [-95.07597799970821, 29.556816999731065], [-95.07818700011101, 29.555183999983075], [-95.10253899975349, 29.54721300018618], [-95.10412200016738, 29.549280999902294], [-95.10569800001026, 29.549472000334255], [-95.10629100038719, 29.55069100034849], [-95.10724100024119, 29.550855000208458], [-95.10906700032933, 29.550263999926752], [-95.10943399985213, 29.55109300009421], [-95.1086000003491, 29.55163799988823], [-95.11254899972799, 29.55280199985805], [-95.11528000036257, 29.552615999949246], [-95.12168099981848, 29.55077299992103], [-95.12518300020693, 29.550596999784638], [-95.12811499978469, 29.549073999979832], [-95.13347099985036, 29.554806000174423], [-95.1401969998946, 29.54202600001429], [-95.1424079999472, 29.542066000231436], [-95.14535600031678, 29.544965000050794], [-95.14608199986479, 29.544455999722828], [-95.14381800010872, 29.541906999626313], [-95.14409299957002, 29.53956600000853], [-95.14509199982783, 29.539200000338614], [-95.14497300000214, 29.53880200018039], [-95.1435560001679, 29.539123999946316], [-95.14244200028239, 29.538686999903813], [-95.1437519999865, 29.536549999721082], [-95.144104000339, 29.534268999832136], [-95.1431119997539, 29.531125000166615], [-95.14099699996076, 29.52823000023501], [-95.14420600044625, 29.52592099990302], [-95.1428659997066, 29.52447599968572], [-95.1539119997488, 29.523340999634616], [-95.15412400035922, 29.530579999990405], [-95.15883599999434, 29.53453999986146], [-95.16129499974407, 29.532263000220514], [-95.16090099955876, 29.53192700034446], [-95.16129899994203, 29.53155700010144], [-95.16162600018018, 29.531853999767844], [-95.16240899962959, 29.530302000106072], [-95.16258699990482, 29.52858100020766], [-95.16192599975582, 29.523861000377643], [-95.15687900038496, 29.524390000107733], [-95.15667299962232, 29.523006000371055], [-95.16444200030527, 29.52218999988245], [-95.16596600026962, 29.523486999734313], [-95.16212900014543, 29.52429000003388], [-95.16243399974394, 29.526477000320785], [-95.16286899993713, 29.526429000005976], [-95.16284499964767, 29.529118999943943], [-95.16456500032892, 29.529469000258345], [-95.15986299984124, 29.53378800015195], [-95.1609879995974, 29.534708999936097], [-95.16150399998145, 29.53422700035096], [-95.16343800002461, 29.535802000221032], [-95.16268200033937, 29.536509000036048], [-95.15966700002265, 29.5339729998788], [-95.15921500011103, 29.534389000263484], [-95.15998199966693, 29.53502500001611], [-95.15971399987832, 29.535272999990845], [-95.16489599986673, 29.539597000111897], [-95.16201000031973, 29.54228199972399], [-95.21008400031617, 29.58217099968132], [-95.2114309998302, 29.58098199981276], [-95.21232200013296, 29.581708000029682], [-95.21147799968587, 29.582459000201933], [-95.21207600008566, 29.58285700026329], [-95.21284299964155, 29.58229200021719], [-95.21374900001292, 29.583420000376567], [-95.21487600031723, 29.582290000299864], [-95.21546200012317, 29.582778999990218], [-95.21640000028158, 29.58200300003974], [-95.2159290001034, 29.58159400011526], [-95.21655400026738, 29.581024000174214], [-95.21707399995107, 29.581197999699878], [-95.21662899971214, 29.580821000348557], [-95.21746800013636, 29.580062999842486], [-95.21808200042969, 29.580787999664825], [-95.21507299996073, 29.58353900030371], [-95.21764100038871, 29.58564999997194], [-95.21644700013725, 29.586734999871666], [-95.21381900033313, 29.58455300010957], [-95.2133740000942, 29.58496099982895], [-95.21442400040563, 29.585835000056203], [-95.21253399984506, 29.58759199961238], [-95.21132899972295, 29.586921000223253], [-95.20457500008962, 29.592847999702904], [-95.20395199957547, 29.595001999752373], [-95.20349499964098, 29.595075999842066], [-95.20352399995329, 29.596648999758784], [-95.20580600015101, 29.598557000018303], [-95.20799700011213, 29.596536999955052], [-95.21060200035004, 29.59730399998441], [-95.21334700033002, 29.594779999938716], [-95.21369700013439, 29.595061999850355], [-95.22457099974915, 29.585041999772276], [-95.22336399997721, 29.584044000035192], [-95.22544000031058, 29.58215400036272], [-95.23499900019836, 29.59005200037937], [-95.23346500018827, 29.591452999956424], [-95.23423900031517, 29.592244000132027], [-95.23291700001718, 29.59343599964985], [-95.23204400015611, 29.592752000390426], [-95.22896799974001, 29.595556999883012], [-95.22933299961299, 29.595844999693266], [-95.22900000042536, 29.596153999616792], [-95.2283550001699, 29.59673100028941], [-95.22787200029613, 29.59655999965986], [-95.23493399990105, 29.602564000036985], [-95.23787399987471, 29.599872999824253], [-95.2436750001793, 29.59976200026151], [-95.24628999956462, 29.60198499961975], [-95.24911499991056, 29.599393999634046], [-95.24810300013229, 29.59857500027628], [-95.24937299965343, 29.597405000258437], [-95.24042300003612, 29.590147999917438], [-95.23967800022153, 29.590827000275276], [-95.23818199984628, 29.58957299964334], [-95.23894799957726, 29.588915000319584], [-95.23752999991811, 29.587760000105686], [-95.24426900038115, 29.581543000296872], [-95.24412299989295, 29.58339999986301], [-95.2454639995592, 29.583704999842954], [-95.2436619997605, 29.585417999834537], [-95.24302099970302, 29.585028999882198], [-95.24093799969691, 29.58596999979811], [-95.23902600029336, 29.587850000059593], [-95.24057100017411, 29.588340999948343], [-95.23948300022786, 29.589337000377025], [-95.24089000001634, 29.590483999924757], [-95.24156299986089, 29.589847000197587], [-95.24342900013201, 29.591178999857686], [-95.24264699960919, 29.59190900038119], [-95.2433799997282, 29.592501999620318], [-95.24398700034884, 29.591934000086237], [-95.24536300017517, 29.5930429999535], [-95.25408000016401, 29.585026000087574], [-95.26029200037235, 29.589882999912877], [-95.26103700018692, 29.590822999997812], [-95.2611629996853, 29.59253899980776], [-95.26191500007089, 29.59334599999172], [-95.26645299962873, 29.594654000354897], [-95.26804100006548, 29.593834000161266], [-95.27021299976003, 29.594722000125056], [-95.27196699987815, 29.594313000196134], [-95.27281600034813, 29.59507800028707], [-95.27366300026996, 29.59438799984886], [-95.27492000027061, 29.595204999953054], [-95.27665799959688, 29.59485400019125], [-95.27743000007395, 29.596129000176358], [-95.27883299966449, 29.595447999913954], [-95.28010300008391, 29.59544499964796], [-95.2825729997043, 29.597682000050124], [-95.28489699973481, 29.59795899986223], [-95.28568900030338, 29.59764900019382], [-95.28802800040249, 29.598331000237593], [-95.29067200010014, 29.59753399973437], [-95.292576999831, 29.59773099991152], [-95.29368800024177, 29.596480000188546], [-95.29610699980853, 29.59617399994574], [-95.29859499987059, 29.59703800021723], [-95.29971499960388, 29.59612199986331], [-95.30209200023616, 29.595498999735], [-95.30864800040108, 29.594916000044364], [-95.30974899986781, 29.595037000139307], [-95.31470200042567, 29.598008000370168], [-95.31801800014297, 29.597891999734948], [-95.31932500037233, 29.598343999976063], [-95.32229700013306, 29.59666400012757], [-95.32542299987955, 29.59804599990284], [-95.32832600004329, 29.598132999868426], [-95.33011699997132, 29.599047000340384], [-95.33193999968641, 29.5990590001941], [-95.33378599986604, 29.59799400000435], [-95.33505600028548, 29.596295999913846], [-95.3372539999193, 29.595130999957977], [-95.33742100032387, 29.593860000014388], [-95.34060399997178, 29.593440999671902], [-95.34077700022414, 29.59242799998599], [-95.34167100000164, 29.592120000228046], [-95.34440500011098, 29.589093999757967], [-95.34425699997296, 29.587275999879605], [-95.34588600041762, 29.586320000081695], [-95.34627800005478, 29.585580999629883], [-95.34819000035664, 29.585831000361992], [-95.34911400027136, 29.58652600031501], [-95.35190699993193, 29.585455000276056], [-95.35224099984278, 29.595330999629734], [-95.35531100041108, 29.6057050001135], [-95.35542900041186, 29.612194999864794], [-95.38022600029326, 29.61230200037407], [-95.38010699956928, 29.599577999725085], [-95.42501600035946, 29.59909600031983], [-95.42557899970086, 29.599232999864913], [-95.4224060000987, 29.606346000116442], [-95.42782900011153, 29.60628899964525], [-95.42807299961068, 29.604483000341155], [-95.42977900004823, 29.60446900009308], [-95.42968799981163, 29.606270999983018], [-95.44651300041711, 29.606088000110574], [-95.44621999961585, 29.581327000366805], [-95.49360499987421, 29.58021299996358], [-95.50660599987599, 29.580313000180894], [-95.50658199958653, 29.57917199981002], [-95.5131410001245, 29.578760000152144], [-95.51302599959847, 29.574279000361596], [-95.50554100039425, 29.574416000007364], [-95.50546299967813, 29.572325000150567], [-95.51999699986509, 29.571990999970346], [-95.52043299988317, 29.59137199969115], [-95.50873499991282, 29.591495999733358], [-95.50880299968487, 29.61196299985946], [-95.50916900028109, 29.614830000116488], [-95.50991400009568, 29.614634999818655], [-95.50997400037011, 29.620352999957266], [-95.51318100030748, 29.6218370002748], [-95.51369599996828, 29.621428999785113], [-95.51967299999998, 29.626350000249847], [-95.50817400022125, 29.630748000264923], [-95.50827799997833, 29.641525000209967], [-95.52112099979635, 29.641368999796807], [-95.52107499976559, 29.637935000236013], [-95.52862400034053, 29.637853999836484], [-95.52859900022617, 29.635764999809876], [-95.53661599970793, 29.64253500034005], [-95.5383170001226, 29.640942999839726], [-95.55259600004143, 29.640743000092236], [-95.55272200043812, 29.648272000311426], [-95.56562299998247, 29.64800900025488], [-95.57846999999842, 29.652000999915256], [-95.59710099970225, 29.660471000364254], [-95.6192020000075, 29.661985999644404], [-95.61918699993888, 29.660851999891197], [-95.62301300019242, 29.660797999695646], [-95.62300300014668, 29.66002499992093], [-95.62397700029013, 29.66001200033338], [-95.62399400000857, 29.66128099976454], [-95.62577900008883, 29.661062999813687], [-95.62581900027179, 29.662621000201362], [-95.62396300004642, 29.66208499998266], [-95.6239470001529, 29.6614450001753], [-95.62302200041326, 29.661465000035765], [-95.62327299958511, 29.670497999954883], [-95.62051699973448, 29.67054999989943], [-95.62057000033624, 29.672031999895836], [-95.61719000014652, 29.672053999690192], [-95.61569799996923, 29.671410999741692], [-95.61444500016653, 29.675286000206338], [-95.61514800014832, 29.675286000206338], [-95.6162109999802, 29.67254400003587], [-95.61786600036412, 29.672524000036645], [-95.61674200043286, 29.675482999765695], [-95.60979000043282, 29.675598000225445], [-95.6086060002271, 29.67876400036543], [-95.61233299984812, 29.679861999974047], [-95.61546500034072, 29.6796739999266], [-95.61546399961749, 29.68091599969872], [-95.60823999963088, 29.679698999708272], [-95.61220300015178, 29.68090100016816], [-95.61221499984735, 29.681295000310552], [-95.61221700039549, 29.68207000000657], [-95.61056100018666, 29.682076000061436], [-95.61056100018666, 29.68104700023857], [-95.60830900012617, 29.680423000271585], [-95.6084389998225, 29.68876399984196], [-95.61420300031719, 29.688404000358243], [-95.61427699993703, 29.68279900015316], [-95.61228699981736, 29.682832999952794], [-95.61227900031976, 29.68206900025752], [-95.6142669998913, 29.682038000228022], [-95.61367199986454, 29.681164000093872], [-95.61503699982023, 29.6812109996372], [-95.61503799964514, 29.681611000208154], [-95.61442599989995, 29.68161299971534], [-95.61447600012866, 29.683908000335617], [-95.61525799975315, 29.68390600009371], [-95.61525799975315, 29.684531000016502], [-95.61446500025801, 29.684541000383273], [-95.61453899987785, 29.6884120001873], [-95.61960600023853, 29.68840799988264], [-95.6195960001928, 29.687512999894746], [-95.62240399992197, 29.687510000029654], [-95.62235500041649, 29.68936900022088], [-95.6197650002472, 29.68937600029682], [-95.61976900044515, 29.690122000355455], [-95.61771499985306, 29.690123999693323], [-95.61769399993666, 29.68934799999013], [-95.61437599967124, 29.689360000011078], [-95.61433600038659, 29.68865200022747], [-95.60843999964743, 29.689030000084454], [-95.60846399993687, 29.692291999890134], [-95.61978100014072, 29.69224399963766], [-95.6199920000279, 29.712556999660613], [-95.64178700001139, 29.710836000299945], [-95.64159500039078, 29.707822999927636], [-95.63955000001951, 29.707047000389974], [-95.6401900002521, 29.704982999662867], [-95.63831800013321, 29.7050080001708], [-95.63832499980592, 29.704200000204562], [-95.63735800023348, 29.70420700002747], [-95.63734999983757, 29.703521999775077], [-95.637915999552, 29.703380999611483], [-95.63795599973497, 29.70225599996509], [-95.64028499978835, 29.702233999758302], [-95.6417600002472, 29.700945000049774], [-95.64175100002637, 29.699489000167194], [-95.64006100038068, 29.6993499997389], [-95.64173099993491, 29.69929000012333], [-95.6416670003608, 29.695545999888154], [-95.63960100007314, 29.69533699976513], [-95.6416759996833, 29.695322000045735], [-95.64160700008634, 29.69309900001846], [-95.63810100039825, 29.693116999767547], [-95.64160899973616, 29.692931000383762], [-95.6415910001928, 29.692087000179974], [-95.63441400006185, 29.69214000031261], [-95.63434399974166, 29.690057999672145], [-95.64068999984431, 29.689931000195266], [-95.64167900005634, 29.68971000012064], [-95.6416820004294, 29.688672999823254], [-95.64342399995364, 29.688674999970356], [-95.64337299990001, 29.68496999988388], [-95.64213799964067, 29.684966999942834], [-95.64213000014308, 29.68417599961936], [-95.64336899970206, 29.683987000105596], [-95.6421050000287, 29.683926999900706], [-95.64227599973293, 29.68162100008498], [-95.64017099998554, 29.681675000026964], [-95.63860099999044, 29.67924300012256], [-95.64194099999719, 29.677436000249305], [-95.64185200030872, 29.6754180000924], [-95.64231300044116, 29.67541000000965], [-95.64229699964933, 29.67473000001393], [-95.6431750004316, 29.674717999807477], [-95.64314199992134, 29.67368199999606], [-95.64155900040576, 29.673428000087124], [-95.64148300023778, 29.670843000090276], [-95.64210800040176, 29.670836000284783], [-95.64223899992302, 29.668154999937414], [-95.642026000386, 29.66476200007519], [-95.64115400034981, 29.664752000082846], [-95.64136199986396, 29.66238199963233], [-95.64325300024942, 29.662579000269833], [-95.64250900025975, 29.66231500018747], [-95.64276600017769, 29.661465000035765], [-95.64351199981719, 29.661624000385185], [-95.6451959996151, 29.65786900009545], [-95.64887999957843, 29.653224999630933], [-95.6480669999918, 29.652814999738684], [-95.64982500030787, 29.649345999987887], [-95.6486870001329, 29.64875899992881], [-95.64898900025668, 29.64715000018684], [-95.64960799967457, 29.64687499991669], [-95.64973300024637, 29.644407999800478], [-95.65159299977137, 29.644394999757157], [-95.65117699984475, 29.648985999912], [-95.65005200008859, 29.65174399975642], [-95.6519750002611, 29.651698999816], [-95.65200899969798, 29.654069999776265], [-95.64949399987177, 29.653378000305167], [-95.64592600025938, 29.657782000179186], [-95.64412000026273, 29.661505999698242], [-95.64485500003158, 29.662704000070153], [-95.64376899973513, 29.662844000380215], [-95.64488299962066, 29.66300400005003], [-95.6446039999614, 29.66427699969403], [-95.64359300000804, 29.664202999682928], [-95.64352799971071, 29.66652500011843], [-95.64440999979266, 29.66651700010873], [-95.64446599986914, 29.668180000241342], [-95.65250699964037, 29.668165000371953], [-95.65262800001419, 29.671043000124577], [-95.65056000007671, 29.67104499984192], [-95.65042700000731, 29.668326000050122], [-95.64449500018145, 29.668398000380304], [-95.64463499992355, 29.673276999917018], [-95.64370099996309, 29.673276000080595], [-95.64374100014605, 29.674725999945277], [-95.6450969998809, 29.67467700006671], [-95.64505900024606, 29.67692800002374], [-95.64913300019674, 29.67609499991251], [-95.65288599975703, 29.676891000386345], [-95.65641499990967, 29.67699999965868], [-95.65621800026616, 29.678008999850807], [-95.6554459997891, 29.678000000184717], [-95.65562599971416, 29.67726400022061], [-95.64950100044275, 29.676385999945825], [-95.64498399990299, 29.677192999791767], [-95.64487299957493, 29.68495500017783], [-95.64394500036055, 29.684969000163687], [-95.64395399968306, 29.68612200027743], [-95.6458070004337, 29.686448999710674], [-95.64579700038796, 29.684952999956696], [-95.64733999972056, 29.684941999910446], [-95.64733600042092, 29.686907000347794], [-95.64395500040631, 29.68692699982705], [-95.6439849996452, 29.68823800005345], [-95.6513629996176, 29.68813000016864], [-95.65137100001353, 29.687538000068045], [-95.6520670003226, 29.68753099986407], [-95.65213099989671, 29.691947000004376], [-95.65148099961839, 29.69194600035357], [-95.65143999961049, 29.690153000232833], [-95.64741099986566, 29.6902330002246], [-95.64696700034997, 29.69199300031769], [-95.6448850001688, 29.6920110002649], [-95.64491899960566, 29.693897000104627], [-95.64552000037853, 29.693888000300372], [-95.64553399972391, 29.69487099999759], [-95.64536200019478, 29.695442999695157], [-95.6440819997296, 29.695501000036533], [-95.64417200014127, 29.70048399993546], [-95.64513000039119, 29.700474999940973], [-95.64562199958745, 29.702953999767995], [-95.64621099976641, 29.702842999907972], [-95.65032400007514, 29.700895000126103], [-95.65650000029846, 29.699064000105096], [-95.6560090000288, 29.698629000061405], [-95.65640999988679, 29.698024000035034], [-95.65741199961933, 29.69878400027504], [-95.66180500031054, 29.698401999749844], [-95.66784599991634, 29.699968000248386], [-95.67031899990977, 29.69994600032079], [-95.67031399988689, 29.70093799999953], [-95.67327300012712, 29.700681000046874], [-95.67323299994415, 29.69990100009917], [-95.67450599983832, 29.699908999793195], [-95.67451800043222, 29.700697000090422], [-95.6693079999564, 29.701241999613803], [-95.66522499978491, 29.700341999841342], [-95.6646690001162, 29.70153100029599], [-95.66318799980958, 29.701025000031873], [-95.66359200004061, 29.699799000042344], [-95.65890799999458, 29.6995900001838], [-95.65511899955096, 29.70064599969882], [-95.65560200032301, 29.701839000226524], [-95.65308800032172, 29.702627999752814], [-95.65261899979335, 29.70141200006985], [-95.65105399982112, 29.701872000274502], [-95.65136799964046, 29.70271800007336], [-95.64617899997938, 29.7047530003157], [-95.64635700025461, 29.70550500033179], [-95.64426900022565, 29.705873999692418], [-95.64537600043847, 29.70602300024467], [-95.6453999998296, 29.708291999713087], [-95.64755900000368, 29.71047600032661], [-95.6443140004315, 29.71073300018144], [-95.64431799973114, 29.71227299986315], [-95.64576700025073, 29.712258999780932], [-95.64581300028148, 29.713701999769516], [-95.64581800030436, 29.71416700012251], [-95.64443699955683, 29.71416700012251], [-95.64444400012783, 29.71510899989417], [-95.6523209998675, 29.715029999630012], [-95.65233500011124, 29.717667000278244], [-95.65383599961102, 29.71767399994248], [-95.65387800034213, 29.718489000314634], [-95.6560860000217, 29.71798500002578], [-95.66018300043689, 29.71603900023561], [-95.66055699963239, 29.715111999715322], [-95.66160000027112, 29.715646000002373], [-95.66103200000855, 29.71592000003759], [-95.6610420000543, 29.71685799979156], [-95.66024199998812, 29.71677199961684], [-95.66025799988165, 29.717270000241736], [-95.65899900023116, 29.716895000315823], [-95.65504999995399, 29.718608999973288], [-95.6499059996004, 29.718997999661706], [-95.64995800037727, 29.724448999799552], [-95.6528480001222, 29.724390999794796], [-95.65284300009932, 29.72529699991485], [-95.65239399966245, 29.725301999629345], [-95.65241299992901, 29.72809299967422], [-95.65897099974377, 29.72799799989777], [-95.66064000037139, 29.726935999697673], [-95.66061899955668, 29.725359999887683], [-95.6620000003042, 29.72580699993338], [-95.66638600042441, 29.723014000031696], [-95.66637600037866, 29.72187299979345], [-95.66691600015383, 29.721727999897393], [-95.66666099988569, 29.712705999658915], [-95.66617800001195, 29.711686999879444], [-95.66698999977368, 29.711305000056388], [-95.66677899988646, 29.709256000224183], [-95.67020400028203, 29.709094999784593], [-95.67094599972356, 29.709770000059798], [-95.6665980001365, 29.7118220002455], [-95.66694600029106, 29.721122000028135], [-95.66756200023421, 29.722277999819227], [-95.6701520004035, 29.72061500004137], [-95.67014499983249, 29.719783000274294], [-95.67157799956024, 29.719273000068085], [-95.67171200035285, 29.719889000147884], [-95.69100300038076, 29.707410000224403], [-95.68802999989681, 29.707653999674445], [-95.68797700019338, 29.706518000272276], [-95.68754399965002, 29.706325000277452], [-95.68797299999542, 29.706290000335635], [-95.68792699996467, 29.703014999856823], [-95.68549199960607, 29.703380000074453], [-95.6851560000454, 29.70080099992136], [-95.6831840003674, 29.700731999640396], [-95.68317900034454, 29.70040899969647], [-95.68459100015589, 29.70047899976522], [-95.68729099993004, 29.698027000366572], [-95.68793700001041, 29.697957999740733], [-95.68782599968233, 29.695413000285807], [-95.6872199997849, 29.69367400012115], [-95.68222799976732, 29.688753000212806], [-95.67976700036778, 29.68989100008711], [-95.67954200023686, 29.68861000024233], [-95.6806159999394, 29.688137000330876], [-95.68036700041739, 29.687463000309993], [-95.68107399969882, 29.687191000072755], [-95.68020199966263, 29.68468399989995], [-95.67991299995764, 29.677452999886736], [-95.67896399992857, 29.677462000382302], [-95.67894300001217, 29.676712999831217], [-95.68005900044582, 29.676692999880693], [-95.68014599958614, 29.680384999813256], [-95.68098900020831, 29.680011999851004], [-95.68101099994963, 29.68119300009699], [-95.68020400021078, 29.681200999719604], [-95.68037099971704, 29.684809000320502], [-95.68121400033921, 29.68714100032774], [-95.68191899997082, 29.68686899999946], [-95.68281600012138, 29.688429999995595], [-95.68237599990532, 29.688711999952858], [-95.68495699985378, 29.69126599984058], [-95.6856129999799, 29.69165200036134], [-95.68635699996956, 29.69073299990066], [-95.68691600001131, 29.690928999962743], [-95.68689199972187, 29.68883099961438], [-95.6862470003647, 29.68883799972779], [-95.6862409996186, 29.68836200026939], [-95.68680600040645, 29.688355999809332], [-95.68679299998766, 29.68752799999946], [-95.68794899970597, 29.68750599968904], [-95.68793399963735, 29.686131999705488], [-95.68702700033938, 29.686139999715458], [-95.68684400004129, 29.68532700003166], [-95.68432099981914, 29.686418999957354], [-95.68390499989255, 29.685840000076485], [-95.68720100041666, 29.683926000170135], [-95.68510599981668, 29.683549000361843], [-95.68631400031185, 29.674316000257424], [-95.69314199956503, 29.67414100009105], [-95.69064400035558, 29.675868000211008], [-95.6878869997817, 29.67642400035469], [-95.68771699990239, 29.678776999870777], [-95.68940300024843, 29.678780999778315], [-95.68942599981466, 29.68211499962915], [-95.69041699967653, 29.682733000004202], [-95.6906040001726, 29.683969000282005], [-95.71238800028542, 29.68349299961554], [-95.71231100029253, 29.67994799975396], [-95.71524000039554, 29.679908000355564], [-95.71527300000749, 29.683438999869747], [-95.69252399997205, 29.68409400003088], [-95.69268399980564, 29.687757000071368], [-95.68809500019414, 29.687772000139656], [-95.6882180002178, 29.707284999832027], [-95.71564399972826, 29.704788000012822], [-95.71570599965253, 29.706993000038143], [-95.72722899972071, 29.706784999827466], [-95.75107599974812, 29.70459600011955], [-95.75401499989687, 29.702342000088798], [-95.75398700030779, 29.700754999739328], [-95.75676400007484, 29.70052800033056], [-95.75672999973963, 29.698337999658715], [-95.76005100037814, 29.698174000116833], [-95.75997600003505, 29.694173999842842], [-95.75539900011914, 29.69452000029113], [-95.75521900019409, 29.690035000245775], [-95.76279399980997, 29.689429000298595], [-95.76285300025953, 29.692192999636962], [-95.76649200001701, 29.691857999830262], [-95.76630700006908, 29.689633999968603], [-95.7681819996627, 29.689067999615688], [-95.76695999982213, 29.68314499996446], [-95.76536100041305, 29.680933000308652], [-95.75769600038548, 29.675938000204603], [-95.75318300004366, 29.67615199990489], [-95.75130699972682, 29.675090999897932], [-95.74719500014132, 29.671482000350668], [-95.74300999986256, 29.669080999897627], [-95.74230299968283, 29.66765800003636], [-95.74217700018444, 29.6645849998304], [-95.73631899997844, 29.664666999717916], [-95.73631099958251, 29.663118999948225], [-95.73352700014277, 29.662910000313875], [-95.73354999970898, 29.661044999789468], [-95.72603299981942, 29.66048399989244], [-95.72600400040541, 29.664813999862943], [-95.71498799960214, 29.66505200019988], [-95.71476699966921, 29.65741499987496], [-95.7177460000009, 29.65899500007586], [-95.72099999979393, 29.65975600030797], [-95.73361699965615, 29.660762000329782], [-95.73368399960329, 29.658677000183822], [-95.73627899979546, 29.658839000195492], [-95.73810200040886, 29.6545409998625], [-95.73703299983086, 29.654013999788436], [-95.73794599987494, 29.6527729996173], [-95.73853900025188, 29.65284500014921], [-95.73830499990014, 29.654658000108935], [-95.73670599959271, 29.657932000203214], [-95.73861899971948, 29.65790299973724], [-95.73868400001683, 29.66117800036939], [-95.74077100022087, 29.66171499990751], [-95.74132400041482, 29.659402999820482], [-95.74399099967869, 29.660630999904903], [-95.74770399995433, 29.664494999705582], [-95.74827399986674, 29.66448299983899], [-95.74830499982887, 29.666286000238344], [-95.74734800030218, 29.667070999859465], [-95.75033900032948, 29.669989999802485], [-95.75588700001576, 29.674398000016563], [-95.7662519998175, 29.680483999991402], [-95.7673790001218, 29.682174000387196], [-95.76791600042223, 29.685929999828094], [-95.77564699967374, 29.688890000332112], [-95.77869100030279, 29.699837000182693], [-95.7826070000697, 29.699524000138123], [-95.78247599965013, 29.698348000212096], [-95.78963199986468, 29.697802000220776], [-95.7914639998006, 29.69662799963314], [-95.79260100015065, 29.698677000384702], [-95.79298000026735, 29.69865300022592], [-95.79236500014912, 29.697077999997642], [-95.79114199958532, 29.696053999658936], [-95.79247800012702, 29.694992999810662], [-95.79998099977288, 29.69807599978699], [-95.81287800001758, 29.697015999824387], [-95.81255400015246, 29.68273900001957], [-95.81443499959389, 29.682702999922217], [-95.81448399999768, 29.685769000241617], [-95.81302000030779, 29.68575999970936], [-95.81315599985192, 29.692309000136653], [-95.81650900027745, 29.692777999789296], [-95.81588400011347, 29.694645999806607], [-95.81682700029478, 29.69513299964388], [-95.81685999990673, 29.69668600007068], [-95.84591700040998, 29.69428200025501], [-95.8460810004415, 29.70632700007313], [-95.84487399977124, 29.70607499975699], [-95.84487700014428, 29.703946999701454], [-95.8459120003871, 29.704006000125602], [-95.84580899955661, 29.69484099963704], [-95.83667800018932, 29.69560099976616], [-95.83671699964908, 29.69707499963777], [-95.83224199984042, 29.697595999673084], [-95.82802599959953, 29.696318000116936], [-95.8277340004198, 29.69943099978731], [-95.82653900034342, 29.699197999914855], [-95.82623399984658, 29.696463999640734], [-95.81782300017952, 29.69715300038266], [-95.814028999713, 29.71131999972964], [-95.81391800028325, 29.713091999715058], [-95.814429999571, 29.71474999984251], [-95.81752699990349, 29.714123999671862], [-95.81961099973451, 29.71428000036621], [-95.82407700022065, 29.71624199983485], [-95.82583100033877, 29.716510999651415], [-95.83175700031684, 29.715475000039937], [-95.83159999995799, 29.713733000172116], [-95.83022800032961, 29.710476999792995], [-95.83071299985319, 29.708660000271827], [-95.83009899955988, 29.705809000167733], [-95.83111700008423, 29.70579499996448], [-95.83109799981767, 29.70710399999301], [-95.8303889999881, 29.707202000097187], [-95.83096999977116, 29.70870100019339], [-95.83042699962294, 29.710537999993523], [-95.83180099979946, 29.713755000200383], [-95.83194700028763, 29.715611000188918], [-95.82557500024572, 29.716635000075353], [-95.82293700039587, 29.715998000189877], [-95.81975200019981, 29.71441700000091], [-95.81598500039581, 29.71455599986056], [-95.81654799973721, 29.71593099981264], [-95.81556600009615, 29.71672400014042], [-95.81685300023403, 29.719035000177307], [-95.8170979995581, 29.723881999713814], [-95.81905800043886, 29.726406999848844], [-95.82017200032438, 29.725373000384803], [-95.82111999963023, 29.725978000235838], [-95.8196600001383, 29.72727200036833], [-95.81901099968488, 29.726704999851588], [-95.81056900005568, 29.734218999991867], [-95.81413699966805, 29.73686600014724], [-95.81178800042149, 29.738983000075027], [-95.80834399975937, 29.73606599991868], [-95.80878700034847, 29.73567500010158], [-95.8079169999621, 29.734907999843415], [-95.80922099981844, 29.7348459996294], [-95.81048200001703, 29.734146000014466], [-95.81880499982056, 29.726541999920485], [-95.8168299997695, 29.723806999788657], [-95.81671199976871, 29.719479999996146], [-95.81505800010804, 29.716435999679362], [-95.81432900018697, 29.716819999850493], [-95.81379000023672, 29.716136000010774], [-95.8125349998859, 29.716928000097145], [-95.81199000008786, 29.716361999839215], [-95.81064699987348, 29.719540000031177], [-95.80941099978922, 29.71845799982038], [-95.79997999994795, 29.726875000100677], [-95.79921900023986, 29.726233000008662], [-95.80042500018688, 29.725123999810837], [-95.80106000039663, 29.725614000355122], [-95.81140500010686, 29.716611999712587], [-95.80667500003007, 29.712502999931306], [-95.80610599994259, 29.712995000119495], [-95.80510099983701, 29.712595999880506], [-95.8045850003513, 29.7130459997014], [-95.80419000034108, 29.712701000097173], [-95.80492000008704, 29.712061999754457], [-95.80379399960763, 29.710936999828707], [-95.80481299995691, 29.710597999911627], [-95.81155700044283, 29.716489999633698], [-95.81260000018322, 29.715635999611074], [-95.81537899960009, 29.705674999814477], [-95.81479699999213, 29.702459000120683], [-95.81380000028247, 29.702774999792517], [-95.81282899961376, 29.70097799961118], [-95.81034700029782, 29.701394999803103], [-95.80930700003215, 29.700843999835033], [-95.80835999965288, 29.70163699993278], [-95.80756600033283, 29.70094800029408], [-95.80849600009533, 29.700137000170162], [-95.8082619997436, 29.697932000227716], [-95.80640600041656, 29.698090999875557], [-95.80647699966335, 29.69872200037433], [-95.80510800040801, 29.698855000277966], [-95.80542200022738, 29.699800999967913], [-95.80042400036199, 29.70313699992323], [-95.79981799956627, 29.704589000323754], [-95.80028600026972, 29.705305999722665], [-95.80019500003313, 29.706698000102968], [-95.79885799966652, 29.705565000136158], [-95.80069499962532, 29.702560000272083], [-95.80429999994593, 29.70030199997642], [-95.80368400000278, 29.699597000327934], [-95.80354199971256, 29.698335000116728], [-95.79147100037162, 29.69932100029328], [-95.79287499978705, 29.700525999639098], [-95.79214500004109, 29.70117099973746], [-95.79126100030933, 29.70124400029095], [-95.79116699969968, 29.70035499967697], [-95.79030800008229, 29.700428000043253], [-95.790246000158, 29.69987900015684], [-95.78841199967395, 29.70002499996754], [-95.78847199994841, 29.700573999836255], [-95.78773800000448, 29.70063099999178], [-95.7878230003933, 29.701689999709245], [-95.78548799959383, 29.701876000043125], [-95.78639999981299, 29.70481900004657], [-95.78857300023074, 29.70671899982811], [-95.78792700015036, 29.707647000091782], [-95.78748000026162, 29.707258000113832], [-95.78815200028127, 29.70665700014391], [-95.78618300007798, 29.70477100031749], [-95.7853670001183, 29.702331999933037], [-95.78432299965468, 29.702423999611934], [-95.78427400014918, 29.701985999860362], [-95.77927799993361, 29.702412000371048], [-95.7788469999384, 29.7052940000458], [-95.77712499960734, 29.707394999967065], [-95.77654499964919, 29.706900999863027], [-95.77488400031581, 29.71175800012351], [-95.77794700031312, 29.712834000213892], [-95.77934400005586, 29.71405399975162], [-95.77797200042747, 29.715813999873447], [-95.77624099987558, 29.714817000227765], [-95.77381700028594, 29.714377000280653], [-95.77634200015791, 29.715068000248742], [-95.77841299957014, 29.716468999611582], [-95.77700099975878, 29.717689000224514], [-95.77331699979544, 29.71689400013313], [-95.77334500028284, 29.73081300011561], [-95.77353000023078, 29.733711999874995], [-95.77617899995128, 29.73403200028551], [-95.7781449997815, 29.735277000324412], [-95.77957300038472, 29.73694600036516], [-95.77839099982882, 29.7386409998316], [-95.78089200030965, 29.73995500026986], [-95.77892499975621, 29.742514999702518], [-95.77656899993865, 29.74379100021228], [-95.77429000011398, 29.74415199992209], [-95.76866399971153, 29.74398800034897], [-95.76830999970923, 29.74627599970277], [-95.76666299972122, 29.745763000330836], [-95.76664699982771, 29.744176000122483], [-95.76851499974863, 29.74415700025678], [-95.76777099975897, 29.741240999995448], [-95.76412000030592, 29.736538000302655], [-95.76146900003727, 29.736571999851204], [-95.76145999981642, 29.73459199991258], [-95.75651200017975, 29.734562999725895], [-95.75581300039592, 29.73609799964469], [-95.75499099969014, 29.735677000092593], [-95.75251100002401, 29.738189000174724], [-95.75394399975177, 29.740874000283885], [-95.7530669996927, 29.740753999952965], [-95.75311199989855, 29.742185999682707], [-95.75123099955883, 29.742217999795997], [-95.75129300038144, 29.74034799967947], [-95.75228500006821, 29.73821200027205], [-95.7543549996555, 29.73624999976404], [-95.75546100004343, 29.734355999709823], [-95.75191699982217, 29.733860999669076], [-95.74886899989347, 29.73435399969254], [-95.74074399955838, 29.739084000138213], [-95.73875000013906, 29.73935200038443], [-95.73738900038134, 29.738534000300497], [-95.73712499989239, 29.737473000069528], [-95.7417660002807, 29.736763000221195], [-95.7428159996938, 29.7379660002804], [-95.74797400029108, 29.734513000164334], [-95.7527079996675, 29.733728000114795], [-95.75285199960756, 29.73189699979342], [-95.75353600022109, 29.731923999905025], [-95.75352199997737, 29.73080199963141], [-95.7546559999544, 29.730790999926064], [-95.75464799955847, 29.729967999970366], [-95.75566000023504, 29.729961999655824], [-95.7555790000442, 29.72564400010376], [-95.75462499999226, 29.723172999752272], [-95.75133500021423, 29.72054000001512], [-95.75006200032004, 29.721640999859172], [-95.749509999951, 29.721246000216773], [-95.75008599971117, 29.720612999750163], [-95.74774999998509, 29.7189599997506], [-95.74837400032415, 29.718289000304708], [-95.75417399990555, 29.722422999700807], [-95.75532499960097, 29.724115000039063], [-95.75575099957334, 29.725953000269122], [-95.7558190002437, 29.73181700022903], [-95.75783799977737, 29.731801999718556], [-95.75784600017329, 29.73240799983517], [-95.75582300044167, 29.732422000227096], [-95.7556500001893, 29.734234000140944], [-95.76376899977832, 29.73440700013785], [-95.76387599990844, 29.733164000262573], [-95.76698900013447, 29.733142999829287], [-95.76711700018099, 29.73215300015494], [-95.76513399973402, 29.73072700019812], [-95.76731999967225, 29.72754200034267], [-95.76747500038127, 29.72288399972946], [-95.76754300015334, 29.727377000054634], [-95.76557899997293, 29.730470000050694], [-95.77013199959941, 29.73361399991075], [-95.76992800028322, 29.733227999995965], [-95.77063899976261, 29.73246199977601], [-95.77101799987928, 29.732814000267386], [-95.7722360004202, 29.732660000350627], [-95.77224800011577, 29.717874999790364], [-95.77274199986019, 29.71415499994414], [-95.76655200029147, 29.713151999667343], [-95.76658800027649, 29.71408799989727], [-95.76488699986182, 29.715335999892282], [-95.76428199978932, 29.713553999905006], [-95.76650100023784, 29.712953999610775], [-95.76954800034162, 29.713226999752294], [-95.76957900030375, 29.712061999754457], [-95.77065700020427, 29.711762000278608], [-95.77339499961325, 29.712419999828402], [-95.7750309997306, 29.708890000033772], [-95.77553799989379, 29.70608099993902], [-95.77321399986329, 29.704097999831664], [-95.72725999968284, 29.708111999618563], [-95.72729999986582, 29.71409499981113], [-95.73827099956495, 29.714068999794325], [-95.73826399989225, 29.71553200031981], [-95.73948800028094, 29.715338999706702], [-95.7414280001719, 29.716861000340625], [-95.74150299961666, 29.718330000194875], [-95.74354600033809, 29.717841000147104], [-95.74251399957002, 29.72098400004078], [-95.74086599975709, 29.720986999686353], [-95.74018600023986, 29.723029000295753], [-95.74088500002367, 29.72395500013839], [-95.74269000019542, 29.72376400034717], [-95.74385400030965, 29.72324900027062], [-95.74318200029002, 29.722452000276068], [-95.74394600037117, 29.72165799981877], [-95.74493899988286, 29.72165600032844], [-95.74690300006326, 29.724374999626125], [-95.74591700022427, 29.726368999622547], [-95.74555800019905, 29.72406499995125], [-95.74205699963552, 29.72590300031698], [-95.7403720000127, 29.72794199974927], [-95.7381969999451, 29.725913999778083], [-95.73711599967154, 29.72591700005642], [-95.73581099999032, 29.727340000274303], [-95.73076700009418, 29.735873999787987], [-95.72936600015348, 29.735063000210797], [-95.72663000039432, 29.73923299975229], [-95.72733500002592, 29.74204599994427], [-95.72533300021068, 29.74367200016793], [-95.72638699982176, 29.745126999636426], [-95.72219099967234, 29.74508800036028], [-95.71814699985892, 29.747986000230192], [-95.71533999995464, 29.7488580001156], [-95.71115899987386, 29.752163000122806], [-95.71074299994726, 29.753250999945422], [-95.70939499970999, 29.753965000064397], [-95.71025900024858, 29.758938000088655], [-95.70934000035673, 29.75833499973633], [-95.70886599980547, 29.756164000129388], [-95.70761600037582, 29.756749000253453], [-95.70708300027336, 29.757772000026055], [-95.70416699969083, 29.75858800037123], [-95.70251399985506, 29.76149499984952], [-95.70177800026131, 29.76149300037357], [-95.70176499984252, 29.76267800028715], [-95.69956700020872, 29.762698000267445], [-95.69840700029243, 29.76349200023631], [-95.6976010003785, 29.765092000337265], [-95.69508499982904, 29.767658999670022], [-95.69470700043557, 29.769411999686177], [-95.69573199973432, 29.772447000244966], [-95.69805199956689, 29.772690999798222], [-95.69777200008271, 29.77431100034255], [-95.69309200023464, 29.774203000289784], [-95.68967900043296, 29.773045000202394], [-95.6876130001453, 29.77353000006602], [-95.68675899965247, 29.77487900026238], [-95.68348399994305, 29.777554000299023], [-95.68252700041637, 29.7812759998683], [-95.68828000014207, 29.781277999729063], [-95.68825400020282, 29.77746700035406], [-95.69157400011807, 29.777443000329093], [-95.69189600033336, 29.77824699998456], [-95.68841099966333, 29.778599999894407], [-95.68841200038656, 29.781182000129622], [-95.69269999969916, 29.781204000175943], [-95.69271800014081, 29.7831569997985], [-95.69813399958265, 29.78318799978234], [-95.69812299971198, 29.782041999756867], [-95.70000099967866, 29.78204300006948], [-95.70000800024967, 29.782965000212766], [-95.7019249996761, 29.782945999904836], [-95.70192800004914, 29.783327000220698], [-95.70725200032776, 29.783345999676655], [-95.70726099965027, 29.78470300012193], [-95.71147900043931, 29.784609999989634], [-95.71146600002052, 29.782513000075436], [-95.71259599979957, 29.78232700033357], [-95.71256400001252, 29.77639299964709], [-95.71565999962176, 29.775522000366472], [-95.7187440004338, 29.775316999917013], [-95.71800600029191, 29.775048999925023], [-95.71800700011683, 29.77384300005254], [-95.71876299980205, 29.7738339996207], [-95.71843399991408, 29.76922099991833], [-95.71570900002558, 29.764286999861554], [-95.71461699988136, 29.76447400006642], [-95.71460000016295, 29.76324599988945], [-95.71359800043041, 29.763256000213282], [-95.71357300031605, 29.762291999963676], [-95.71493400007377, 29.762291999963676], [-95.71613099979997, 29.762558000321636], [-95.71630499987725, 29.765090000153283], [-95.7186180000371, 29.768855000162063], [-95.7190749999716, 29.770883000330624], [-95.72037499962995, 29.77087599970128], [-95.7203920002467, 29.77381200029433], [-95.71907999999445, 29.7738319996112], [-95.71914299974365, 29.781817999658845], [-95.7217079997986, 29.781854000070375], [-95.72174200013376, 29.783127000106767], [-95.72759899961656, 29.78335899967168], [-95.72819600019145, 29.781345000109646], [-95.73235499963262, 29.78349100012514], [-95.73450200011114, 29.78193600009318], [-95.73449899973807, 29.78136700012009], [-95.73560299957785, 29.781362999622353], [-95.7354290003989, 29.776217999632582], [-95.72321599986941, 29.775897000178876], [-95.72269899966045, 29.775807000008896], [-95.72302900027167, 29.77457400037373], [-95.72555999999142, 29.774729000228696], [-95.7255380002501, 29.775835999959888], [-95.7293190002978, 29.775897999773143], [-95.72990000008085, 29.773891999877154], [-95.73034600014469, 29.774049000013115], [-95.7299450002867, 29.775277000312844], [-95.73044700042703, 29.775868000245552], [-95.73337200033205, 29.775778000049517], [-95.73323000004186, 29.774465999824834], [-95.73392999965057, 29.774149999831458], [-95.73295200020752, 29.772456000021766], [-95.7343809997373, 29.77244300017068], [-95.73438499993526, 29.772865999738116], [-95.75083300007388, 29.772736999749704], [-95.74950599975303, 29.770070000045777], [-95.74868999979334, 29.77048099982044], [-95.74779000016805, 29.7692250001213], [-95.74818000015541, 29.7690960001221], [-95.74816400026188, 29.766934000008085], [-95.75141399985692, 29.76689100034303], [-95.75138500044292, 29.765580000371102], [-95.75054699984362, 29.765478999709046], [-95.75052000007945, 29.763295000219056], [-95.74704199998044, 29.75860500030776], [-95.75153000020788, 29.75861699984836], [-95.75133000019134, 29.746471999748877], [-95.7531579999293, 29.746349000210422], [-95.7532270004246, 29.751168000263814], [-95.7516089998506, 29.751183000217424], [-95.75159200013216, 29.753480999667435], [-95.75163099959192, 29.754702999796343], [-95.7532569996635, 29.75450700024531], [-95.75330000021953, 29.758421999921886], [-95.75930099964236, 29.758779000134588], [-95.759423999666, 29.759326000374312], [-95.75330199986934, 29.75895700027232], [-95.75336999964141, 29.764065000024285], [-95.75161899989634, 29.764053000356274], [-95.75162200026939, 29.764425000313356], [-95.75273199995696, 29.764406000386767], [-95.75274799985047, 29.765891999773373], [-95.75344499998448, 29.766624999792228], [-95.7527770001628, 29.766978000117746], [-95.75278899985837, 29.76791099970144], [-95.75351199993163, 29.771728000303533], [-95.75280300010206, 29.772279999735176], [-95.75158100026152, 29.772059999721733], [-95.75152799965976, 29.77275299999902], [-95.75251900041992, 29.77275000034238], [-95.75252600009263, 29.77370900012323], [-95.75845299989561, 29.774095999732786], [-95.75826700012279, 29.774717000278635], [-95.75464900028169, 29.77455399964549], [-95.75420800024072, 29.776756999976357], [-95.75329500019667, 29.776762000243707], [-95.75345000000736, 29.782276999648168], [-95.75528799979107, 29.782585000385787], [-95.75570799991563, 29.7840469998174], [-95.76122700018792, 29.784017999905576], [-95.76351600005833, 29.78356700014189], [-95.76376600030359, 29.784209000299438], [-95.76846600024315, 29.784467000179443], [-95.7684629998701, 29.782748999946385], [-95.77179100018127, 29.782719000132392], [-95.77198199997699, 29.778826999649475], [-95.77374000029306, 29.777982000316722], [-95.77377200008011, 29.777306000238617], [-95.77630299979985, 29.77571899972983], [-95.77392000021811, 29.77299300031389], [-95.77285999986096, 29.770677999742528], [-95.77628000023364, 29.769634000150845], [-95.7757000002755, 29.76311100009855], [-95.77531000028817, 29.76346099961406], [-95.77261999966144, 29.76193199980876], [-95.77261800001162, 29.759942999891273], [-95.77219799988706, 29.759706000331555], [-95.77544599983229, 29.75679700007605], [-95.780184000305, 29.756689999643914], [-95.78306800020216, 29.75799799964008], [-95.78970800003266, 29.76381499988558], [-95.79648000010766, 29.757782000116396], [-95.79347900003462, 29.755216000212826], [-95.79753600026686, 29.75166000037975], [-95.79671899958396, 29.7509429999102], [-95.79791100018556, 29.74988899970675], [-95.79655899975037, 29.748720999930093], [-95.79469900022535, 29.750394000234724], [-95.79356199987531, 29.749432999842732], [-95.79558600033016, 29.747602999884133], [-95.79699700031661, 29.7488099996108], [-95.79791200001048, 29.74804999986436], [-95.79971299998428, 29.749580999820722], [-95.80035200039195, 29.74902200030206], [-95.79520300001552, 29.74482999966684], [-95.79370499999044, 29.74619200034565], [-95.79097199970602, 29.74390499976847], [-95.79224899979816, 29.74273200007078], [-95.80065399961744, 29.749037999659116], [-95.79977300025872, 29.749821000269097], [-95.80085100015924, 29.75073799985892], [-95.79995499983362, 29.751547000119732], [-95.80119000009296, 29.752596000134375], [-95.80013200028392, 29.753547000107297], [-95.79809799978334, 29.75136800024084], [-95.7937369997775, 29.75519099973503], [-95.79674700007133, 29.75777400035613], [-95.78962299964385, 29.7641279998173], [-95.78267300019193, 29.758075000058167], [-95.77900099992418, 29.756783999752717], [-95.779086000313, 29.760128000122176], [-95.77662199964209, 29.762292999693713], [-95.77691899974302, 29.7687329996862], [-95.77714600042204, 29.76958999964822], [-95.77869799997548, 29.76922300001983], [-95.77930200022307, 29.7719400000778], [-95.7824740000003, 29.771935000349437], [-95.78246700032763, 29.775031999659813], [-95.78019600000056, 29.77506200021752], [-95.78024399968113, 29.777937000009253], [-95.78168300015498, 29.77746999986947], [-95.78498999965144, 29.777595999707685], [-95.78499700022246, 29.78000799979199], [-95.7892390004026, 29.77999100036867], [-95.78925500029614, 29.780897999736247], [-95.79859700044894, 29.78083900009431], [-95.79860800031958, 29.77819200018468], [-95.80045399960089, 29.778208000342246], [-95.8004400002555, 29.775664999697504], [-95.79855100041817, 29.775677999910105], [-95.79854200019736, 29.774555999640565], [-95.79333799956932, 29.77455900002284], [-95.7933290002468, 29.77362100033982], [-95.79272900019718, 29.773566000338445], [-95.792730999847, 29.774816999818245], [-95.79209099961439, 29.774822000182475], [-95.7921109997059, 29.777241999796395], [-95.78934200033477, 29.777260999627355], [-95.78933999978663, 29.774149999831458], [-95.78837800023707, 29.773843999667303], [-95.78837300021422, 29.772669000220795], [-95.78797400000605, 29.772514000296578], [-95.787978000204, 29.77352499963729], [-95.78659099960869, 29.773095999661866], [-95.78659200033191, 29.77359399976164], [-95.78500999974291, 29.773599999804134], [-95.7849570000395, 29.769050000058026], [-95.78770899969217, 29.770628999904975], [-95.78885199989, 29.76961600008936], [-95.78931999969515, 29.770020000257926], [-95.78826500025917, 29.770949999868908], [-95.78795300008964, 29.770769999913792], [-95.78795999976234, 29.77231200037734], [-95.78839300030569, 29.77248999986427], [-95.78838200043504, 29.77101700014215], [-95.79207100042123, 29.77323399967452], [-95.79292599984066, 29.772477999645986], [-95.79365700030986, 29.77309700006384], [-95.79492900037913, 29.771991999733245], [-95.79293099986354, 29.77031199985164], [-95.79414100000854, 29.76984799976772], [-95.79519600034283, 29.770105000350306], [-95.79464999982157, 29.77124399993168], [-95.79495100012043, 29.771724000200454], [-95.79536200002417, 29.7713699998058], [-95.79592799973862, 29.771683000304755], [-95.79510900030418, 29.77223900006701], [-95.7954060004051, 29.77351700035433], [-95.80161199986733, 29.77349700019474], [-95.8017480003098, 29.784193999832663], [-95.80112300014582, 29.784190999739092], [-95.80096499996206, 29.783610999961077], [-95.80000199968927, 29.78426200011147], [-95.8014250002696, 29.784955999650478], [-95.80139299958424, 29.785867000354273], [-95.7851069998273, 29.78590799990001], [-95.78513000029183, 29.788483999618464], [-95.78787799974656, 29.788490999796437], [-95.78790100021112, 29.79203800004619], [-95.78515600023111, 29.792106999885693], [-95.78513500031471, 29.79393400022494], [-95.78400299998752, 29.794056999812323], [-95.77737599967749, 29.79874499964602], [-95.77654100034955, 29.798739999697183], [-95.77471699991122, 29.801739000368215], [-95.77702900024616, 29.80175700011098], [-95.77718599970669, 29.799225999947325], [-95.77887700007562, 29.80172699975843], [-95.78420300000407, 29.80172699975843], [-95.78419499960816, 29.80097400012268], [-95.78670899960946, 29.800894000355257], [-95.78671299980742, 29.801704000209558], [-95.79948000035577, 29.801508999992357], [-95.79983699983283, 29.797690000229945], [-95.80181600008184, 29.7976519997442], [-95.80183600017334, 29.80171600004264], [-95.80300100011247, 29.801707999894216], [-95.80300699996027, 29.804525000216795], [-95.80232200042013, 29.804095999798726], [-95.80177900027194, 29.80270700012611], [-95.8010539996505, 29.802712999982653], [-95.80104000030512, 29.801802999958483], [-95.77473899965254, 29.80206799970197], [-95.77342200027576, 29.80948999986645], [-95.77714999972169, 29.809469999879564], [-95.77715399991965, 29.81704899992373], [-95.7733560001535, 29.817077999614884], [-95.77340600038221, 29.823825000209496], [-95.77230500001717, 29.8244660001072], [-95.76630000039638, 29.824495999872834], [-95.76596800013536, 29.82496500007776], [-95.77253099997299, 29.824932000022365], [-95.77341700025288, 29.824292999776336], [-95.77348199965189, 29.831493000082162], [-95.74789700029818, 29.831637000282914], [-95.7479120003668, 29.832809999675195], [-95.74025700038497, 29.83288199963174], [-95.74024700033924, 29.831891999967027], [-95.73729399994679, 29.831342999976993], [-95.7024810002431, 29.83101400033451], [-95.70285299978877, 29.845207999915075], [-95.70077599963047, 29.845225999623008], [-95.70078200037656, 29.846471000245632], [-95.70616600003133, 29.846490999841055], [-95.70351700031081, 29.848246000167105], [-95.70576599999825, 29.849055999683173], [-95.70864900007051, 29.848742000081245], [-95.71169799982411, 29.849287999801835], [-95.71744499970204, 29.852057999667018], [-95.71802700020831, 29.847942999660745], [-95.71712800040795, 29.84716999962461], [-95.71571900007133, 29.847180000132], [-95.71571300022353, 29.84627600008437], [-95.71918299992662, 29.845793999734028], [-95.71890599991718, 29.84912400027085], [-95.72218800019762, 29.849127999616503], [-95.7186110003644, 29.85199600031344], [-95.71851000008206, 29.853180999691062], [-95.7115830001964, 29.850051999995614], [-95.70853899956732, 29.849481000258894], [-95.70570999992175, 29.8497759997965], [-95.70336599979976, 29.84895499991647], [-95.70130999955785, 29.84886500003055], [-95.69716000033752, 29.84671900024422], [-95.69543299998358, 29.84658899998248], [-95.69542600031089, 29.845095000073098], [-95.70241000009798, 29.845002999679757], [-95.70216999989847, 29.831012999732323], [-95.67507199955276, 29.831032000262407], [-95.67507499992581, 29.832351999905704], [-95.67371300034317, 29.832339999852845], [-95.6737009997493, 29.831234999917736], [-95.67150300011548, 29.83177499982602], [-95.6714970002677, 29.831225000151633], [-95.66638700024932, 29.83116099991069], [-95.66635200008922, 29.83377800020549], [-95.66240700000998, 29.833775000040436], [-95.66239699996424, 29.83123800015905], [-95.66011099956856, 29.831871999786127], [-95.65777800021552, 29.833696999613398], [-95.65778400006332, 29.835344000042745], [-95.65537600036721, 29.835078999658492], [-95.6544819996914, 29.83535800007289], [-95.65448699971428, 29.83632099966446], [-95.65043100020527, 29.83641000017688], [-95.65040899956564, 29.83513599969756], [-95.65229800030129, 29.83513599969756], [-95.65231400019483, 29.83555999973296], [-95.65698399999717, 29.833969999672618], [-95.65874200031323, 29.832510000076972], [-95.65872399987155, 29.830570000047], [-95.65556299996497, 29.830576999617513], [-95.65557899985848, 29.83247600036702], [-95.653474999936, 29.83249000001977], [-95.65347699958582, 29.830584999794002], [-95.64975400016276, 29.830601999972206], [-95.64973900009414, 29.82931099984821], [-95.64795800021186, 29.82931400014736], [-95.64797699958011, 29.830615000060664], [-95.64581199955826, 29.830637000146574], [-95.64581599975622, 29.831237000338355], [-95.64674600041704, 29.831237000338355], [-95.64676499978529, 29.832803000261116], [-95.64786699997525, 29.832804999871122], [-95.6478700003483, 29.83381300004654], [-95.64883299972277, 29.83381399984145], [-95.64886200003508, 29.835867000282082], [-95.64872800014078, 29.83781499991335], [-95.64689700002977, 29.837814000158527], [-95.64680499996827, 29.842791999982847], [-95.64572899971758, 29.842836000240965], [-95.64574200013637, 29.843578000363653], [-95.64959799962884, 29.843558999882156], [-95.64962000026847, 29.845709999729078], [-95.65527799955962, 29.846001999701745], [-95.65462399998164, 29.847757999706946], [-95.65463300020245, 29.85040600011655], [-95.65262200016639, 29.850496999799567], [-95.65258700000629, 29.848878000079683], [-95.6544180001173, 29.848858999827467], [-95.65505999999974, 29.84613199994856], [-95.64963299978892, 29.84588699985183], [-95.64963500033706, 29.8464069996433], [-95.64827500040427, 29.84642299979776], [-95.64830499964316, 29.8488360002145], [-95.64713999970402, 29.848847000199417], [-95.64680499996827, 29.852065999681336], [-95.64562300031069, 29.852057999667018], [-95.6451959996151, 29.85682799961458], [-95.64633700016311, 29.856896999925876], [-95.64696599962676, 29.858786000284375], [-95.64640800030824, 29.85945799992468], [-95.64776800024104, 29.86055999986105], [-95.64941799970379, 29.86112600016447], [-95.64942899957444, 29.8619229996582], [-95.65033599977072, 29.86191700024004], [-95.65029200028809, 29.862839000088094], [-95.64709399967327, 29.866677999678654], [-95.64779300035539, 29.867486999736432], [-95.65131900013499, 29.867434999876057], [-95.65130900008924, 29.866834999826345], [-95.65365599968597, 29.866846000164852], [-95.65366699955663, 29.867443999674062], [-95.65514899968817, 29.867322000265826], [-95.6571070000208, 29.866636000291905], [-95.65652600023775, 29.86540399976907], [-95.65929899980684, 29.864855000159675], [-95.65927700006553, 29.863550000356163], [-95.66325599958164, 29.86360800000008], [-95.66316500024335, 29.865199999977396], [-95.6599239999708, 29.865478000109697], [-95.65555899976701, 29.867496999766434], [-95.64623699970569, 29.867755999959652], [-95.64623800042892, 29.869147000331704], [-95.64773700027891, 29.869143000230203], [-95.64753700026236, 29.87642399985739], [-95.648313999864, 29.877223999856838], [-95.64947499960519, 29.877220000079244], [-95.64978000010201, 29.876306000340634], [-95.65470199979943, 29.87624999980819], [-95.65473899960936, 29.87578800005795], [-95.65802699973757, 29.875371999979308], [-95.65805900042292, 29.87889699968761], [-95.66569900033613, 29.878838000241274], [-95.6656900001153, 29.878144999881076], [-95.66810500038243, 29.878144999881076], [-95.66819599972071, 29.875929999945942], [-95.66917599971192, 29.87295200029727], [-95.66913700025216, 29.86920700027716], [-95.67027899972679, 29.869793999644475], [-95.67106200007451, 29.869483999933877], [-95.67105200002878, 29.86762400013766], [-95.667744999634, 29.868978000382356], [-95.66766299961823, 29.864071999832696], [-95.66929600026084, 29.864076000137562], [-95.66987100019608, 29.86083799967624], [-95.66832499959212, 29.854380999874657], [-95.66822199965996, 29.851766000263858], [-95.66684500000872, 29.851778000320213], [-95.66683499996296, 29.84928900022096], [-95.66158600002741, 29.84899699973154], [-95.66158100000455, 29.85008599995604], [-95.66099000017574, 29.85028200009816], [-95.6610000002215, 29.84882799994136], [-95.67252800031254, 29.848588000019745], [-95.67253199961219, 29.84889100012711], [-95.67391099981158, 29.848598000385117], [-95.67323899979192, 29.848579000079685], [-95.67324700018784, 29.847607999871794], [-95.67529000001097, 29.847641000228883], [-95.67529699968365, 29.848607999970312], [-95.68400299980183, 29.84853599966206], [-95.68400299980183, 29.850189000178084], [-95.68322299982715, 29.85035100025933], [-95.68589500001221, 29.85035500033493], [-95.68587900011869, 29.85118199967452], [-95.68322100017734, 29.85117700001094], [-95.68431599979627, 29.851386999690153], [-95.6843319996898, 29.853371000057997], [-95.68338699985867, 29.85338699987561], [-95.68339600007951, 29.860452000234055], [-95.68342200001878, 29.86408099993409], [-95.68440000036018, 29.864074999866563], [-95.68440799985778, 29.865171999713755], [-95.69165000028605, 29.8649530001908], [-95.69224600013771, 29.864790000173375], [-95.6919499998617, 29.86354299998051], [-95.69990799979225, 29.863501000053205], [-95.69991299981513, 29.86456000000172], [-95.700326000267, 29.864558000248522], [-95.70031799987107, 29.86398200033267], [-95.70285699998674, 29.86400100004345], [-95.70192800004914, 29.864740000215008], [-95.70235700039454, 29.864737000201128], [-95.70329700020278, 29.86397300022241], [-95.70625300006996, 29.86423599973429], [-95.70854699996326, 29.863976999752197], [-95.70848500003896, 29.863227999705305], [-95.71296400004559, 29.863186999925325], [-95.71388999961015, 29.86277400034667], [-95.71387600026476, 29.86159700036484], [-95.71534599980242, 29.86159999969406], [-95.71517900029616, 29.859420999866238], [-95.7184280000663, 29.859224000208656], [-95.71763700022096, 29.85682799961458], [-95.71760700008375, 29.85380999996565], [-95.71860899981627, 29.853176999728692], [-95.71975600021207, 29.853357000215546], [-95.7197729999305, 29.85605299988749], [-95.71860999964117, 29.85609299991009], [-95.71886300025949, 29.85771900027004], [-95.71914899959143, 29.858427000195476], [-95.72159999984356, 29.858422999664246], [-95.72251200006271, 29.860822999798412], [-95.72145300042877, 29.86106900015813], [-95.72166000011802, 29.86663300033503], [-95.72042200038393, 29.866700999854682], [-95.72040099956924, 29.86356400032702], [-95.71839000043147, 29.863575999744008], [-95.7179560000632, 29.861851000383833], [-95.71566999966753, 29.862332000047196], [-95.71118900001107, 29.86429999981281], [-95.71107000018539, 29.86500199978079], [-95.71046599993781, 29.864511000194724], [-95.70676600008095, 29.865213000236253], [-95.70674599998948, 29.86611100023385], [-95.70031899969598, 29.865650999997257], [-95.70031200002329, 29.864826000314874], [-95.69991199999019, 29.864829999810404], [-95.69992100021103, 29.865901000372], [-95.69600200007108, 29.865926999926288], [-95.69599299985023, 29.864855000159675], [-95.69257199965266, 29.864997000030392], [-95.69117200043517, 29.86579200003944], [-95.68988299974914, 29.865752000009042], [-95.6898660000307, 29.865412999750266], [-95.68494599998311, 29.86545799964411], [-95.68466099957777, 29.868066000365634], [-95.68329499979716, 29.8679619996633], [-95.68329800017023, 29.865833000307187], [-95.67459399970187, 29.86587000032526], [-95.67247300006095, 29.866965000208246], [-95.6725259997644, 29.870147999854673], [-95.66948500040672, 29.870198000218778], [-95.66948600023164, 29.87300200003491], [-95.66849299982162, 29.87596700011397], [-95.6683999999352, 29.87804399995364], [-95.68318000016944, 29.878305999630985], [-95.68346499967647, 29.870913000269823], [-95.68410400008416, 29.870913999693254], [-95.68405499968036, 29.872161999869366], [-95.68346899987444, 29.87177899963459], [-95.6834999998366, 29.879763999948686], [-95.70116300014307, 29.879703000007922], [-95.70112600033316, 29.87734699975594], [-95.70357699968696, 29.877338000072434], [-95.70358500008288, 29.87854200002357], [-95.70619699999347, 29.87851800011481], [-95.70620899968904, 29.879638999685234], [-95.7155540002149, 29.87959700030301], [-95.71545100028273, 29.87847700038707], [-95.71936000037695, 29.878452999683663], [-95.71934899960797, 29.876900000213535], [-95.7223849998411, 29.87491299976469], [-95.7229339998371, 29.87564200012682], [-95.72401599993557, 29.87515800027784], [-95.72445699997652, 29.875938999756507], [-95.7255039999149, 29.875698000221707], [-95.72564799985496, 29.87635999976718], [-95.72472399994024, 29.876565000252082], [-95.724990000079, 29.877901999959835], [-95.7256360001594, 29.87846200004548], [-95.72898200001391, 29.87845000008216], [-95.72897699999105, 29.877859999846134], [-95.7351699999328, 29.877833000153128], [-95.73523500023013, 29.87964699982516], [-95.72683899973336, 29.879686999736354], [-95.72714500005512, 29.881742000265543], [-95.72409499957828, 29.882112000015905], [-95.72301300037813, 29.884620999773404], [-95.7195260000583, 29.887867000358156], [-95.71871099992352, 29.889710000139573], [-95.71862899990775, 29.892293000186537], [-95.71736699988423, 29.892306000029215], [-95.71715900037009, 29.88825399967201], [-95.71783800006241, 29.88825399967201], [-95.71963300018842, 29.88605600005912], [-95.72032299975142, 29.88656500033736], [-95.72100900001476, 29.886002999703273], [-95.72049199980582, 29.885524999849967], [-95.72205199975518, 29.88397099984634], [-95.7228290002551, 29.882264999663], [-95.72152000037592, 29.880680000139083], [-95.7158510003158, 29.88072500015609], [-95.71555099984182, 29.87993800009821], [-95.71366399965433, 29.880340999981346], [-95.7133790001473, 29.87993100009354], [-95.71234800010245, 29.87993599987438], [-95.71235099957717, 29.880718000206723], [-95.70984800034483, 29.880941999901093], [-95.70996499962239, 29.879789999784393], [-95.70929799962562, 29.87979400023784], [-95.70930900039458, 29.880366000337947], [-95.70619699999347, 29.880378000070714], [-95.70622200010783, 29.882265999751535], [-95.70347899977766, 29.8822829996977], [-95.70356400016648, 29.89026500006705], [-95.70462500034856, 29.89468400036445], [-95.70636299967481, 29.894645000204186], [-95.70633099988777, 29.89322300023193], [-95.70779799995073, 29.893194000068476], [-95.70781200019442, 29.894477999784506], [-95.73213399969967, 29.894184999957666], [-95.73214299992051, 29.894569999733218], [-95.72578299957416, 29.894759999934013], [-95.71885099966559, 29.8970419996698], [-95.72010099999356, 29.899020999746785], [-95.72308199997511, 29.901688000337476], [-95.7225329999791, 29.902135000097303], [-95.72164599987431, 29.902288000160656], [-95.72013100013079, 29.901358999726067], [-95.71991000019787, 29.899132000200833], [-95.71642200005311, 29.89903799995067], [-95.71649099965008, 29.896719999677256], [-95.70983400010114, 29.894764999749928], [-95.70674900036252, 29.894716999948994], [-95.70678100014956, 29.89663699965559], [-95.70465299993765, 29.896681000313745], [-95.70484399973334, 29.89716000034494], [-95.70378400027451, 29.897537000047738], [-95.70236099969418, 29.895782999884496], [-95.7006440002843, 29.89581399997865], [-95.70062400019282, 29.89479900004928], [-95.7043120003541, 29.894736000035238], [-95.70326799989047, 29.890281000198737], [-95.70346999955683, 29.879982999671164], [-95.70009899958795, 29.879989999672134], [-95.70016100041055, 29.881377999727174], [-95.69735699998101, 29.88181399998353], [-95.69732400036905, 29.880002000228995], [-95.68350300020964, 29.88009599973816], [-95.68360399959366, 29.88698499984032], [-95.68095300022331, 29.887003999842786], [-95.68326399983502, 29.884708999996228], [-95.68323899972067, 29.88371700006785], [-95.68284500043369, 29.884022000361693], [-95.68233700044557, 29.88358500033835], [-95.6832339996978, 29.883173999689685], [-95.68260199986113, 29.88317100023019], [-95.68259299964029, 29.882553999913636], [-95.68322500037529, 29.88229299980211], [-95.68090200016968, 29.88258799970477], [-95.67908100010442, 29.882196999848855], [-95.67905400034024, 29.879097999928774], [-95.67526200042188, 29.879073000033202], [-95.67539600031617, 29.88878500014352], [-95.6761029995976, 29.890241999873187], [-95.67730900044295, 29.891014000363157], [-95.68000699966896, 29.891072999613897], [-95.6828250003422, 29.890487000107367], [-95.6828250003422, 29.88969599994427], [-95.68362000038549, 29.889689999859996], [-95.68369499983025, 29.894522999803883], [-95.69124199985706, 29.89472399969427], [-95.69125199990279, 29.89566899973161], [-95.6873100001966, 29.895931999771566], [-95.68531900025204, 29.89663099998917], [-95.6855490004058, 29.89756499979109], [-95.68411800032786, 29.897764999843123], [-95.68421100021429, 29.898256999960346], [-95.68295099984059, 29.898431999688643], [-95.68218699975942, 29.897236000362657], [-95.6691959998034, 29.89973999992602], [-95.6683430000338, 29.89548200035296], [-95.66945100007155, 29.89545599993678], [-95.66946699996505, 29.89653499982523], [-95.6687930002956, 29.89710399984397], [-95.66950799997294, 29.899323000187543], [-95.6827480003493, 29.896878999919693], [-95.68233099969949, 29.894608999922845], [-95.68339400042967, 29.89456200001194], [-95.68333699962996, 29.89067400029096], [-95.67717300000051, 29.891265000247294], [-95.6754399997988, 29.88965800018313], [-95.67502800007016, 29.87995900010913], [-95.6736940000766, 29.879962999776883], [-95.67369699955134, 29.878977000095606], [-95.6713919997874, 29.878992000359716], [-95.66841800037686, 29.883034000152602], [-95.66837099962288, 29.880023000226494], [-95.66817200032956, 29.88048900025631], [-95.66351599987263, 29.8805160000091], [-95.66349599978115, 29.87919700010794], [-95.66155199969222, 29.87921000010056], [-95.66156299956288, 29.88050699983267], [-95.65834200028014, 29.880543999860436], [-95.65852800005298, 29.879071999912643], [-95.65810999957824, 29.879073000033202], [-95.65811799997415, 29.880543999860436], [-95.65337200000384, 29.88058799983341], [-95.6533610001332, 29.87896099970762], [-95.6507159997123, 29.87894700033959], [-95.64956599984178, 29.879157000000152], [-95.65012700043167, 29.881116999653027], [-95.64527900035411, 29.88342800007257], [-95.64493399967428, 29.884829999883745], [-95.64340300003725, 29.88480599993062], [-95.6439560002312, 29.882523000368867], [-95.64150800035213, 29.8824830000375], [-95.6396549996015, 29.881018999923267], [-95.63904700005428, 29.88152199963683], [-95.63894599977193, 29.884810000182817], [-95.6405910001101, 29.887547999647325], [-95.64260700016904, 29.886255999840312], [-95.64405900016337, 29.886522999978183], [-95.64183300004215, 29.890283000215042], [-95.64317600025652, 29.890981000331383], [-95.64266999991824, 29.891749999790424], [-95.64443800028005, 29.892367000047333], [-95.64243800011464, 29.89349700023172], [-95.64083200013452, 29.892190999804214], [-95.63606500024783, 29.899641999813777], [-95.63697699956867, 29.900745000337576], [-95.63569899965162, 29.902866999632376], [-95.63493999959331, 29.9033739999653], [-95.63371600010295, 29.90289799985885], [-95.63189000001482, 29.905747999971176], [-95.63003899981231, 29.905769999848363], [-95.63005499970585, 29.905142000028], [-95.63087300021368, 29.904330999699678], [-95.62945700020437, 29.902516999872436], [-95.62945999967909, 29.900855999649846], [-95.62823299981567, 29.901523999725853], [-95.62822000029519, 29.900456999777397], [-95.63060100022712, 29.90066999978516], [-95.63315100021342, 29.901815999886495], [-95.63495700021008, 29.89902400028688], [-95.63575100042847, 29.89940999997451], [-95.63597400001123, 29.899060999672134], [-95.63484400023218, 29.89827400029451], [-95.635098999602, 29.89782499970254], [-95.63461400007841, 29.89724100005434], [-95.63631399976985, 29.896298999970174], [-95.63660099982503, 29.89668300020158], [-95.63787500044243, 29.89613199998581], [-95.64061299985143, 29.89187999962817], [-95.63903700000854, 29.88835600018882], [-95.64041299983488, 29.887859000098906], [-95.63890300011424, 29.88530499977957], [-95.63876199964892, 29.8826919999561], [-95.63750200017353, 29.882702000019485], [-95.63746600018852, 29.879018999738953], [-95.64059500030805, 29.87902099998113], [-95.64055199975205, 29.875344000233692], [-95.64231900028895, 29.875320000334295], [-95.64232599996164, 29.87408200009134], [-95.64332000019655, 29.873768999942627], [-95.64329099988426, 29.86777199980814], [-95.64044700017006, 29.868093999817074], [-95.64035699975838, 29.86749399983539], [-95.64384099970516, 29.867480999873784], [-95.64385199957582, 29.86657699982521], [-95.64493100019956, 29.866264999747795], [-95.64489199984149, 29.86288900021995], [-95.64375299984162, 29.86290399978724], [-95.64390299962943, 29.859728999829063], [-95.64489000019168, 29.859425999896004], [-95.64298899976046, 29.85944700032986], [-95.6429279996611, 29.856889999862567], [-95.63911300017651, 29.856649000278342], [-95.63910999980347, 29.855670999721085], [-95.64003500044142, 29.855679999801005], [-95.64002299984755, 29.854496000069723], [-95.63892800022859, 29.854671999834025], [-95.63891900000775, 29.854236999741673], [-95.64013900019847, 29.85420400000661], [-95.64014800041932, 29.85647800028189], [-95.64291199976756, 29.856721000189214], [-95.64289800042219, 29.85532500010347], [-95.64495100029103, 29.85487800005809], [-95.64512100017035, 29.852137999781363], [-95.6439849996452, 29.85216399980472], [-95.64423300024063, 29.849094000108945], [-95.64285999988904, 29.849070000128748], [-95.642639999781, 29.847076999922542], [-95.6420549998, 29.84710499980847], [-95.64217500034891, 29.84619500027703], [-95.64422800021777, 29.846164000342977], [-95.64424499993619, 29.842363999860652], [-95.64347599983218, 29.8423699996748], [-95.64345499991578, 29.841295000211616], [-95.64280899983541, 29.84130499974891], [-95.64278899974391, 29.839688999814644], [-95.64421099960101, 29.839682000103295], [-95.6441470000269, 29.83614500028265], [-95.64096199983086, 29.836138000322965], [-95.64043100027654, 29.8371330003591], [-95.63783500025946, 29.837182000357778], [-95.63781299961984, 29.838010999984235], [-95.6365220001823, 29.838010999984235], [-95.63651999963417, 29.838473000076682], [-95.63172299961023, 29.838750000092485], [-95.63173000018124, 29.840574999725987], [-95.63121700017025, 29.8405790001932], [-95.6312349997136, 29.844268999875204], [-95.63005800007889, 29.84428600006229], [-95.63018699995033, 29.85661300030347], [-95.61877600003515, 29.856701000305772], [-95.61873699967708, 29.855115999719654], [-95.61578900020581, 29.855132999618082], [-95.61009000000848, 29.855979000348782], [-95.60744299993776, 29.857542000088266], [-95.60807499977443, 29.862091999871673], [-95.60893900031303, 29.862083000370006], [-95.60914699982717, 29.86290300028354], [-95.6106769996393, 29.86315800037474], [-95.61068599986012, 29.864418999776603], [-95.60909499994864, 29.864476999694443], [-95.60916600009374, 29.865295999931323], [-95.6083960001648, 29.86539300005061], [-95.60796500016957, 29.863205000286822], [-95.6081710000339, 29.86663999971489], [-95.60606799993634, 29.86664900036362], [-95.60610100044663, 29.863255000235306], [-95.60124300032331, 29.863288000094105], [-95.60118600042189, 29.865144999702515], [-95.59993899956868, 29.865153999707083], [-95.5999479997895, 29.86297200029006], [-95.60784399979576, 29.862905000069908], [-95.6070449995545, 29.857628000158567], [-95.60480199971485, 29.857873000269645], [-95.60480099988993, 29.85634600034395], [-95.60690999983528, 29.856314999666292], [-95.6061990003559, 29.850778999651844], [-95.60265400030976, 29.850832999648727], [-95.60266000015754, 29.853314999897247], [-95.60176600038004, 29.85332699976741], [-95.60175399978615, 29.85056199974494], [-95.60747700027297, 29.85068200013231], [-95.60749900001424, 29.851416000323475], [-95.60640900041818, 29.85144300015332], [-95.60741199997562, 29.857165999870922], [-95.60988699961887, 29.85562000029192], [-95.61577599978702, 29.854703000242825], [-95.61576400009146, 29.853213000163628], [-95.61715699963624, 29.853213000163628], [-95.61709899990993, 29.84894100023387], [-95.60512499975503, 29.842441000045238], [-95.604988000386, 29.841381000251612], [-95.59764200020066, 29.84140400002326], [-95.59769200042938, 29.843104000190422], [-95.58998300002087, 29.843097999641156], [-95.59006099983867, 29.84912400027085], [-95.58882099955645, 29.85019300026017], [-95.57723999976196, 29.840043000050017], [-95.57546599955236, 29.835992999823194], [-95.57546499972746, 29.834182000051765], [-95.57499400044756, 29.83418999993965], [-95.57497699983081, 29.84243099984248], [-95.56997700031559, 29.842451999955475], [-95.56998700036135, 29.837255000040862], [-95.56620899978837, 29.83728799992283], [-95.56617899965116, 29.84510999997672], [-95.56412300030756, 29.845136999953432], [-95.5648160002436, 29.85642600013828], [-95.56422200004175, 29.861371000258313], [-95.56425800002677, 29.866673000012263], [-95.56501700008505, 29.866664000144716], [-95.56501899973486, 29.867250000213012], [-95.56919200031807, 29.867234000280806], [-95.56922999995288, 29.875246000283443], [-95.56734899961316, 29.87801100030225], [-95.57126799975313, 29.880605000065593], [-95.5981459999908, 29.880099000069066], [-95.59812099987644, 29.877824999867673], [-95.60014000030844, 29.87829100004268], [-95.60015500037706, 29.879661999988496], [-95.60687399985028, 29.879330999650964], [-95.607220000355, 29.877918999871], [-95.60601699988273, 29.87793800004322], [-95.60599199976836, 29.87585699972159], [-95.60842100027917, 29.875824000125455], [-95.60843600034778, 29.87692600001699], [-95.60721899963178, 29.877231000051527], [-95.61068599986012, 29.87690799979424], [-95.6108239999524, 29.875987000030694], [-95.61268100000268, 29.875987000030694], [-95.61250600010048, 29.87964799993996], [-95.6206039997731, 29.87962699986354], [-95.62064200030625, 29.89690699984794], [-95.61994699982206, 29.914580000175885], [-95.625953999991, 29.91190999963742], [-95.62506000021352, 29.9107429998843], [-95.62687999955554, 29.909439999909058], [-95.62725399964935, 29.909931000183075], [-95.62802299975338, 29.90929199979415], [-95.62782000026212, 29.909024000099784], [-95.62880199990315, 29.908618999733743], [-95.62805999956332, 29.90697299996533], [-95.6262490004421, 29.90698799991001], [-95.62624299969602, 29.905779000079892], [-95.62816599986851, 29.905763000100375], [-95.62856099987873, 29.90779899963188], [-95.6295450000679, 29.908947999729776], [-95.63189000001482, 29.905747999971176], [-95.6337549995627, 29.90574899982416], [-95.63378800007298, 29.90895099997085], [-95.6319100001063, 29.90820800030903], [-95.6303750002713, 29.910035999745148], [-95.63146700041551, 29.912870000024093], [-95.63270000012672, 29.91286099965468], [-95.63268000003525, 29.914663000043014], [-95.63112299956062, 29.914679999913417], [-95.63087800023655, 29.915388000322054], [-95.63171199973958, 29.915382999983777], [-95.63154299968518, 29.917282999877603], [-95.62995400032182, 29.91713199974429], [-95.62932999998274, 29.919867000350248], [-95.62749999969664, 29.91987000026244], [-95.62221399995117, 29.916430000088038], [-95.67327800014999, 29.952337000376765], [-95.67414799963804, 29.95007899975155], [-95.67476899960407, 29.95006100029272], [-95.67539899979093, 29.94872500014336], [-95.67340100017364, 29.94866499982032], [-95.67334799957187, 29.945983000170276], [-95.67811700000672, 29.942358000025475], [-95.6772070003357, 29.942048000305906], [-95.67882800038443, 29.938635999745056], [-95.67999099977544, 29.939119000006613], [-95.68058499997727, 29.937865999984623], [-95.67975899997185, 29.93756699981782], [-95.68160099995352, 29.93393200010928], [-95.68238000010328, 29.934143999793907], [-95.68578700005718, 29.926955000208583], [-95.68620999965647, 29.924796000358235], [-95.68611500012024, 29.920312999794536], [-95.68531599987898, 29.920235000060313], [-95.68527900006906, 29.918737000275833], [-95.68622999974795, 29.91871800009538], [-95.68619499958785, 29.917219000328593], [-95.68914200013252, 29.917326999981654], [-95.69017599965211, 29.918336000164288], [-95.69021800038321, 29.91435299969811], [-95.68738100034172, 29.91435299969811], [-95.68739600041035, 29.915171999807196], [-95.68614600008236, 29.915155000020775], [-95.68611699977005, 29.91391399998509], [-95.69225399963531, 29.9138459999628], [-95.69196499993032, 29.922564000121987], [-95.6891820003155, 29.923063999755655], [-95.6885000002501, 29.922630999957043], [-95.688064000232, 29.923140000252392], [-95.68651299960517, 29.923213000101235], [-95.68641600041911, 29.926373999789607], [-95.68036499986925, 29.93906500034041], [-95.68151399991487, 29.9399579998342], [-95.68003000013348, 29.941087000017472], [-95.68068200006167, 29.94165600002551], [-95.68040900025018, 29.941891000325437], [-95.6816079996262, 29.942265000366714], [-95.68673799973607, 29.94218200016256], [-95.68676200002551, 29.942987999918913], [-95.68127000041571, 29.942966999960774], [-95.68015200033223, 29.944340000085575], [-95.68014700030936, 29.94752600024948], [-95.67875800006424, 29.947523999825997], [-95.6786929997669, 29.948859000344797], [-95.67559299995966, 29.94890200030143], [-95.67505700038247, 29.950068000039423], [-95.67581800009057, 29.95005799973397], [-95.6740809996909, 29.952885999805396], [-95.68710000013434, 29.961958000325538], [-95.68704900008069, 29.956583000049267], [-95.68937399993611, 29.956858000153073], [-95.69054399989814, 29.95415499973174], [-95.69360799972036, 29.951988999743453], [-95.69512400018709, 29.951980999965055], [-95.69807099983346, 29.953036000015167], [-95.69831000020805, 29.963810999748137], [-95.6975539996245, 29.963823000322286], [-95.6975250002105, 29.964707999758847], [-95.69843800025458, 29.96525400003093], [-95.69777499955744, 29.9659559999753], [-95.6981369999557, 29.96711100031664], [-95.69713400039825, 29.968840999788675], [-95.7007570002622, 29.971486000209527], [-95.70243199983929, 29.96844300007124], [-95.70072799994989, 29.968227000335414], [-95.70069699998774, 29.966455000183068], [-95.70249499958848, 29.966684000127334], [-95.70237699958771, 29.957051000142386], [-95.70448399988324, 29.94861700031426], [-95.70584299999115, 29.94691099967808], [-95.70935399970212, 29.94447699991704], [-95.71138999985253, 29.943797000119087], [-95.71430399988694, 29.943635000088257], [-95.71538799963523, 29.940694999842226], [-95.71690300027704, 29.941444000000743], [-95.71803499970592, 29.942587000212317], [-95.71693000004123, 29.943251000316145], [-95.71494599976934, 29.94394599977998], [-95.71035600033295, 29.944485999762996], [-95.7063259998649, 29.947043999772117], [-95.70485999962688, 29.948843999703843], [-95.70402899959858, 29.95169100016997], [-95.70278300036689, 29.95755499969451], [-95.70291300006323, 29.966681000070302], [-95.70415599982017, 29.96667599997507], [-95.70391999981862, 29.9684380000646], [-95.70287899972803, 29.96845000008002], [-95.7022639996098, 29.97025399991642], [-95.70106500023378, 29.971701999864322], [-95.70856299985678, 29.976425000257844], [-95.76904600020129, 29.999215999902823], [-95.77653299995363, 30.002352000334636], [-95.77806600013881, 30.004388000301834], [-95.77945600020885, 30.005066999701143], [-95.78073499995081, 30.005357000058613], [-95.78314400037014, 30.0048879999748], [-95.78711899968827, 30.006134999770428], [-95.81004400034912, 30.014764999948262], [-95.81291300017766, 30.016101000261052], [-95.81463399978551, 30.01806400026469], [-95.81642700026168, 30.01862499983499], [-95.81914799995222, 30.018335999651285], [-95.8353659999371, 30.024547999661547], [-95.83757299979175, 30.02438499965313], [-95.87389899958912, 30.038041000351186], [-95.87450899968447, 30.076645999758334], [-95.87780400038369, 30.076660999740355], [-95.87787399980557, 30.080808000195987], [-95.89167800024656, 30.080608000082005], [-95.89195000023311, 30.095241000102018], [-95.90944100011217, 30.095077000360977], [-95.90974300023596, 30.109590999851093]], [[-95.40165700022868, 29.966187000339307], [-95.40165499968056, 29.966049000044915], [-95.40165499968056, 29.966012999902766], [-95.40165499968056, 29.965960000080504], [-95.40145700021213, 29.965959000054216], [-95.40145600038724, 29.966050000070286], [-95.40145800003705, 29.966178000122955], [-95.40161399967266, 29.966187000339307], [-95.40165700022868, 29.966187000339307]], [[-95.79523999982545, 29.69804300005259], [-95.79470900027111, 29.69795199985372], [-95.79508099981678, 29.698397000256296], [-95.79523999982545, 29.69804300005259]], [[-95.76721099989231, 29.73438599996472], [-95.76720199967149, 29.73433900034148], [-95.76714499977008, 29.734059999834056], [-95.76713700027247, 29.734021000154275], [-95.76677800024727, 29.734076000018337], [-95.76680099981348, 29.73419299972821], [-95.76681900025515, 29.734279999804023], [-95.76684000017156, 29.734397000055928], [-95.7668779998064, 29.734397000055928], [-95.76721099989231, 29.73438599996472]], [[-95.46401799964156, 30.007511999901862], [-95.46400900031902, 30.007499999939217], [-95.46396800031116, 30.0074449997028], [-95.46380900030249, 30.007243999612147], [-95.46375900007376, 30.00727099998471], [-95.46374499983007, 30.007278000368196], [-95.46339699967554, 30.007448999692752], [-95.463388000353, 30.007454000068904], [-95.46334099959904, 30.007481000384317], [-95.4632820000478, 30.007513999895508], [-95.46349600030806, 30.007794999767324], [-95.46350600035379, 30.007806999694306], [-95.4635490000115, 30.007782999838913], [-95.46358300034667, 30.007760000360967], [-95.46368200008088, 30.0077090002482], [-95.4637740001424, 30.007658000109174], [-95.46378400018814, 30.00764600016419], [-95.46392499975512, 30.007565999715833], [-95.46395300024253, 30.007549999774014], [-95.46396699958791, 30.00754199980216], [-95.46401799964156, 30.007511999901862]], [[-95.57838100030999, 29.967179999750325], [-95.57837299991407, 29.967016999668818], [-95.57836799989119, 29.966929999826167], [-95.57834399960173, 29.966507999741335], [-95.57801399988887, 29.966518999969118], [-95.57803900000322, 29.966939999990885], [-95.57804800022404, 29.96708899999081], [-95.57805499989674, 29.967195999973104], [-95.57829000007337, 29.967183999806256], [-95.57838100030999, 29.967179999750325]], [[-95.77241399979712, 29.732958999744948], [-95.77211300039654, 29.732758999711333], [-95.77179000035636, 29.73339200000379], [-95.7723920000558, 29.7333859998941], [-95.77241399979712, 29.732958999744948]], [[-95.70542299986658, 29.974471000099168], [-95.7039940003368, 29.97377100028917], [-95.70399699981152, 29.974224999616357], [-95.70542299986658, 29.974471000099168]], [[-95.75261599960601, 29.802665999667603], [-95.75260499973534, 29.801992999816388], [-95.752002000211, 29.801992999816388], [-95.75201399990655, 29.802671000199705], [-95.75261599960601, 29.802665999667603]], [[-95.43656100016896, 30.022458000247372], [-95.43574600003417, 30.021860000227235], [-95.43582399985198, 30.022615999923428], [-95.43656100016896, 30.022458000247372]], [[-95.58469499972725, 29.9338880003385], [-95.5846910004276, 29.93322500037492], [-95.58369399981964, 29.933796999689168], [-95.58469499972725, 29.9338880003385]], [[-95.57668999994105, 29.988010999925642], [-95.57433900014635, 29.988173999793872], [-95.57586899995849, 29.98816800019965], [-95.57587200033154, 29.988605999968932], [-95.57668999994105, 29.988010999925642]], [[-95.7430619997411, 29.66168299989616], [-95.74250199987445, 29.6614349998533], [-95.74208400029801, 29.661938999702052], [-95.74263099974588, 29.66222700026624], [-95.7430619997411, 29.66168299989616]], [[-95.66820800031458, 29.849640999878545], [-95.66819999991866, 29.849215999983873], [-95.66730799979099, 29.849222999806134], [-95.66731399963876, 29.849728000158258], [-95.66820800031458, 29.849640999878545]], [[-95.4361979999458, 30.05145399970259], [-95.43471400016443, 30.05241700019399], [-95.4330439997119, 30.052746000044547], [-95.43456900039946, 30.052632000257894], [-95.4361979999458, 30.05145399970259]], [[-95.74657800037325, 29.664766999680626], [-95.74531399980158, 29.664544999784887], [-95.74607399968478, 29.665304000356127], [-95.74657800037325, 29.664766999680626]], [[-95.15570699987481, 29.97729300022073], [-95.15513299976443, 29.976119999776273], [-95.15515399968083, 29.977594999707552], [-95.15570699987481, 29.97729300022073]], [[-95.28278799978946, 29.941051000177044], [-95.28124299990871, 29.941152000064076], [-95.28125600032752, 29.941714999636293], [-95.28174599987396, 29.94200100020883], [-95.28278799978946, 29.941051000177044]], [[-95.51406099984126, 30.07354599976025], [-95.51348400025617, 30.07298800014242], [-95.51279700016792, 30.0735190003402], [-95.5134220003319, 30.074101999913587], [-95.51406099984126, 30.07354599976025]], [[-95.65047499968789, 29.877763000164975], [-95.65047200021316, 29.87763199969908], [-95.64957199968956, 29.877635000104117], [-95.64854900004063, 29.877627999937847], [-95.64821900032774, 29.87763199969908], [-95.64804299970234, 29.877630000207922], [-95.64697499984757, 29.87762599966767], [-95.6469689999998, 29.87780199991962], [-95.64552100020343, 29.877781000233405], [-95.64531299979097, 29.87772300026101], [-95.64531299979097, 29.877782999721546], [-95.64531299979097, 29.87793900017515], [-95.64552200002835, 29.87793400029425], [-95.64792100040192, 29.877932000030203], [-95.64791999967869, 29.877764000298665], [-95.64957099986466, 29.87776499965346], [-95.64979699982045, 29.87776499965346], [-95.65025299993003, 29.87776499965346], [-95.65047499968789, 29.877763000164975]], [[-95.51066599958293, 29.93502799994092], [-95.50946499965879, 29.93500399962496], [-95.5095159997124, 29.935790999896142], [-95.5106339997959, 29.93582399987336], [-95.51066599958293, 29.93502799994092]], [[-95.58183199974648, 30.003572000290898], [-95.58121400015352, 30.002284999762864], [-95.5806080002561, 30.002346999701356], [-95.58089600013619, 30.003601000179362], [-95.58183199974648, 30.003572000290898]], [[-95.42922599985428, 29.998557000330813], [-95.4290020004466, 29.997326000253558], [-95.42818300011386, 29.997386999690434], [-95.42830199993953, 29.99859499974269], [-95.42922599985428, 29.998557000330813]], [[-95.52226999984197, 29.942092999847983], [-95.52149599971509, 29.941519000200703], [-95.51957400026579, 29.942656000321655], [-95.52011300021604, 29.943066999981042], [-95.52226999984197, 29.942092999847983]], [[-95.58824499979627, 30.05453800028898], [-95.58740000042259, 30.05306399961522], [-95.58610300023895, 30.05307700020922], [-95.5869509999857, 30.054552999734145], [-95.58824499979627, 30.05453800028898]], [[-95.42215199965548, 29.982446999995165], [-95.42188100039215, 29.980853999628216], [-95.4207930004459, 29.98109200026472], [-95.4209919997392, 29.98220199967596], [-95.42025399959732, 29.982303999634574], [-95.42030100035132, 29.982689999994193], [-95.42215199965548, 29.982446999995165]], [[-95.08031600014785, 29.760767999761665], [-95.07911100002573, 29.759938000343997], [-95.07793600004084, 29.761279000065265], [-95.07919700023945, 29.762045000057302], [-95.08031600014785, 29.760767999761665]], [[-95.43403700012192, 30.017176000230634], [-95.43231499979083, 30.015726000153172], [-95.43155999993051, 30.01750499964641], [-95.43398600006829, 30.01771200008828], [-95.43403700012192, 30.017176000230634]], [[-95.08937000042054, 29.757380000066604], [-95.0892049996658, 29.756206999718884], [-95.0873450001408, 29.75472100019746], [-95.08645600038616, 29.755518000376394], [-95.08937000042054, 29.757380000066604]], [[-95.70979599956799, 29.790956000284105], [-95.70978100039768, 29.788072999671073], [-95.70878499961462, 29.788066999716275], [-95.70878700016277, 29.791096000292548], [-95.70979100044343, 29.79133600029689], [-95.70979599956799, 29.790956000284105]], [[-95.57639600021318, 29.994510999651276], [-95.57583399979839, 29.991843999797556], [-95.57441600013925, 29.99057200024544], [-95.57358400028603, 29.99117800033259], [-95.57388200021187, 29.991789999986356], [-95.57639600021318, 29.994510999651276]], [[-95.5058679997341, 29.9254940000198], [-95.5043970003715, 29.925496999762412], [-95.50439399999846, 29.9244709999969], [-95.5025450003441, 29.924489999857958], [-95.50232600006099, 29.92492599989425], [-95.50233000025895, 29.925505999768173], [-95.50379300012392, 29.925503000025888], [-95.50428900041648, 29.927173000127247], [-95.50496800010882, 29.927169000018736], [-95.50495600041324, 29.926179999792275], [-95.50585799968835, 29.926181999866404], [-95.5058679997341, 29.9254940000198]], [[-95.07823300014176, 29.763893000226588], [-95.07749599982479, 29.762999999718343], [-95.0758980002406, 29.76315200038355], [-95.07609099968612, 29.763997000067043], [-95.07527800009949, 29.76411399995335], [-95.07555500010892, 29.765511000184578], [-95.07717299978461, 29.765210000205396], [-95.07703300004252, 29.764546999797293], [-95.07823300014176, 29.763893000226588]], [[-95.57541000037418, 29.993429000132007], [-95.57324700000214, 29.99080799982305], [-95.57195900003936, 29.99262199963793], [-95.5736729999745, 29.99368600005827], [-95.57541000037418, 29.993429000132007]], [[-95.43172399996205, 30.018578999679075], [-95.4315449998619, 30.01779000034559], [-95.42987899960733, 30.017936999706485], [-95.42996900001903, 30.018683000136406], [-95.4280380003489, 30.019041000038982], [-95.42830899961224, 30.021105999930878], [-95.43091899987301, 30.02042500013772], [-95.42911399970127, 30.01891500022503], [-95.43172399996205, 30.018578999679075]], [[-95.74945899989737, 29.793494999964167], [-95.74827899988959, 29.793292000076747], [-95.74796400024533, 29.793983999764876], [-95.74682400042056, 29.793578000003084], [-95.74602199980625, 29.795311999668666], [-95.74911599976568, 29.795233000231985], [-95.74945899989737, 29.793494999964167]], [[-95.70158099971951, 29.7888980001696], [-95.7015580001533, 29.78565599993541], [-95.69940700037513, 29.785649000338832], [-95.69975899982931, 29.788838999785202], [-95.70158099971951, 29.7888980001696]], [[-95.67705199962668, 29.955010000214912], [-95.67367399998511, 29.95264699993759], [-95.67262100019897, 29.95484100036017], [-95.67637999960705, 29.95573800037617], [-95.67705199962668, 29.955010000214912]], [[-95.62057399963588, 29.882458000211656], [-95.620568999613, 29.879649000054805], [-95.61795300040276, 29.8796199998371], [-95.61794199963379, 29.882472999952146], [-95.62057399963588, 29.882458000211656]], [[-95.56395300042824, 29.967136999917123], [-95.55955399988925, 29.96682600038841], [-95.55955399988925, 29.967691000144523], [-95.5600640004255, 29.96769400017112], [-95.56006799972515, 29.966947000105552], [-95.5608669999664, 29.966939999990885], [-95.56082000011074, 29.968706000063158], [-95.56159500006254, 29.968686000088216], [-95.56159800043558, 29.969643999813158], [-95.56394900023028, 29.96959800029899], [-95.56395300042824, 29.967136999917123]], [[-95.77821599992663, 29.738548999804276], [-95.77344900003993, 29.73559799963877], [-95.77341200023, 29.7375539997801], [-95.77627000018789, 29.738971999706752], [-95.77572399966662, 29.74039700028383], [-95.77711899975954, 29.74237099992862], [-95.77821000007884, 29.741648999645406], [-95.776882999758, 29.74055900037643], [-95.77721900021697, 29.740121000101194], [-95.77632999956404, 29.738921000039888], [-95.77698300021541, 29.738339000307384], [-95.77783099996216, 29.739107999991532], [-95.77821599992663, 29.738548999804276]], [[-95.22859299982126, 29.59864400032417], [-95.22776500016602, 29.596657999667855], [-95.2273910000722, 29.59681399978704], [-95.22646499960935, 29.595830999808296], [-95.22337999987073, 29.598710999952008], [-95.22559099992334, 29.60008299963387], [-95.22693499996264, 29.600060999733866], [-95.22859299982126, 29.59864400032417]], [[-95.7035580003187, 29.8001949999873], [-95.70350800008997, 29.792923999803214], [-95.70161099985671, 29.79293400028185], [-95.70164900038988, 29.800335000321624], [-95.7035580003187, 29.8001949999873]], [[-95.4839160002901, 30.002109000228373], [-95.48091199984403, 29.99755199991792], [-95.47919500043413, 29.998506000155604], [-95.48005499987644, 29.999854000159548], [-95.4790730002354, 30.000402999984676], [-95.4818609998731, 30.00390600026389], [-95.4839160002901, 30.002109000228373]], [[-95.6311500002231, 29.913729000136517], [-95.63101299995576, 29.91199499975306], [-95.63017100005679, 29.91025899993106], [-95.6280870002258, 29.91034899971107], [-95.62680299956266, 29.911326000014334], [-95.62754699955232, 29.912161999622437], [-95.62512100031286, 29.913944999888184], [-95.62512899981049, 29.914735999878346], [-95.63100200008509, 29.914682000218644], [-95.6311500002231, 29.913729000136517]], [[-95.43557399960673, 29.97970000020487], [-95.4317990003051, 29.976517999866356], [-95.43010000043859, 29.978878000173996], [-95.42896899993632, 29.98164399997068], [-95.43178099986346, 29.9828319999425], [-95.43359100005807, 29.98073899977338], [-95.43425899987976, 29.980853999628216], [-95.43557399960673, 29.97970000020487]], [[-95.20795000025646, 29.585772000166944], [-95.20725399994737, 29.585199999744724], [-95.20594500006818, 29.585943000332858], [-95.20327999955582, 29.585594000230067], [-95.20346000037918, 29.59374800023871], [-95.2052630000028, 29.590957000224176], [-95.20567599955636, 29.591298000009118], [-95.2079460000585, 29.589257999754548], [-95.20559199989076, 29.58798899983941], [-95.20795000025646, 29.585772000166944]], [[-95.4334880001259, 29.984114999673146], [-95.4308550002989, 29.982440000194508], [-95.42978400007111, 29.984132000124138], [-95.42977499985027, 29.985544000006417], [-95.42874999965322, 29.985627999624548], [-95.42867000018558, 29.984847999769958], [-95.42817800009098, 29.984846999933804], [-95.42847199981885, 29.986461999981014], [-95.42656799991292, 29.986469000276237], [-95.42759099956184, 29.989906999812735], [-95.42910799985349, 29.989887000216253], [-95.42897599960901, 29.98912600032328], [-95.43121599997393, 29.98911500026473], [-95.4326639997703, 29.98634499997563], [-95.43168200012926, 29.985696000374944], [-95.4334880001259, 29.984114999673146]], [[-95.43126299982961, 29.97670199976387], [-95.43085899959856, 29.976353999619633], [-95.43124799976098, 29.97601200014151], [-95.43011200013414, 29.97499299963728], [-95.4301089997611, 29.97629299971023], [-95.42939400008376, 29.97692200019204], [-95.43010999958601, 29.977539000109125], [-95.43009500041572, 29.978270999817333], [-95.42776800001216, 29.978267000207776], [-95.42813100023533, 29.97674999971491], [-95.42912700012008, 29.97667700025029], [-95.42812299983939, 29.97631900002064], [-95.42799800016593, 29.975303000127916], [-95.42934700022809, 29.974340000009633], [-95.42849699993322, 29.973577000135876], [-95.42799200031814, 29.973995999932246], [-95.4229629995923, 29.974116000311703], [-95.42289099962227, 29.975138000275873], [-95.42330400007415, 29.975204999715938], [-95.42217699976983, 29.97682900018368], [-95.42274800040546, 29.97992100010349], [-95.42364100035806, 29.97991300023898], [-95.423637999985, 29.979110999851304], [-95.42432000005039, 29.9791090000634], [-95.42428400006537, 29.98065300015355], [-95.425433000111, 29.98065400003193], [-95.42517000034528, 29.979116999992733], [-95.4271570000919, 29.97909900034545], [-95.42761300020148, 29.98149900027035], [-95.42864599989613, 29.98154200011232], [-95.43126299982961, 29.97670199976387]], [[-95.77250599985862, 29.740862000179288], [-95.77238100018515, 29.73563300028198], [-95.77156900042343, 29.735277000324412], [-95.77012400010179, 29.73568700004683], [-95.76995199967433, 29.73531700029499], [-95.76791499969902, 29.735802000229278], [-95.76765000028347, 29.7345350003177], [-95.76393100016003, 29.734573999797707], [-95.76462800029404, 29.73724700020391], [-95.768363000311, 29.74220699978261], [-95.77241399979712, 29.7415969998435], [-95.77250599985862, 29.740862000179288]], [[-95.56340699990699, 29.84739899969465], [-95.56337599994485, 29.845087000279406], [-95.54877999983361, 29.845217000159046], [-95.54879900010017, 29.850153000210916], [-95.5595570002623, 29.850240000044433], [-95.55957700035378, 29.852020000369375], [-95.56171399988824, 29.852033999620232], [-95.56169299997184, 29.850269000231794], [-95.56326999963963, 29.850294999962784], [-95.56340699990699, 29.84739899969465]], [[-95.76973699958918, 29.79805099983762], [-95.76200999963734, 29.79512799990727], [-95.76200200013974, 29.794426000006002], [-95.76127900006645, 29.794149999742224], [-95.75798799956522, 29.794866999669576], [-95.75410600013348, 29.79388100007723], [-95.75207900020388, 29.794904000249502], [-95.75209900029537, 29.797276000190767], [-95.7526449999183, 29.79876799987511], [-95.7530449999514, 29.798707000340464], [-95.75335600029604, 29.79995000029491], [-95.75458900000724, 29.799718000211364], [-95.75512999960732, 29.8019049999517], [-95.76393000033514, 29.801851000014114], [-95.76579999990587, 29.800263999658732], [-95.76973699958918, 29.79805099983762]], [[-95.77814800015457, 29.699884000356956], [-95.77802500013092, 29.69870400006875], [-95.77535200012096, 29.698971999689633], [-95.77373899956983, 29.695802999712267], [-95.77034800040778, 29.69223100031321], [-95.76817499999001, 29.693640000087186], [-95.76667399959189, 29.69320499996856], [-95.76601800036407, 29.692249999865616], [-95.76285400008443, 29.69252399974669], [-95.76295899966641, 29.6972169996681], [-95.76550199998003, 29.69703399965207], [-95.76556399990433, 29.701198999870517], [-95.76068499986462, 29.70158600001839], [-95.76078500032206, 29.703771999628295], [-95.76564300044535, 29.703371000339395], [-95.76543800040594, 29.701487000340254], [-95.77504599979919, 29.700768000301814], [-95.77497800002715, 29.70014899968285], [-95.77814800015457, 29.699884000356956]], [[-95.3684420001092, 29.95142999986476], [-95.36834699967464, 29.94596900010138], [-95.36387199986598, 29.944991000193323], [-95.36348100005372, 29.947201000180893], [-95.36438499987698, 29.947191000365528], [-95.36437400000631, 29.94929299985074], [-95.36330799980136, 29.949295999654193], [-95.36369199994093, 29.944943999930118], [-95.36222900007594, 29.94421700038299], [-95.35928900010228, 29.94072499968782], [-95.3562489996712, 29.940671000114936], [-95.35985499981673, 29.956816999982088], [-95.36336399987786, 29.95673699982753], [-95.36546100012765, 29.9571699998563], [-95.36547000034848, 29.951573999688442], [-95.3684420001092, 29.95142999986476]], [[-95.77118500028386, 29.809502000324347], [-95.77112099981144, 29.8020720001516], [-95.76384900014426, 29.8021360003084], [-95.76119299985274, 29.804354999946003], [-95.76122999966267, 29.816086000106583], [-95.76917599989761, 29.816232999816627], [-95.76906700011767, 29.809524999639027], [-95.77118500028386, 29.809502000324347]], [[-95.5480109997296, 30.006392999863696], [-95.54535100013841, 30.002676000069258], [-95.54396199989328, 29.998998999714782], [-95.54115199961596, 29.995532999791433], [-95.53726199978831, 29.997581999717653], [-95.53362700022879, 30.000644999923754], [-95.53418299989748, 30.00107399970913], [-95.53334500019648, 30.001836000244392], [-95.53378700006235, 30.00325399983084], [-95.53553100013472, 30.003935999698644], [-95.53497499956772, 30.004380999714435], [-95.53365300016804, 30.00393099992312], [-95.53403599958439, 30.006085999622645], [-95.53806400040263, 30.012076999794214], [-95.54069899987942, 30.010626000270193], [-95.54056199961208, 30.011610999841352], [-95.54169099956621, 30.011025000068365], [-95.54126200011915, 30.010479000185633], [-95.5445050000415, 30.008576000155717], [-95.54496100015109, 30.0091700002351], [-95.54532600002406, 30.0089760000136], [-95.54479200009668, 30.008203000359742], [-95.5480109997296, 30.006392999863696]], [[-95.19353999991807, 29.788411999652897], [-95.18254800030256, 29.788590999612385], [-95.18211200028445, 29.77159799999196], [-95.17923800043303, 29.77165500034725], [-95.17816899985505, 29.772040000050946], [-95.17820099964209, 29.773922999610658], [-95.1790309998455, 29.77390199991803], [-95.1790380004165, 29.774636000188547], [-95.1783760004426, 29.77465000014139], [-95.17799999980065, 29.777198000297044], [-95.1780109996713, 29.777641000168405], [-95.17849400044338, 29.77762499992026], [-95.17840800022965, 29.78170400034934], [-95.17892399971538, 29.782136000247412], [-95.17894899982973, 29.78317700036767], [-95.178461999758, 29.78318599995974], [-95.17918400000637, 29.78658799988112], [-95.17920099972481, 29.78724500016669], [-95.17857100043626, 29.78725599991408], [-95.17877399992754, 29.788711999817487], [-95.17783400011929, 29.78874699984308], [-95.17783699959402, 29.78810699966818], [-95.17029799996314, 29.788271000317355], [-95.17031499968158, 29.788912999931473], [-95.16990799997582, 29.788917000127434], [-95.16979900019587, 29.788252000236877], [-95.1657749995756, 29.78833000025699], [-95.1619669997637, 29.788430000233852], [-95.1619669997637, 29.789087000123093], [-95.16325100042687, 29.789068000197535], [-95.1632339998101, 29.790361999851925], [-95.17138699973432, 29.79027299966196], [-95.1780109996713, 29.791835000321587], [-95.18695399961591, 29.7916680001857], [-95.1866289999259, 29.793443999981296], [-95.18882099971195, 29.794137000369112], [-95.19353999991807, 29.788411999652897]], [[-95.38390400040882, 29.950751999708498], [-95.38121600033026, 29.939594000262172], [-95.36833300032926, 29.939730999624363], [-95.36861399963833, 29.951559999628223], [-95.38211000010773, 29.951913000266202], [-95.38373700000425, 29.951724999711953], [-95.38390400040882, 29.950751999708498]], [[-95.68309700032877, 29.859393000318274], [-95.68214900012458, 29.859231999648667], [-95.68212800020821, 29.849941000227442], [-95.68053300009875, 29.849563999791695], [-95.68052700025098, 29.848766000140245], [-95.67897599962411, 29.848779999847384], [-95.67899999991356, 29.849578000166037], [-95.67762400008722, 29.84958299990969], [-95.67762200043741, 29.848786000055146], [-95.67617200009289, 29.84878800012435], [-95.67617299991781, 29.84958499996293], [-95.67533799969155, 29.849589999706225], [-95.67510099986508, 29.84879299990756], [-95.66941500008653, 29.849211000221835], [-95.66946199994217, 29.850318999648476], [-95.66829600017813, 29.850324000134176], [-95.66855499974591, 29.854803999648322], [-95.66994700036408, 29.86010400020805], [-95.66992700027261, 29.86163300010014], [-95.67102899956423, 29.86178799980761], [-95.67103899960999, 29.86469600026212], [-95.67514000022314, 29.864831000073757], [-95.67594100011422, 29.864178999946322], [-95.67609299955187, 29.864522000010346], [-95.67739599958328, 29.864143000350452], [-95.67748400034515, 29.861925000243254], [-95.67882800038443, 29.86174900002451], [-95.6785859996368, 29.859491999797793], [-95.68309700032877, 29.859393000318274]], [[-95.64397499959946, 29.720139999968897], [-95.6439339995916, 29.71850499986134], [-95.64240999962723, 29.718471999818284], [-95.64239700010675, 29.71710699980944], [-95.64306699957827, 29.71710100028626], [-95.64322599958692, 29.715767000132885], [-95.64385199957582, 29.715772999735808], [-95.64377200010819, 29.71121299993089], [-95.62858099997021, 29.712373000059312], [-95.6287569996973, 29.722236999981487], [-95.62216999957025, 29.72226499970124], [-95.6222650000048, 29.735880999742317], [-95.62303499993374, 29.735863999852373], [-95.62302300023816, 29.73509600025809], [-95.62382199958112, 29.735074000227772], [-95.62390799979484, 29.728743000083774], [-95.62803500034727, 29.729575999730592], [-95.6281709998914, 29.734812000275806], [-95.63137500035401, 29.734755000025896], [-95.631263000201, 29.72974299963193], [-95.6307119996569, 29.729763999996923], [-95.63061799994554, 29.729276999614477], [-95.63125300015527, 29.729247000172], [-95.63108999994864, 29.722214000122307], [-95.6315929999139, 29.722212999992614], [-95.63158000039341, 29.720215000294044], [-95.63414399972513, 29.72018400033286], [-95.634184999733, 29.722192000387697], [-95.6350359998528, 29.722180999738487], [-95.63499700039304, 29.72023000019633], [-95.64397499959946, 29.720139999968897]], [[-95.2498560004255, 30.05759700034578], [-95.24982999958792, 30.055650000324416], [-95.2462879999148, 30.05574699990938], [-95.24688399976647, 30.054121999790187], [-95.24784799986416, 30.054102999839703], [-95.24784200001639, 30.053098000208198], [-95.24722799972305, 30.053091999875704], [-95.24759400031927, 30.051952000086725], [-95.24676900013876, 30.05180200003785], [-95.24584799969875, 30.054582000261963], [-95.23916500021053, 30.05464500006554], [-95.23914900031703, 30.052065999878632], [-95.22736000011005, 30.052256999952004], [-95.22732900014792, 30.06169399999269], [-95.22273999963812, 30.065411000338383], [-95.22274999968387, 30.068392000267284], [-95.23296499969776, 30.06834400034802], [-95.2329389997585, 30.06697000036812], [-95.23550499963835, 30.067371999695077], [-95.24208699974254, 30.066774000197007], [-95.2453849999165, 30.058251000025525], [-95.24607700002763, 30.057726000378565], [-95.2498560004255, 30.05759700034578]], [[-95.17787299957904, 29.787658000128804], [-95.17737499963667, 29.786915999651384], [-95.17785500003568, 29.786906000130628], [-95.17751500027705, 29.785799000386078], [-95.17782800027152, 29.78579200001984], [-95.17761700038433, 29.777705999931825], [-95.17714399965799, 29.77726300034801], [-95.17748799961457, 29.776894999622474], [-95.1771379998102, 29.77281100010183], [-95.17744499995688, 29.77169000009793], [-95.1613609998663, 29.77204800023163], [-95.1608960004342, 29.771961999815364], [-95.1608810003656, 29.77133400030349], [-95.15965500032708, 29.771347000298526], [-95.15781599982014, 29.772215000348574], [-95.15777800018533, 29.771623000274886], [-95.15737099958122, 29.771683000304755], [-95.15759800026026, 29.772342000190378], [-95.15688100003477, 29.772761999748315], [-95.15692399969247, 29.77384199965807], [-95.15858300027436, 29.777406000311736], [-95.15898599978217, 29.7839660002577], [-95.1609659998561, 29.789098999910095], [-95.16133999994992, 29.789097000205523], [-95.1612970002922, 29.78770599995348], [-95.16163700005083, 29.788289000144072], [-95.17787299957904, 29.787658000128804]], [[-95.19152899988201, 29.98633900027089], [-95.19056800015737, 29.982296999823852], [-95.18972200006044, 29.98212799968624], [-95.19048100011872, 29.980469999674188], [-95.18943900020322, 29.980048000298098], [-95.18692299965377, 29.980493000029334], [-95.18684400001108, 29.978901000119738], [-95.18346700019441, 29.979249999792504], [-95.17994300006465, 29.98077500002645], [-95.179960999608, 29.981354000358273], [-95.17814000044106, 29.981667000053935], [-95.17723400006966, 29.981678000159587], [-95.17722400002393, 29.980989999839448], [-95.17579700014396, 29.981081000094225], [-95.169421999729, 29.982227000133207], [-95.16912399980318, 29.983037999725756], [-95.16596899974435, 29.982272000162343], [-95.16551000016004, 29.98297799988582], [-95.16449900020669, 29.9829849996486], [-95.16367400002616, 29.982452000074773], [-95.16324200020603, 29.983043999629928], [-95.16328400003881, 29.98575799978274], [-95.16261899969187, 29.98599099965826], [-95.16284399982277, 29.987669000129472], [-95.1616429998986, 29.988461000319646], [-95.16180600010523, 29.99635399993396], [-95.16466800026109, 29.99580699972408], [-95.16522700030283, 29.99732499976506], [-95.17594500028197, 29.993863000271467], [-95.17579700014396, 29.99350600028266], [-95.1771729999703, 29.99304000024623], [-95.1771729999703, 29.992559999848286], [-95.17833600025962, 29.992556000036203], [-95.17830799977222, 29.99178699990953], [-95.18077800029091, 29.991414999795605], [-95.18114099961575, 29.992144999618958], [-95.18803499988948, 29.989888999787066], [-95.18763999987928, 29.988911000230207], [-95.18882800028294, 29.988524000134227], [-95.1885920002814, 29.987981000345545], [-95.18728400022712, 29.987705000204407], [-95.18746099977913, 29.987273999811165], [-95.18992600027495, 29.98752200027142], [-95.19003699970472, 29.986616999955498], [-95.19152899988201, 29.98633900027089]], [[-95.56331300019566, 29.974625000173617], [-95.56192499977543, 29.972411999859382], [-95.56065100005634, 29.972948000262647], [-95.56061300042151, 29.971142000366278], [-95.55633100005836, 29.97094599979631], [-95.55632000018772, 29.969729999625844], [-95.55173099967793, 29.969812000192295], [-95.55174400009672, 29.97124000011718], [-95.55225799993264, 29.97123100035851], [-95.5523130001842, 29.97238400015949], [-95.55172300018033, 29.972070000039196], [-95.55156400017165, 29.970138000256586], [-95.54707299957116, 29.970099000085636], [-95.5471959995948, 29.97145400036485], [-95.54552500021569, 29.971444999847364], [-95.54561100042942, 29.973472999873703], [-95.54282899974119, 29.973438999988847], [-95.5398650003764, 29.96824299961138], [-95.53799599973223, 29.96889499962748], [-95.53683900018902, 29.968643000128477], [-95.53590799970327, 29.969160999961765], [-95.5365780000731, 29.97013100036672], [-95.53518200015527, 29.970502000076646], [-95.53662999995163, 29.972381000274577], [-95.53740400007852, 29.97195500013095], [-95.53824199977953, 29.973086000313597], [-95.5374850002694, 29.97351899992825], [-95.5385699998426, 29.97494499961535], [-95.53925000025816, 29.97466400012427], [-95.54196199972786, 29.9777610000548], [-95.54022400040158, 29.97766800005382], [-95.539035000173, 29.978332000068253], [-95.53853700023062, 29.977661999824864], [-95.53967799988034, 29.977026999870937], [-95.53455699999128, 29.969971999622274], [-95.5315080002377, 29.970732999989124], [-95.53588699978687, 29.976024000020235], [-95.53766600001937, 29.979298999960555], [-95.53710399960457, 29.979606999685053], [-95.54088499965226, 29.984207000019374], [-95.53885000022507, 29.985302999651672], [-95.54125000042356, 29.98862699962156], [-95.54552299966755, 29.986666000378946], [-95.54651299970452, 29.987681000155856], [-95.5476230002904, 29.98755400038603], [-95.54824599990623, 29.988297000343106], [-95.54906500023897, 29.98978600005296], [-95.54840999993777, 29.990786999853682], [-95.54958499992266, 29.990604999933314], [-95.54976099964975, 29.992002999762665], [-95.55086600021275, 29.991039999744405], [-95.55011499965208, 29.990414999882756], [-95.5510310000692, 29.989978999882737], [-95.551433999577, 29.99067199983166], [-95.55382899975262, 29.988793999998443], [-95.55768000012053, 29.98688499992774], [-95.56223299974698, 29.983347000155575], [-95.56220799963265, 29.975086999742636], [-95.56331300019566, 29.974625000173617]], [[-95.18510199958851, 29.795410000106838], [-95.1825370004319, 29.7936009998608], [-95.18184799979551, 29.792028000257556], [-95.17718100036623, 29.79204200011726], [-95.17076199957033, 29.790506000044193], [-95.16324399985585, 29.790647000129123], [-95.16375900041498, 29.804974999768373], [-95.16612100008031, 29.8049939997915], [-95.16614700001959, 29.806087999836564], [-95.16936300017778, 29.806402000200134], [-95.16952899985912, 29.807197999807773], [-95.16908299979528, 29.807316999997003], [-95.16932999966748, 29.808094999959113], [-95.16734100027107, 29.80859399980281], [-95.16745199970083, 29.813194000337212], [-95.16685000000138, 29.813374000386958], [-95.16745599989878, 29.813360999614755], [-95.16753600026473, 29.81747300032234], [-95.16536899969472, 29.817487999696873], [-95.16825799961477, 29.822996999684282], [-95.17013599958143, 29.822963999758382], [-95.1709909998992, 29.824663999640897], [-95.17184700004185, 29.824653000110075], [-95.17277599997945, 29.822936000119775], [-95.1792219996412, 29.805844999916236], [-95.1849860001359, 29.798813000172544], [-95.18402000038837, 29.798208999655568], [-95.18274300029624, 29.79980699979628], [-95.18234599973788, 29.799416000022337], [-95.18510199958851, 29.795410000106838]], [[-95.447644999846, 29.724528999778027], [-95.44724700036105, 29.70592199967452], [-95.44618700000389, 29.7059340000566], [-95.44616000023971, 29.70457600025588], [-95.43311700040513, 29.704753999839067], [-95.43313499994849, 29.70604100001888], [-95.4182879997671, 29.706163999820088], [-95.41858099967006, 29.725490000102806], [-95.43336400027735, 29.7252440001176], [-95.44302899957202, 29.720345000152754], [-95.44311599961064, 29.724593000338945], [-95.447644999846, 29.724528999778027]], [[-95.5785169998541, 29.936573000117622], [-95.57845599975474, 29.933692000273744], [-95.57792199982735, 29.933685999725547], [-95.56451599976963, 29.933763999818105], [-95.56451599976963, 29.936506999870538], [-95.56386200019165, 29.936516999981592], [-95.56389800017666, 29.93369299984613], [-95.56437600002754, 29.93369299984613], [-95.56405399981226, 29.929622999780662], [-95.56463200012058, 29.929557000373283], [-95.56536400041468, 29.9279110002646], [-95.56473400022783, 29.92770099980147], [-95.56508800023018, 29.926894999989983], [-95.56068600021644, 29.926404999706033], [-95.55767300044783, 29.925051000186322], [-95.55542100038734, 29.92598299968897], [-95.55399899963194, 29.92586600011096], [-95.55542100038734, 29.926108999859284], [-95.5554239998621, 29.92878300037657], [-95.55163600014168, 29.928777999932546], [-95.55164700001235, 29.926758000082046], [-95.5478850002312, 29.926797000126207], [-95.54760200037398, 29.933643999770087], [-95.5458580003016, 29.933799000388692], [-95.5456750000035, 29.932513999616017], [-95.54437799981989, 29.930213000276375], [-95.5350349998422, 29.93406099982065], [-95.53525099975226, 29.937526999789892], [-95.54671000024632, 29.937569999975004], [-95.54681999985118, 29.94875399970271], [-95.54981699972625, 29.948718999723475], [-95.54982699977198, 29.94985399966597], [-95.55147299993507, 29.94986299980372], [-95.55152599963853, 29.95479199980513], [-95.552975999983, 29.95524100033456], [-95.55296299956423, 29.95286699991833], [-95.55643399999053, 29.952894999668704], [-95.56626300021506, 29.944106999836645], [-95.57292300013704, 29.940030999801916], [-95.5721309995685, 29.938493999697574], [-95.5731449998949, 29.938491999870894], [-95.57389300008252, 29.939429000291188], [-95.5785169998541, 29.936573000117622]], [[-95.56345299993774, 30.08205399962658], [-95.56276500002457, 30.081754000362267], [-95.5630839998668, 30.08078099964843], [-95.56233300020443, 30.08013900009042], [-95.56196599978331, 30.080733000297773], [-95.55968699995864, 30.078853000025894], [-95.55861699955574, 30.080132999842373], [-95.55433799956565, 30.076645999758334], [-95.55603899998033, 30.075159999906283], [-95.55571199974217, 30.074841000089467], [-95.55270900001933, 30.073603000066495], [-95.5504050000803, 30.073225999681632], [-95.53471699982487, 30.073387999680747], [-95.53453699989981, 30.074207000107712], [-95.53347599971775, 30.074210999735325], [-95.5334720004181, 30.07343799970363], [-95.53323700024146, 30.074102999627165], [-95.5322699997707, 30.074107000036378], [-95.53226599957274, 30.073501999665066], [-95.52816700040603, 30.07394199973664], [-95.52826299976718, 30.077768000065344], [-95.52597200024695, 30.07777700026367], [-95.5259539998053, 30.075123999710346], [-95.52081199999986, 30.07517000004473], [-95.52082500041864, 30.077883000119844], [-95.51737400008382, 30.077885999923488], [-95.52545099984006, 30.08552899967061], [-95.52824699987367, 30.0858760003135], [-95.52824199985079, 30.088029999953648], [-95.5391120001659, 30.09807599996102], [-95.54031200026515, 30.09701400002122], [-95.54090200026901, 30.097514999625183], [-95.54550299957606, 30.09343499983235], [-95.54657399980388, 30.093412000028845], [-95.55464800008536, 30.08673200018983], [-95.56345299993774, 30.08205399962658]], [[-95.48457200041622, 29.699194000039608], [-95.48445500024035, 29.691030000000698], [-95.47593599971995, 29.691114999930832], [-95.47590700030592, 29.689888999964253], [-95.45107000024154, 29.690153000232833], [-95.45103799955618, 29.68930600029587], [-95.44722399989651, 29.689962999802034], [-95.44791600000765, 29.72270799977216], [-95.45151299993233, 29.722668000235245], [-95.4514829997951, 29.72039900034459], [-95.45977399981157, 29.720308000120077], [-95.45958899986366, 29.725883000017113], [-95.46403100006034, 29.725525999688575], [-95.46395599971729, 29.720255000028445], [-95.46809699961508, 29.72021199984524], [-95.46799000038328, 29.712978999694624], [-95.47259400006337, 29.71290400020459], [-95.47251200004762, 29.707475999769553], [-95.47628600042262, 29.707432000077624], [-95.47625499956217, 29.70339599968808], [-95.47415700038579, 29.704423000230506], [-95.47407799984474, 29.698384999754], [-95.4803550003504, 29.698323999974708], [-95.48040999970368, 29.701246000187805], [-95.48457200041622, 29.699194000039608]], [[-95.23189900039115, 30.005283000214284], [-95.23186199968289, 29.9995630003683], [-95.20650800030789, 29.999422999611298], [-95.20651199960754, 29.99974300005111], [-95.20361099999192, 29.9999859997274], [-95.2036019997711, 29.999293000231894], [-95.19695100006993, 29.999003999738747], [-95.19706800024579, 29.999815999673828], [-95.1939630004157, 29.999928999847157], [-95.19400400042358, 30.00071499985397], [-95.19358099992596, 30.00072100024581], [-95.19393400010338, 30.012016000053404], [-95.19432200044089, 30.012085999740016], [-95.1940269999898, 30.012674000135355], [-95.19353599972011, 30.012453000033123], [-95.19390499979106, 30.010999000290266], [-95.19344799985657, 30.007108000360844], [-95.18287299999258, 30.007867999689598], [-95.18012499963952, 30.009475999901586], [-95.18152800012837, 30.010935999961976], [-95.17953999965852, 30.012366000325937], [-95.17819599961923, 30.011045000072517], [-95.1785799997588, 30.010387999653712], [-95.18230700027813, 30.007721999791332], [-95.1847419997384, 30.00716799961883], [-95.19351700035185, 30.00679899999058], [-95.19316800037241, 29.999915000376525], [-95.18603300007425, 29.999928000162893], [-95.18603899992205, 30.000741999669387], [-95.18434900027633, 30.00074000031722], [-95.18387399990017, 29.9987379999786], [-95.1754959998451, 29.998596000218388], [-95.17543899994368, 30.000514999811244], [-95.1736389997948, 29.99988100020922], [-95.17348900000697, 30.001824000373233], [-95.15766000018455, 30.0020140003676], [-95.15692799989044, 30.00107099991292], [-95.15591000026438, 30.001697000026688], [-95.15482099959492, 29.99995099990036], [-95.15405900006189, 29.999943999777855], [-95.15420200017702, 30.00207200026885], [-95.15558600039928, 30.002049999907896], [-95.15368099977012, 30.00324099970228], [-95.15459700018724, 30.003880000175872], [-95.15353900037822, 30.0045090001535], [-95.15251500000606, 30.003919999949375], [-95.14247400006944, 30.00942800021459], [-95.14446699966385, 30.01310300002628], [-95.1490250002115, 30.017452000083804], [-95.1483420003212, 30.017499000269734], [-95.14873599960818, 30.01800500009912], [-95.15097199977514, 30.01915200033511], [-95.15254099994534, 30.018496000223067], [-95.15751000039671, 30.020092000040428], [-95.15922400033185, 30.02011000003222], [-95.1561999997943, 30.0221529996485], [-95.15579700028648, 30.023151999931844], [-95.15644400019177, 30.024063999926607], [-95.15624400017523, 30.025232999964373], [-95.1533219997449, 30.028110000104167], [-95.15306999984983, 30.029466999834707], [-95.1536160003711, 30.029731000088642], [-95.15699700038573, 30.028871999827505], [-95.15858400009927, 30.02765599990939], [-95.15889899974354, 30.02685800031463], [-95.160606000006, 30.025675000270233], [-95.16062799974729, 30.02405100019203], [-95.16664199958892, 30.02129699979828], [-95.16889199999957, 30.02117099973978], [-95.17171300014755, 30.019253000167232], [-95.17607599980322, 30.018650999947457], [-95.17925799962622, 30.01978299967156], [-95.18031700015847, 30.020707000242584], [-95.18366600038604, 30.019922999698743], [-95.18626499987785, 30.01849399967308], [-95.19303100010505, 30.017914999752556], [-95.19755000029464, 30.0142400001066], [-95.19755199994447, 30.01315600035724], [-95.1982580002993, 30.01382200012122], [-95.20040900007746, 30.01352400012798], [-95.20181000001816, 30.01437099966497], [-95.20377300037364, 30.019119000028795], [-95.20355300026561, 30.00808699991205], [-95.23189900039115, 30.005283000214284]], [[-95.72035600026169, 29.80780499999948], [-95.72029000013946, 29.805108999936493], [-95.71954399960164, 29.8029820000672], [-95.71887300030522, 29.803237000357548], [-95.71756000022808, 29.80125199973308], [-95.7142110000005, 29.801235000020178], [-95.71422199987116, 29.80017599983218], [-95.71801299996461, 29.80017599983218], [-95.71798899967516, 29.79454499979737], [-95.71885400003866, 29.794548000360187], [-95.71862700025794, 29.792672000352045], [-95.71567499969039, 29.792694000211885], [-95.71528499970306, 29.79065100025579], [-95.71207399956774, 29.79138999967285], [-95.7120690004432, 29.79277499972489], [-95.70830599993883, 29.792901999993987], [-95.70829400024326, 29.799229000369753], [-95.70733500016844, 29.799235999796124], [-95.70734000019132, 29.800196000118422], [-95.704966999757, 29.800193999856106], [-95.70496199973412, 29.801177000015205], [-95.70397199969716, 29.801165000117507], [-95.70409100042116, 29.81183000034158], [-95.70641100025372, 29.811613000008506], [-95.70641499955337, 29.813990999657182], [-95.70390999977289, 29.813992999643578], [-95.70404000036754, 29.81309500017174], [-95.7051490002302, 29.813155000283768], [-95.70516699977354, 29.812441999742557], [-95.70383199995507, 29.812414000274575], [-95.70378900029736, 29.80959800003836], [-95.69311800017388, 29.809615999925803], [-95.6989810004028, 29.809511999925352], [-95.69889600001397, 29.808536000167543], [-95.70158499991747, 29.808472000208432], [-95.70158999994032, 29.80950899981134], [-95.70385399969638, 29.80951500003933], [-95.70384600019878, 29.805019999612195], [-95.69303899963288, 29.80508300013899], [-95.69309200023464, 29.806344000073164], [-95.6872530002952, 29.806385999872802], [-95.68728099988428, 29.810728999790754], [-95.68827500011922, 29.810843000331797], [-95.68826599989838, 29.812487000123827], [-95.68696000039223, 29.812345999641035], [-95.68678700013987, 29.813072000119295], [-95.68698100030862, 29.82634100010502], [-95.6855710001471, 29.82964600022134], [-95.68654600011546, 29.82757400013221], [-95.68293400012215, 29.824276000083547], [-95.68656700003186, 29.824044000319546], [-95.6865629998339, 29.813891000286652], [-95.68708800043875, 29.81106300006498], [-95.687106999807, 29.806442999906768], [-95.68474299959352, 29.806396999854552], [-95.68476400040824, 29.808190000193083], [-95.68201400040537, 29.808179999680412], [-95.68198500009308, 29.81207599978683], [-95.67613500028298, 29.81211500026118], [-95.67615700002428, 29.814647000062763], [-95.67298900044499, 29.814685000327408], [-95.67295400028489, 29.813168000303243], [-95.66378200001142, 29.813164000297427], [-95.66370500001851, 29.816669000156114], [-95.6651329997234, 29.821864000151198], [-95.66961199973001, 29.82546499977335], [-95.67319600013424, 29.8254680001879], [-95.67325200021072, 29.828927999627556], [-95.66968299987512, 29.82894000009012], [-95.66971700021031, 29.830945000061256], [-95.71762200015236, 29.830998999872545], [-95.7180620003684, 29.82539999986089], [-95.71888199962775, 29.82539200004856], [-95.71884099961986, 29.82277799961816], [-95.71973600012059, 29.822877000326635], [-95.72004400009217, 29.817031999778298], [-95.71893199985647, 29.81704200018512], [-95.71892099998581, 29.81492399987669], [-95.71706300011063, 29.814949000249804], [-95.71704600039219, 29.81391100016876], [-95.71830500004266, 29.81388400032694], [-95.71827200043069, 29.812120000320856], [-95.72031799972854, 29.812158999998605], [-95.72032500029955, 29.81079699996505], [-95.71911900035253, 29.810159999844355], [-95.71966599980038, 29.809609999703877], [-95.72032600012444, 29.809819000207117], [-95.72035600026169, 29.80780499999948]], [[-95.7682789997471, 29.82013599976402], [-95.7648719997932, 29.818298999942183], [-95.76486099992255, 29.817135999751383], [-95.76109900014141, 29.81716100035085], [-95.76098199996555, 29.802681999810474], [-95.76027499978579, 29.802690999987185], [-95.76026100044041, 29.80215799964641], [-95.75653300009614, 29.80217800031592], [-95.75655300018764, 29.80536599964037], [-95.75459800022807, 29.805375999654924], [-95.75382300027626, 29.802193999757378], [-95.75333799985435, 29.802170000204494], [-95.7545239997099, 29.807111999969397], [-95.75312600014225, 29.80711300003136], [-95.75312500031735, 29.80639300035738], [-95.75202700032536, 29.806403000269245], [-95.75207900020388, 29.80940999989485], [-95.74805299993379, 29.809419000245637], [-95.74801500029896, 29.805626999770823], [-95.75201499973147, 29.805607999867934], [-95.75199100034034, 29.80378199999085], [-95.75077600017248, 29.803800000145507], [-95.75076799977656, 29.801993999929582], [-95.74306900031212, 29.801686999793997], [-95.74299999981682, 29.792950999845978], [-95.74102899996372, 29.792767999846554], [-95.73874799959093, 29.79185499993641], [-95.73978100018391, 29.789414000041134], [-95.73893099988904, 29.78569900011966], [-95.73850599974158, 29.785689999973854], [-95.73872000000182, 29.787159000328366], [-95.73815799958705, 29.787150000313762], [-95.73814900026453, 29.78820800011878], [-95.73591700029552, 29.78821700003818], [-95.73594900008257, 29.79060499995872], [-95.73517199958262, 29.790628999946893], [-95.73516699955975, 29.79102500009001], [-95.73539199969066, 29.800995999716214], [-95.73907900002703, 29.801672999724758], [-95.73539500006369, 29.80166099988651], [-95.73504199988628, 29.791223000353543], [-95.7332479995852, 29.790862000279866], [-95.73060800008551, 29.79410199988979], [-95.72944399997128, 29.793388999955315], [-95.73076899974399, 29.791876999975813], [-95.73108400028657, 29.790463000365765], [-95.72709900002437, 29.790489000064735], [-95.72695799955905, 29.78975099968758], [-95.72457699962713, 29.790619000017475], [-95.7223780001684, 29.790692000180787], [-95.72227799971098, 29.795467000158386], [-95.71888900019876, 29.795494000294592], [-95.7188930003967, 29.800294999800666], [-95.72021499979638, 29.80041800014338], [-95.72064999998956, 29.812702000106878], [-95.7214700001472, 29.812704000119048], [-95.72147299962195, 29.81446799995487], [-95.72294100040811, 29.81464500008946], [-95.72294600043098, 29.81802400003207], [-95.72024900013156, 29.81805700003009], [-95.72019200023016, 29.820840999815356], [-95.72298800026378, 29.820814000286354], [-95.72300599980711, 29.822377000153722], [-95.72007300040447, 29.82240499994893], [-95.72007099985635, 29.824276000083547], [-95.7214700001472, 29.824309000355566], [-95.72121300022927, 29.82958599987646], [-95.72270299985841, 29.829593000295215], [-95.72271000042943, 29.831027000369367], [-95.72546100025721, 29.831041000225152], [-95.72547700015072, 29.83032300030371], [-95.72684700012928, 29.830311999837143], [-95.72823899984915, 29.830326999622937], [-95.72823700019933, 29.8310540002565], [-95.72884599957148, 29.831056999724026], [-95.72978899975277, 29.830311999837143], [-95.72979200012583, 29.831063000217263], [-95.73569100033971, 29.831111000254094], [-95.73568299994379, 29.830010999919335], [-95.73906599960823, 29.830006999808152], [-95.7389700002471, 29.8221330001588], [-95.7400489999725, 29.82212799982046], [-95.73994500021544, 29.83158200021994], [-95.74104999988013, 29.83171699961211], [-95.74475499975985, 29.829142000257352], [-95.74565500028345, 29.83065799962189], [-95.74757799955763, 29.830612999627526], [-95.74758699977848, 29.83160400009288], [-95.75287300042227, 29.831574999940543], [-95.75157100021576, 29.830553999690853], [-95.75295600026294, 29.830538000111503], [-95.75275600024639, 29.82635900009536], [-95.75385300041349, 29.826274000242307], [-95.75377300004754, 29.82583300033906], [-95.75231400038052, 29.820094000283927], [-95.75208000002881, 29.81684299961771], [-95.75017399957471, 29.816857999866233], [-95.75034699982709, 29.814702000092485], [-95.75125400002337, 29.814639000169294], [-95.75116799980964, 29.81006099979287], [-95.75209000007455, 29.810054000344504], [-95.75232100005321, 29.819344999967186], [-95.7540869998669, 29.826568999743376], [-95.75431000034799, 29.830666999618312], [-95.75676700044788, 29.83063999962654], [-95.75675300020417, 29.8291489999279], [-95.76172699978012, 29.829112000327765], [-95.7682789997471, 29.82013599976402]], [[-95.25912300023523, 29.773364999821357], [-95.25896400022657, 29.76863499964374], [-95.25605600003996, 29.76817900007896], [-95.25586400041934, 29.759891000220165], [-95.2517159999505, 29.75991900034634], [-95.25162499971391, 29.75760899989492], [-95.25430399957166, 29.757496000102925], [-95.25358499969636, 29.731987999649434], [-95.25045399992699, 29.73225600013438], [-95.24354299993483, 29.726500000177676], [-95.24135899964641, 29.727070999837693], [-95.23673900007277, 29.729756000341307], [-95.23194899972154, 29.731556000387545], [-95.22436099968685, 29.73253900030594], [-95.21908699963694, 29.731430000382392], [-95.21626100036441, 29.73170700033382], [-95.21261000001304, 29.73855299967151], [-95.21115200017094, 29.739597000140012], [-95.21091100014651, 29.740827999745047], [-95.21182300036567, 29.75953700012219], [-95.2116059997324, 29.757681999948133], [-95.21082999995568, 29.757678000064143], [-95.21052700000696, 29.75865799963264], [-95.2064460003836, 29.762169000342144], [-95.21293899990101, 29.762051000011727], [-95.21293200022834, 29.7616450002056], [-95.21189000031282, 29.761657000161996], [-95.2118319996882, 29.759812000128253], [-95.22392899986671, 29.759482999944414], [-95.2241380001041, 29.765545999742656], [-95.2215549996075, 29.764545000382174], [-95.22043200039946, 29.76601800014129], [-95.22399900018694, 29.766981999630566], [-95.22356999984152, 29.768349999866565], [-95.22510100037688, 29.76870899990741], [-95.22526299986026, 29.76949700029457], [-95.22684000042639, 29.76892400038454], [-95.22748599960845, 29.771559000099476], [-95.23657900023922, 29.773448999795573], [-95.24957600004302, 29.773274000094627], [-95.25525199977584, 29.77378800017307], [-95.25912300023523, 29.773364999821357]], [[-95.54642300019115, 29.76233100034468], [-95.54641099959726, 29.759021999683007], [-95.52967399975364, 29.759092999962935], [-95.52962000022528, 29.754027000155872], [-95.5265520002051, 29.753999999755983], [-95.52595600035343, 29.753400000344342], [-95.52592899969095, 29.74710199964188], [-95.52859400020331, 29.74592600022725], [-95.52815499981216, 29.745420999811333], [-95.5285380001268, 29.74539600001044], [-95.52851399983736, 29.744860999812477], [-95.5266090001065, 29.742938999959225], [-95.52312099996176, 29.74297299967774], [-95.52290199967864, 29.742116999769213], [-95.52071800028853, 29.7421880003238], [-95.51977199973417, 29.74324999973069], [-95.51905299985887, 29.74327799982581], [-95.51835300025014, 29.742588999755036], [-95.51760699971233, 29.743730999860183], [-95.51644500014623, 29.743306999832477], [-95.51434299987358, 29.74496000038944], [-95.51253900042506, 29.74376099965073], [-95.51208999998818, 29.745433000150392], [-95.5091569996872, 29.746297999615596], [-95.50784000031041, 29.746094000096797], [-95.5067120001812, 29.747225999696784], [-95.50696999992405, 29.747786999620022], [-95.50842600011633, 29.74831400006808], [-95.50757599982146, 29.748754000162684], [-95.50633800008737, 29.748389000389157], [-95.50526100001179, 29.750228000252275], [-95.5071490000242, 29.751017999824242], [-95.50716900011567, 29.751809000024018], [-95.50507500023893, 29.75189099968668], [-95.50461599975631, 29.752926000133634], [-95.50110699969515, 29.752965000260257], [-95.50085700034822, 29.7603780001023], [-95.50011400018347, 29.760115999982666], [-95.49920399961412, 29.760524000020563], [-95.49842399963946, 29.762074999825863], [-95.49676599978082, 29.76165199992041], [-95.49460099975896, 29.765050000363882], [-95.49284199961797, 29.764721000223194], [-95.49227500007862, 29.7641830003222], [-95.49234399967558, 29.763242999948048], [-95.49154399960942, 29.76302300036224], [-95.4907879999242, 29.76401800027661], [-95.4921749996212, 29.764980000109173], [-95.49222499984991, 29.765519000106966], [-95.49124200038395, 29.765601999945886], [-95.48968599973423, 29.764822000089783], [-95.48979299986436, 29.765799999800695], [-95.49099700016157, 29.76667900001984], [-95.48866599956004, 29.766701999819134], [-95.48729899995453, 29.767967000142153], [-95.48826499970205, 29.769438999832193], [-95.48697500008943, 29.76961600008936], [-95.48697000006658, 29.770378000122577], [-95.48704500040964, 29.777423999752894], [-95.48825899985427, 29.77708399962588], [-95.48824100031094, 29.78352399982145], [-95.48640000015416, 29.783575999698915], [-95.48643199994122, 29.784701999835907], [-95.48484000020481, 29.78463800022302], [-95.48492700024345, 29.794909999794413], [-95.49547799981801, 29.794832999630323], [-95.49548700003885, 29.79396200018863], [-95.49761500025078, 29.795551000298357], [-95.50258800000181, 29.796785999941825], [-95.50547600009693, 29.795990000114397], [-95.50615599961418, 29.797094999850124], [-95.50892900008157, 29.797958999789216], [-95.51012699963267, 29.798853999871532], [-95.51011199956406, 29.797238999708448], [-95.51280499966553, 29.797273999870068], [-95.51280800003858, 29.79431100005356], [-95.51391699990123, 29.79430700007319], [-95.51393699999271, 29.7896889998771], [-95.51671399975974, 29.78892599998315], [-95.52031800025544, 29.788909999979257], [-95.52012300026178, 29.78374199978664], [-95.53177799967612, 29.783812999697865], [-95.53155699974317, 29.77322600036832], [-95.53756800011006, 29.773152999944383], [-95.5375840000036, 29.775756000370514], [-95.54023000024938, 29.77581299991881], [-95.53984799975964, 29.765358000279683], [-95.54638100035835, 29.7651619997339], [-95.54642300019115, 29.76233100034468]], [[-95.42135699961219, 29.978505999940435], [-95.42082000021007, 29.975519000043533], [-95.41850899970005, 29.975534999701598], [-95.41849600017956, 29.97484100000711], [-95.42047999955312, 29.974850000216936], [-95.42027600023695, 29.973707999675252], [-95.41848199993586, 29.97409499992502], [-95.41844699977575, 29.97257800030786], [-95.41994499980083, 29.972306999971558], [-95.41921000003201, 29.969251000165233], [-95.41838499985148, 29.969262000089362], [-95.4183659995849, 29.96801300014137], [-95.4191539999555, 29.96800300008464], [-95.41825900035309, 29.965046999908807], [-95.41939699962974, 29.96506599980268], [-95.41817899998715, 29.951226000276385], [-95.40135099990694, 29.951529999937367], [-95.40141299983121, 29.95567999987452], [-95.39512100015526, 29.955751999848047], [-95.39508400034532, 29.953952999801828], [-95.39001100013687, 29.95403500015424], [-95.39003600025121, 29.955010000214912], [-95.39115799963434, 29.956312999801643], [-95.39113599989302, 29.957208999653066], [-95.39009300015263, 29.957210999881692], [-95.39032599978113, 29.96081400010387], [-95.3913650002219, 29.960816000259978], [-95.39135699982597, 29.959939000328266], [-95.39189699960114, 29.959936000067625], [-95.39190400017215, 29.960810999869654], [-95.39941600003885, 29.96078899970572], [-95.3994339995822, 29.963648999637908], [-95.40094099982811, 29.96364100001953], [-95.40094199965303, 29.96482799968244], [-95.39943899960507, 29.965273999918434], [-95.39944199997814, 29.965824000304487], [-95.40094199965303, 29.96582300027684], [-95.40094199965303, 29.964947000202944], [-95.40213099988162, 29.964946000166403], [-95.40217000023966, 29.965972999643075], [-95.40501899997672, 29.96595299989631], [-95.4050459997409, 29.96688299981691], [-95.40446300030804, 29.966897000053777], [-95.40447199963054, 29.967308999916593], [-95.40167200029731, 29.967485999673066], [-95.40167399994712, 29.968602000149538], [-95.39882600003497, 29.96861200014599], [-95.39910399986931, 29.962957000306194], [-95.39752499965337, 29.9629520000236], [-95.39752100035373, 29.965954999948988], [-95.39593600029004, 29.96595399992266], [-95.39593499956679, 29.96510100025298], [-95.39494100023019, 29.965407000351643], [-95.39476999962764, 29.96595299989631], [-95.39468000011428, 29.963757000259587], [-95.39360899988647, 29.963834000069017], [-95.39360800006155, 29.96347300010282], [-95.39447800044793, 29.96346799984618], [-95.39350199975634, 29.96267699965727], [-95.39910300004439, 29.962706999875714], [-95.39910399986931, 29.961081000352564], [-95.38996000008324, 29.961048000194538], [-95.3896749996779, 29.956914999850166], [-95.38828399978294, 29.954755000116528], [-95.38744699990684, 29.954921999842806], [-95.3871969996616, 29.95404199962113], [-95.38553999962785, 29.954069999818945], [-95.38579099969802, 29.955630000381124], [-95.38501400009638, 29.955922999965388], [-95.386015000004, 29.956533000231698], [-95.38487600000413, 29.956067999634126], [-95.38205400003123, 29.956007999850524], [-95.38053900028773, 29.95774699977828], [-95.38026099955508, 29.9654030002242], [-95.38507600002066, 29.96534800001175], [-95.38522800035662, 29.97170599973821], [-95.38325800032844, 29.971034999964075], [-95.38129800034599, 29.969588999613368], [-95.3799950003146, 29.967410000370247], [-95.37978899955196, 29.96541099970075], [-95.37089599983604, 29.96531000032828], [-95.3708859997903, 29.962796999698444], [-95.3682739998797, 29.962756999700805], [-95.36819100003903, 29.957790999891223], [-95.35994000020553, 29.95717400031512], [-95.36088400021174, 29.960750999835703], [-95.36400499993537, 29.966049000044915], [-95.36475499977281, 29.981067000299888], [-95.37040100026672, 29.998615999616135], [-95.37338800009606, 29.995594000330282], [-95.37576800020305, 29.99884599979172], [-95.37340499981448, 30.00012999997516], [-95.37386400029712, 30.000771000384933], [-95.3715050001065, 30.002049999907896], [-95.37196700006386, 30.003366000329308], [-95.37394200011491, 30.00229899967711], [-95.37434700017087, 30.00287299990457], [-95.37218899982172, 30.004029999632248], [-95.37383099978683, 30.008974999642565], [-95.37625699992459, 30.01323299998046], [-95.37694999986064, 30.0128809997704], [-95.37789399986686, 30.01448600022726], [-95.37730999971075, 30.01475899962798], [-95.37813300024145, 30.0161149997813], [-95.37864200005447, 30.016114000260124], [-95.37825799991492, 30.01632800023891], [-95.37968899999284, 30.01873700009152], [-95.38253500025517, 30.018938999720447], [-95.3821710002071, 30.020535000185788], [-95.38420900000735, 30.020970999713153], [-95.38004100034536, 30.015272000033445], [-95.38158000037832, 30.01444700036269], [-95.38580099974375, 30.020168000242872], [-95.39067499976058, 30.017437999974454], [-95.3896549995864, 30.015878000191456], [-95.3921610000901, 30.01585099982813], [-95.393484000213, 30.016913000281527], [-95.39444699958746, 30.016365999845167], [-95.39417899979885, 30.016000999852363], [-95.39601599975765, 30.014990000029773], [-95.39401099956936, 30.01224800018096], [-95.39228900013663, 30.013224999689037], [-95.3917529996611, 30.012491000346227], [-95.38816300030742, 30.01394699986233], [-95.38726199995891, 30.01231500024752], [-95.3865149995962, 30.01273900002596], [-95.38602500004973, 30.01209000032066], [-95.38813099962205, 30.011495000267292], [-95.38996099990814, 30.010335999756784], [-95.39050700042941, 30.01112699996973], [-95.39239100024386, 30.01001999991666], [-95.39099199995299, 30.00815900001813], [-95.39798900015889, 30.00443400003784], [-95.39705199982538, 30.000697999908823], [-95.38856199961727, 30.00476499975842], [-95.38516499970912, 30.000185000376586], [-95.38051699964811, 30.0027160003281], [-95.37889399994955, 30.00040899961741], [-95.3861620003171, 29.996614999715586], [-95.39592500041937, 29.996147999770734], [-95.3951040004368, 29.99286900021012], [-95.39944700000099, 29.992800999704436], [-95.39918000003729, 29.991743000069146], [-95.40196000017738, 29.992012999737284], [-95.40203100032251, 29.995529000099154], [-95.40263600039498, 29.995558000004042], [-95.4026079999076, 29.992166000079038], [-95.40305999981919, 29.991746000147298], [-95.4080729997532, 29.99169799966406], [-95.40921400030122, 29.98997100005045], [-95.41060500019618, 29.990096000274153], [-95.41061100004396, 29.986696000356357], [-95.40917999996604, 29.98668299961512], [-95.40915800022474, 29.984233999656556], [-95.41086100028922, 29.984290000148654], [-95.4108319999769, 29.98318599985018], [-95.41612199992034, 29.982864999868525], [-95.41531500018148, 29.978323000173926], [-95.42135699961219, 29.978505999940435]], [[-95.40870999961275, 29.913702999810397], [-95.40844099999923, 29.8753880001642], [-95.38650399972555, 29.87558600000051], [-95.3879649999407, 29.878075000111924], [-95.37455399986011, 29.878209999733972], [-95.37454499963927, 29.87929500007044], [-95.3752860001542, 29.879291000375897], [-95.37527000026068, 29.88076499963488], [-95.37598300028822, 29.880760999999307], [-95.37600199965648, 29.885854999824172], [-95.37310600006374, 29.885875000094345], [-95.37340099961652, 29.88949800008699], [-95.37110699972325, 29.892443999812595], [-95.36999600021076, 29.89263500015686], [-95.36613700034526, 29.877424000217147], [-95.36127900022196, 29.877501999976367], [-95.36119600038128, 29.87581400015128], [-95.36614599966776, 29.875744999678936], [-95.3653370002791, 29.872533999702537], [-95.35296300009114, 29.87273699989332], [-95.35535900009167, 29.87750500038531], [-95.35485500030151, 29.89501700027283], [-95.35637699971771, 29.93687900005432], [-95.3596709996937, 29.936853000325225], [-95.3596420002797, 29.934950999620426], [-95.36801199993889, 29.93487200011932], [-95.36847300007133, 29.93812899991176], [-95.37012400025728, 29.938550000277726], [-95.37894900020113, 29.938462000130308], [-95.38062999962601, 29.93761600029726], [-95.37893499995744, 29.93279499992853], [-95.38677900008516, 29.931734000153323], [-95.38674300010014, 29.929219000292303], [-95.38886999958883, 29.929189999709067], [-95.38891200031995, 29.93175399977681], [-95.39305800024064, 29.93133799977495], [-95.39284200033057, 29.91549199982612], [-95.40857599971845, 29.915165999699695], [-95.40870999961275, 29.913702999810397]], [[-95.49539300032751, 29.988276999644235], [-95.49472600033074, 29.98735900011083], [-95.49525000021238, 29.986783999822826], [-95.49514499973208, 29.98581000010959], [-95.49413799997669, 29.984760000143922], [-95.49338099956822, 29.98477800032134], [-95.49356899988919, 29.983882999910044], [-95.49471899975973, 29.983378000208585], [-95.48068000004044, 29.96455800003968], [-95.47840000039083, 29.964380999737426], [-95.47678199981685, 29.961863000183957], [-95.47161400007215, 29.964535999926902], [-95.46380400027962, 29.964877999996993], [-95.46375300022599, 29.96144599995471], [-95.4649299998607, 29.96141700020592], [-95.46501799972425, 29.964560000120436], [-95.4716319996155, 29.964226000084462], [-95.47699500025219, 29.96139600024838], [-95.47292600032438, 29.955900000148787], [-95.47366299974306, 29.955505000370056], [-95.47258400001762, 29.954123999900148], [-95.47141900007848, 29.954165999770076], [-95.46851400026492, 29.9502129996852], [-95.46953299971588, 29.950208000318224], [-95.46799700005599, 29.947958999916953], [-95.46463699995775, 29.947995999799314], [-95.46460599999561, 29.946402999765386], [-95.4637180000659, 29.94640999976957], [-95.46370899984505, 29.94587000011357], [-95.46438300041284, 29.945864000299878], [-95.4643649999712, 29.94408700036108], [-95.46385000031037, 29.943411999940942], [-95.46257800024111, 29.943548000020424], [-95.46148899957161, 29.941654000262403], [-95.46298300029706, 29.941399999659943], [-95.46246699991302, 29.9407279997497], [-95.46098300013166, 29.940805999770607], [-95.45896399969966, 29.938044999841864], [-95.43840700034859, 29.93833200037168], [-95.434360999987, 29.93802800006932], [-95.43439600014712, 29.94013399973982], [-95.44898100038768, 29.939944999983606], [-95.4490399999389, 29.94324200035844], [-95.4500450000445, 29.94323699986262], [-95.45004599986939, 29.943801999808343], [-95.44904900015975, 29.943807999746472], [-95.44906500005327, 29.945875999926947], [-95.43380699996814, 29.945984999846413], [-95.43256000001323, 29.94696000022508], [-95.43256500003609, 29.947678999835045], [-95.43079500002446, 29.949615000293957], [-95.43077699958279, 29.948868999992442], [-95.42758200023931, 29.94899600017818], [-95.42760399998063, 29.9509910002395], [-95.42921900018156, 29.950974000344445], [-95.42927400043317, 29.9524779999579], [-95.42831799983308, 29.95338900008296], [-95.42606900014563, 29.954100999667364], [-95.42599700017561, 29.949083000150562], [-95.42440200006615, 29.949104999791526], [-95.42453799961028, 29.958469000300852], [-95.42904400027939, 29.958455999756772], [-95.42940999997728, 29.956414999877577], [-95.43064799971137, 29.954573999695622], [-95.43089899978153, 29.956885000218456], [-95.43466599958555, 29.956842999940616], [-95.4346770003545, 29.957999999772372], [-95.43639700013743, 29.95797799976465], [-95.4365789997123, 29.96804800033187], [-95.43010600028637, 29.968025000208055], [-95.43003199976822, 29.970076999643222], [-95.42945699983295, 29.97007599965836], [-95.42831500035834, 29.969457000099254], [-95.42828199984807, 29.967872000027086], [-95.42337500021925, 29.967956999810827], [-95.42492199974983, 29.97024300010211], [-95.4343269996518, 29.978238999823823], [-95.43505399992304, 29.97760899999134], [-95.43590699969266, 29.978350999756113], [-95.43522999965015, 29.978949999681817], [-95.43682700030774, 29.980420000203146], [-95.4372819996941, 29.97991799966804], [-95.4376330002217, 29.980273999611647], [-95.43342799985145, 29.985469000342903], [-95.43524200024402, 29.98666499978302], [-95.43523600039624, 29.987244999820426], [-95.43384899980093, 29.98731199965202], [-95.43240199982948, 29.988132000292545], [-95.43206000042103, 29.98963600007528], [-95.4324379998145, 29.990020000374727], [-95.43323000038305, 29.98963699986322], [-95.43357099996659, 29.990956999811363], [-95.4313259995788, 29.99129800018069], [-95.4311420003541, 29.990110000351663], [-95.42850600015406, 29.990094999712795], [-95.42853200009331, 29.99170399982298], [-95.42952899980297, 29.991709000214517], [-95.42943000006878, 29.992534999658563], [-95.43011600033212, 29.992608999672736], [-95.43011499960889, 29.993689999824817], [-95.42786500009653, 29.993689999824817], [-95.42789000021091, 29.994928000350523], [-95.4299399997067, 29.994923000121144], [-95.43036700040228, 29.997278000134656], [-95.42963599993308, 29.997300999708273], [-95.43005799970749, 29.999399999751457], [-95.43112399991243, 29.999250999989066], [-95.43127299987535, 30.000053999978476], [-95.42553799969299, 30.001269000271527], [-95.42645199956196, 30.005876999784192], [-95.42753299983552, 30.00576099972852], [-95.42720800014551, 30.004710000339635], [-95.42929500034955, 30.003627999987494], [-95.4297420002383, 30.003854999725853], [-95.42973700021543, 30.00560499968122], [-95.43405399984036, 30.00390600026389], [-95.43464499966913, 30.004189999943407], [-95.43987299968829, 30.00126400036162], [-95.43855100028863, 29.999477999626578], [-95.43932000039266, 29.99904699977931], [-95.44148200004145, 30.001996000203576], [-95.44074200024974, 30.002414999890497], [-95.4399639999249, 30.001390000036846], [-95.43428800019207, 30.004541000237467], [-95.43399399956589, 30.0041290000205], [-95.43007100012628, 30.00571099977], [-95.43021099986835, 30.00680500001444], [-95.42763300029296, 30.0070640003115], [-95.42749400037577, 30.00598500038471], [-95.42649299956985, 30.00620400009625], [-95.4272139999933, 30.00937300026922], [-95.42988299980532, 30.009180999626842], [-95.43011499960889, 30.01083700014309], [-95.43290099959675, 30.009598000135863], [-95.43497899957998, 30.012433999871146], [-95.43232999985945, 30.01390099987014], [-95.43520600025903, 30.016742999674133], [-95.43733799977058, 30.01557200005079], [-95.43830199986829, 30.01688699971338], [-95.43947299965522, 30.016543000050657], [-95.43998099964334, 30.01723599962153], [-95.44158099977565, 30.016769000280092], [-95.44081400021977, 30.015727999981202], [-95.4414710001708, 30.015922000220485], [-95.44244500031422, 30.015372999927994], [-95.44203900043338, 30.015041999820404], [-95.44349300007752, 30.014231999896346], [-95.44502200006474, 30.016326999942034], [-95.44710199969778, 30.015603999677555], [-95.44683100043444, 30.015124000302507], [-95.44749099986021, 30.014766000260902], [-95.44795000034283, 30.015409000065805], [-95.44897299999175, 30.014928000213807], [-95.44772299966381, 30.013203000245536], [-95.4524460000679, 30.01073100008607], [-95.45367100028149, 30.012419000272892], [-95.4579949995791, 30.010027000106163], [-95.45601100020552, 30.007336999913676], [-95.45734600002399, 30.006596999751913], [-95.45654599995783, 30.005133000318406], [-95.45536099992718, 30.00458899995516], [-95.45797299983778, 30.003331000138502], [-95.45716400044911, 30.002206000098823], [-95.45641700008639, 30.002623000362743], [-95.45579299974732, 30.001785999863916], [-95.4581209999758, 30.00059600017668], [-95.46002700042986, 30.002768000329283], [-95.46065800044165, 30.002357999849547], [-95.46105199972862, 30.002820999958423], [-95.4606130002358, 30.003097000079283], [-95.46221699966776, 30.004862000144186], [-95.46460799964544, 30.003324999904542], [-95.46628499977065, 30.005583999730973], [-95.46847400008194, 30.004341000126797], [-95.46797899961432, 30.00368599972329], [-95.46753000007574, 30.003935999698644], [-95.46632400012872, 30.002361000384745], [-95.4672739999827, 30.001827000146612], [-95.46896899965127, 30.0040639999339], [-95.46974799980104, 30.00363499985012], [-95.46529300008386, 29.997580000301813], [-95.4688570003966, 29.99557500005164], [-95.47331399976359, 30.00167899980516], [-95.4769120004115, 29.99964800025919], [-95.47723399972847, 29.99943999977487], [-95.47650200033269, 29.99843699992245], [-95.47714300039019, 29.998064999835016], [-95.47684100026639, 29.997156000311392], [-95.4774399995928, 29.996806999778517], [-95.47684200009131, 29.99578899999026], [-95.47805300006122, 29.994799000265395], [-95.47771400012749, 29.994404000307025], [-95.47926099965807, 29.993553000143194], [-95.48011599997581, 29.99476799988825], [-95.4836140001663, 29.993516000105874], [-95.4820440001712, 29.99137399987974], [-95.47970400024717, 29.99264500029049], [-95.47936399959023, 29.992163000013583], [-95.47712699959835, 29.993417999772152], [-95.47595499998651, 29.991789999986356], [-95.47794500010617, 29.990717999700845], [-95.47949400018489, 29.992192999886072], [-95.48193500039125, 29.990841999986273], [-95.48388399960473, 29.99339200004848], [-95.4862329997496, 29.99197899997507], [-95.4873170003962, 29.990050000116774], [-95.49025099962377, 29.98981500007954], [-95.49009099979018, 29.987515000050433], [-95.4885199999702, 29.987095999707616], [-95.48931800038652, 29.987198999898208], [-95.48975100003157, 29.98617400007878], [-95.49013799964587, 29.98643299975311], [-95.48979000038965, 29.987289000098137], [-95.4923860004067, 29.987174999727355], [-95.49140800006529, 29.985005000376855], [-95.48968800028238, 29.984222999834074], [-95.4908649999171, 29.984422000183233], [-95.49224800031443, 29.983073999923512], [-95.4914790002104, 29.98216199970939], [-95.49239599955412, 29.98172899964292], [-95.49296700018975, 29.982473000250806], [-95.4927599996022, 29.983241000302836], [-95.49164800026482, 29.983663999965092], [-95.4934850002236, 29.985675999930223], [-95.49255999958565, 29.986133000332757], [-95.49235399972133, 29.989436000271237], [-95.49539300032751, 29.988276999644235]], [[-95.53568699977035, 29.96200300019708], [-95.53521399994231, 29.961157999900415], [-95.53566800040208, 29.96093500013641], [-95.52739900012692, 29.946183999719647], [-95.52472600011696, 29.944115999716075], [-95.52323099956662, 29.945064000359448], [-95.52400300004369, 29.946401000097705], [-95.51905399968378, 29.94646199967393], [-95.51820000008927, 29.946978000245185], [-95.52056099992969, 29.94985799964078], [-95.52551299976433, 29.95012999988696], [-95.52078400041077, 29.95026499993607], [-95.52482200037642, 29.95606600016082], [-95.52292199977012, 29.957132000159373], [-95.52221799996343, 29.956155999770157], [-95.52349400023066, 29.955461000023647], [-95.52248800030017, 29.953260999905538], [-95.51708500037883, 29.9562259999288], [-95.51602300037185, 29.95475000019966], [-95.51480599965585, 29.955416000303728], [-95.51373699997617, 29.953950000138864], [-95.51905399968378, 29.950996999743932], [-95.51795400004197, 29.949445999831195], [-95.52013099975937, 29.949791999646347], [-95.51638800024482, 29.944492999902103], [-95.516379000024, 29.940613000166206], [-95.51719900018165, 29.939669999812335], [-95.51758599979593, 29.939949000357007], [-95.51834999987709, 29.93930799977527], [-95.51460099961643, 29.936503000137268], [-95.50530899969235, 29.936840000068898], [-95.505291000149, 29.935658999877617], [-95.50609700006295, 29.935650000011485], [-95.50609000039026, 29.93518400029636], [-95.50528299975309, 29.935249000307444], [-95.50529399962375, 29.934573999860095], [-95.50401499988178, 29.93458000035481], [-95.50399899998824, 29.935230999721757], [-95.49949400004235, 29.93524999986413], [-95.49948700036967, 29.93690200037786], [-95.49784000038167, 29.936919000342787], [-95.4977430002973, 29.93403500013368], [-95.49689100035259, 29.932036000267402], [-95.49253399964641, 29.92810000030256], [-95.49166599980816, 29.92858399994978], [-95.49079399977198, 29.92692599974412], [-95.49052599998338, 29.92464999981456], [-95.49138999962365, 29.924797000019993], [-95.49255700011093, 29.921883000356054], [-95.4890909997075, 29.91927600032015], [-95.48956799973347, 29.918726000212764], [-95.48406500025301, 29.91528499968803], [-95.48474899996822, 29.914492999621732], [-95.48406199987997, 29.91406300000886], [-95.47980999965405, 29.914055000295424], [-95.48149600000012, 29.917877999762133], [-95.48175200009315, 29.920673999934586], [-95.47911099987023, 29.920691000335935], [-95.4790819995579, 29.919610000272897], [-95.4813899996949, 29.919551999727418], [-95.4810719996776, 29.917670999912495], [-95.47964800017067, 29.914882000167133], [-95.47950000003267, 29.913213999779302], [-95.47734500005654, 29.912927000009063], [-95.475173000362, 29.91183899965012], [-95.47514099967665, 29.910225000235307], [-95.4806840002384, 29.91025000010434], [-95.48023899999947, 29.90974599994379], [-95.4811930000514, 29.90977300033681], [-95.4807629998811, 29.91122200005293], [-95.483296000149, 29.913034999645255], [-95.48829700038742, 29.91218299985193], [-95.48850099970362, 29.91502100036579], [-95.48984200026817, 29.914973999961855], [-95.48984300009307, 29.91603899986164], [-95.49111299961422, 29.91603899986164], [-95.49379400002009, 29.917664000222214], [-95.49456099957598, 29.916221000068397], [-95.49454399985756, 29.91502100036579], [-95.49573599956086, 29.914700999611995], [-95.4957439999568, 29.90633599976146], [-95.49512899983856, 29.906332000373215], [-95.495189000113, 29.9055060002227], [-95.49574599960663, 29.905502000022402], [-95.49574800015476, 29.903856000144057], [-95.4881979997549, 29.90385399962147], [-95.48820799980065, 29.902826999677536], [-95.49571600036771, 29.902328000331913], [-95.4956610001161, 29.897218999851386], [-95.49446100001687, 29.897219999789904], [-95.49446199984179, 29.894903000022527], [-95.49562900032905, 29.895047999826467], [-95.49553800009247, 29.891285000210836], [-95.49279099956435, 29.89133200010946], [-95.49277999969368, 29.890320999737916], [-95.49070900028147, 29.890308999644223], [-95.49085700041948, 29.894271000368285], [-95.48523000019216, 29.893491000376205], [-95.48513599958251, 29.88618000001745], [-95.48244199965616, 29.886206999786953], [-95.48214799992829, 29.885333999901576], [-95.4808680003614, 29.885730000186694], [-95.48084400007195, 29.88411000033433], [-95.48210899957022, 29.884096000131457], [-95.48206500008759, 29.88473099984511], [-95.48523299966689, 29.884215999915067], [-95.48528500044375, 29.884764000388124], [-95.49444699977316, 29.884693999813297], [-95.49445799964383, 29.880069999982222], [-95.49274399970867, 29.88005299965881], [-95.49279899996026, 29.878231000108826], [-95.49219499971267, 29.87808599998986], [-95.49318599957456, 29.87786300024425], [-95.4931749997039, 29.876935999879667], [-95.49445500016908, 29.87666700026414], [-95.4916249998003, 29.87657000020162], [-95.4902950000047, 29.875652000118247], [-95.48829900003724, 29.87529799996703], [-95.48699500018094, 29.873930999918255], [-95.48622199987895, 29.873888000296585], [-95.48959399967273, 29.879952000105977], [-95.488597999788, 29.881219999781788], [-95.48517300029076, 29.88126300013681], [-95.4850350001985, 29.87885700023841], [-95.48295499966713, 29.878707999753892], [-95.48405299965913, 29.877857000226797], [-95.48047800037406, 29.87417900023668], [-95.48064099968236, 29.884789999699], [-95.47565399968762, 29.884829999883745], [-95.47547999961036, 29.88669800005989], [-95.47777900042482, 29.888864000384107], [-95.47722500040595, 29.889530999830896], [-95.47913299961155, 29.89114900037939], [-95.48016500037961, 29.890729999732105], [-95.48093299976041, 29.893721000030027], [-95.48135700008295, 29.89373599963347], [-95.4813339996184, 29.89430799996066], [-95.48012099999869, 29.89491400038027], [-95.47900700011317, 29.894910999716412], [-95.47865300011084, 29.89278400007757], [-95.47967800030789, 29.892754999786384], [-95.47881499959422, 29.892430999987866], [-95.47945599965173, 29.892226000191478], [-95.47904800012104, 29.891545000151037], [-95.47642799981452, 29.88935700006684], [-95.47552200034147, 29.890359000025207], [-95.47332499963424, 29.887157999810917], [-95.47279099970687, 29.884784000098275], [-95.46768700043457, 29.884899000300962], [-95.46659399956714, 29.887220999941732], [-95.46731199961754, 29.89186299976091], [-95.46351100037667, 29.891943999881466], [-95.46349799995787, 29.89011800029449], [-95.46104300040611, 29.89016199993653], [-95.46107600001805, 29.89129000020115], [-95.45763800010204, 29.891272000234995], [-95.45084500011066, 29.884882000022], [-95.4312620000047, 29.885424999665737], [-95.43143400043213, 29.89789199982737], [-95.41694000042817, 29.898080000064972], [-95.41667799958903, 29.90026299990426], [-95.41500200018703, 29.900294000162262], [-95.41510699976901, 29.904538999887198], [-95.41275699979923, 29.90525299989244], [-95.41285300005872, 29.91095099992025], [-95.417414999906, 29.91082900001924], [-95.41745199971592, 29.91499500037701], [-95.4187589999453, 29.915187999832604], [-95.4198650003332, 29.91882400023633], [-95.41975400000513, 29.923771999718344], [-95.41449599984873, 29.923913999753445], [-95.41422399986219, 29.927524000067937], [-95.4123960001242, 29.927547000218265], [-95.41231400010845, 29.928590999650748], [-95.41772000040285, 29.92851799985339], [-95.41771100018201, 29.931814000179997], [-95.42012499972589, 29.931374000016024], [-95.4221950002115, 29.930158000061354], [-95.4234839999992, 29.928544999827366], [-95.42492799959761, 29.92537999961309], [-95.42729400035924, 29.923614000033407], [-95.42979300029194, 29.923077000254494], [-95.43281199990831, 29.923312999732683], [-95.43297400029002, 29.92547399991695], [-95.43291900003842, 29.921626000032735], [-95.4343269996518, 29.921615999982507], [-95.43635799977936, 29.92215299985682], [-95.43728500006715, 29.925403000258846], [-95.43411199956665, 29.925433999699113], [-95.43435599996414, 29.937162999886123], [-95.43912700004881, 29.937641999826962], [-95.45133600038034, 29.937384000181133], [-95.45127199990792, 29.93468400004924], [-95.45743499971245, 29.934536999655936], [-95.45109899965556, 29.92631399999939], [-95.44982499993647, 29.926344000288303], [-95.44959200030796, 29.925902999646325], [-95.45040300024476, 29.92546099973109], [-95.44755100013467, 29.921835000385418], [-95.4453500001278, 29.922314000142002], [-95.44465499964363, 29.919889999934004], [-95.44574799961275, 29.9192359999476], [-95.44415500005142, 29.917176999653286], [-95.44290399989853, 29.91775400031762], [-95.44265500037652, 29.917015999625587], [-95.44169299992866, 29.91710400005017], [-95.44166899963919, 29.915630000198206], [-95.43926599996597, 29.915659000060245], [-95.4388020003588, 29.914801999768713], [-95.43579799991272, 29.91485900020517], [-95.43581100033151, 29.91570099981859], [-95.43282600015202, 29.915741999806652], [-95.4326639997703, 29.91055599998652], [-95.43317000010859, 29.910544999798404], [-95.43403499957377, 29.912304999651717], [-95.43419399958243, 29.914069999952197], [-95.43542899984178, 29.914055000295424], [-95.43544200026057, 29.914601999659553], [-95.43970199998408, 29.91451300037339], [-95.43966799964888, 29.913168999636714], [-95.44009699999428, 29.912919000204433], [-95.43939200036266, 29.912004000200778], [-95.43883499997075, 29.91228299966056], [-95.43866400026653, 29.91142500010886], [-95.43938399996675, 29.911017999783216], [-95.44367999967528, 29.916564999927193], [-95.44581899975786, 29.91653499980574], [-95.44682100038871, 29.917541000245812], [-95.44940800018495, 29.917533999767823], [-95.44950799974406, 29.923053000170626], [-95.45917700013499, 29.922971999650333], [-95.45919700022648, 29.923963999618888], [-95.4587410001169, 29.923972999763244], [-95.45872100002542, 29.92314599987936], [-95.45097999982987, 29.923210999967452], [-95.45103599990637, 29.925161999660137], [-95.45105400034802, 29.925586999783622], [-95.45195200032347, 29.925572000304754], [-95.45204299966177, 29.92519900023576], [-95.45747900009339, 29.932202999996225], [-95.45719600023617, 29.932423999630725], [-95.45821399986221, 29.933749000014654], [-95.4575369998197, 29.93415000031455], [-95.45962999987152, 29.93681999991082], [-95.46049600005993, 29.936777000179966], [-95.46103699966001, 29.937514999934038], [-95.46593499996628, 29.937558999657835], [-95.46586999966895, 29.935627000176986], [-95.4734550002289, 29.935519000138367], [-95.47352700019893, 29.938385000132104], [-95.46684399981238, 29.938468999914885], [-95.4668639999039, 29.940691000277273], [-95.46630499986213, 29.94182199968544], [-95.46572999992688, 29.942218000372176], [-95.4639220002804, 29.941436000152525], [-95.46319699965898, 29.941688999614193], [-95.46499400033312, 29.94403999967069], [-95.46581399959246, 29.943577999783997], [-95.46724999969327, 29.945492999698303], [-95.46869800038793, 29.94519999973689], [-95.47018299999424, 29.947313000068235], [-95.47701699999348, 29.94292500003128], [-95.47921800000036, 29.94259999971765], [-95.48295399984222, 29.942956999719712], [-95.4871690002582, 29.942174000373694], [-95.48990699966718, 29.942617000265752], [-95.49485199982912, 29.94564899998979], [-95.4979130001766, 29.94625200022267], [-95.49779199980277, 29.938051999655777], [-95.50872499986708, 29.93798500008215], [-95.50872700041522, 29.938808000013562], [-95.5076429997686, 29.938811999654213], [-95.50750600039957, 29.940894999679855], [-95.50649500044621, 29.9432309998901], [-95.50542000002044, 29.942869000357128], [-95.50537800018765, 29.94012899986626], [-95.50158500044436, 29.939900000248205], [-95.50070900021021, 29.94039399982684], [-95.50138700007764, 29.941240999663705], [-95.49805100026886, 29.941923000346517], [-95.49808499970574, 29.944332999935757], [-95.49970699957937, 29.944331999691904], [-95.4997369997166, 29.945687999635247], [-95.49823100019391, 29.945677999667698], [-95.49828399989737, 29.948683000310222], [-95.49545199987875, 29.948748000062956], [-95.4941389998016, 29.947846999978758], [-95.48975100003157, 29.947833000172245], [-95.48670800012574, 29.946245000207366], [-95.48379999993914, 29.945864999749926], [-95.48343400024125, 29.942978999937413], [-95.47680100008341, 29.94329700034676], [-95.46951099997459, 29.948028999619616], [-95.47101300019762, 29.95000899993517], [-95.46989799958887, 29.950025999995198], [-95.47060999979148, 29.951001999849534], [-95.4721730001139, 29.950974999743195], [-95.47220700044909, 29.952039999677602], [-95.47135100030641, 29.95204899961747], [-95.4727010001935, 29.95392800001316], [-95.47371999964446, 29.953921999907312], [-95.47372499966733, 29.954278000374213], [-95.47299699957118, 29.95428300031482], [-95.4756589997105, 29.957702000314814], [-95.47746100040752, 29.957718999837823], [-95.47745200018667, 29.95844899982235], [-95.47797000022052, 29.95845400033148], [-95.47797799971814, 29.957724000383678], [-95.48102099962396, 29.957801000197133], [-95.4810309996697, 29.958422000181688], [-95.48160200030532, 29.958621000070366], [-95.48165099981082, 29.96113000014247], [-95.478459999767, 29.96136699970672], [-95.47895900043258, 29.962046999982594], [-95.48111199986056, 29.961796000308002], [-95.48120100044733, 29.962405000272778], [-95.48008199964062, 29.96252800004658], [-95.48331799989029, 29.96675899996718], [-95.48386600006138, 29.966441999905303], [-95.483804999962, 29.964488000300758], [-95.485712000241, 29.96445999992449], [-95.485860000379, 29.968473000105465], [-95.48454099955576, 29.96919699974161], [-95.48601799966443, 29.968572000154253], [-95.48761699997185, 29.970668999804374], [-95.4866970002551, 29.971214000033875], [-95.48818299968629, 29.97315800012871], [-95.48766600037565, 29.973454000031], [-95.4895769999543, 29.975494000232295], [-95.49078399972623, 29.974798000376737], [-95.49292299980881, 29.9760020001117], [-95.49480499997345, 29.971120000154848], [-95.49424900030475, 29.970350999782966], [-95.49608399971542, 29.965824000304487], [-95.49667500044252, 29.966627999826066], [-95.4959840001563, 29.96858100015378], [-95.49732200034782, 29.970330000156864], [-95.49548899968866, 29.97135500007484], [-95.49603199983687, 29.972096999863023], [-95.49571299999465, 29.972274999613138], [-95.49497300020293, 29.971307999824024], [-95.49434600038914, 29.97299800038215], [-95.49567500035984, 29.972810000020008], [-95.49466699988119, 29.975134999695957], [-95.49393399976218, 29.974121000032547], [-95.49211799971978, 29.978520000095767], [-95.49271799976941, 29.980112999771183], [-95.49456999979681, 29.97907900012837], [-95.4955049995822, 29.980350999849083], [-95.49374799998934, 29.981320000058478], [-95.49500099979204, 29.982987000136454], [-95.49539199960428, 29.982817999616884], [-95.49627500040945, 29.98406300001486], [-95.49668299994013, 29.98381100008802], [-95.49712300015618, 29.984377000350303], [-95.49652700030451, 29.98502400034426], [-95.4971099997374, 29.985780999691247], [-95.50224300022032, 29.982941999653253], [-95.50244800025972, 29.983231000222798], [-95.50319100042448, 29.98282400031242], [-95.50392799984313, 29.983800000218686], [-95.50632100036893, 29.982430999894316], [-95.50681799958808, 29.983052999874573], [-95.5067060003334, 29.982598999657508], [-95.50845000040577, 29.981477000018273], [-95.50727899972054, 29.979859000163945], [-95.51101899976035, 29.97776299986979], [-95.51390500020567, 29.976178999945013], [-95.51546299960688, 29.978337000355058], [-95.52001799978147, 29.975807999646367], [-95.51954499995347, 29.97512900009209], [-95.51990800017663, 29.97492200030994], [-95.52038600002751, 29.974660000369475], [-95.52086100040366, 29.97532500019126], [-95.52147800017171, 29.974971000278583], [-95.52089599966546, 29.97415299979637], [-95.52126300008656, 29.973964000117853], [-95.52184100039487, 29.974764000167195], [-95.52983199993737, 29.97032500024519], [-95.52872499972455, 29.968782999929076], [-95.5296150002024, 29.968261999672368], [-95.52926899969768, 29.967699000215124], [-95.53179899959252, 29.96629899985082], [-95.53072800026301, 29.96480599962943], [-95.52909799999345, 29.965715000343902], [-95.52856300024115, 29.96497499966376], [-95.53035099979616, 29.963976999779288], [-95.53414600008755, 29.963008000061517], [-95.53405900004893, 29.9607419999053], [-95.53521399994231, 29.961157999900415], [-95.53474100011431, 29.961354000319943], [-95.53472799969552, 29.962813999906583], [-95.53568699977035, 29.96200300019708]], [[-95.45614599992474, 30.12902300004659], [-95.45290899985017, 30.129061999843085], [-95.45289999962934, 30.130140999756527], [-95.4497079997606, 30.130189999899656], [-95.4497079997606, 30.131450000220926], [-95.45513800034442, 30.131427999853827], [-95.455334000163, 30.13252400017357], [-95.44947299958393, 30.132874000204545], [-95.44944400016995, 30.13040299966833], [-95.44828900027655, 30.130411999736037], [-95.44826800036016, 30.131028999655044], [-95.44791099998477, 30.130415000276322], [-95.44654500020417, 30.13042500026392], [-95.44704499979638, 30.131829999714125], [-95.44680700014499, 30.134811000018686], [-95.44964099981344, 30.134960000163026], [-95.44965699970697, 30.136526000317318], [-95.4489060000446, 30.136539000040024], [-95.44891600009035, 30.136908000178934], [-95.44966099990492, 30.136908000178934], [-95.44966000008, 30.137806999660484], [-95.44783300016697, 30.137870999898094], [-95.44865300032461, 30.138357999630486], [-95.44790799961172, 30.138701000312697], [-95.44965900025511, 30.138912999748683], [-95.44976999968486, 30.139494000075384], [-95.45117900002148, 30.139480000135784], [-95.45117900002148, 30.139934000049667], [-95.44965900025511, 30.139943000025152], [-95.44965900025511, 30.140641000197014], [-95.45053899978889, 30.140620999960277], [-95.45054800000973, 30.14167900031492], [-95.44969699988994, 30.141684999933595], [-95.44969600006502, 30.143529000369305], [-95.44866099982224, 30.143615999776618], [-95.44876200010455, 30.144166000156222], [-95.44969699988994, 30.14408400014722], [-95.4497019999128, 30.145533999803654], [-95.44896600031906, 30.145543999812993], [-95.44970299973772, 30.14580900008006], [-95.44970600011075, 30.146637000241345], [-95.44909000016762, 30.146637999998127], [-95.44970699993567, 30.146913000304522], [-95.44961200039944, 30.15590800038366], [-95.4475739997009, 30.146013000123233], [-95.44598699998734, 30.14625599973838], [-95.4436549995609, 30.13633300010979], [-95.44092700019769, 30.136361000102905], [-95.4409079999311, 30.135353999878028], [-95.44442399966493, 30.13531799985104], [-95.44424999958767, 30.13449100014766], [-95.44210200018257, 30.134506999777393], [-95.44288899982995, 30.131951000014414], [-95.4420059999231, 30.12820000021095], [-95.44028399959203, 30.128207999759038], [-95.44079999997606, 30.128444000120595], [-95.44026000020091, 30.12868099985672], [-95.4407880002805, 30.128904999851382], [-95.44081800041774, 30.1302660002638], [-95.44028699996508, 30.130271999799373], [-95.440295000361, 30.130766999850756], [-95.44083500013618, 30.131054999769724], [-95.44030000038387, 30.131054999769724], [-95.44030899970639, 30.131582999899184], [-95.44084600000681, 30.131838999651666], [-95.44031999957704, 30.13218899978068], [-95.44085799970239, 30.132595000022697], [-95.440331000346, 30.132855999740432], [-95.44034600041462, 30.13338299966866], [-95.44087199994608, 30.13337800021328], [-95.4403510004375, 30.133645000298902], [-95.44039599974502, 30.13442799992943], [-95.44089500041063, 30.13466400018249], [-95.44022599986572, 30.134671000105662], [-95.4401410003752, 30.132859000206484], [-95.43959499985395, 30.132863999688162], [-95.44013600035235, 30.13257399980999], [-95.44012700013151, 30.13207499987935], [-95.43959200037922, 30.13208600037987], [-95.43956200024198, 30.129994999883504], [-95.44009000032159, 30.129906000270086], [-95.4400779997277, 30.12921200005221], [-95.43955700021912, 30.129213999918772], [-95.43953700012761, 30.12763600013712], [-95.43823699957096, 30.12766200036841], [-95.43821599965456, 30.12707299990428], [-95.43741200028875, 30.127126999788402], [-95.4371339995561, 30.12887700007409], [-95.4370919997233, 30.12714800038284], [-95.43673900044419, 30.127171000103832], [-95.43677100023125, 30.12798199984529], [-95.43613699984644, 30.128035000064042], [-95.43528699955156, 30.128082999753822], [-95.43528699955156, 30.127269000206123], [-95.43459100014078, 30.12731500036326], [-95.43461100023227, 30.12817100028984], [-95.43403299992396, 30.12818299961528], [-95.4340229998782, 30.135643000266207], [-95.43303899968902, 30.13583299989375], [-95.43254999996748, 30.13707400010945], [-95.43164100012137, 30.13707699967033], [-95.42907000021866, 30.127514000036232], [-95.4261090003286, 30.1276239999683], [-95.42392199966713, 30.126594000113915], [-95.42005000028114, 30.125646000249144], [-95.4085360004338, 30.12320499966979], [-95.404059000077, 30.123148999982348], [-95.40170900010722, 30.12238800030434], [-95.39794499977796, 30.119803999900814], [-95.39229099978644, 30.11117599970636], [-95.39024899978824, 30.109420999805575], [-95.38806100020017, 30.110924999819105], [-95.39026200020703, 30.11302199985807], [-95.38717800029333, 30.11574400013666], [-95.38563099986445, 30.11434600006153], [-95.38517700030302, 30.11473199980836], [-95.38490699996626, 30.115291000168128], [-95.38636300015854, 30.11643900027467], [-95.38457399988033, 30.117991999879376], [-95.37537800021572, 30.122193999646456], [-95.37409699992563, 30.12144499974629], [-95.38239700016291, 30.116101000279453], [-95.3814599998294, 30.11536799964032], [-95.38504199968547, 30.111836000190394], [-95.38730399979171, 30.110897999725136], [-95.38358100036864, 30.10768699988545], [-95.38442800029047, 30.10690800022532], [-95.38523099983136, 30.10757700028388], [-95.38647699996136, 30.10699500004305], [-95.38908700022213, 30.104482000157727], [-95.39275699994177, 30.106145000203195], [-95.39660900013459, 30.102836999826057], [-95.40075800042831, 30.105919000315428], [-95.39990300011057, 30.106792999732274], [-95.39589100008418, 30.10382699968523], [-95.39047200026931, 30.10915800004103], [-95.39250199967363, 30.110877000337716], [-95.39750200008716, 30.118806999791506], [-95.39822099996246, 30.11846499996085], [-95.39846700000977, 30.118857000158272], [-95.39776300020307, 30.1193069999891], [-95.39916099977071, 30.120530000106072], [-95.40336600014096, 30.122758999724198], [-95.40335799974504, 30.122345000191427], [-95.40510900038842, 30.122312000092023], [-95.4050879995737, 30.12165299968354], [-95.40550500022354, 30.121642000351553], [-95.40554799988125, 30.122287000009383], [-95.4081570003171, 30.122052999706128], [-95.40886399959854, 30.122559999791868], [-95.40872800005442, 30.122983999941543], [-95.42340399963328, 30.126163000176852], [-95.4261019997576, 30.12746999987366], [-95.42598600030495, 30.126822000011945], [-95.42659200020236, 30.12674200027128], [-95.42633000026154, 30.125568000272985], [-95.42776600036234, 30.125538000385276], [-95.42807000013596, 30.12687600003339], [-95.42867000018558, 30.12684799968062], [-95.42857899994898, 30.126485999733056], [-95.43091999969792, 30.126418000036963], [-95.4311630002705, 30.12741900003157], [-95.43238099991308, 30.127404999933184], [-95.43241900044623, 30.125304999988963], [-95.43405300001542, 30.125643000340848], [-95.434064999711, 30.122885000250925], [-95.4278979997085, 30.122977999963094], [-95.42606199957463, 30.115532999972384], [-95.42758499971407, 30.114847999687203], [-95.4300030003542, 30.12077600035851], [-95.43181000017577, 30.120771000264714], [-95.43167600028147, 30.116651000118278], [-95.43207799996436, 30.116648999997256], [-95.4320579998729, 30.11520499996003], [-95.43595799974628, 30.115152999924394], [-95.4359440004009, 30.11399400022964], [-95.43722300014286, 30.113926999790632], [-95.43593900037803, 30.110485999678406], [-95.43489400008949, 30.11117200001963], [-95.43358100001232, 30.10815300010329], [-95.43061500009941, 30.107171999918272], [-95.42791299977713, 30.10484299975128], [-95.42943099989367, 30.103296999981456], [-95.4333170004217, 30.10525799976423], [-95.43461000040735, 30.1068089999643], [-95.43418100006195, 30.106815000147794], [-95.43417500021417, 30.107538999926795], [-95.43505700029611, 30.107533999940095], [-95.43462600030088, 30.090949999925996], [-95.43658000043554, 30.081333999863663], [-95.43490199958707, 30.071449000323746], [-95.43726300032584, 30.071136000220413], [-95.4373879999993, 30.071863999796104], [-95.4360640000515, 30.072025999692855], [-95.43633299966501, 30.073230000126305], [-95.43724099968621, 30.074353000014767], [-95.43704099966968, 30.07520199985915], [-95.43762400000085, 30.075196999791636], [-95.43761399995512, 30.074185999922303], [-95.43909699991157, 30.073378999860502], [-95.4394840004242, 30.07395100028303], [-95.43984000007634, 30.073754000228156], [-95.43986199981764, 30.075973999629806], [-95.43939900003538, 30.075967000211794], [-95.43940099968519, 30.076465000106932], [-95.4398660000156, 30.076472999956806], [-95.43988000025931, 30.078664999743747], [-95.43716799989126, 30.07869999976137], [-95.43740600044096, 30.08313000028224], [-95.43594699987563, 30.089593000128065], [-95.43605099963271, 30.104356999655252], [-95.43689900027778, 30.11026199986755], [-95.43807599991247, 30.113653000143483], [-95.43988299973402, 30.11607199991331], [-95.44072600035624, 30.11606500022561], [-95.44260199977475, 30.119324999815362], [-95.44943300029931, 30.119416999739467], [-95.44944300034504, 30.120152999932472], [-95.45016999971794, 30.120146999782023], [-95.45016999971794, 30.11973400020681], [-95.45223500018069, 30.119728000030957], [-95.45224400040154, 30.120140000383106], [-95.45089600016426, 30.120145999756904], [-95.45098700040087, 30.123026999776208], [-95.4494900002007, 30.123046999692956], [-95.44950699991914, 30.12444600013374], [-95.45269700013806, 30.124327999907266], [-95.45262400034312, 30.12146700000698], [-95.45538400039172, 30.121446999770228], [-95.4554599996614, 30.126649000219295], [-95.45611099976465, 30.126635000011678], [-95.45614599992474, 30.12902300004659]], [[-95.44848199972208, 30.136529999754107], [-95.44848099989717, 30.136506000023505], [-95.44847000002652, 30.136271000152167], [-95.44829699977416, 30.136273999737522], [-95.4481520000092, 30.13627600023792], [-95.44772799968666, 30.13628300004677], [-95.44766099973951, 30.136288999993504], [-95.44769000005184, 30.136521000244297], [-95.44769400024978, 30.13654800032506], [-95.44822900000209, 30.1365339999676], [-95.44848199972208, 30.136529999754107]], [[-95.44882400002884, 30.140005999830432], [-95.44880099956431, 30.139737000208388], [-95.44801499974184, 30.13980699970409], [-95.44803499983333, 30.13999900028563], [-95.44804499987907, 30.14007599991218], [-95.44882400002884, 30.140005999830432]], [[-95.44886699968654, 30.14065599978924], [-95.44885499999098, 30.14028099997696], [-95.44808000003917, 30.140346999804898], [-95.44886699968654, 30.14065599978924]], [[-95.44781399990038, 30.137647999898014], [-95.44776600021981, 30.13708300034574], [-95.44687900011502, 30.13715800021123], [-95.44693900038946, 30.13770800007299], [-95.44781399990038, 30.137647999898014]], [[-95.38503800038583, 30.113810000295167], [-95.38406400024239, 30.112930000194083], [-95.38303999987023, 30.11412800019429], [-95.38392100012724, 30.114764000029712], [-95.38503800038583, 30.113810000295167]], [[-95.44957100039156, 30.128924000195237], [-95.4495599996226, 30.128151999801144], [-95.44687999993992, 30.12817699995275], [-95.4468840001379, 30.128628999924004], [-95.44590900016954, 30.12856899966875], [-95.44590499997157, 30.128156000354156], [-95.44419900043235, 30.12816799968135], [-95.44422000034875, 30.129085999829655], [-95.44957100039156, 30.128924000195237]], [[-95.43260100002111, 30.130407000130177], [-95.43254999996748, 30.12844999976684], [-95.43035200033366, 30.12843100010875], [-95.43033899991487, 30.12742900032258], [-95.42912999959479, 30.127456999733614], [-95.4299820004378, 30.13043800001314], [-95.43260100002111, 30.130407000130177]], [[-95.44948900037579, 30.12295400004576], [-95.44946699973616, 30.121659999752254], [-95.44847699969921, 30.121639000321608], [-95.44845699960773, 30.119546999992952], [-95.44591900021527, 30.11954199983693], [-95.44592800043611, 30.121645999614277], [-95.44512099979895, 30.12164799963416], [-95.44512900019485, 30.122157000254713], [-95.44708499997934, 30.122923000143928], [-95.44948900037579, 30.12295400004576]], [[-95.49233799982781, 29.535780000381894], [-95.48384699979479, 29.53599600001681], [-95.48438699956998, 29.538097999610528], [-95.48696800041675, 29.541906999626313], [-95.48725399974869, 29.545693999907105], [-95.4863180001384, 29.54113899961146], [-95.48431299995012, 29.538586000287015], [-95.48361199961816, 29.536810000082085], [-95.48267299963483, 29.53682499996229], [-95.4826569997413, 29.535972999802613], [-95.47973000018644, 29.536006000278185], [-95.47946400004766, 29.536801999936678], [-95.47791400014404, 29.536557000256614], [-95.47784499964875, 29.535933999937214], [-95.4784399996755, 29.535914000180792], [-95.47800000035777, 29.535625999810467], [-95.45022699961936, 29.53621600006803], [-95.4497150003316, 29.537568000048367], [-95.45080599975259, 29.53758299981614], [-95.45081400014851, 29.538262000363275], [-95.44954600027721, 29.537966999990505], [-95.4488709998845, 29.539694999922354], [-95.45084299956252, 29.539129999917677], [-95.45087100004991, 29.5395999996928], [-95.45695000018887, 29.539523000000663], [-95.45692099987656, 29.537873999715718], [-95.45756799978183, 29.537863000022153], [-95.45762899988121, 29.53951100010429], [-95.45868099984246, 29.539501000189542], [-95.45868000001752, 29.538530000239312], [-95.4641549999089, 29.538432999692535], [-95.46418400022122, 29.53942899999257], [-95.46189500035081, 29.539493999857857], [-95.46191399971907, 29.54021399983909], [-95.4613389997838, 29.540230000370904], [-95.46131299984452, 29.53950799973919], [-95.4502579995815, 29.53968800038564], [-95.45035100036624, 29.544436000089032], [-95.44795799984044, 29.544460000274313], [-95.4476580002648, 29.545279000250734], [-95.44675400044156, 29.545001999684505], [-95.44596799972078, 29.547015999889737], [-95.44965400023223, 29.546936999758145], [-95.44966900030084, 29.54878800016723], [-95.45050399962881, 29.548775999807642], [-95.45061999997976, 29.554165000212663], [-95.45585600039482, 29.553984000100513], [-95.45614500009984, 29.568532999718272], [-95.44679899974908, 29.57010900028349], [-95.44674799969545, 29.56739799967886], [-95.43759600041176, 29.56753700027551], [-95.45654500013292, 29.51903199963071], [-95.45738100018409, 29.51903300021544], [-95.45741299997114, 29.519982000372814], [-95.45675900039315, 29.519986000329126], [-95.45471599967173, 29.525056000329492], [-95.4583250001903, 29.525011000135745], [-95.45838499956645, 29.526905000101582], [-95.45478199979397, 29.526988999656076], [-95.45377699968839, 29.527429999885538], [-95.45028900044196, 29.536079999837018], [-95.45697399957999, 29.53595799979603], [-95.45695000018887, 29.535071000088873], [-95.45747099969745, 29.5350629998059], [-95.45749300033708, 29.535950000364807], [-95.46025199966246, 29.53590300027395], [-95.46020900000475, 29.5339790001558], [-95.46066400028943, 29.533968999693958], [-95.46072799986352, 29.53589000031148], [-95.46177899999985, 29.5358600002715], [-95.46170000035714, 29.534106000073315], [-95.46275099959516, 29.534067000269488], [-95.46280599984674, 29.535830999859634], [-95.46663399975012, 29.535731000154456], [-95.46656000013026, 29.53210599996144], [-95.46904399999435, 29.53208400009982], [-95.46907800032953, 29.533252000346454], [-95.46668499980373, 29.533294999894693], [-95.46674599990311, 29.535737000327096], [-95.46789900014667, 29.53570599982189], [-95.46784899991798, 29.534042999961848], [-95.46841800000546, 29.534031000196677], [-95.46846800023417, 29.535692000195727], [-95.4700819997119, 29.53532799985557], [-95.47009400030576, 29.535651000162755], [-95.48023800017455, 29.535727999677185], [-95.4803329997108, 29.534364000380812], [-95.48074699998759, 29.534353999957023], [-95.48080999973678, 29.535711999996067], [-95.48208299963095, 29.535679999844646], [-95.48205400021695, 29.534980999994854], [-95.48261099971054, 29.534965999841177], [-95.48262999997712, 29.535662999735678], [-95.48349000031773, 29.5356709999712], [-95.48327699988242, 29.5313649997503], [-95.47984499981415, 29.527104999670605], [-95.47958700007129, 29.523756999973873], [-95.47871699968493, 29.520913999985797], [-95.479417000192, 29.518905000330182], [-95.47765300002813, 29.51799999984437], [-95.47760699999738, 29.516281999664518], [-95.48432800001873, 29.519771999709484], [-95.48326600001175, 29.520044999861515], [-95.48327900043054, 29.52049799968266], [-95.4799100001115, 29.51873400003537], [-95.47904100044836, 29.52092800009398], [-95.4801700004025, 29.52728400000475], [-95.48267600000787, 29.529703999812213], [-95.48356300011267, 29.531243999956455], [-95.4837890000685, 29.535590999932065], [-95.49231000023872, 29.53546700001988], [-95.49233799982781, 29.535780000381894]], [[-95.8670620001151, 29.776907000091207], [-95.85793400022256, 29.777101999904644], [-95.85783499959003, 29.77268499970128], [-95.8669900001451, 29.77262799993217], [-95.8670620001151, 29.776907000091207]], [[-95.45928699973985, 30.125627000051455], [-95.45926400017363, 30.126634000052306], [-95.45611099976465, 30.126635000011678], [-95.45602600027414, 30.122551999786253], [-95.45927000002142, 30.122423000382465], [-95.45928699973985, 30.125627000051455]], [[-95.47666399981608, 30.12340099987985], [-95.47570599956616, 30.12543500026121], [-95.47547100028784, 30.12776499972324], [-95.4721739999388, 30.127804000016617], [-95.47201499993014, 30.126267000281572], [-95.47420000004348, 30.12620300028986], [-95.47415599966256, 30.12338300001948], [-95.47666399981608, 30.12340099987985]], [[-95.4687939997491, 30.123424999688524], [-95.46757299973345, 30.123441000334736], [-95.46763899985568, 30.126258999799294], [-95.4662179998235, 30.126276999912324], [-95.46615300042448, 30.12240600034609], [-95.46699199995041, 30.121241000204172], [-95.46877799985556, 30.121248000302145], [-95.4687939997491, 30.123424999688524]], [[-95.17342000041, 29.807811000329707], [-95.16993700028812, 29.808662999916372], [-95.16952899985912, 29.807197999807773], [-95.17332999999832, 29.8063820003752], [-95.17342000041, 29.807811000329707]], [[-95.80862400014185, 29.95716500006083], [-95.80771000027288, 29.921317999737724], [-95.80680100042676, 29.831376000253233], [-95.77348300037511, 29.83156000034211], [-95.80683300021381, 29.83136499990259], [-95.80771199992269, 29.91912599981358], [-95.80862400014185, 29.95716500006083]], [[-95.47388100020126, 30.131447999622704], [-95.47369500042842, 30.13412099963475], [-95.47234100034338, 30.133464000133458], [-95.47199800021171, 30.131587000313157], [-95.47388100020126, 30.131447999622704]], [[-95.61473600041965, 30.04759499987047], [-95.6136409999024, 30.048037999950882], [-95.61177600035452, 30.045547999779554], [-95.61297800010358, 30.044944999836634], [-95.61473600041965, 30.04759499987047]], [[-95.18130299999746, 29.545685000143525], [-95.18042799958823, 29.546466999707228], [-95.17894899982973, 29.54522400032849], [-95.17980099977443, 29.544443000078527], [-95.18130299999746, 29.545685000143525]], [[-95.49537599971076, 29.55316899975786], [-95.4939410003332, 29.55319900013153], [-95.49390799982291, 29.551717000252587], [-95.49535200031964, 29.55168700022041], [-95.49537599971076, 29.55316899975786]], [[-95.67098699973145, 29.854737999763007], [-95.66988299989167, 29.854739000127513], [-95.66988100024184, 29.853619000058533], [-95.67098500008163, 29.853617999682804], [-95.67098699973145, 29.854737999763007]], [[-95.44965900025511, 30.1386350001608], [-95.44956499964547, 30.1386350001608], [-95.44868199973862, 30.138632999708225], [-95.44867900026388, 30.13860899971219], [-95.44865300032461, 30.138357999630486], [-95.44955899979767, 30.13836099992924], [-95.44965900025511, 30.138359000247988], [-95.44965900025511, 30.1386350001608]]]}}]}