{"type": "FeatureCollection", "features": [{"type": "Feature", "geometry": {"type": "Polygon", "coordinates": [[[-95.383270000024, 29.66813100029541], [-95.38314000032767, 29.668380000107433], [-95.38298799999171, 29.66866999994843], [-95.38277200008164, 29.66908600006903], [-95.3823829999192, 29.67001999977525], [-95.38221499968972, 29.67049899981899], [-95.38209699968894, 29.670925000339764], [-95.38203800013771, 29.671197000098495], [-95.38193299965742, 29.671744000086242], [-95.38187999995397, 29.672114999804425], [-95.3818890001748, 29.673143999724207], [-95.38179600028838, 29.67484800001698], [-95.38179000044059, 29.67496500006188], [-95.38178299986959, 29.675222000222853], [-95.38177799984672, 29.675439000111513], [-95.38176600015115, 29.675889999946637], [-95.3817069997016, 29.677982000069587], [-95.38162600040907, 29.678624000362177], [-95.38154299967007, 29.67918300020797], [-95.38136000027029, 29.680110999615998], [-95.38128300027739, 29.68040799988696], [-95.38125300014016, 29.68052499970548], [-95.3812410004446, 29.68057000001968], [-95.3812129999572, 29.68067899998617], [-95.38120399973636, 29.680715999790394], [-95.38112300044382, 29.68071700033337], [-95.38097600013073, 29.680724999993846], [-95.38076000022066, 29.68073000036665], [-95.37927399989115, 29.680764999847646], [-95.37641400028343, 29.680813000119517], [-95.37550500043733, 29.680839000159647], [-95.3745389997915, 29.680866999715064], [-95.37385599990118, 29.68088599985492], [-95.3716599999172, 29.68093199976789], [-95.37090800042994, 29.680938999650987], [-95.36704600019137, 29.680970999779355], [-95.36664899963301, 29.68097399983967], [-95.36386900039125, 29.68082099977236], [-95.3632049998692, 29.68076700015211], [-95.36258800010114, 29.68071700033337], [-95.36222800025104, 29.680688000192927], [-95.36054399955479, 29.680550999820095], [-95.35967900008963, 29.680546000218868], [-95.35885599955894, 29.68057000001968], [-95.35827700032402, 29.680586999907664], [-95.35747200023496, 29.680663999639798], [-95.35647399980209, 29.680813000119517], [-95.35596499998908, 29.680921000062074], [-95.35596199961601, 29.680735999721097], [-95.35595599976824, 29.68036400004673], [-95.35592999982896, 29.679889000030844], [-95.35593099965388, 29.67903399965376], [-95.35593599967676, 29.678816999719224], [-95.35594200042286, 29.678679999918625], [-95.3559109995624, 29.67710799979497], [-95.35589200019415, 29.676370999739422], [-95.35587399975246, 29.67554400014132], [-95.35585200001118, 29.674948999823645], [-95.35584899963811, 29.67455399996377], [-95.35583299974459, 29.674105999865105], [-95.35581600002617, 29.673323000189278], [-95.35580099995754, 29.67253400003676], [-95.35578000004115, 29.671781000056466], [-95.35577199964523, 29.671042000265878], [-95.35574400005613, 29.670238999695368], [-95.35571499974381, 29.669457000226036], [-95.35571499974381, 29.66909399987432], [-95.35694300033046, 29.669477999928944], [-95.35747499970971, 29.66956400000447], [-95.3589800003058, 29.66955700010996], [-95.35937600014093, 29.669551999962046], [-95.36033000019287, 29.669538000170913], [-95.36137200010837, 29.66951599982618], [-95.3620509998007, 29.669502000030025], [-95.36227699975652, 29.66951400007842], [-95.36388199991173, 29.669489999980208], [-95.36433499964824, 29.66947700005471], [-95.36602699984209, 29.669453999822082], [-95.36810599965021, 29.66942999970955], [-95.36866999971483, 29.669435999738248], [-95.36948200037487, 29.66940100021643], [-95.37031000003014, 29.669392999654924], [-95.37051300041972, 29.669394000310568], [-95.37193799975155, 29.669372999809614], [-95.37206999999603, 29.669377999966432], [-95.37276200010716, 29.66936300027575], [-95.37356399982315, 29.669351000209346], [-95.37443500003441, 29.6693190002854], [-95.37526600006271, 29.66932000016121], [-95.37533700020784, 29.66932100003702], [-95.3761099996115, 29.6693190002854], [-95.37697499997499, 29.669271999866464], [-95.37782400044496, 29.669105000093452], [-95.37836400022013, 29.668946999739813], [-95.380453000074, 29.66821699996164], [-95.38104200025296, 29.668066999661093], [-95.38150599986015, 29.667947999617393], [-95.3822900000328, 29.66790000022899], [-95.38285200044758, 29.667896999778574], [-95.38339300004766, 29.667894000108653], [-95.383270000024, 29.66813100029541]]]}, "properties": {"geoid": "48201331100", "name": "Census Tract 3311", "population": "4129.0", "median_hh_income": "58717.0", "poverty_rate": "0.24660194174757283", "nearest_dollar_store_mi": "4.09", "gap_score": "4381.9"}}, {"type": "Feature", "geometry": {"type": "Polygon", "coordinates": [[[-95.3874929999376, 29.65777300026429], [-95.387409000272, 29.658375999806854], [-95.38729299992104, 29.658982000355287], [-95.38716499987453, 29.659598000101344], [-95.387000999843, 29.660198999702512], [-95.38682299956777, 29.6607610003689], [-95.38666799975707, 29.661233000317193], [-95.38646600009069, 29.661903999913385], [-95.38613399982968, 29.66268199979182], [-95.38584099992673, 29.663268999821444], [-95.38523500002933, 29.664367000013883], [-95.38355899972902, 29.66757600024542], [-95.38347800043647, 29.667730999955836], [-95.38339300004766, 29.667894000108653], [-95.38285200044758, 29.667896999778574], [-95.3822900000328, 29.66790000022899], [-95.38150599986015, 29.667947999617393], [-95.38104200025296, 29.668066999661093], [-95.380453000074, 29.66821699996164], [-95.37836400022013, 29.668946999739813], [-95.37782400044496, 29.669105000093452], [-95.37697499997499, 29.669271999866464], [-95.3761099996115, 29.6693190002854], [-95.37533700020784, 29.66932100003702], [-95.37526600006271, 29.66932000016121], [-95.37443500003441, 29.6693190002854], [-95.37356399982315, 29.669351000209346], [-95.37276200010716, 29.66936300027575], [-95.37206999999603, 29.669377999966432], [-95.37193799975155, 29.669372999809614], [-95.37051300041972, 29.669394000310568], [-95.37031000003014, 29.669392999654924], [-95.36948200037487, 29.66940100021643], [-95.36866999971483, 29.669435999738248], [-95.36810599965021, 29.66942999970955], [-95.36602699984209, 29.669453999822082], [-95.36433499964824, 29.66947700005471], [-95.36388199991173, 29.669489999980208], [-95.36227699975652, 29.66951400007842], [-95.3620509998007, 29.669502000030025], [-95.36137200010837, 29.66951599982618], [-95.36033000019287, 29.669538000170913], [-95.35937600014093, 29.669551999962046], [-95.3589800003058, 29.66955700010996], [-95.35747499970971, 29.66956400000447], [-95.35694300033046, 29.669477999928944], [-95.35571499974381, 29.66909399987432], [-95.35569100035268, 29.667480000310036], [-95.35567899975881, 29.666735999850786], [-95.35566799988815, 29.666032000383545], [-95.35565799984239, 29.66533300024996], [-95.35562299968231, 29.664359999757693], [-95.35558800042051, 29.66324599973054], [-95.35556800032904, 29.662173000028094], [-95.3555580002833, 29.66130500026019], [-95.35553099962081, 29.66057499966526], [-95.35552700032116, 29.659852999778295], [-95.35552099957505, 29.659159000309817], [-95.35551899992524, 29.658436999629213], [-95.35859600016624, 29.658370999883754], [-95.36181999982203, 29.658345000279716], [-95.36364799956, 29.65831299997711], [-95.36395899990463, 29.658311999991874], [-95.36414499967745, 29.65830800005085], [-95.3644290002579, 29.658310000021384], [-95.36490600028387, 29.658316999917915], [-95.36589999962048, 29.65829000031441], [-95.36801299976379, 29.658258999980127], [-95.36826999968176, 29.658248000136183], [-95.36868999980632, 29.658241000234906], [-95.369217000061, 29.65823100037504], [-95.36981700011063, 29.658232000361064], [-95.3702940001366, 29.658237000291084], [-95.3709209999504, 29.65822499967799], [-95.3719849996072, 29.658219999747434], [-95.37246699965604, 29.658219999747434], [-95.37533800003274, 29.65814499997802], [-95.37561099984423, 29.65802999985878], [-95.37629999958232, 29.65801200007253], [-95.37872200042041, 29.657964999835038], [-95.37925799999763, 29.65795499994773], [-95.38083300001558, 29.65791299962966], [-95.38156899960934, 29.657893999833167], [-95.38267300034744, 29.657853000260076], [-95.38373199998136, 29.657813999870022], [-95.38446199972734, 29.657787000131563], [-95.38481999992763, 29.657781000188688], [-95.38498300013424, 29.65777800021711], [-95.38535499967992, 29.657716999995248], [-95.38597700036917, 29.657657999719895], [-95.38652299999211, 29.657627999963523], [-95.38673899990218, 29.657623999995323], [-95.38699800036828, 29.65762499998739], [-95.387513999854, 29.65762599997944], [-95.3874929999376, 29.65777300026429]]]}, "properties": {"geoid": "48201331200", "name": "Census Tract 3312", "population": "5016.0", "median_hh_income": "32156.0", "poverty_rate": "0.37042225335201123", "nearest_dollar_store_mi": "3.3", "gap_score": "6874.0"}}, {"type": "Feature", "geometry": {"type": "Polygon", "coordinates": [[[-95.3876689996647, 29.655761999880575], [-95.38762199980901, 29.656587999757914], [-95.38758099980114, 29.65714600030995], [-95.387513999854, 29.65762599997944], [-95.38699800036828, 29.65762499998739], [-95.38673899990218, 29.657623999995323], [-95.38652299999211, 29.657627999963523], [-95.38597700036917, 29.657657999719895], [-95.38535499967992, 29.657716999995248], [-95.38498300013424, 29.65777800021711], [-95.38481999992763, 29.657781000188688], [-95.38446199972734, 29.657787000131563], [-95.38373199998136, 29.657813999870022], [-95.38267300034744, 29.657853000260076], [-95.38156899960934, 29.657893999833167], [-95.38083300001558, 29.65791299962966], [-95.37925799999763, 29.65795499994773], [-95.37872200042041, 29.657964999835038], [-95.37629999958232, 29.65801200007253], [-95.37561099984423, 29.65802999985878], [-95.37533800003274, 29.65814499997802], [-95.37246699965604, 29.658219999747434], [-95.3719849996072, 29.658219999747434], [-95.3709209999504, 29.65822499967799], [-95.3702940001366, 29.658237000291084], [-95.36981700011063, 29.658232000361064], [-95.369217000061, 29.65823100037504], [-95.36868999980632, 29.658241000234906], [-95.36826999968176, 29.658248000136183], [-95.36801299976379, 29.658258999980127], [-95.3680270000075, 29.658021999954176], [-95.36803600022833, 29.657779000207647], [-95.36804700009898, 29.65761800004278], [-95.3681540002291, 29.657215000066707], [-95.36824200009265, 29.65703699981716], [-95.36842500039076, 29.65664599987822], [-95.3684980001857, 29.656440000080003], [-95.36857400035368, 29.656131999989157], [-95.3686110001636, 29.655614999780518], [-95.36860299976767, 29.655140999986777], [-95.36859600009497, 29.654774000198998], [-95.36860000029294, 29.654193999972932], [-95.36858799969906, 29.653921000269552], [-95.36854900023931, 29.65305799976216], [-95.36855000006422, 29.65220099993723], [-95.36854300039154, 29.651639999915712], [-95.36854599986626, 29.651335000130935], [-95.36850999988124, 29.649932999746564], [-95.36848499976689, 29.649182000156355], [-95.36847300007133, 29.648785999747307], [-95.36846200020068, 29.648409000151833], [-95.36844499958393, 29.64798200022803], [-95.36843200006346, 29.647625000232523], [-95.36843799991124, 29.647199000201525], [-95.36843700008632, 29.646866999906102], [-95.36843399971328, 29.646461000290614], [-95.36842600021568, 29.64608900032844], [-95.36837699981187, 29.645168000136284], [-95.36836500011631, 29.64439800012764], [-95.36836299956815, 29.644318999710524], [-95.36889900004368, 29.6442680003867], [-95.37000200005855, 29.643720000005803], [-95.37034000016735, 29.643462999784248], [-95.37045599961999, 29.643315999678478], [-95.37071099988812, 29.64256399976899], [-95.37084200030769, 29.642343000221715], [-95.37101800003478, 29.642214000314763], [-95.37124800018854, 29.6421390003292], [-95.37261399996915, 29.6418980000078], [-95.37285300034375, 29.641703999935824], [-95.37355700015046, 29.640608999672242], [-95.37375700016699, 29.64043300004993], [-95.37414600032942, 29.640334000273615], [-95.37516800015342, 29.640474999854696], [-95.37555200029298, 29.640366000046345], [-95.37569000038525, 29.6402349996192], [-95.37586000026455, 29.63991199973306], [-95.37594899995302, 29.63956299982044], [-95.3759199996407, 29.639278999900473], [-95.3756159998671, 29.638386999726926], [-95.3755959997756, 29.638291000053115], [-95.37548199997278, 29.63775300026884], [-95.37549200001854, 29.63757700033949], [-95.3761230000303, 29.63679500001289], [-95.37641599993326, 29.636547000326477], [-95.37667799987406, 29.636450000257824], [-95.37755499993312, 29.63626500011735], [-95.37781500022413, 29.636095999810156], [-95.37790999976036, 29.635981000266007], [-95.37797599988262, 29.635667000339406], [-95.37783899961526, 29.634814000132568], [-95.37807399979191, 29.63265900008942], [-95.3782219999299, 29.63249599986677], [-95.37875800040543, 29.6322419998419], [-95.37972099977989, 29.631784999638317], [-95.37988700035956, 29.631631000254227], [-95.37991699959848, 29.63145499977748], [-95.37985999969708, 29.630676000327753], [-95.37989400003225, 29.630137000204428], [-95.37995900032959, 29.630005999746075], [-95.38014799957715, 29.629873000143554], [-95.38087200037364, 29.629566999739648], [-95.38141499962357, 29.629408999779706], [-95.38205599968106, 29.629291000369463], [-95.38237899972124, 29.629274999896182], [-95.38314700000036, 29.62936500028047], [-95.38412399961852, 29.62959700005001], [-95.38446500010038, 29.629713000124855], [-95.38469299970602, 29.62986100005333], [-95.38488699987478, 29.63009099971116], [-95.3852190001358, 29.63078100021892], [-95.38535800005296, 29.630912999926856], [-95.38654700028157, 29.631763999878125], [-95.38674599957487, 29.631885999725103], [-95.38728000040058, 29.63221200031927], [-95.3872810002255, 29.63230199964119], [-95.38734700034772, 29.636158000066665], [-95.38738800035561, 29.63848300009003], [-95.38739599985321, 29.639648000308778], [-95.38747500039425, 29.643425000197073], [-95.38747600021915, 29.643473999682616], [-95.38748000041711, 29.64363499983199], [-95.38749100028777, 29.644180000298643], [-95.3874939997625, 29.644612999901412], [-95.3875060003564, 29.645255000026516], [-95.38750999965603, 29.646003999812553], [-95.38757900015132, 29.649706999627632], [-95.38759199967178, 29.650402999612496], [-95.38760500009059, 29.651484999615846], [-95.3876350002278, 29.65294300007479], [-95.3876689996647, 29.655761999880575]]]}, "properties": {"geoid": "48201331300", "name": "Census Tract 3313", "population": "5819.0", "median_hh_income": "41975.0", "poverty_rate": "0.337891639259131", "nearest_dollar_store_mi": "2.11", "gap_score": "5472.0"}}, {"type": "Feature", "geometry": {"type": "Polygon", "coordinates": [[[-95.3686110001636, 29.655614999780518], [-95.36857400035368, 29.656131999989157], [-95.3684980001857, 29.656440000080003], [-95.36842500039076, 29.65664599987822], [-95.36824200009265, 29.65703699981716], [-95.3681540002291, 29.657215000066707], [-95.36804700009898, 29.65761800004278], [-95.36803600022833, 29.657779000207647], [-95.3680270000075, 29.658021999954176], [-95.36801299976379, 29.658258999980127], [-95.36589999962048, 29.65829000031441], [-95.36490600028387, 29.658316999917915], [-95.3644290002579, 29.658310000021384], [-95.36414499967745, 29.65830800005085], [-95.36395899990463, 29.658311999991874], [-95.36364799956, 29.65831299997711], [-95.36181999982203, 29.658345000279716], [-95.35859600016624, 29.658370999883754], [-95.35551899992524, 29.658436999629213], [-95.35548899978802, 29.657603000159714], [-95.3554820001153, 29.657125000374535], [-95.35547200006957, 29.6566629999072], [-95.35546299984874, 29.655920999874535], [-95.35541400034323, 29.654243999706868], [-95.35541000014528, 29.653996000064513], [-95.35540799959715, 29.65348600004414], [-95.3554739997194, 29.652637000293662], [-95.35554200038976, 29.652262000380063], [-95.3558339995695, 29.65111500037792], [-95.35606000042361, 29.650500000291597], [-95.35614200043938, 29.65009900004955], [-95.3562069998384, 29.649842999787644], [-95.35625000039443, 29.64943400024432], [-95.35629399987704, 29.64910399966671], [-95.35628600037944, 29.648284999854102], [-95.35628600037944, 29.648215000134847], [-95.35637199969484, 29.648163999661875], [-95.35663199998585, 29.648055999677172], [-95.35760299975622, 29.647931999725383], [-95.35796799962921, 29.647948999664816], [-95.3588460004115, 29.648091999684986], [-95.35917399957623, 29.64808200037809], [-95.35936199989722, 29.648013999912088], [-95.35960100027182, 29.647822000093523], [-95.35984300012115, 29.647412000052018], [-95.3600859997954, 29.64728299961361], [-95.36327799966413, 29.646638999727507], [-95.36381099976661, 29.646642000031136], [-95.36393799998822, 29.646558000084188], [-95.36405299961595, 29.646482000108975], [-95.3641620002942, 29.64647700037569], [-95.36530600031696, 29.646546999742043], [-95.36558800034925, 29.646522999630157], [-95.36581599995489, 29.64644400009983], [-95.36678500007547, 29.645863000167047], [-95.36702500027496, 29.645667999817025], [-95.36715699962113, 29.64544599994362], [-95.36720699984983, 29.645235000067366], [-95.36731499980488, 29.6447780002697], [-95.36746100029305, 29.6444849999026], [-95.36775900021888, 29.644376999874552], [-95.36836299956815, 29.644318999710524], [-95.36836500011631, 29.64439800012764], [-95.36837699981187, 29.645168000136284], [-95.36842600021568, 29.64608900032844], [-95.36843399971328, 29.646461000290614], [-95.36843700008632, 29.646866999906102], [-95.36843799991124, 29.647199000201525], [-95.36843200006346, 29.647625000232523], [-95.36844499958393, 29.64798200022803], [-95.36846200020068, 29.648409000151833], [-95.36847300007133, 29.648785999747307], [-95.36848499976689, 29.649182000156355], [-95.36850999988124, 29.649932999746564], [-95.36854599986626, 29.651335000130935], [-95.36854300039154, 29.651639999915712], [-95.36855000006422, 29.65220099993723], [-95.36854900023931, 29.65305799976216], [-95.36858799969906, 29.653921000269552], [-95.36860000029294, 29.654193999972932], [-95.36859600009497, 29.654774000198998], [-95.36860299976767, 29.655140999986777], [-95.3686110001636, 29.655614999780518]]]}, "properties": {"geoid": "48201331400", "name": "Census Tract 3314", "population": "3353.0", "median_hh_income": "21099.0", "poverty_rate": "0.7807933194154488", "nearest_dollar_store_mi": "2.64", "gap_score": "5256.6"}}, {"type": "Feature", "geometry": {"type": "Polygon", "coordinates": [[[-95.40211099979011, 29.701394999803103], [-95.40090400001819, 29.701522999950765], [-95.39923100009092, 29.70176099999897], [-95.39838599981893, 29.701914000178082], [-95.39793100043256, 29.702065999793657], [-95.39749200004142, 29.70229099975213], [-95.3971249996203, 29.70251599998688], [-95.39693700019764, 29.70266600038349], [-95.39686199985456, 29.70272600032335], [-95.39660499993663, 29.702999000182448], [-95.39538399992098, 29.7025860001478], [-95.39405599977522, 29.702134000389123], [-95.39392500025396, 29.702096000337445], [-95.39379100035966, 29.702067000124057], [-95.3919359999592, 29.701503000255475], [-95.39161799994189, 29.702333999808175], [-95.39129400007678, 29.703167000147108], [-95.39082899974639, 29.704387000098894], [-95.39054900026221, 29.705083000096735], [-95.39051800030008, 29.705161000085184], [-95.39041700001772, 29.705418999795413], [-95.39022600022201, 29.705903999878956], [-95.38924700005572, 29.706390999755467], [-95.38886100026633, 29.706523999647626], [-95.38851599958652, 29.706608999732843], [-95.38810700023092, 29.706646000133002], [-95.38768399973331, 29.706641999774092], [-95.38720000003462, 29.706576999966234], [-95.38643599995348, 29.70636300028959], [-95.38461599971313, 29.70569899985592], [-95.38572799994883, 29.70255500020518], [-95.38658300026657, 29.70014499984546], [-95.38692200020029, 29.699088000165684], [-95.3869930003454, 29.698922000344538], [-95.3870429996758, 29.698760000141807], [-95.38716700042266, 29.698386000121065], [-95.38744100005906, 29.69767099967137], [-95.38748399971676, 29.69745899971893], [-95.38798500003217, 29.69603500004555], [-95.38817500000297, 29.695438999670394], [-95.38824799979793, 29.695146000153585], [-95.3882820001331, 29.69503300022886], [-95.38831399992014, 29.69493299993387], [-95.3887189999761, 29.693884000213657], [-95.38889200022847, 29.69343900011035], [-95.3889650000234, 29.693168999718264], [-95.3892250003144, 29.692433000011437], [-95.38946299996579, 29.691736999765332], [-95.3896749996779, 29.690986999788308], [-95.38992599974804, 29.69030100024553], [-95.39046800007135, 29.688800999791688], [-95.3911960001675, 29.68896799962729], [-95.39157000026132, 29.689013000063586], [-95.39201200012718, 29.689018000024102], [-95.39209199959483, 29.689017000344165], [-95.39257100016891, 29.68901500020392], [-95.39348599986282, 29.689013000063586], [-95.3944209996482, 29.689010999923212], [-95.39369400027527, 29.690116000000494], [-95.39343200033446, 29.690549000115638], [-95.39320499965541, 29.69091599968774], [-95.39268400014683, 29.691776000266515], [-95.39236600012951, 29.692512000103576], [-95.39220200009797, 29.693146999862496], [-95.39216399956483, 29.693571000350097], [-95.39213799962558, 29.694072000214003], [-95.39215000021944, 29.694318999733714], [-95.3921610000901, 29.694524999977624], [-95.3921820000065, 29.694659000379335], [-95.39222200018948, 29.69490300037226], [-95.39229900018236, 29.69528999980451], [-95.39237500035034, 29.69553300021053], [-95.3923999995664, 29.695612999820657], [-95.39251799956716, 29.69598900002204], [-95.39269500001748, 29.69649699989382], [-95.39287800031559, 29.697097000194134], [-95.39299499959313, 29.697533000224293], [-95.3930620004386, 29.697704000308324], [-95.39477499965052, 29.69731100010535], [-95.39557700026482, 29.69711100004912], [-95.39575299999193, 29.69705499983716], [-95.39664699976942, 29.69684300014542], [-95.39722000005486, 29.69669000004585], [-95.39732399981193, 29.69665400026392], [-95.39836999992538, 29.696413000221366], [-95.3983980004128, 29.696407000242004], [-95.39967999962948, 29.69609399965469], [-95.40083399969798, 29.695782000045874], [-95.40085899981234, 29.695852000217492], [-95.4009759999882, 29.696344000047613], [-95.40112199957808, 29.69695399961285], [-95.40127499973894, 29.69764900002099], [-95.40130999989904, 29.69781299963962], [-95.40143700012065, 29.69836999970934], [-95.40150499989272, 29.69869499991479], [-95.40158799973341, 29.69909299962483], [-95.40169200038878, 29.699570999678514], [-95.40174300044242, 29.699815999798894], [-95.401899000078, 29.70054199970734], [-95.40195699980434, 29.700779999739108], [-95.40201600025388, 29.701017999987204], [-95.40211099979011, 29.701394999803103]]]}, "properties": {"geoid": "48201314001", "name": "Census Tract 3140.01", "population": "3169.0", "median_hh_income": "62500.0", "poverty_rate": "0.14938361131254532", "nearest_dollar_store_mi": "3.05", "gap_score": "2549.7"}}, {"type": "Feature", "geometry": {"type": "Polygon", "coordinates": [[[-95.3916339998354, 29.68536299996965], [-95.39122600030473, 29.686577000170466], [-95.39081000037812, 29.687729999786754], [-95.39046800007135, 29.688800999791688], [-95.38992599974804, 29.69030100024553], [-95.3896749996779, 29.690986999788308], [-95.38946299996579, 29.691736999765332], [-95.3892250003144, 29.692433000011437], [-95.3889650000234, 29.693168999718264], [-95.38889200022847, 29.69343900011035], [-95.3887189999761, 29.693884000213657], [-95.38831399992014, 29.69493299993387], [-95.3882820001331, 29.69503300022886], [-95.38824799979793, 29.695146000153585], [-95.38817500000297, 29.695438999670394], [-95.38798500003217, 29.69603500004555], [-95.38748399971676, 29.69745899971893], [-95.38744100005906, 29.69767099967137], [-95.38716700042266, 29.698386000121065], [-95.3870429996758, 29.698760000141807], [-95.3869930003454, 29.698922000344538], [-95.38692200020029, 29.699088000165684], [-95.38658300026657, 29.70014499984546], [-95.38572799994883, 29.70255500020518], [-95.38461599971313, 29.70569899985592], [-95.38445300040483, 29.705581999697092], [-95.38442099971945, 29.705565000136158], [-95.38411500029602, 29.70541000024306], [-95.38362700039939, 29.70508699973754], [-95.38321899997038, 29.704791999665368], [-95.38283099963287, 29.70450599992134], [-95.38255600017158, 29.704321999611793], [-95.38209699968894, 29.704067999885908], [-95.38151199970793, 29.70380600013456], [-95.38102800000927, 29.70363700014376], [-95.38070499996908, 29.703545000015374], [-95.37967300009932, 29.703231999821128], [-95.37785899970675, 29.70264299994186], [-95.37655900004839, 29.702214999753167], [-95.37549799986633, 29.70193399979153], [-95.37520900016132, 29.701856999970303], [-95.37525199981901, 29.701645999823164], [-95.37529000035217, 29.7014639996287], [-95.37541900022359, 29.70099400038773], [-95.37544900036083, 29.700882000360355], [-95.37554499972197, 29.700532999718057], [-95.3756450001794, 29.70019300022462], [-95.37627600019117, 29.698060000106306], [-95.3772219998472, 29.6950350002493], [-95.3774600003969, 29.694221000325467], [-95.37784799983609, 29.69284400036502], [-95.3781509997848, 29.691569000194566], [-95.37824500039446, 29.691233999868302], [-95.37837799956552, 29.6907789999894], [-95.37840199985496, 29.69069700032548], [-95.37926800004337, 29.68768399986316], [-95.37941299980832, 29.687294999837206], [-95.37954199967974, 29.686923000243713], [-95.37979000027518, 29.686931999891392], [-95.37999399959138, 29.686939000137087], [-95.38026200027828, 29.68694299971979], [-95.38052500004403, 29.686936000254807], [-95.38087499984839, 29.686900999800866], [-95.381262000361, 29.686806000068014], [-95.38168800033336, 29.686643000136502], [-95.38259399980642, 29.686103000346904], [-95.38285200044758, 29.68595199970307], [-95.38320999974955, 29.68578099990949], [-95.38344900012414, 29.685685999898425], [-95.38368000010284, 29.685612000032975], [-95.38398100040173, 29.6855279998455], [-95.38435499959722, 29.68547599984288], [-95.38466699976675, 29.685450000221746], [-95.38498599960899, 29.68544299987235], [-95.38597800019409, 29.685439999945416], [-95.38605900038493, 29.685437999733928], [-95.38620900017276, 29.6854349998069], [-95.38673600042745, 29.685426000025167], [-95.38705400044476, 29.685420999885903], [-95.38746699999832, 29.685415000030684], [-95.38801799964413, 29.685406000247156], [-95.38810999970566, 29.68540499975086], [-95.38895699962748, 29.685398000178765], [-95.39044799997986, 29.685382000040068], [-95.3906120000114, 29.68537699989868], [-95.3906820003316, 29.68537499968593], [-95.39134699978024, 29.685371999756974], [-95.3916339998354, 29.68536299996965]]]}, "properties": {"geoid": "48201313901", "name": "Census Tract 3139.01", "population": "3964.0", "median_hh_income": "80819.0", "poverty_rate": "0.1057013118062563", "nearest_dollar_store_mi": "3.23", "gap_score": "0.0"}}, {"type": "Feature", "geometry": {"type": "Polygon", "coordinates": [[[-95.4033190002853, 29.689907999959445], [-95.40321899982786, 29.69042399981079], [-95.40314699985785, 29.69066799994297], [-95.40306099964411, 29.69090500029419], [-95.40286700037367, 29.69122400016749], [-95.40240299986816, 29.691742000370677], [-95.40169700041166, 29.692300000190116], [-95.40132900016562, 29.692569999795865], [-95.40088099955366, 29.693014000205878], [-95.40059799969644, 29.693389000352585], [-95.4005469996428, 29.69414699972166], [-95.40058400035105, 29.694645999806607], [-95.40080799975871, 29.695646999967316], [-95.40083399969798, 29.695782000045874], [-95.39967999962948, 29.69609399965469], [-95.3983980004128, 29.696407000242004], [-95.39836999992538, 29.696413000221366], [-95.39732399981193, 29.69665400026392], [-95.39722000005486, 29.69669000004585], [-95.39664699976942, 29.69684300014542], [-95.39575299999193, 29.69705499983716], [-95.39557700026482, 29.69711100004912], [-95.39477499965052, 29.69731100010535], [-95.3930620004386, 29.697704000308324], [-95.39299499959313, 29.697533000224293], [-95.39287800031559, 29.697097000194134], [-95.39269500001748, 29.69649699989382], [-95.39251799956716, 29.69598900002204], [-95.3923999995664, 29.695612999820657], [-95.39237500035034, 29.69553300021053], [-95.39229900018236, 29.69528999980451], [-95.39222200018948, 29.69490300037226], [-95.3921820000065, 29.694659000379335], [-95.3921610000901, 29.694524999977624], [-95.39215000021944, 29.694318999733714], [-95.39213799962558, 29.694072000214003], [-95.39216399956483, 29.693571000350097], [-95.39220200009797, 29.693146999862496], [-95.39236600012951, 29.692512000103576], [-95.39268400014683, 29.691776000266515], [-95.39320499965541, 29.69091599968774], [-95.39343200033446, 29.690549000115638], [-95.39369400027527, 29.690116000000494], [-95.3944209996482, 29.689010999923212], [-95.39698900007618, 29.688957999701053], [-95.39810299996171, 29.688947000093147], [-95.39879099987488, 29.68893400034217], [-95.40005999957108, 29.688929000377442], [-95.40003500035505, 29.68804799990401], [-95.40001100006559, 29.68671499983723], [-95.40000600004274, 29.686410999969585], [-95.39998400030142, 29.685274999925095], [-95.4032270002238, 29.685236000022623], [-95.40324899996509, 29.686317999967613], [-95.40327400007945, 29.687464000005377], [-95.40328900014806, 29.68802500001762], [-95.40331300043752, 29.688895000298736], [-95.4033190002853, 29.689907999959445]]]}, "properties": {"geoid": "48201314003", "name": "Census Tract 3140.03", "population": "2689.0", "median_hh_income": "52500.0", "poverty_rate": "0.3289865871833085", "nearest_dollar_store_mi": "3.61", "gap_score": "3573.6"}}, {"type": "Feature", "geometry": {"type": "Polygon", "coordinates": [[[-95.41436299977936, 29.694449000345937], [-95.41360200007125, 29.695448999732022], [-95.4133529996509, 29.695753000350635], [-95.41241600021571, 29.696951999630553], [-95.41237100000987, 29.69702300014794], [-95.41221399965103, 29.697208000161204], [-95.41212599978748, 29.697311999702762], [-95.41200500031196, 29.697280999693124], [-95.41143799987431, 29.697196999895787], [-95.41103000034362, 29.69723100028666], [-95.41051200030975, 29.697340999728283], [-95.41026600026247, 29.69745899971893], [-95.41008100031453, 29.697547999613597], [-95.40975499990131, 29.69776899961596], [-95.40925600013402, 29.698132000210133], [-95.40901299956145, 29.698310000288764], [-95.40870499958989, 29.698646000015952], [-95.40807799977608, 29.69993400000355], [-95.40772499959867, 29.70036300011522], [-95.40765400035187, 29.700309000070988], [-95.40718700037164, 29.69995400001129], [-95.40671399964529, 29.699581000109152], [-95.40637499971159, 29.69931499970741], [-95.406142999908, 29.69911899961771], [-95.4058769997692, 29.698868000305982], [-95.40539800009343, 29.69819399969466], [-95.40523099968883, 29.69788600029253], [-95.40503999989312, 29.697442999939966], [-95.4049600004255, 29.69719800027467], [-95.40488000005956, 29.696902000060405], [-95.40479600039399, 29.696397999882258], [-95.40475100018813, 29.695892000293615], [-95.40474399961711, 29.6956850001176], [-95.40473399957138, 29.69534600021993], [-95.40476600025674, 29.694827000246086], [-95.4047699995564, 29.694687999609997], [-95.40481099956426, 29.693092000201872], [-95.40479999969362, 29.69265700005185], [-95.40469599993654, 29.69223199996115], [-95.40464999990579, 29.692111999995753], [-95.4045870001566, 29.69200200029167], [-95.40437899974414, 29.69163599965761], [-95.40400600037354, 29.691217000220284], [-95.40367699958726, 29.690794000387005], [-95.40356000030972, 29.690570999759885], [-95.40345700037756, 29.690344999637798], [-95.4033190002853, 29.689907999959445], [-95.40331300043752, 29.688895000298736], [-95.40328900014806, 29.68802500001762], [-95.40327400007945, 29.687464000005377], [-95.40324899996509, 29.686317999967613], [-95.4032270002238, 29.685236000022623], [-95.40319799991146, 29.682216999687643], [-95.40320100028451, 29.681531000377376], [-95.40319600026164, 29.68085299993831], [-95.40319500043674, 29.680169000221408], [-95.40317399962203, 29.679314999660686], [-95.4031519998807, 29.679049000243342], [-95.40340999962356, 29.679004000028783], [-95.40363200027973, 29.678948999652484], [-95.4043820001172, 29.678772999963137], [-95.40561900002635, 29.678535000097167], [-95.40662699960667, 29.67840499997181], [-95.40766100002456, 29.678269000177067], [-95.40792899981315, 29.67824199968517], [-95.40892200022317, 29.678196999889895], [-95.4112470000786, 29.678133000198333], [-95.41167800007382, 29.678116999683745], [-95.412037000099, 29.67809099972013], [-95.41227200027565, 29.67808399963873], [-95.41226600042786, 29.678338000273826], [-95.41236299961395, 29.68205700014656], [-95.41237199983478, 29.683719000317925], [-95.41240600016997, 29.6848460001654], [-95.41249400003352, 29.687543999796514], [-95.41249900005637, 29.687647999976168], [-95.41248999983556, 29.68814599986986], [-95.41253300039158, 29.68926899975167], [-95.41254599991204, 29.69005999979168], [-95.41255199975983, 29.690661999620605], [-95.41254699973696, 29.69070900018535], [-95.41250999992702, 29.690762000264414], [-95.41253699969121, 29.690993999751544], [-95.41257699987418, 29.691146000282266], [-95.41260799983631, 29.691352999664836], [-95.4127040000958, 29.69189300011856], [-95.41275699979923, 29.692038000179693], [-95.41308700041044, 29.692681000082263], [-95.41315199980944, 29.692807000343223], [-95.4135290002763, 29.69353300018063], [-95.41358199997977, 29.693597999845707], [-95.41372900029286, 29.693778999832084], [-95.41390599984487, 29.693994999828877], [-95.41436299977936, 29.694449000345937]]]}, "properties": {"geoid": "48201314402", "name": "Census Tract 3144.02", "population": "2037.0", "median_hh_income": "84961.0", "poverty_rate": "0.09621993127147767", "nearest_dollar_store_mi": "3.1", "gap_score": "0.0"}}, {"type": "Feature", "geometry": {"type": "Polygon", "coordinates": [[[-95.41267099958552, 29.715107000273388], [-95.4122260002449, 29.715100999850463], [-95.41173800034828, 29.715029000208947], [-95.41131400002574, 29.714913000201122], [-95.41069499970955, 29.714722999791082], [-95.40966600021285, 29.7143950001177], [-95.40654700013903, 29.71337100000807], [-95.40416100018425, 29.712591000313296], [-95.40208200037611, 29.7119069997471], [-95.4008760004291, 29.71148700036168], [-95.40135299955676, 29.7108910003881], [-95.40182999958273, 29.71029900021098], [-95.40308499993355, 29.708719999751672], [-95.40432199984274, 29.70716699968084], [-95.4050659998324, 29.70624699963256], [-95.40591199992933, 29.70515799996674], [-95.40665199972102, 29.704215000158833], [-95.40725000012083, 29.703442000221195], [-95.40762599986446, 29.703628999966295], [-95.40795499975243, 29.703739999738012], [-95.40821699969324, 29.70380600013456], [-95.40861000005364, 29.703786999646496], [-95.40902099995738, 29.703776999634613], [-95.40936499991396, 29.703754999760985], [-95.40993999984923, 29.703685999948735], [-95.41021699985866, 29.703635999828997], [-95.41060199982313, 29.7035550000504], [-95.41097099989408, 29.703452999802753], [-95.41131499985067, 29.70334800005921], [-95.4117180002568, 29.70320499979358], [-95.41195799955798, 29.7035550000504], [-95.41213099981036, 29.703838000003824], [-95.4122320000927, 29.70404600007603], [-95.41245999969831, 29.70467800014326], [-95.41253500004139, 29.70499399985592], [-95.41256699982844, 29.705308999836696], [-95.41259100011789, 29.706203999691294], [-95.4125850002701, 29.707074999665146], [-95.41259600014077, 29.70785099976671], [-95.41260899966123, 29.708683000115702], [-95.41261899970698, 29.70949200015969], [-95.41261100020938, 29.710214000128317], [-95.41262999957763, 29.711019000136133], [-95.41264100034661, 29.711785000192098], [-95.41264100034661, 29.712615000262222], [-95.412654999692, 29.713429000139417], [-95.41266599956265, 29.714245000076513], [-95.4126680001108, 29.714657999753054], [-95.41267099958552, 29.715107000273388]]]}, "properties": {"geoid": "48201412201", "name": "Census Tract 4122.01", "population": "2331.0", "median_hh_income": "135417.0", "poverty_rate": "0.15665236051502146", "nearest_dollar_store_mi": "2.88", "gap_score": "0.0"}}, {"type": "Feature", "geometry": {"type": "Polygon", "coordinates": [[[-95.39958400026833, 29.72564199991274], [-95.3995259996437, 29.725687999614802], [-95.39943899960507, 29.72572600009901], [-95.39945700004672, 29.72667899998081], [-95.39945100019895, 29.72787500032451], [-95.39815099964227, 29.727900999885374], [-95.39804000021252, 29.727983999668524], [-95.3951189996071, 29.728006999765505], [-95.39462700041085, 29.72852399973927], [-95.39380200023031, 29.728524999806076], [-95.39373000026029, 29.728533000339922], [-95.39281499966808, 29.72853599975985], [-95.391901999624, 29.728541000093053], [-95.39103999963358, 29.72855700037748], [-95.39105600042541, 29.72934599978038], [-95.39106999977079, 29.730140000252806], [-95.39107300014383, 29.730679000375364], [-95.39107399996875, 29.73094500037166], [-95.3910840000145, 29.731729000322495], [-95.39108599966433, 29.73188200007498], [-95.39108800021246, 29.73201199964052], [-95.39024200011553, 29.732069999920384], [-95.38975300039401, 29.732096999985437], [-95.38951300019448, 29.73211299970276], [-95.38885000039568, 29.732184000318924], [-95.38863899961017, 29.732185000349233], [-95.38780799958188, 29.732194999871528], [-95.38770899984766, 29.732189999720507], [-95.38750399980823, 29.732191999780934], [-95.38727100017975, 29.73219099975069], [-95.38692800004807, 29.732189999720507], [-95.38521800031089, 29.73220700023309], [-95.3845439997431, 29.732242999749026], [-95.3844719997731, 29.73224699986779], [-95.38449699988743, 29.73221599972327], [-95.38462999995683, 29.73205000006975], [-95.38515999968627, 29.731385000230794], [-95.38550299981792, 29.73095700010267], [-95.38602199967669, 29.730280000228714], [-95.38650299990063, 29.72967399973911], [-95.386740999552, 29.729383000381116], [-95.38694999978937, 29.72910899965661], [-95.38742599999046, 29.7285159999848], [-95.38794099965125, 29.72785100012381], [-95.38843600011889, 29.727236999928436], [-95.38863299976238, 29.726990000243557], [-95.38891999981756, 29.726644000114177], [-95.38928100039091, 29.726161999861706], [-95.38960699990582, 29.72579099999053], [-95.39025800000907, 29.724958000125042], [-95.3906189996841, 29.724529999884577], [-95.39059399956973, 29.724343000061378], [-95.39063200010288, 29.72406499995125], [-95.39071800031661, 29.72393099978024], [-95.3907810000658, 29.723846000318385], [-95.39087300012731, 29.7237560002132], [-95.39116699985519, 29.7236629996816], [-95.39131900019115, 29.72357699987665], [-95.39165700029994, 29.723151000227958], [-95.39210500001361, 29.7225930001829], [-95.39264099959081, 29.72190899989662], [-95.3935479997871, 29.720771000010053], [-95.39365499991722, 29.720637000121645], [-95.39450900041007, 29.721148999918675], [-95.39520300017101, 29.72156300019123], [-95.3955479999525, 29.7217679998089], [-95.39606299961332, 29.722084000344065], [-95.39711399974965, 29.722694000365127], [-95.39733499968258, 29.72270099967879], [-95.39784500021884, 29.72271900036362], [-95.398200999871, 29.7226990002093], [-95.398533000132, 29.722587000207533], [-95.39880699976838, 29.722487000044598], [-95.39880199974553, 29.72261599995529], [-95.39924000031176, 29.72278399986252], [-95.3993359996729, 29.72284500038609], [-95.39941400038903, 29.722939000237933], [-95.3994970002297, 29.72305400021079], [-95.39953499986453, 29.723193999932043], [-95.39958400026833, 29.72564199991274]]]}, "properties": {"geoid": "48201411902", "name": "Census Tract 4119.02", "population": "2391.0", "median_hh_income": "113125.0", "poverty_rate": "0.149246475449684", "nearest_dollar_store_mi": "1.38", "gap_score": "0.0"}}, {"type": "Feature", "geometry": {"type": "Polygon", "coordinates": [[[-95.37541000000277, 29.6896869998343], [-95.37461300030967, 29.691752000019928], [-95.37399399999346, 29.693303000367703], [-95.37372000035705, 29.693988999705184], [-95.37291199989497, 29.69375099997192], [-95.37211500020186, 29.69352200029319], [-95.3712869996483, 29.69328200017872], [-95.37121300002845, 29.693494999996794], [-95.37074799969805, 29.694716999612595], [-95.369942999609, 29.694481000074646], [-95.36916900038042, 29.694255000162848], [-95.36837599998694, 29.694009999746395], [-95.36894099987647, 29.692558999802948], [-95.36921299986304, 29.69187999996831], [-95.36886800008155, 29.691776000266515], [-95.36854699969118, 29.691695999942457], [-95.36514899995812, 29.690642000104223], [-95.36493200022313, 29.690514999804623], [-95.36450399970265, 29.69037200000025], [-95.36357099956709, 29.690094999925847], [-95.36311700000566, 29.689966000374355], [-95.36333200009081, 29.689420999770032], [-95.36358900000877, 29.68880700022517], [-95.36385799962228, 29.688173000042784], [-95.36408699995114, 29.68754899983017], [-95.36410399966957, 29.6875040002991], [-95.3642960001885, 29.687053999978616], [-95.36434700024213, 29.68691899987974], [-95.36437499983121, 29.686845000141716], [-95.36460099978704, 29.686355999743853], [-95.36460900018297, 29.686315000066784], [-95.36497499988084, 29.685404000034993], [-95.3650560000717, 29.68515899989053], [-95.36522599995102, 29.684742999930524], [-95.36533200025622, 29.684474999817304], [-95.36559300037213, 29.683819000066], [-95.36570700017494, 29.68345999977435], [-95.36574800018283, 29.68335399969089], [-95.36581299958185, 29.68310699975471], [-95.3682660003821, 29.683897000175072], [-95.3715190003502, 29.68489900021487], [-95.37165400006943, 29.68494600035312], [-95.37472499956434, 29.68590400032435], [-95.37443800040747, 29.686580999767582], [-95.37416899989563, 29.687250999889972], [-95.37389400043433, 29.687927999624566], [-95.3736240000976, 29.688600999964493], [-95.3734340001268, 29.689052999740827], [-95.3735820002648, 29.68910899973039], [-95.37517800019917, 29.689609999990758], [-95.37529000035217, 29.689664999996523], [-95.37541000000277, 29.6896869998343]]]}, "properties": {"geoid": "48201313801", "name": "Census Tract 3138.01", "population": "1549.0", "median_hh_income": "19330.0", "poverty_rate": "0.5364751452550033", "nearest_dollar_store_mi": "3.64", "gap_score": "2300.3"}}, {"type": "Feature", "geometry": {"type": "Polygon", "coordinates": [[[-95.35595599976824, 29.68036400004673], [-95.35579400028485, 29.680343000275812], [-95.35572599961446, 29.68033400003821], [-95.3546929999198, 29.67998300028767], [-95.35241599974495, 29.679330999984604], [-95.35218899996423, 29.6793419998644], [-95.35205599989484, 29.67935800018403], [-95.35178300008337, 29.67940099990851], [-95.35122400004161, 29.679250999900336], [-95.35108299957633, 29.679208000111686], [-95.35029699975385, 29.67899399989165], [-95.34937899968692, 29.67869300021532], [-95.34841899978717, 29.678430000068992], [-95.3474909996745, 29.678137000131496], [-95.34655599988912, 29.67784300032954], [-95.34559599998938, 29.677573000184122], [-95.34467299989959, 29.677277999716676], [-95.34373100044151, 29.677006000016213], [-95.34280199960558, 29.676707000236753], [-95.34186199979736, 29.676441999968283], [-95.34091899961605, 29.676160999736457], [-95.3399779999829, 29.675877000068006], [-95.33898499957289, 29.675561000098625], [-95.33813000015344, 29.675511000032248], [-95.337669000021, 29.67541999972275], [-95.3375009997915, 29.67540000029554], [-95.3364370001347, 29.67541899990759], [-95.33640399962442, 29.674680000314844], [-95.3364100003705, 29.67422399981991], [-95.33640600017256, 29.67387199998176], [-95.33643600030979, 29.67375699988955], [-95.3365569997853, 29.672963000041804], [-95.3367819999162, 29.67234399986459], [-95.33681999955103, 29.672238999615416], [-95.33695799964329, 29.671880000120787], [-95.33723499965272, 29.670776999897974], [-95.33730300032312, 29.66998000032997], [-95.33728700042957, 29.669193000242092], [-95.33725200026947, 29.668401999920146], [-95.33722700015512, 29.667599000126874], [-95.33721000043668, 29.666930000068632], [-95.33719500036807, 29.666338999924392], [-95.33764399990663, 29.666327000277768], [-95.33791900026625, 29.666308999634257], [-95.33826599969757, 29.666306999822744], [-95.34074100023912, 29.666277000303637], [-95.34181599976658, 29.66624899980773], [-95.34200099971451, 29.6662360002439], [-95.34269399965056, 29.666230999930836], [-95.34357900010554, 29.666213000050785], [-95.34416400008655, 29.666208999643327], [-95.34446200001237, 29.666204000109488], [-95.34534099972126, 29.666202000295886], [-95.34603100018258, 29.666312000132027], [-95.34682700005077, 29.66656099976371], [-95.34760000035276, 29.66677599980563], [-95.34848900010738, 29.666888000375085], [-95.3489340003463, 29.666868999931843], [-95.34979700016167, 29.66686999983203], [-95.35048400024992, 29.66698599989297], [-95.351509000447, 29.66728999995641], [-95.35215600035227, 29.667495000281598], [-95.353108999681, 29.667772000186705], [-95.35360099977558, 29.667993000096526], [-95.35407199995379, 29.668299999896526], [-95.35464100004127, 29.66869600000637], [-95.35510200017372, 29.668898000167545], [-95.35558300039766, 29.66905200030382], [-95.35571499974381, 29.66909399987432], [-95.35571499974381, 29.669457000226036], [-95.35574400005613, 29.670238999695368], [-95.35577199964523, 29.671042000265878], [-95.35578000004115, 29.671781000056466], [-95.35580099995754, 29.67253400003676], [-95.35581600002617, 29.673323000189278], [-95.35583299974459, 29.674105999865105], [-95.35584899963811, 29.67455399996377], [-95.35585200001118, 29.674948999823645], [-95.35587399975246, 29.67554400014132], [-95.35589200019415, 29.676370999739422], [-95.3559109995624, 29.67710799979497], [-95.35594200042286, 29.678679999918625], [-95.35593599967676, 29.678816999719224], [-95.35593099965388, 29.67903399965376], [-95.35592999982896, 29.679889000030844], [-95.35595599976824, 29.68036400004673]]]}, "properties": {"geoid": "48201332000", "name": "Census Tract 3320", "population": "5918.0", "median_hh_income": "22162.0", "poverty_rate": "0.46772505233775297", "nearest_dollar_store_mi": "4.24", "gap_score": "8686.0"}}, {"type": "Feature", "geometry": {"type": "Polygon", "coordinates": [[[-95.29113800025547, 29.699406000232106], [-95.29095400013246, 29.699480999659393], [-95.29086899974364, 29.699515999633057], [-95.29063399956699, 29.69972599999928], [-95.29019300042435, 29.699906999869786], [-95.29000400027846, 29.700099000143258], [-95.28990100034629, 29.700251999732682], [-95.28985899961518, 29.700314000249715], [-95.28984699991963, 29.70040699978295], [-95.28979000001821, 29.700627000173604], [-95.2899160004149, 29.701385999890253], [-95.2899160004149, 29.701535000078163], [-95.28987200003398, 29.70175999966553], [-95.28853600039061, 29.70365700019441], [-95.28829700001602, 29.703976000152316], [-95.28766699982916, 29.704398999884127], [-95.2869300004105, 29.704806000008404], [-95.28630000022366, 29.70509100015839], [-95.28602300021421, 29.705141000334027], [-95.28578399983962, 29.705141000334027], [-95.28546300034758, 29.705063999850317], [-95.2848890002372, 29.70462900004199], [-95.28381299998651, 29.703876000176702], [-95.28343499969473, 29.703336999685938], [-95.28339100021213, 29.703285000316537], [-95.28315799968532, 29.7030069996298], [-95.28313099992113, 29.702989999633015], [-95.28289300026977, 29.70283700031273], [-95.28265399989516, 29.702654999935458], [-95.28247200032027, 29.702390999745248], [-95.28230200044096, 29.701968000139694], [-95.28229499986996, 29.70192899969346], [-95.28204999964757, 29.701533000187133], [-95.28178500023202, 29.701362999935807], [-95.28142600020682, 29.701308000091235], [-95.28075199963902, 29.7012859996768], [-95.28050099956887, 29.70135700025216], [-95.28025700006971, 29.701394000246367], [-95.28054699959964, 29.70108799963155], [-95.28077500010357, 29.700623999919657], [-95.28141199996313, 29.7002279999502], [-95.2823690003881, 29.699676999823026], [-95.28299600020193, 29.69931499970741], [-95.28380600031382, 29.69890600001824], [-95.28399999958427, 29.6988270002718], [-95.28437799987604, 29.698674999656372], [-95.28446300026485, 29.698646000015952], [-95.28482800013784, 29.698523000371626], [-95.28528300042252, 29.698365999801137], [-95.286133999644, 29.698100999673198], [-95.28627900030726, 29.698056000185687], [-95.28763300039228, 29.697672000045536], [-95.28767199985204, 29.697662999799057], [-95.28850399970524, 29.69747900021945], [-95.28859400011693, 29.69746600001162], [-95.28873200020921, 29.697448999857382], [-95.28896800021074, 29.697633000272294], [-95.28910299992997, 29.697739000120837], [-95.2895499998187, 29.698142000003706], [-95.2901189999062, 29.698604999891153], [-95.29118299956299, 29.699386999692074], [-95.29113800025547, 29.699406000232106]]]}, "properties": {"geoid": "48201311600", "name": "Census Tract 3116", "population": "3614.0", "median_hh_income": "37955.0", "poverty_rate": "0.44023242944106256", "nearest_dollar_store_mi": "1.32", "gap_score": "2293.9"}}, {"type": "Feature", "geometry": {"type": "Polygon", "coordinates": [[[-95.35545000032825, 29.615135999979625], [-95.3554329997115, 29.615527000231747], [-95.355424000389, 29.616611000113682], [-95.35515900007512, 29.61660799969641], [-95.35441799956018, 29.61661900018473], [-95.35415999981733, 29.61661900018473], [-95.3533060002228, 29.616982999622525], [-95.34939700012858, 29.61884499997316], [-95.34853699978795, 29.619256000330065], [-95.3474840000018, 29.619698000294942], [-95.34653300032289, 29.620015000334032], [-95.34624399971959, 29.620117000090257], [-95.34596000003745, 29.620197000332105], [-95.34466399967874, 29.620513000002756], [-95.34333800008112, 29.62076399963058], [-95.34199499986673, 29.620925000161044], [-95.3416190001231, 29.62099899996931], [-95.34090699992049, 29.621000999900044], [-95.33993399960195, 29.62099100024596], [-95.33962399998056, 29.62098999989003], [-95.33867900014945, 29.62097899987875], [-95.33770199963294, 29.620969000222413], [-95.33751300038539, 29.620967999866277], [-95.33546299999125, 29.620960999715745], [-95.33293399992134, 29.62094799976956], [-95.33214600044904, 29.62094399990594], [-95.33156499976768, 29.62094199997407], [-95.33067299964002, 29.620934999821696], [-95.33065199972361, 29.620934999821696], [-95.33062699960925, 29.620934999821696], [-95.32748800034229, 29.62094399990594], [-95.32722499967825, 29.620936999753752], [-95.32672300043622, 29.620940999617655], [-95.32541600020686, 29.620934999821696], [-95.32508099957279, 29.62093000038196], [-95.32390499976297, 29.620921000296445], [-95.32344000033089, 29.620921999872202], [-95.31962199957495, 29.620916999650827], [-95.31884900017127, 29.6209100002777], [-95.31774500033148, 29.62089999983359], [-95.31440199995171, 29.620892999678354], [-95.31216599978474, 29.62088300001348], [-95.3118660002091, 29.62088300001348], [-95.31065799971392, 29.620877000214122], [-95.30917300010763, 29.620871999990587], [-95.30803999995554, 29.6208689997001], [-95.30693000026798, 29.620862999899906], [-95.30578500042033, 29.62085799967567], [-95.30466399996378, 29.62085799967567], [-95.30436900041101, 29.620851999874763], [-95.30030600033099, 29.607560999661107], [-95.30017300026162, 29.607119000365888], [-95.2994400001426, 29.60464200006557], [-95.29843000001414, 29.601269999836482], [-95.29835700021921, 29.60103600014145], [-95.29821800030203, 29.600553999893112], [-95.29817999976888, 29.600425000374127], [-95.29796899988169, 29.599749999710387], [-95.29766599993299, 29.598630000046633], [-95.29747799961201, 29.5978970003172], [-95.29739700031948, 29.597463000091647], [-95.29725000000639, 29.59693099991338], [-95.29715700011997, 29.59654800028997], [-95.29718300005923, 29.596542999640825], [-95.29722599971693, 29.596536999955052], [-95.29723999996062, 29.596535000320095], [-95.29729799968696, 29.596527000217613], [-95.29736700018223, 29.596523999983702], [-95.29741099966486, 29.59652200034849], [-95.29750899957415, 29.59651699969807], [-95.29757700024453, 29.596532000086427], [-95.29785500007887, 29.596669999805734], [-95.29800400004179, 29.59674400023408], [-95.29836100041717, 29.59692100021501], [-95.29845299958036, 29.596979000326584], [-95.29848299971759, 29.596981999765774], [-95.29859499987059, 29.59703800021723], [-95.29870299982561, 29.597005000150244], [-95.29895899991864, 29.596926999877944], [-95.29912999962288, 29.596874000369514], [-95.29919099972226, 29.596856999622283], [-95.29971499960388, 29.59612199986331], [-95.30032399987435, 29.59612199986331], [-95.30092899994683, 29.59592600027283], [-95.3013149997362, 29.59580200020776], [-95.30164899964706, 29.595668999993705], [-95.30178099989153, 29.59560400034219], [-95.30180199980794, 29.595596000165866], [-95.30209200023616, 29.595498999735], [-95.30220299966592, 29.59547900005331], [-95.30251099963749, 29.595424999955604], [-95.30293199958699, 29.595351000121923], [-95.3039400000656, 29.595173999729504], [-95.30574699988716, 29.59523799982782], [-95.30638000044706, 29.59518600004397], [-95.30788400031993, 29.59501599975239], [-95.30848699984429, 29.59493099988971], [-95.30864800040108, 29.594916000044364], [-95.30974899986781, 29.595037000139307], [-95.31109000043236, 29.595771999992724], [-95.31123600002223, 29.59585100020134], [-95.31134099960423, 29.59590900014694], [-95.31155999988732, 29.59602900000944], [-95.31189299997327, 29.596209999746808], [-95.31223799975476, 29.59640499974777], [-95.31289600042903, 29.59683300017067], [-95.31360199988555, 29.597294000322957], [-95.31470200042567, 29.598008000370168], [-95.31515799963694, 29.598073999837137], [-95.31626400002486, 29.598247999644958], [-95.31631300042866, 29.59824200006058], [-95.31719799998532, 29.59803099973958], [-95.31751199980467, 29.597955999670976], [-95.3178800000507, 29.597926000096557], [-95.31799399985353, 29.597923999708026], [-95.31801800014297, 29.597891999734948], [-95.31804599973206, 29.5978970003172], [-95.31807400021947, 29.597902999922084], [-95.31811600005226, 29.597914000108087], [-95.31814399964135, 29.597922000100574], [-95.31818399982433, 29.597934999891688], [-95.31822700038035, 29.59794799968119], [-95.31825800034248, 29.59795800005886], [-95.31830900039613, 29.59797800003016], [-95.31834200000807, 29.597991999617165], [-95.31839200023678, 29.598014999771273], [-95.31843800026753, 29.59803899972283], [-95.31847000005459, 29.59805799987565], [-95.31851600008535, 29.598087000389768], [-95.31855500044341, 29.598115000312678], [-95.31859999975093, 29.598149999619544], [-95.31863499991103, 29.598167999950153], [-95.31867000007112, 29.598186000277565], [-95.31870500023123, 29.598203000019705], [-95.31876499960737, 29.598230999910403], [-95.31881200036136, 29.59825099982752], [-95.31884800034638, 29.598265000157742], [-95.31888599998119, 29.59828000028621], [-95.31891399957028, 29.598293000031177], [-95.31894100023277, 29.598304999974612], [-95.31897999969254, 29.59832000009712], [-95.31902300024855, 29.598332999837005], [-95.31906400025645, 29.5983430001765], [-95.31910600008923, 29.59835000033548], [-95.31915799996776, 29.598355000113916], [-95.31918899992989, 29.598355999913352], [-95.31923400013575, 29.598355000113916], [-95.3192940004102, 29.598348999754858], [-95.31932500037233, 29.598343999976063], [-95.319372000228, 29.598333999636658], [-95.31941300023588, 29.598321999696687], [-95.31945500006869, 29.598305999774546], [-95.31950000027453, 29.598286999668446], [-95.31954299993222, 29.598269999940467], [-95.3195980001838, 29.598269999940467], [-95.31969899956785, 29.598226000125745], [-95.3212650002633, 29.59719200012681], [-95.3214979998918, 29.59704899971646], [-95.32155099959525, 29.59701499984029], [-95.32207700002503, 29.5966919996643], [-95.32222199978997, 29.59666400012757], [-95.32229700013306, 29.59666400012757], [-95.32244199989802, 29.59672499983375], [-95.32288799996184, 29.596867999922303], [-95.32320299960611, 29.59701099980819], [-95.32335400011716, 29.59716499975898], [-95.32347999961556, 29.59734599980127], [-95.32354900011083, 29.59742799976535], [-95.32367499960921, 29.597504999842318], [-95.32383899964076, 29.597555000378236], [-95.32432300023773, 29.59764299979271], [-95.32472800029369, 29.597813000343724], [-95.32481399960909, 29.597842999951755], [-95.32494099983072, 29.59788799973755], [-95.32532999999312, 29.59801700015806], [-95.32536000013036, 29.59802800033157], [-95.32542299987955, 29.59804599990284], [-95.3254549996666, 29.59805200027999], [-95.32547800013114, 29.598056000270795], [-95.32550300024549, 29.59805799987565], [-95.3255450000783, 29.598060000261523], [-95.32557600004043, 29.598058999678038], [-95.32562299989608, 29.598054999687335], [-95.32567200029989, 29.598050999696415], [-95.32594799958612, 29.598010999778836], [-95.32609300024936, 29.598001999990476], [-95.32615199980059, 29.597991999617165], [-95.32621299989997, 29.597986000017574], [-95.32627999984712, 29.597979999636507], [-95.32633699974852, 29.597975999642674], [-95.32640399969567, 29.597973000232972], [-95.32645999977218, 29.597970999845383], [-95.32652199969645, 29.59796900023881], [-95.32658299979583, 29.597971999648625], [-95.32665200029112, 29.597966999851142], [-95.32693400032342, 29.597994999807362], [-95.3274759997484, 29.598049999893963], [-95.3278769996064, 29.598088000191915], [-95.32798799993448, 29.598099000357703], [-95.32813500024757, 29.5981129999279], [-95.32817700008037, 29.598116000114498], [-95.32822499976093, 29.59812000010283], [-95.32832600004329, 29.598132999868426], [-95.32841300008192, 29.598148000016522], [-95.32850000012056, 29.598167999950153], [-95.32857799993836, 29.598188999680882], [-95.3287920001986, 29.59828000028621], [-95.32900100043597, 29.59836700004997], [-95.32913799980501, 29.598447000368022], [-95.3293269999509, 29.598564999959788], [-95.32945499999742, 29.598634000014524], [-95.32954200003606, 29.59869199992215], [-95.32958800006682, 29.598722999845645], [-95.32967599993036, 29.598790999997235], [-95.32971699993824, 29.598837999730595], [-95.32975000044851, 29.598859999897368], [-95.32976200014409, 29.598874000143052], [-95.32979300010622, 29.5989019998475], [-95.3298190000455, 29.598923000206486], [-95.3298619997032, 29.598953000265485], [-95.32990000023635, 29.59897499962613], [-95.3299179997797, 29.598984000108768], [-95.3299539997647, 29.598999999923354], [-95.32999099957463, 29.59901400014956], [-95.33003900015352, 29.599026999799992], [-95.33011699997132, 29.599047000340384], [-95.33016999967477, 29.599057999620527], [-95.33023099977413, 29.599070000253977], [-95.3303060001172, 29.59908100031272], [-95.33038499975993, 29.59908900021264], [-95.33059499982221, 29.59909399995445], [-95.33070799980013, 29.599100000269246], [-95.33082099977803, 29.59910700037568], [-95.33093299993102, 29.599116000065436], [-95.33114600036635, 29.599108000167654], [-95.33132399974326, 29.59906899968052], [-95.33164000011077, 29.599104000218563], [-95.33166299967698, 29.599097999903996], [-95.33172299995142, 29.599100000269246], [-95.33175499973848, 29.59909200037019], [-95.33178700042386, 29.599082999897195], [-95.33190200005158, 29.59906399993745], [-95.33193999968641, 29.5990590001941], [-95.33198900009022, 29.599048999925596], [-95.33204900036468, 29.59903300011877], [-95.33211899978654, 29.5990079998297], [-95.33216300016747, 29.59898800006263], [-95.33221699969586, 29.59895899980756], [-95.33225799970373, 29.59893400028121], [-95.33230600028261, 29.598871999773337], [-95.33237499987958, 29.59883500034653], [-95.3324600002684, 29.598737000110347], [-95.33250499957593, 29.598687000160403], [-95.33258099974391, 29.598606000235744], [-95.33264400039141, 29.59854100013344], [-95.33271600036144, 29.598469999637338], [-95.33277400008775, 29.598413999980895], [-95.33280099985194, 29.59839000011862], [-95.33283400036224, 29.598363000071416], [-95.33287000034723, 29.598337999616295], [-95.33293499974624, 29.598300000193618], [-95.33300400024153, 29.598269000140114], [-95.33306600016581, 29.59824200006058], [-95.3331210004174, 29.59823499989412], [-95.33318800036454, 29.59821700035658], [-95.3332629998093, 29.598202000218738], [-95.33331399986294, 29.59818499969533], [-95.33341799962, 29.598151000202126], [-95.33343699988659, 29.59814499983088], [-95.33348299991734, 29.598148999818008], [-95.33351899990234, 29.59812700027722], [-95.33356900013105, 29.598124000090955], [-95.33361599998672, 29.59810300034665], [-95.33366899969018, 29.598072000232666], [-95.33372499976667, 29.59803899972283], [-95.33378599986604, 29.59799400000435], [-95.3338400002927, 29.59794299988251], [-95.33388299995042, 29.59787499994038], [-95.33391899993542, 29.5978359997576], [-95.33397099981397, 29.597765000327463], [-95.33399599992832, 29.59771800009412], [-95.33403299973824, 29.59768299985623], [-95.3340930000127, 29.59759600028363], [-95.33421799968617, 29.59749399961175], [-95.33423500030293, 29.597480999763754], [-95.33430399989989, 29.59742500033934], [-95.33443000029659, 29.59722299973019], [-95.33461299969639, 29.596994999678092], [-95.33478500012384, 29.596780999646764], [-95.3348539997208, 29.59666599975997], [-95.33489899992664, 29.59655999965986], [-95.3349459997823, 29.59644699993896], [-95.3349730004448, 29.59640999962268], [-95.33501500027761, 29.59635699984255], [-95.33505600028548, 29.596295999913846], [-95.33510899998893, 29.596259000323254], [-95.33518000013403, 29.596204999861975], [-95.33527200019556, 29.596147999907867], [-95.33535699968606, 29.59610300012689], [-95.3354169999605, 29.596074999645488], [-95.33549099958034, 29.596046000115102], [-95.33572800030512, 29.595954000014462], [-95.33576599993997, 29.59594099996805], [-95.33579500025228, 29.59593199999495], [-95.33615299955426, 29.595812999841762], [-95.33619399956214, 29.595795999696776], [-95.33623100027036, 29.59577500024895], [-95.33626499970725, 29.595749000108242], [-95.33631999995883, 29.595705999800703], [-95.33637199983737, 29.595670999645876], [-95.33643100028691, 29.595640000346595], [-95.33664299999901, 29.595538999867586], [-95.33683100031999, 29.595439999725276], [-95.33689200041935, 29.595405000259216], [-95.33700500039727, 29.595330999629734], [-95.3371130003523, 29.595251999795103], [-95.33721600028446, 29.59516700013127], [-95.3372539999193, 29.595130999957977], [-95.33728400005653, 29.595097000216473], [-95.3373180003917, 29.595051000134475], [-95.33734299960774, 29.59500800031052], [-95.3373529996535, 29.594982999805005], [-95.33736000022449, 29.594955999627043], [-95.33736100004943, 29.594928000389515], [-95.33735799967637, 29.5948889998484], [-95.3373529996535, 29.594801000374737], [-95.33733299956201, 29.594727999918792], [-95.33731300036885, 29.594652999737622], [-95.33726399996503, 29.594506000283243], [-95.3372260003302, 29.594335999626868], [-95.33723800002576, 29.594211000110224], [-95.33725100044455, 29.59413899984962], [-95.33727099963774, 29.594067000318798], [-95.33729499992718, 29.59400599978646], [-95.33732099986645, 29.59395800030203], [-95.33735199982858, 29.59391800032364], [-95.33738299979072, 29.593888000329475], [-95.33742100032387, 29.593860000014388], [-95.33744300006519, 29.593845999853933], [-95.33769199958721, 29.593688000140283], [-95.33791400024337, 29.593556999957695], [-95.3379719999697, 29.59352699985618], [-95.33803200024416, 29.593500999917183], [-95.338113000435, 29.59347499997153], [-95.33818700005484, 29.593459000061667], [-95.33825900002488, 29.593450999715238], [-95.33833400036794, 29.593449000019124], [-95.33834699988843, 29.593449000019124], [-95.33871799960919, 29.593462000386733], [-95.33902599958076, 29.593490999878785], [-95.33915500035052, 29.593490000031142], [-95.33918399976451, 29.59349400020286], [-95.3392180000997, 29.59349900022205], [-95.33925200043488, 29.593504000241], [-95.33932100003186, 29.593510999954628], [-95.33938899980392, 29.593516999820366], [-95.33946999999479, 29.593520000143663], [-95.33952699989617, 29.593521999838362], [-95.33957799994981, 29.593521999838362], [-95.33971699986698, 29.59353400034936], [-95.3398580003323, 29.593546000077776], [-95.34008799958775, 29.593560000279798], [-95.34010199983143, 29.593563999667644], [-95.34013000031885, 29.593571000158253], [-95.34014899968712, 29.593568999683377], [-95.34017899982435, 29.593578999714026], [-95.34020099956564, 29.593581000188713], [-95.3402180001824, 29.59358200003553], [-95.34025099979435, 29.593581000188713], [-95.34026500003806, 29.593580000341934], [-95.34029400035038, 29.59357700002043], [-95.34031899956642, 29.593572000005107], [-95.34043599974228, 29.593552999788475], [-95.34045199963583, 29.593551000094333], [-95.3404640002297, 29.593547999771967], [-95.34048099994813, 29.59354000021374], [-95.3404929996437, 29.59353299972098], [-95.34050600006249, 29.593521999838362], [-95.34051500028333, 29.593510000107162], [-95.34052399960584, 29.593495999898142], [-95.34053500037481, 29.593481999687167], [-95.34054299987241, 29.593473000275825], [-95.34055899976595, 29.593459999909694], [-95.34057800003252, 29.5934420003012], [-95.34060399997178, 29.593440999671902], [-95.34059399992604, 29.593226000062224], [-95.3405760003827, 29.5927370002211], [-95.3407189995995, 29.592515999967283], [-95.34077700022414, 29.59242799998599], [-95.34080099961527, 29.59242399977195], [-95.34087900033138, 29.592422000055482], [-95.3410559998834, 29.59241699998291], [-95.34167100000164, 29.592120000228046], [-95.34186000014753, 29.591934000086237], [-95.34213399978391, 29.59142900000035], [-95.34220099973106, 29.5913030001371], [-95.34223599989116, 29.591232000014685], [-95.34231500043221, 29.591073000241416], [-95.3425620003044, 29.590891000006668], [-95.34284599998654, 29.590635000056484], [-95.34319199959293, 29.590407999835044], [-95.34324099999674, 29.590378000359436], [-95.34326600011109, 29.590361999958485], [-95.34329000040054, 29.59034600033612], [-95.34331399979166, 29.590329000051113], [-95.34333800008112, 29.59031199976319], [-95.34335599962446, 29.590298999770837], [-95.34337800026408, 29.590282000259087], [-95.34340699967808, 29.590258999904098], [-95.34343000014263, 29.59024099972458], [-95.34345199988394, 29.590221999661747], [-95.34347399962523, 29.590203000376505], [-95.34349500043994, 29.59018400030651], [-95.34351600035635, 29.59016400035232], [-95.34353899992257, 29.590141999851333], [-95.34355700036424, 29.59012399965089], [-95.3435769995574, 29.590102999803584], [-95.34359199962601, 29.590087000140205], [-95.34361000006768, 29.590064999622424], [-95.34363000015917, 29.59004399976278], [-95.34365199990047, 29.59001699982529], [-95.34366699996907, 29.589999000383713], [-95.3436889997104, 29.589971999653073], [-95.34369899975614, 29.58996000028075], [-95.34397400011575, 29.589656000343073], [-95.34399199965908, 29.589626999748717], [-95.34414999984286, 29.5894399998102], [-95.34425500032314, 29.589297000128912], [-95.34428200008732, 29.589262999983667], [-95.34430300000372, 29.58923699972701], [-95.34433399996585, 29.58919600033016], [-95.3443590000802, 29.589162000150896], [-95.34437900017171, 29.58912199983341], [-95.34439900026318, 29.589104000232165], [-95.34440500011098, 29.589093999757967], [-95.34441900035468, 29.58906700034745], [-95.34442900040042, 29.589040000148533], [-95.3444279996772, 29.589014999726423], [-95.34444299974581, 29.588985999728955], [-95.34444500029393, 29.58896399975229], [-95.34444399957073, 29.58892799970912], [-95.34444500029393, 29.588901000254122], [-95.34444699994376, 29.58887699969102], [-95.34445100014175, 29.588853999796928], [-95.34444899959358, 29.588835000254104], [-95.34446200001237, 29.588814000138527], [-95.34447899973081, 29.58877500035866], [-95.34448600030183, 29.58875699991434], [-95.34449600034758, 29.588735999782546], [-95.34450899986804, 29.588717000217493], [-95.34451700026396, 29.588705999809882], [-95.34452800013463, 29.58868800013443], [-95.34453700035546, 29.58866799988372], [-95.34454499985306, 29.588646999733392], [-95.34454599967796, 29.588606999992866], [-95.34454599967796, 29.588509999872844], [-95.34454200037831, 29.58841899982849], [-95.34453800018036, 29.58837499962312], [-95.3445339999824, 29.58832900038206], [-95.34451999973871, 29.588225999814814], [-95.34449399979943, 29.58810699994616], [-95.34448799995165, 29.588089000163865], [-95.34448100027895, 29.588069999695804], [-95.34447500043116, 29.58805499961159], [-95.34446899968508, 29.588041000207987], [-95.3444639996622, 29.58802799992306], [-95.34445799981441, 29.588014999636453], [-95.34445199996664, 29.588003000031406], [-95.34444399957073, 29.58798899983941], [-95.34443900044616, 29.587978000133557], [-95.34443199987516, 29.58796599974291], [-95.34442500020246, 29.587954000132036], [-95.34441199978366, 29.587938000127902], [-95.34440900030893, 29.58792800031928], [-95.34440199973793, 29.587916999825655], [-95.34439400024033, 29.587905000208938], [-95.3443859998444, 29.587894999615852], [-95.3443780003468, 29.587883999899756], [-95.34436800030105, 29.587871000375795], [-95.34435700043039, 29.58785700016548], [-95.34434599966143, 29.58784499976046], [-95.34433800016382, 29.58783499994268], [-95.34433099959283, 29.587827999835262], [-95.34431999972216, 29.587819999823452], [-95.34431499969928, 29.58780800019521], [-95.34430600037678, 29.587794999880334], [-95.34429899980577, 29.58778500005754], [-95.34429200013305, 29.58777600013805], [-95.34428299991224, 29.587761999914555], [-95.34427700006447, 29.587751000184007], [-95.34427100021666, 29.58774100035686], [-95.34426100017092, 29.58772199982328], [-95.34425600014806, 29.587712999898216], [-95.34425000030026, 29.58770000035222], [-95.34424399955417, 29.58768700002335], [-95.34423400040674, 29.587662999952634], [-95.34422699983574, 29.58762999994375], [-95.34422199981287, 29.587607999671384], [-95.34422000016305, 29.58759199961238], [-95.34421699978999, 29.587560000267903], [-95.34421199976711, 29.587540999700227], [-95.3442090002924, 29.587514999781064], [-95.34420699974426, 29.58749200035772], [-95.34420500009443, 29.587469000147955], [-95.34420699974426, 29.58744099961383], [-95.34420500009443, 29.587428999940528], [-95.34420599991934, 29.58741600035794], [-95.34420400026951, 29.587404999808438], [-95.34421199976711, 29.58738300026827], [-95.34422000016305, 29.587357000308398], [-95.34422900038386, 29.587331000341806], [-95.34423600005657, 29.58731500023883], [-95.34424500027741, 29.587294999715972], [-95.34425699997296, 29.587275999879605], [-95.34433599961568, 29.587177000222013], [-95.34434800020958, 29.58716399982578], [-95.3443590000802, 29.587153000030057], [-95.34437300032393, 29.587141000322504], [-95.34439300041541, 29.587126000100138], [-95.34441400033181, 29.587112999697325], [-95.34442699985227, 29.587107000231942], [-95.34444000027108, 29.587100999985015], [-95.34445699998952, 29.58709399982669], [-95.34446899968508, 29.58709000018242], [-95.34447999955573, 29.58708699966786], [-95.34457499999027, 29.58705500016324], [-95.34475499991534, 29.58699400007851], [-95.34476699961091, 29.586988999737013], [-95.34477800037988, 29.58698300026426], [-95.34479000007543, 29.586977000009945], [-95.34480500014405, 29.586968000018395], [-95.3448150001898, 29.58696099985084], [-95.3448229996874, 29.586955000376424], [-95.34484000030415, 29.58694199995159], [-95.34489200018268, 29.586882999624905], [-95.34494700043427, 29.586820000389896], [-95.34498099987114, 29.586782999667637], [-95.34499000009198, 29.58677399965884], [-95.34499900031281, 29.586762999820557], [-95.34500799963533, 29.586752999895488], [-95.34501600003124, 29.586742000054894], [-95.34502299970394, 29.586733000042454], [-95.34502899955173, 29.586724000029186], [-95.34503500029783, 29.58671500001507], [-95.34504199997052, 29.58670400017035], [-95.3450469999934, 29.586694000239493], [-95.34505399966609, 29.58667999986589], [-95.34506000041218, 29.58666500035618], [-95.34506999955961, 29.586650000063116], [-95.34507899978043, 29.586634999767814], [-95.34508899982617, 29.58662200008289], [-95.34509800004702, 29.586611000228086], [-95.34510899991767, 29.586597999758926], [-95.34512099961323, 29.586585000069235], [-95.34513300020711, 29.58657300029414], [-95.34514499990269, 29.586561999652794], [-95.34515699959825, 29.586550999791385], [-95.34517000001705, 29.586539999928792], [-95.34518000006278, 29.58653299973156], [-95.34519099993344, 29.58652499961714], [-95.34519900032934, 29.586519000116795], [-95.34521100002492, 29.58651199991811], [-95.34522199989557, 29.586503999802026], [-95.34523399959114, 29.58650199996817], [-95.34524700000993, 29.586498000300384], [-95.34525799988059, 29.58649499976829], [-95.34528200017003, 29.586490000183204], [-95.34529300004068, 29.58648800034912], [-95.34530399991134, 29.58648699965086], [-95.34531999980486, 29.586484999816733], [-95.34561600008087, 29.586445000000413], [-95.3456329997993, 29.586443000165424], [-95.34564399966997, 29.58644100033036], [-95.34565600026384, 29.586437999796576], [-95.34566999960924, 29.58643500004383], [-95.34568300002802, 29.58643200029105], [-95.34569600044682, 29.586427999839295], [-95.34570899996729, 29.586424000168645], [-95.34572099966286, 29.586419999716558], [-95.34573800027961, 29.586413000292197], [-95.34574999997517, 29.586407999921846], [-95.34576400021888, 29.58640099971545], [-95.34577599991444, 29.58639500020774], [-95.34578599996019, 29.586388999918476], [-95.34579900037897, 29.58638099979265], [-95.34581000024963, 29.586374000365577], [-95.34582100012028, 29.586366000238502], [-95.34584500040972, 29.586348000145723], [-95.34585499955716, 29.586343999690623], [-95.34586399977799, 29.586338000179538], [-95.34587399982372, 29.586330000049664], [-95.34588600041762, 29.586320000081695], [-95.34589599956504, 29.586309000193914], [-95.34590300013606, 29.586301999980662], [-95.34591800020466, 29.586283999876397], [-95.34592400005245, 29.586275999742245], [-95.34592999990024, 29.586265999768923], [-95.3459349999231, 29.58625799963335], [-95.34593999994598, 29.586249000358926], [-95.34594499996884, 29.586241000221953], [-95.34594900016681, 29.586232000164806], [-95.3460470000761, 29.58609099968522], [-95.34605399974879, 29.58607999977254], [-95.34606100031979, 29.5860689998586], [-95.34606700016757, 29.586058999864754], [-95.34607300001535, 29.586047999948526], [-95.34607800003823, 29.586037999952673], [-95.34608399988602, 29.586026000112543], [-95.34608899990889, 29.586015000192713], [-95.34609300010685, 29.586005000193527], [-95.34609599958156, 29.585995000193424], [-95.34609899995463, 29.585976000112282], [-95.3461039999775, 29.585967999953656], [-95.3461039999775, 29.585957000027566], [-95.34610999982529, 29.585947999945038], [-95.34611400002325, 29.58593700001671], [-95.3461170003963, 29.58592600008725], [-95.3461249998939, 29.585917000001963], [-95.34613099974169, 29.585907999915925], [-95.34614099978742, 29.585897999906127], [-95.34614900018333, 29.585888999818412], [-95.34615500003113, 29.585877999883657], [-95.34615900022911, 29.585868999794148], [-95.34616300042705, 29.58585899978048], [-95.34616099987892, 29.58584899976585], [-95.34616400025196, 29.585838999750262], [-95.34617299957448, 29.585808999697473], [-95.34618599999327, 29.58576899961321], [-95.34619400038919, 29.585759000370906], [-95.3462029997117, 29.585747999640773], [-95.3462089995595, 29.585736999690653], [-95.34621500030559, 29.585722000040846], [-95.3462169999554, 29.585710000163125], [-95.34621799978032, 29.585698000283987], [-95.34621799978032, 29.585682999847126], [-95.34621799978032, 29.58567000003961], [-95.34622100015336, 29.58565399967334], [-95.34622600017624, 29.585641999787523], [-95.34623200002403, 29.585628999974755], [-95.34624200006976, 29.585614000308833], [-95.34625299994042, 29.585601999637067], [-95.34626299998617, 29.58559200037816], [-95.34627800005478, 29.585580999629883], [-95.34629099957526, 29.585573000221157], [-95.34630399999403, 29.585566999883078], [-95.34631999988757, 29.585559999618276], [-95.34633699960601, 29.585555999913222], [-95.34635300039784, 29.585552000207944], [-95.34636699974324, 29.585550000355273], [-95.34638400035999, 29.585547999721353], [-95.34640100007842, 29.585546999794936], [-95.34641299977397, 29.58554599986854], [-95.34643299986547, 29.585546999794936], [-95.34644700010918, 29.585547999721353], [-95.3464620001778, 29.585550000355273], [-95.34648100044436, 29.58555300013426], [-95.34649499978974, 29.585555999913222], [-95.34651400005633, 29.585562000252015], [-95.34653099977476, 29.585566999883078], [-95.34677000014936, 29.585617000085964], [-95.34701600019666, 29.58566600033886], [-95.34718900044903, 29.58568599962222], [-95.34730200042694, 29.585701999983417], [-95.34748099962874, 29.585726999663983], [-95.34750300026839, 29.58573100014346], [-95.3475190001619, 29.58573299999256], [-95.34755500014691, 29.585737999615137], [-95.34757199986535, 29.585739000320817], [-95.34759600015481, 29.585741000169797], [-95.34762899976675, 29.585743000018677], [-95.34764700020843, 29.585743999943112], [-95.34766800012481, 29.585743999943112], [-95.34770400010983, 29.585743999943112], [-95.34772500002623, 29.585743999943112], [-95.34774299956958, 29.585743000018677], [-95.34778199992763, 29.585742000094246], [-95.34786700031644, 29.58576000029519], [-95.3479560000049, 29.585780000341053], [-95.34808900007431, 29.585811000326228], [-95.348167999717, 29.585827999810064], [-95.34819000035664, 29.585831000361992], [-95.34823300001435, 29.58584899976585], [-95.34825700030379, 29.58586799987088], [-95.34831699967992, 29.585916000079234], [-95.34838299980215, 29.585983000348154], [-95.34840999956636, 29.58600999980264], [-95.34853400031324, 29.586150999614198], [-95.34860200008528, 29.586224999946186], [-95.34871000004033, 29.58635299973778], [-95.34883100041414, 29.586505999635794], [-95.34894500021696, 29.586523999700454], [-95.34911400027136, 29.58652600031501], [-95.34924200031787, 29.586499000217387], [-95.34936500034152, 29.58647399994694], [-95.3494759997713, 29.586458999625417], [-95.34955899961197, 29.586443000165424], [-95.34968400018376, 29.586413000292197], [-95.34979700016167, 29.586393000371785], [-95.34991900036039, 29.586379999874538], [-95.35005800027757, 29.586366000238502], [-95.35018600032409, 29.58634999998257], [-95.35029699975385, 29.586333999724054], [-95.35037799994471, 29.586321000000407], [-95.35044700044, 29.58628900025288], [-95.35051100001411, 29.586268000388657], [-95.35060499972542, 29.586226999785485], [-95.35070099998491, 29.586154000156533], [-95.35077299995491, 29.58610400021969], [-95.35086699966627, 29.586056000100818], [-95.35099899991073, 29.58596700003145], [-95.35110799969068, 29.585857999857193], [-95.351249000156, 29.585745999792007], [-95.35135999958575, 29.585676000371635], [-95.35140700033973, 29.585646000270387], [-95.35153299983811, 29.58560600012157], [-95.35165000001398, 29.58554499994216], [-95.35174600027345, 29.585499000192275], [-95.35190699993193, 29.585455000276056], [-95.35190600010701, 29.58553000026376], [-95.35190500028212, 29.585776999787612], [-95.35199499979548, 29.59017100029768], [-95.35202999995556, 29.591270999626033], [-95.35206699976551, 29.593000999907332], [-95.35207199978836, 29.593221999879823], [-95.35207699981125, 29.59332599988317], [-95.35207799963615, 29.593339000266646], [-95.35208000018429, 29.593385000348146], [-95.35210100010067, 29.5938450000098], [-95.35214200010857, 29.594268000377667], [-95.35216899987275, 29.594657999699372], [-95.35219099961405, 29.59481299995246], [-95.35223699964482, 29.59513900017117], [-95.35224099984278, 29.595330999629734], [-95.35247699984433, 29.596143000019968], [-95.35269500030253, 29.597042000248322], [-95.35281599977804, 29.597443000018224], [-95.35293100030408, 29.59795999966565], [-95.35309699998544, 29.598371999827567], [-95.35310500038136, 29.598487000112705], [-95.35321800035926, 29.598839000306356], [-95.35325900036715, 29.59896599992378], [-95.35337099962182, 29.599314999857082], [-95.35349199999564, 29.599817000165686], [-95.35369600021014, 29.600352999862483], [-95.353805999815, 29.60068799969098], [-95.35398499991513, 29.60123400027925], [-95.354651000087, 29.603265000384543], [-95.3550589996177, 29.604558999980345], [-95.35518800038744, 29.60514599987837], [-95.3552200001745, 29.60529099998557], [-95.35525299978644, 29.605441999821604], [-95.35529999964213, 29.605654999712883], [-95.35531100041108, 29.6057050001135], [-95.35542699986372, 29.606577999769964], [-95.35543500025963, 29.60779199993724], [-95.35543799973438, 29.610255999629985], [-95.3554319998866, 29.611604999827005], [-95.35542900041186, 29.612194999864794], [-95.35541000014528, 29.614342000015544], [-95.35543699990946, 29.614470999692614], [-95.35545000032825, 29.615135999979625]]]}, "properties": {"geoid": "48201330801", "name": "Census Tract 3308.01", "population": "6752.0", "median_hh_income": "64430.0", "poverty_rate": "0.23981564079690754", "nearest_dollar_store_mi": "2.83", "gap_score": "4925.3"}}, {"type": "Feature", "geometry": {"type": "Polygon", "coordinates": [[[-95.32824200037768, 29.72290800033806], [-95.3275390003959, 29.723594999624222], [-95.32607700035585, 29.725052999659262], [-95.32552400016189, 29.725612000163554], [-95.32492900013513, 29.72620700001562], [-95.32484200009651, 29.726314000213936], [-95.32406899979452, 29.7270550000964], [-95.32349399985925, 29.727615999740742], [-95.3228779999161, 29.728220000039634], [-95.32165699990045, 29.72785100012381], [-95.32151100031058, 29.727808000074965], [-95.32115099956216, 29.727710999878873], [-95.32093800002514, 29.727648999897472], [-95.32031100021133, 29.727454999884223], [-95.32015700022556, 29.727405999978366], [-95.31972600023033, 29.727278000063645], [-95.31850799968943, 29.72692100001763], [-95.31786599980701, 29.726730999715578], [-95.31780300005782, 29.726707000021374], [-95.31686700044753, 29.726434999965303], [-95.31600200008404, 29.726179999925655], [-95.31535000015587, 29.72598099973214], [-95.31333999994472, 29.725375999899235], [-95.31308100037694, 29.72529499971691], [-95.31141599994729, 29.7248060000591], [-95.31130899981717, 29.724770000215084], [-95.3112050000601, 29.72473400035809], [-95.3110929999071, 29.724697000383312], [-95.30827500013218, 29.723806999788657], [-95.30819399994134, 29.723785999737164], [-95.3063269998453, 29.722942999947488], [-95.30518000034782, 29.72244299991018], [-95.30502899983678, 29.72237700006237], [-95.30543300006782, 29.72114600027795], [-95.30562100038878, 29.72095100003261], [-95.30616000033903, 29.720618999843555], [-95.3084380003388, 29.719527000338648], [-95.30861900008877, 29.719382000173884], [-95.30869600008165, 29.719216000352162], [-95.30884599986949, 29.71836300028462], [-95.30882099975514, 29.71818600003103], [-95.30865500007378, 29.71798200029043], [-95.30797700020635, 29.717640999626216], [-95.30767599990746, 29.71739899983624], [-95.30752899959437, 29.717104000047932], [-95.30743099968508, 29.71630900000451], [-95.30753100014252, 29.715886999924894], [-95.30771100006757, 29.715607000187124], [-95.3086989995564, 29.71490299973681], [-95.30919400002404, 29.71447000005426], [-95.30929100010842, 29.714272999685097], [-95.30932200007057, 29.713843000265133], [-95.30939300021566, 29.713599000250607], [-95.30990899970138, 29.712820999652955], [-95.31049399968238, 29.71235700031549], [-95.31069100022418, 29.71220000030465], [-95.31081300042293, 29.712284000037855], [-95.31168399973589, 29.712883000212482], [-95.31328200021841, 29.713942999677723], [-95.31515599998711, 29.71515899976254], [-95.31531800036882, 29.71526499983805], [-95.31541499955489, 29.71532799986673], [-95.31622399984188, 29.71585300038848], [-95.31878300004904, 29.717446000373066], [-95.31947000013729, 29.71787300022468], [-95.32017099957095, 29.71823999982411], [-95.32058800022078, 29.71845500009924], [-95.32069100015295, 29.71850800036117], [-95.32083900029095, 29.71858399973115], [-95.32112999964576, 29.718734000310324], [-95.32203199981919, 29.719197999819222], [-95.32506899987723, 29.720769999865983], [-95.32547999978097, 29.720988999970142], [-95.32576900038427, 29.721162000181227], [-95.32658299979583, 29.721648000026434], [-95.32759899977206, 29.722302999921357], [-95.328368999701, 29.72279599978939], [-95.32824200037768, 29.72290800033806]]]}, "properties": {"geoid": "48201310700", "name": "Census Tract 3107", "population": "3342.0", "median_hh_income": "63527.0", "poverty_rate": "0.08628983764281419", "nearest_dollar_store_mi": "1.18", "gap_score": "943.8"}}, {"type": "Feature", "geometry": {"type": "Polygon", "coordinates": [[[-95.3329170002029, 29.714372000021914], [-95.33266600013273, 29.714452000230647], [-95.33234499974238, 29.714396000325294], [-95.33182099986071, 29.71411200026855], [-95.33165400035446, 29.713954999881377], [-95.33152700013285, 29.7136509997407], [-95.33140599975903, 29.713013999645476], [-95.33130000035213, 29.71286099999318], [-95.33106400035058, 29.7126609996932], [-95.33070199995234, 29.71249400023368], [-95.3291310001323, 29.71220499989134], [-95.32857200009059, 29.711681000032343], [-95.32837200007404, 29.711555000039592], [-95.32817399970733, 29.711506999629172], [-95.32788599982723, 29.71149900007872], [-95.32737299981625, 29.711630999992195], [-95.32495099987645, 29.71244500004522], [-95.32433699958311, 29.71242999975983], [-95.3233070002615, 29.712176999706006], [-95.32314999990265, 29.71216699974936], [-95.32300299958958, 29.71215800002162], [-95.32297699965031, 29.71215600034206], [-95.32293800019055, 29.712152999652375], [-95.32265500033334, 29.71219900007519], [-95.32226399962276, 29.712371000384042], [-95.32192300003925, 29.71252200033062], [-95.32163799963388, 29.712518000205797], [-95.32125000019468, 29.712316999774472], [-95.32100599979721, 29.712118000181533], [-95.3208300000701, 29.711973999689032], [-95.32008699990536, 29.711111999899536], [-95.31956499967355, 29.710590000288757], [-95.31913700005137, 29.710161999638373], [-95.31899200028641, 29.71009300032707], [-95.31862499986529, 29.71004499999801], [-95.3175550003607, 29.71004499999801], [-95.31730099991748, 29.709928000221332], [-95.31691799960282, 29.709654000217515], [-95.31683200028742, 29.709608999664162], [-95.31667800030165, 29.709529000277755], [-95.3166480001644, 29.709517999801264], [-95.3166110003545, 29.709493999892235], [-95.3165700003466, 29.709471999710576], [-95.31499199995558, 29.708947999632745], [-95.31424100029322, 29.708752999879458], [-95.31391300023017, 29.708740999834234], [-95.31367200020574, 29.708790999753024], [-95.31342500033352, 29.708905000067777], [-95.31312599968449, 29.70904300027563], [-95.3128100002153, 29.709401999667808], [-95.31276599983437, 29.710118000343073], [-95.31267100029814, 29.710353999813055], [-95.31106600014293, 29.71190200014553], [-95.31088600021786, 29.71204499973013], [-95.31077499988979, 29.712132999733324], [-95.31069100022418, 29.71220000030465], [-95.31062199972891, 29.712152999652375], [-95.31055399995687, 29.71210500030808], [-95.31010399969504, 29.711795000186793], [-95.30866299957138, 29.710839000248765], [-95.30748799958648, 29.71003900005278], [-95.30623200030907, 29.70918300003263], [-95.3060249997215, 29.709042000014705], [-95.30528499992981, 29.708548000210623], [-95.30509999998188, 29.708425000208468], [-95.3052149996096, 29.708355000216056], [-95.30532900031075, 29.708292999981413], [-95.30543399989273, 29.7082339997352], [-95.30597899969077, 29.70792100011046], [-95.306890000085, 29.707399000295975], [-95.308973999916, 29.70633199995225], [-95.31512800039803, 29.702685999847265], [-95.31816799993081, 29.700777000270044], [-95.3209990001245, 29.698989999947187], [-95.32222099996507, 29.698248000095507], [-95.32307200008485, 29.69770699986914], [-95.32323399956825, 29.697604999925503], [-95.32405999957368, 29.69708799989612], [-95.32421299973456, 29.696994000030564], [-95.32484600029447, 29.696605000149912], [-95.32598000027146, 29.69589099990178], [-95.32666399998666, 29.695466000224744], [-95.32668499990307, 29.695557000334404], [-95.32674099997958, 29.69573799991303], [-95.32752500015222, 29.698293999864998], [-95.32756100013722, 29.69839500030271], [-95.33078599961793, 29.70793300025362], [-95.33152700013285, 29.71016400013783], [-95.33248799985749, 29.712988000128995], [-95.33287100017215, 29.714224000364904], [-95.3329170002029, 29.714372000021914]]]}, "properties": {"geoid": "48201311800", "name": "Census Tract 3118", "population": "3646.0", "median_hh_income": "47753.0", "poverty_rate": "0.26247942951179376", "nearest_dollar_store_mi": "1.72", "gap_score": "2645.7"}}, {"type": "Feature", "geometry": {"type": "Polygon", "coordinates": [[[-95.33752300043113, 29.72858499989397], [-95.33693900027504, 29.728217999900014], [-95.33650800027979, 29.72794600003952], [-95.3357199999092, 29.727450000277013], [-95.3352410002334, 29.72717699981455], [-95.33342099999305, 29.726036000103402], [-95.33337300031249, 29.726005999691896], [-95.33318699964131, 29.725889999888466], [-95.33238800029838, 29.725388999614218], [-95.33189200000585, 29.72503700037626], [-95.3306650001424, 29.724252999621786], [-95.32865499993125, 29.722978999666836], [-95.328368999701, 29.72279599978939], [-95.32759899977206, 29.722302999921357], [-95.32658299979583, 29.721648000026434], [-95.32576900038427, 29.721162000181227], [-95.32547999978097, 29.720988999970142], [-95.32506899987723, 29.720769999865983], [-95.32203199981919, 29.719197999819222], [-95.32112999964576, 29.718734000310324], [-95.32083900029095, 29.71858399973115], [-95.32069100015295, 29.71850800036117], [-95.32058800022078, 29.71845500009924], [-95.32017099957095, 29.71823999982411], [-95.31947000013729, 29.71787300022468], [-95.31878300004904, 29.717446000373066], [-95.31622399984188, 29.71585300038848], [-95.31541499955489, 29.71532799986673], [-95.31531800036882, 29.71526499983805], [-95.31515599998711, 29.71515899976254], [-95.31328200021841, 29.713942999677723], [-95.31168399973589, 29.712883000212482], [-95.31081300042293, 29.712284000037855], [-95.31069100022418, 29.71220000030465], [-95.31077499988979, 29.712132999733324], [-95.31088600021786, 29.71204499973013], [-95.31106600014293, 29.71190200014553], [-95.31267100029814, 29.710353999813055], [-95.31276599983437, 29.710118000343073], [-95.3128100002153, 29.709401999667808], [-95.31312599968449, 29.70904300027563], [-95.31342500033352, 29.708905000067777], [-95.31367200020574, 29.708790999753024], [-95.31391300023017, 29.708740999834234], [-95.31424100029322, 29.708752999879458], [-95.31499199995558, 29.708947999632745], [-95.3165700003466, 29.709471999710576], [-95.3166110003545, 29.709493999892235], [-95.3166480001644, 29.709517999801264], [-95.31667800030165, 29.709529000277755], [-95.31683200028742, 29.709608999664162], [-95.31691799960282, 29.709654000217515], [-95.31730099991748, 29.709928000221332], [-95.3175550003607, 29.71004499999801], [-95.31862499986529, 29.71004499999801], [-95.31899200028641, 29.71009300032707], [-95.31913700005137, 29.710161999638373], [-95.31956499967355, 29.710590000288757], [-95.32008699990536, 29.711111999899536], [-95.3208300000701, 29.711973999689032], [-95.32100599979721, 29.712118000181533], [-95.32125000019468, 29.712316999774472], [-95.32163799963388, 29.712518000205797], [-95.32192300003925, 29.71252200033062], [-95.32226399962276, 29.712371000384042], [-95.32265500033334, 29.71219900007519], [-95.32293800019055, 29.712152999652375], [-95.32297699965031, 29.71215600034206], [-95.32300299958958, 29.71215800002162], [-95.32314999990265, 29.71216699974936], [-95.3233070002615, 29.712176999706006], [-95.32433699958311, 29.71242999975983], [-95.32495099987645, 29.71244500004522], [-95.32737299981625, 29.711630999992195], [-95.32788599982723, 29.71149900007872], [-95.32817399970733, 29.711506999629172], [-95.32837200007404, 29.711555000039592], [-95.32857200009059, 29.711681000032343], [-95.3291310001323, 29.71220499989134], [-95.33070199995234, 29.71249400023368], [-95.33106400035058, 29.7126609996932], [-95.33130000035213, 29.71286099999318], [-95.33140599975903, 29.713013999645476], [-95.33152700013285, 29.7136509997407], [-95.33165400035446, 29.713954999881377], [-95.33182099986071, 29.71411200026855], [-95.33234499974238, 29.714396000325294], [-95.33266600013273, 29.714452000230647], [-95.3329170002029, 29.714372000021914], [-95.3329599998606, 29.71451300035672], [-95.33331800006088, 29.715680000389096], [-95.33366100019256, 29.716669000127037], [-95.33413099964753, 29.71797200013191], [-95.33671999999191, 29.72578600030041], [-95.3369230003815, 29.726388999825545], [-95.33716500023083, 29.72715100006607], [-95.3372179999343, 29.727328000110685], [-95.33727200036095, 29.72756399968451], [-95.3374099995549, 29.728124000312643], [-95.33745399993585, 29.728303999627894], [-95.33748400007306, 29.728427000235396], [-95.33752300043113, 29.72858499989397]]]}, "properties": {"geoid": "48201311900", "name": "Census Tract 3119", "population": "1629.0", "median_hh_income": "60238.0", "poverty_rate": "0.16881522406384286", "nearest_dollar_store_mi": "1.17", "gap_score": "589.1"}}, {"type": "Feature", "geometry": {"type": "Polygon", "coordinates": [[[-95.35653099970351, 29.709743999703218], [-95.35634300028084, 29.71022799971545], [-95.35613200039364, 29.710755000086873], [-95.35587399975246, 29.71140100026714], [-95.35550399985661, 29.712325000039964], [-95.35518800038744, 29.713059000233176], [-95.35490499963191, 29.713825999762143], [-95.35459900020848, 29.71457600007712], [-95.3544390003749, 29.715018999756236], [-95.35429399971163, 29.715322999655367], [-95.3540240002732, 29.71599999979285], [-95.35384500017305, 29.71647700032641], [-95.35368799981423, 29.716848000301198], [-95.35352600033082, 29.717250999960907], [-95.35349100017073, 29.717340000260016], [-95.35342800042154, 29.717506000063594], [-95.3533480000556, 29.717721999744814], [-95.3531150004271, 29.718288000135956], [-95.35290100016684, 29.718828000111692], [-95.35276300007459, 29.7191800000632], [-95.35273799996024, 29.71924599967293], [-95.35262400015742, 29.719502999701742], [-95.35255899986008, 29.719643999850845], [-95.35122300021672, 29.719226000386794], [-95.35081899998566, 29.71911099992843], [-95.34842600035819, 29.718383999910554], [-95.34700299977786, 29.717955999720065], [-95.34636699974324, 29.717761999692545], [-95.34586999962576, 29.717615999923204], [-95.34462299967088, 29.7172390001512], [-95.34306600009457, 29.71676799966135], [-95.34218099963957, 29.71650600027916], [-95.3415830001381, 29.71632700027535], [-95.34116600038656, 29.71619699989378], [-95.34018100037248, 29.715892000108163], [-95.33998899985353, 29.715862999977976], [-95.33999700024945, 29.716091000022185], [-95.33999100040168, 29.716331999656507], [-95.33994899967057, 29.71657700023587], [-95.33987400022582, 29.716856000205688], [-95.33969599995059, 29.71736899996351], [-95.33903399997668, 29.718992999633162], [-95.3386630002559, 29.71990400009885], [-95.3383810002236, 29.720621000134685], [-95.33831199972833, 29.720789000260844], [-95.33815799974253, 29.7211120001824], [-95.33792299956589, 29.72173000016637], [-95.33759399967792, 29.72250299973414], [-95.33710900015434, 29.72377800038501], [-95.33743800004231, 29.725072000023356], [-95.33772900029545, 29.725586000009564], [-95.33780499956511, 29.725648999800963], [-95.3380280000462, 29.725704999668963], [-95.33830599988053, 29.725778999641676], [-95.33864599963916, 29.725821999779985], [-95.33902999977872, 29.72585900012008], [-95.33951199982758, 29.725996000332817], [-95.3397040003465, 29.72603299982863], [-95.34075100028488, 29.72628299979636], [-95.34174999964436, 29.726574000344222], [-95.34185099992669, 29.72660399980585], [-95.34286299970495, 29.72693799986289], [-95.34396200042019, 29.727274999825955], [-95.3436259999612, 29.72812000002948], [-95.34333999973093, 29.728801999977282], [-95.34305900042186, 29.729469999947888], [-95.34277800021447, 29.730143999675345], [-95.34249399963402, 29.7308190003792], [-95.34236300011277, 29.73110299996517], [-95.34230500038643, 29.73124400019711], [-95.3422319996932, 29.73142200007961], [-95.3421680001191, 29.731577999629273], [-95.34212600028631, 29.731680000163795], [-95.34206699983676, 29.731822999652557], [-95.34189899960727, 29.731693999877244], [-95.34133500044098, 29.731231999720347], [-95.34048599997101, 29.73053199984905], [-95.33864399998933, 29.72929099966331], [-95.33845400001854, 29.72917100029602], [-95.33819999957532, 29.72901099987632], [-95.33799500043423, 29.728882000385703], [-95.33752300043113, 29.72858499989397], [-95.33748400007306, 29.728427000235396], [-95.33745399993585, 29.728303999627894], [-95.3374099995549, 29.728124000312643], [-95.33727200036095, 29.72756399968451], [-95.3372179999343, 29.727328000110685], [-95.33716500023083, 29.72715100006607], [-95.3369230003815, 29.726388999825545], [-95.33671999999191, 29.72578600030041], [-95.33413099964753, 29.71797200013191], [-95.33366100019256, 29.716669000127037], [-95.33331800006088, 29.715680000389096], [-95.3329599998606, 29.71451300035672], [-95.3329170002029, 29.714372000021914], [-95.33313300011297, 29.71415499994414], [-95.33332700028173, 29.713792999741326], [-95.33341099994732, 29.713635999635493], [-95.33349899981086, 29.713570999673824], [-95.33388299995042, 29.713289000061156], [-95.33402500024064, 29.713246000014575], [-95.33411599957891, 29.71321800011956], [-95.33477400025318, 29.713222999655564], [-95.33492800023896, 29.713269000368392], [-95.33600699996438, 29.713864000056418], [-95.33683399979472, 29.71426400014614], [-95.33776199990743, 29.71479899968616], [-95.33819899975042, 29.714898999706847], [-95.33847699958477, 29.71484300005085], [-95.33871900033242, 29.71464800004354], [-95.33893299969435, 29.71426000009067], [-95.33902499975585, 29.714093000170145], [-95.33912900041123, 29.71390399998108], [-95.33921899992461, 29.713592000302217], [-95.33924900006184, 29.712841000215167], [-95.33933600010049, 29.7122719996344], [-95.33956600025424, 29.711812999706602], [-95.3398879995712, 29.711444999780372], [-95.34005300032595, 29.711355999716524], [-95.34009699980858, 29.71133299970469], [-95.34028599995446, 29.711312999622365], [-95.34068199978958, 29.711408999825395], [-95.34127299961838, 29.711735999657623], [-95.34150899961993, 29.71179900034042], [-95.34174499962148, 29.711860999970664], [-95.34205900033916, 29.712085999829842], [-95.3438860002522, 29.71250899972929], [-95.34445799981441, 29.712545000070083], [-95.34485700002259, 29.712463999675286], [-95.34515099975046, 29.712336000208985], [-95.34642299981974, 29.711451999878452], [-95.34668599958546, 29.711270000289957], [-95.3469340001809, 29.71114399978137], [-95.34865399996382, 29.710800000126603], [-95.35001899991951, 29.710428999647455], [-95.35014299976808, 29.710388999898804], [-95.35052000023494, 29.71027000002559], [-95.35174700009836, 29.709756999882373], [-95.35300800029697, 29.709449000047435], [-95.3536369997606, 29.709371999746022], [-95.35457800029207, 29.709341999815262], [-95.35535300024388, 29.709404000182456], [-95.3560799996168, 29.709523999777574], [-95.35654599977212, 29.709704999935983], [-95.35653099970351, 29.709743999703218]]]}, "properties": {"geoid": "48201312000", "name": "Census Tract 3120", "population": "2970.0", "median_hh_income": "85536.0", "poverty_rate": "0.1270062805303559", "nearest_dollar_store_mi": "1.43", "gap_score": "0.0"}}, {"type": "Feature", "geometry": {"type": "Polygon", "coordinates": [[[-95.32104799963001, 29.677897999749913], [-95.32054499966476, 29.67802399981289], [-95.31950899959705, 29.67825199989712], [-95.31896899982188, 29.67837100023547], [-95.3181810003496, 29.678549999980717], [-95.31738499958307, 29.67872900018774], [-95.3167729998379, 29.678872000167747], [-95.31658700006504, 29.678922999904024], [-95.3157750003033, 29.67909299987863], [-95.31503600033653, 29.67927700034443], [-95.31487200030499, 29.679302000224826], [-95.31423999956999, 29.679452999931936], [-95.31399100004798, 29.679507000258003], [-95.31344700007485, 29.679639000065784], [-95.31310599959298, 29.679717000296453], [-95.31267200012303, 29.679814999800012], [-95.31226700006708, 29.679898000308338], [-95.31187500042992, 29.679993000326434], [-95.31108700005933, 29.680169000221408], [-95.31030999955938, 29.68035400004487], [-95.30976099956338, 29.680470000161293], [-95.30952799993487, 29.680523000176667], [-95.30935399985762, 29.680563000110897], [-95.30873500043973, 29.680711000197306], [-95.30836899984351, 29.680796000269765], [-95.30794299987116, 29.680888999917727], [-95.3074170003397, 29.680999999838157], [-95.30716600026953, 29.6810630002869], [-95.30637899972385, 29.68122800019725], [-95.30608800036902, 29.68130299992505], [-95.30557199998498, 29.681417999971384], [-95.30410400009714, 29.68142100001835], [-95.30318400038037, 29.68143499971596], [-95.30151399992783, 29.681430000158688], [-95.30141400036874, 29.681427000111974], [-95.298687999757, 29.681437999762423], [-95.29421799997122, 29.681440999808792], [-95.2939009997788, 29.681450999702527], [-95.29344600039245, 29.680753000361474], [-95.29326399991928, 29.680483999991402], [-95.29289900004628, 29.680038999867534], [-95.29224999959285, 29.67916999997458], [-95.29204000042888, 29.678840000151652], [-95.29175400019861, 29.678473000190454], [-95.29111099959299, 29.677566000066605], [-95.29101900042978, 29.677434999673697], [-95.29056499997002, 29.67675699970839], [-95.29000599992828, 29.675962000324937], [-95.28989600032344, 29.675797000357324], [-95.28950499961286, 29.675270999835845], [-95.28938999998513, 29.67500999974272], [-95.28933200025882, 29.67485900038724], [-95.2890910002344, 29.67440500035458], [-95.28908399966339, 29.674090000270702], [-95.28908200001356, 29.6740239998679], [-95.28908000036374, 29.67393699987389], [-95.2890779998156, 29.673863999775996], [-95.28906199992207, 29.67317699982955], [-95.28926000028879, 29.67324999964565], [-95.28960900026826, 29.673343999865402], [-95.29004799976107, 29.673462999768546], [-95.29013099960176, 29.673485000030304], [-95.29020799959466, 29.673504999838443], [-95.2902670000442, 29.67351999969188], [-95.2903249997705, 29.673535000323646], [-95.29044699996925, 29.673565999852972], [-95.29054400005363, 29.673591000372873], [-95.2910140004069, 29.67368699993869], [-95.29174300032797, 29.67376199982839], [-95.2928720002821, 29.673757999721253], [-95.293822999961, 29.673729999747007], [-95.29457199997354, 29.67365200033523], [-95.29558899977468, 29.673497000383968], [-95.29785199970583, 29.67313899975458], [-95.29799099962301, 29.673117000197596], [-95.29978099972611, 29.672820000243494], [-95.30005199988778, 29.67275600025146], [-95.30054300015746, 29.672600999699632], [-95.30133900002566, 29.672232999754016], [-95.30192900002955, 29.671785000242316], [-95.30219699981815, 29.671546000372892], [-95.30300399955699, 29.670860000061793], [-95.30387700031642, 29.670241000209266], [-95.30472599988805, 29.669742999816915], [-95.30500999957019, 29.66957600004547], [-95.30545499980911, 29.66932000016121], [-95.30596199997231, 29.669055999817658], [-95.30613900042265, 29.668960999613205], [-95.30667499999987, 29.668681000213923], [-95.307078000406, 29.66858800020198], [-95.30732500027818, 29.668511999691923], [-95.30873200006667, 29.668107999755044], [-95.30957300014072, 29.66792900015496], [-95.30975999973846, 29.6678899997681], [-95.30997800019668, 29.667845000023448], [-95.31021900022108, 29.667788999896793], [-95.31045699987247, 29.66772399993375], [-95.31135499984794, 29.66754100007634], [-95.31225399964829, 29.6673270000041], [-95.31325700010404, 29.667108999885517], [-95.31449499983812, 29.666829999914565], [-95.31547700037748, 29.66664600008934], [-95.31683300011234, 29.666435000168185], [-95.3173090003134, 29.66633500030252], [-95.31796999956408, 29.666178000187944], [-95.31870100003329, 29.668680000331754], [-95.31954200010732, 29.671415999797183], [-95.31998399997319, 29.672890000017304], [-95.3214550002341, 29.677798000355605], [-95.32104799963001, 29.677897999749913]]]}, "properties": {"geoid": "48201332600", "name": "Census Tract 3326", "population": "6387.0", "median_hh_income": "45870.0", "poverty_rate": "0.202638866264864", "nearest_dollar_store_mi": "1.84", "gap_score": "4708.7"}}, {"type": "Feature", "geometry": {"type": "Polygon", "coordinates": [[[-95.308973999916, 29.70633199995225], [-95.306890000085, 29.707399000295975], [-95.30597899969077, 29.70792100011046], [-95.30543399989273, 29.7082339997352], [-95.30532900031075, 29.708292999981413], [-95.3052149996096, 29.708355000216056], [-95.30509999998188, 29.708425000208468], [-95.30499399967668, 29.708353999948336], [-95.30431900018229, 29.707904000165215], [-95.30228999970457, 29.70655000005769], [-95.30202799976374, 29.7063680001669], [-95.30155400011081, 29.70603900021752], [-95.30113099961319, 29.70576400023207], [-95.2991940000953, 29.70450599992134], [-95.29779200032968, 29.703628999966295], [-95.29751299977211, 29.70345499965563], [-95.29560700021635, 29.70222600024939], [-95.29545300023055, 29.702126000092], [-95.29531799961303, 29.702039000232975], [-95.2935910001574, 29.700925000239344], [-95.29302399971975, 29.70056699976015], [-95.29152999989263, 29.69962700004851], [-95.29130300011191, 29.699474999863334], [-95.29118299956299, 29.699386999692074], [-95.2901189999062, 29.698604999891153], [-95.2895499998187, 29.698142000003706], [-95.28910299992997, 29.697739000120837], [-95.28896800021074, 29.697633000272294], [-95.28873200020921, 29.697448999857382], [-95.28875499977542, 29.697442999939966], [-95.28891299995915, 29.69740800002433], [-95.28931299999225, 29.69730100022901], [-95.28996900011836, 29.697126000281703], [-95.29025799982335, 29.697048999896218], [-95.29103799979804, 29.696810000005982], [-95.29154199958819, 29.69669000004585], [-95.29180000022936, 29.696611000117382], [-95.29196099988786, 29.696559999992285], [-95.29221500033107, 29.696478000364227], [-95.29243000041622, 29.696407999848407], [-95.29264899980103, 29.69633800006419], [-95.29282899972608, 29.696272000222997], [-95.29378500032617, 29.695920999948743], [-95.2946890001494, 29.695646000353328], [-95.29529199967376, 29.695551999918862], [-95.29538999958304, 29.695539000242032], [-95.29610299961057, 29.69552900018937], [-95.29672699994966, 29.695529999804517], [-95.29761900007732, 29.695602000160935], [-95.2978579995536, 29.69562800027696], [-95.2980469996995, 29.69564800036158], [-95.29845000010563, 29.695691000140016], [-95.29983799962753, 29.695820999757334], [-95.3003840001488, 29.69587200025752], [-95.30051700021819, 29.696188000362355], [-95.30053999978442, 29.69623000030143], [-95.30060799955646, 29.696433999755865], [-95.3007299997552, 29.696701000366787], [-95.3008700003956, 29.69696699988694], [-95.30150200023228, 29.698378999892483], [-95.30163399957844, 29.698629000061405], [-95.30174800027957, 29.69881200029319], [-95.3021519996123, 29.699463000270143], [-95.30279500021796, 29.700438000388562], [-95.30351900011614, 29.701533000187133], [-95.30435599999221, 29.702747000098796], [-95.30521899980756, 29.703581999983857], [-95.30633699989106, 29.704461000182107], [-95.30683599965833, 29.70483500021122], [-95.30756799995243, 29.705402000206885], [-95.30815100028362, 29.705826999980328], [-95.30839399995786, 29.70601000036236], [-95.3085150003317, 29.706082999739568], [-95.308973999916, 29.70633199995225]]]}, "properties": {"geoid": "48201311702", "name": "Census Tract 3117.02", "population": "1917.0", "median_hh_income": "32614.0", "poverty_rate": "0.4225352112676056", "nearest_dollar_store_mi": "1.2", "gap_score": "1088.9"}}, {"type": "Feature", "geometry": {"type": "Polygon", "coordinates": [[[-95.36126400015334, 29.706580000042297], [-95.35813500003378, 29.705645000339736], [-95.35780299977277, 29.706512999622163], [-95.35763700009143, 29.70695099991779], [-95.35747200023496, 29.707354999790002], [-95.35706899982885, 29.70837099981734], [-95.35679400036756, 29.709066000031772], [-95.3565790002824, 29.709618999875566], [-95.35654599977212, 29.709704999935983], [-95.3560799996168, 29.709523999777574], [-95.35535300024388, 29.709404000182456], [-95.35457800029207, 29.709341999815262], [-95.3536369997606, 29.709371999746022], [-95.35300800029697, 29.709449000047435], [-95.35174700009836, 29.709756999882373], [-95.35052000023494, 29.71027000002559], [-95.35014299976808, 29.710388999898804], [-95.35001899991951, 29.710428999647455], [-95.34865399996382, 29.710800000126603], [-95.3469340001809, 29.71114399978137], [-95.34668599958546, 29.711270000289957], [-95.34642299981974, 29.711451999878452], [-95.34515099975046, 29.712336000208985], [-95.34485700002259, 29.712463999675286], [-95.34445799981441, 29.712545000070083], [-95.3438860002522, 29.71250899972929], [-95.34205900033916, 29.712085999829842], [-95.34174499962148, 29.711860999970664], [-95.34150899961993, 29.71179900034042], [-95.34152700006159, 29.71168200026697], [-95.34156700024455, 29.711431000362932], [-95.34162699962071, 29.711075999825148], [-95.34171200000951, 29.71061399993576], [-95.34181099974371, 29.71026800030849], [-95.34191500039911, 29.710015000268342], [-95.34208899957807, 29.70959300026012], [-95.3421680001191, 29.709407000174057], [-95.342681999955, 29.708125000008945], [-95.3428450001616, 29.70774599993989], [-95.34334999977668, 29.706507999752063], [-95.34348500039421, 29.70620000009498], [-95.34357300025775, 29.70598699990632], [-95.3439149996662, 29.705128999857177], [-95.34427100021666, 29.704296999713332], [-95.34445899963933, 29.703826999684146], [-95.34455700044693, 29.703558999752005], [-95.34458900023398, 29.703467999868586], [-95.34492599961956, 29.702646000135505], [-95.34519000010852, 29.702013999766237], [-95.34527700014715, 29.701794000072585], [-95.34542699993499, 29.701435000013127], [-95.34547999963843, 29.70131199988235], [-95.34567299998227, 29.7008669999083], [-95.34834400034242, 29.701703999704378], [-95.34854600000878, 29.701767999991862], [-95.34932500015857, 29.70200600023984], [-95.3500819996687, 29.702231999881118], [-95.3502580002941, 29.70229200008029], [-95.35084099972698, 29.70244899997658], [-95.35160499980815, 29.702692000231828], [-95.35197999972685, 29.70280300025873], [-95.35219900000997, 29.702863999658902], [-95.35236700023947, 29.702914999704625], [-95.35240300022447, 29.702926999665728], [-95.35289699996889, 29.702829000071535], [-95.3532989996518, 29.702767999869803], [-95.3540250000981, 29.70266699992762], [-95.35414800012177, 29.702656000259996], [-95.35460099985829, 29.702632000271617], [-95.35475999986696, 29.702624000014136], [-95.35491700022578, 29.702615999755984], [-95.35521299960348, 29.7026000000181], [-95.3573190000741, 29.702488999766793], [-95.35808399998017, 29.702447999650033], [-95.35852699967096, 29.70242499993871], [-95.35941600032389, 29.702374999971525], [-95.36029900023074, 29.702337000011045], [-95.36129900031342, 29.702266999676517], [-95.3613450003442, 29.7029360002208], [-95.3613739997582, 29.703630000281123], [-95.3613670000855, 29.70397999983719], [-95.3613240004278, 29.704198999895407], [-95.36125099973454, 29.70446199970836], [-95.3611489996273, 29.704732000179387], [-95.3608530002496, 29.705489000273868], [-95.36161300013279, 29.705722999891687], [-95.36126400015334, 29.706580000042297]]]}, "properties": {"geoid": "48201313201", "name": "Census Tract 3132.01", "population": "1632.0", "median_hh_income": "47698.0", "poverty_rate": "0.27818627450980393", "nearest_dollar_store_mi": "2.25", "gap_score": "1567.2"}}, {"type": "Feature", "geometry": {"type": "Polygon", "coordinates": [[[-95.35223699964482, 29.72045000006573], [-95.35212700003996, 29.720758999841003], [-95.35193000039646, 29.721241000300196], [-95.35179499977893, 29.721560999918868], [-95.35165800040991, 29.72191499991252], [-95.3514120003626, 29.722531000159783], [-95.35093500033662, 29.723728000129288], [-95.35051699986188, 29.72479499969641], [-95.35008599986666, 29.72583099984284], [-95.34993799972865, 29.72620800010552], [-95.34986599975863, 29.72642100029807], [-95.34981300005518, 29.726655000274178], [-95.34975899962852, 29.726971000242564], [-95.34976299982648, 29.72717899997492], [-95.34978000044323, 29.727321000339646], [-95.34980999968214, 29.727451000354495], [-95.3498919996979, 29.727844000389254], [-95.34973199986433, 29.727786000006557], [-95.34955199993927, 29.727767000156312], [-95.34934699989986, 29.72775900034148], [-95.34889099979027, 29.727769000304967], [-95.34848599973432, 29.72781000022274], [-95.3480899998992, 29.727866999738172], [-95.34762700011694, 29.727961000346426], [-95.34725700022108, 29.72800400032971], [-95.34686700023374, 29.72803099992888], [-95.34643600023853, 29.727993000317607], [-95.34616900027484, 29.727954999911848], [-95.34594900016681, 29.727903000031308], [-95.34587399982372, 29.727886000349603], [-95.34580699987657, 29.727866999738172], [-95.34473999984674, 29.727523999742925], [-95.34396200042019, 29.727274999825955], [-95.34286299970495, 29.72693799986289], [-95.34185099992669, 29.72660399980585], [-95.34174999964436, 29.726574000344222], [-95.34075100028488, 29.72628299979636], [-95.3397040003465, 29.72603299982863], [-95.33951199982758, 29.725996000332817], [-95.33902999977872, 29.72585900012008], [-95.33864599963916, 29.725821999779985], [-95.33830599988053, 29.725778999641676], [-95.3380280000462, 29.725704999668963], [-95.33780499956511, 29.725648999800963], [-95.33772900029545, 29.725586000009564], [-95.33743800004231, 29.725072000023356], [-95.33710900015434, 29.72377800038501], [-95.33759399967792, 29.72250299973414], [-95.33792299956589, 29.72173000016637], [-95.33815799974253, 29.7211120001824], [-95.33831199972833, 29.720789000260844], [-95.3383810002236, 29.720621000134685], [-95.3386630002559, 29.71990400009885], [-95.33903399997668, 29.718992999633162], [-95.33969599995059, 29.71736899996351], [-95.33987400022582, 29.716856000205688], [-95.33994899967057, 29.71657700023587], [-95.33999100040168, 29.716331999656507], [-95.33999700024945, 29.716091000022185], [-95.33998899985353, 29.715862999977976], [-95.34018100037248, 29.715892000108163], [-95.34116600038656, 29.71619699989378], [-95.3415830001381, 29.71632700027535], [-95.34218099963957, 29.71650600027916], [-95.34306600009457, 29.71676799966135], [-95.34462299967088, 29.7172390001512], [-95.34586999962576, 29.717615999923204], [-95.34636699974324, 29.717761999692545], [-95.34700299977786, 29.717955999720065], [-95.34842600035819, 29.718383999910554], [-95.35081899998566, 29.71911099992843], [-95.35122300021672, 29.719226000386794], [-95.35255899986008, 29.719643999850845], [-95.35223699964482, 29.72045000006573]]]}, "properties": {"geoid": "48201980400", "name": "Census Tract 9804", "population": "4285.0", "median_hh_income": "", "poverty_rate": "0.0", "nearest_dollar_store_mi": "1.18", "gap_score": "0.0"}}, {"type": "Feature", "geometry": {"type": "Polygon", "coordinates": [[[-95.3408659999126, 29.621215000069803], [-95.34069199983531, 29.62213399997129], [-95.34038899988663, 29.623044000185683], [-95.33959700021637, 29.62515999999805], [-95.33945699957599, 29.62585300006248], [-95.33935500036704, 29.6265109996638], [-95.33932900042777, 29.6268230002063], [-95.33932500022982, 29.627373000196236], [-95.33932000020694, 29.628176000005727], [-95.33933000025269, 29.62952200003825], [-95.33934799979603, 29.63043499990329], [-95.3393589996667, 29.63107800009944], [-95.33935500036704, 29.631559999637492], [-95.339351999994, 29.632333999623643], [-95.33936000038992, 29.633119000157492], [-95.33936799988751, 29.633403000270942], [-95.33936299986466, 29.63388599984284], [-95.33935299981891, 29.63411400000964], [-95.33935500036704, 29.63427199961702], [-95.33936100021484, 29.634638999972353], [-95.3393660002377, 29.635060999966186], [-95.33936799988751, 29.635178000210175], [-95.3393729999104, 29.635563000287217], [-95.33938999962884, 29.636958999721905], [-95.33773199977018, 29.63713700034175], [-95.33759700005096, 29.637153000346938], [-95.33684899986335, 29.63723600013796], [-95.33649900005898, 29.6372560001244], [-95.33596500013158, 29.637313000259216], [-95.33553300031146, 29.6373450002112], [-95.33507899985169, 29.63737599995973], [-95.3348040003904, 29.63739899971661], [-95.33421600003635, 29.637459000347764], [-95.3337830003913, 29.637476999905473], [-95.33353399997095, 29.637499999639353], [-95.3332610001595, 29.637527000134924], [-95.33260400020845, 29.637569999781455], [-95.33193999968641, 29.637590999892666], [-95.33132899976614, 29.637590999892666], [-95.33117599960526, 29.637585999717857], [-95.32995799996266, 29.637576000148247], [-95.32860999972542, 29.637564000194992], [-95.3279960003304, 29.637552000240312], [-95.327715000123, 29.637552999650985], [-95.32754900044166, 29.637552999650985], [-95.32686900002611, 29.637543000078157], [-95.32567800014768, 29.637536000298503], [-95.32399199980163, 29.63752300014871], [-95.32399599999958, 29.637922000137735], [-95.32398599995383, 29.638820000038233], [-95.32132999966231, 29.63884600000125], [-95.31960999987938, 29.638870000381587], [-95.31958399994011, 29.638870000381587], [-95.31951699999296, 29.638870999779193], [-95.31723700034337, 29.638905000372947], [-95.31645300017074, 29.63891599998854], [-95.31479000028922, 29.638944000282113], [-95.31210100038572, 29.638989999855184], [-95.31163699988024, 29.63899799971091], [-95.31010100022033, 29.639036000188103], [-95.30979499989856, 29.639046999789333], [-95.30942400017778, 29.637890999776413], [-95.30890199994597, 29.636259999876703], [-95.3087410002875, 29.635756000268834], [-95.30835600032303, 29.63455200027925], [-95.30818300007067, 29.634009999915403], [-95.30687900021434, 29.62955400012299], [-95.30599700013244, 29.626272000033797], [-95.30589800039822, 29.625902999815132], [-95.30560299994711, 29.624901000193866], [-95.3053970000828, 29.62421600007755], [-95.30498100015619, 29.622801000350837], [-95.30452099984866, 29.621344999892663], [-95.30436900041101, 29.620851999874763], [-95.30466399996378, 29.62085799967567], [-95.30578500042033, 29.62085799967567], [-95.30693000026798, 29.620862999899906], [-95.30803999995554, 29.6208689997001], [-95.30917300010763, 29.620871999990587], [-95.31065799971392, 29.620877000214122], [-95.3118660002091, 29.62088300001348], [-95.31216599978474, 29.62088300001348], [-95.31440199995171, 29.620892999678354], [-95.31774500033148, 29.62089999983359], [-95.31884900017127, 29.6209100002777], [-95.31962199957495, 29.620916999650827], [-95.32344000033089, 29.620921999872202], [-95.32390499976297, 29.620921000296445], [-95.32508099957279, 29.62093000038196], [-95.32541600020686, 29.620934999821696], [-95.32672300043622, 29.620940999617655], [-95.32722499967825, 29.620936999753752], [-95.32748800034229, 29.62094399990594], [-95.33062699960925, 29.620934999821696], [-95.33065199972361, 29.620934999821696], [-95.33067299964002, 29.620934999821696], [-95.33156499976768, 29.62094199997407], [-95.33214600044904, 29.62094399990594], [-95.33293399992134, 29.62094799976956], [-95.33546299999125, 29.620960999715745], [-95.33751300038539, 29.620967999866277], [-95.33770199963294, 29.620969000222413], [-95.33867900014945, 29.62097899987875], [-95.33962399998056, 29.62098999989003], [-95.33993399960195, 29.62099100024596], [-95.34090699992049, 29.621000999900044], [-95.3408659999126, 29.621215000069803]]]}, "properties": {"geoid": "48201331602", "name": "Census Tract 3316.02", "population": "3337.0", "median_hh_income": "67520.0", "poverty_rate": "0.146838477674558", "nearest_dollar_store_mi": "3.25", "gap_score": "1910.4"}}, {"type": "Feature", "geometry": {"type": "Polygon", "coordinates": [[[-95.31175999990388, 29.646074999614633], [-95.31103299963264, 29.64643900036466], [-95.31098900015003, 29.6464789998006], [-95.31022300041906, 29.646827999942992], [-95.31014499970294, 29.646829000042334], [-95.30963300041518, 29.647005000194806], [-95.30947400040652, 29.64705500037722], [-95.30947000020855, 29.64715200037911], [-95.30942099980476, 29.64721600026481], [-95.30930000032924, 29.64729499997003], [-95.30529099977758, 29.64923699963454], [-95.30473199973585, 29.649517000060797], [-95.29686099984396, 29.653418000106363], [-95.29190300016153, 29.6558700001837], [-95.29154800033429, 29.65605600021713], [-95.29137000005905, 29.656181000315065], [-95.29127999964737, 29.656254999981375], [-95.29108899985167, 29.656408999956362], [-95.29086200007093, 29.65653100038772], [-95.28998400018698, 29.65697399992964], [-95.28897900008141, 29.657426999803953], [-95.28874999975254, 29.657525999944404], [-95.28873499968392, 29.65685900003333], [-95.28872800001125, 29.656219999776727], [-95.28872499963819, 29.655884000315673], [-95.28871600031566, 29.654933000192667], [-95.28866400043714, 29.652987000201485], [-95.28864400034566, 29.651548999869323], [-95.28862500007908, 29.650148000190132], [-95.28859699959166, 29.648129999852713], [-95.2885780002234, 29.646982000289977], [-95.28855300010905, 29.646106999904955], [-95.28854700026127, 29.644100000364723], [-95.2884929998346, 29.64229500033012], [-95.28849600020763, 29.64194299964509], [-95.28851700012405, 29.64176700001224], [-95.28855300010905, 29.641478000080905], [-95.28860300033776, 29.641004000077924], [-95.28873899988189, 29.640049000019136], [-95.28881699969969, 29.639579000220976], [-95.28883799961609, 29.639276000158176], [-95.28883299959321, 29.63902099987818], [-95.28880599982904, 29.638696999821764], [-95.2887530001256, 29.638161000235037], [-95.28865100001835, 29.637719000066884], [-95.28855999978175, 29.637378999758575], [-95.2882540003583, 29.636694000163907], [-95.28810700004523, 29.636449000055386], [-95.28664400018023, 29.634324999765838], [-95.28569099995319, 29.63427400006512], [-95.28513100008655, 29.634282999738588], [-95.28287400000319, 29.634338000328455], [-95.28189300018704, 29.63434100021778], [-95.27997199966437, 29.634376999663758], [-95.27855099963217, 29.634393000107444], [-95.2777849999012, 29.634402999993036], [-95.27701199959921, 29.634415999764798], [-95.27690100016946, 29.634418000210033], [-95.27587199977442, 29.634446999634136], [-95.27588500019321, 29.635026000200455], [-95.27588900039117, 29.635183999938786], [-95.27591500033046, 29.635280999665145], [-95.27595399979019, 29.635424999931924], [-95.27501900000482, 29.635449999778366], [-95.27463200039051, 29.635460999771258], [-95.27285399998296, 29.635493999742764], [-95.27243899988125, 29.635593000373337], [-95.27197799974881, 29.635690999915802], [-95.27154299955562, 29.63569900003359], [-95.27122500043663, 29.63562799994204], [-95.26891800012454, 29.635114999915498], [-95.2686889997957, 29.63500299990162], [-95.26825699997555, 29.634647999613215], [-95.2669770004087, 29.633595999706827], [-95.26689000037004, 29.63352499969437], [-95.26666600006406, 29.633349000184573], [-95.26666000021629, 29.632433000236954], [-95.26682000004985, 29.632430000290796], [-95.26683199974542, 29.63187299962686], [-95.26682599989765, 29.63097100000412], [-95.26681900022494, 29.630075999630694], [-95.26680400015633, 29.629171999765475], [-95.26677900004196, 29.62866499977058], [-95.26677900004196, 29.628561000297175], [-95.26677900004196, 29.628260999953227], [-95.26676200032354, 29.628032999812763], [-95.26663400027701, 29.62783000011311], [-95.26670700007195, 29.62735299980906], [-95.26673399983612, 29.62643699999908], [-95.27122100023868, 29.62623900016454], [-95.27572899965928, 29.626091000381123], [-95.27843500017953, 29.625940999766772], [-95.27905699997046, 29.62585600020451], [-95.27941099997278, 29.625783999894516], [-95.28039099996401, 29.625565000066942], [-95.28045000041357, 29.62556100038652], [-95.28080699989063, 29.625541999950453], [-95.28093400011223, 29.625535000117633], [-95.28101399957986, 29.62553099965519], [-95.28157599999464, 29.62552199998069], [-95.2828410003912, 29.6255000001655], [-95.28513199991144, 29.6254600002054], [-95.28546599982229, 29.625448999901195], [-95.2854230001646, 29.623916000070764], [-95.28536299989013, 29.622182000100395], [-95.2853460001717, 29.62143999974727], [-95.28535100019457, 29.621147000203806], [-95.28534100014882, 29.62078399976381], [-95.28562300018112, 29.620779000316595], [-95.28930799996937, 29.620798999665908], [-95.29021699981548, 29.620801000381555], [-95.29059400028234, 29.62080399989307], [-95.29128999969312, 29.62081400034671], [-95.29139599999833, 29.620807999762302], [-95.29170700034295, 29.620805000250847], [-95.29311599978126, 29.620811999631318], [-95.29322799993426, 29.620811999631318], [-95.29435500023857, 29.620811000054555], [-95.29820900008121, 29.620822999660824], [-95.29891899973568, 29.620825999952633], [-95.30045100009595, 29.62084299978235], [-95.30169899987577, 29.620848000007324], [-95.3041860001129, 29.620848000007324], [-95.30436900041101, 29.620851999874763], [-95.30452099984866, 29.621344999892663], [-95.30498100015619, 29.622801000350837], [-95.3053970000828, 29.62421600007755], [-95.30560299994711, 29.624901000193866], [-95.30589800039822, 29.625902999815132], [-95.30599700013244, 29.626272000033797], [-95.30687900021434, 29.62955400012299], [-95.30818300007067, 29.634009999915403], [-95.30835600032303, 29.63455200027925], [-95.3087410002875, 29.635756000268834], [-95.30890199994597, 29.636259999876703], [-95.30942400017778, 29.637890999776413], [-95.30979499989856, 29.639046999789333], [-95.31027000027473, 29.640526999700185], [-95.31072899985904, 29.64203499993404], [-95.31111499964841, 29.64334599979717], [-95.31131499966496, 29.64402600034979], [-95.31172700029192, 29.64547999987862], [-95.31190100036919, 29.645990999975318], [-95.31175999990388, 29.646074999614633]]]}, "properties": {"geoid": "48201333700", "name": "Census Tract 3337", "population": "4138.0", "median_hh_income": "64841.0", "poverty_rate": "0.14233929434509424", "nearest_dollar_store_mi": "2.84", "gap_score": "2712.4"}}, {"type": "Feature", "geometry": {"type": "Polygon", "coordinates": [[[-95.31464600034917, 29.655003999941822], [-95.31437500018754, 29.65505500007154], [-95.3137469996505, 29.655175999786046], [-95.31313800027836, 29.65515600023683], [-95.3126269999172, 29.655339999999192], [-95.31222299968616, 29.655790000172686], [-95.31174200036054, 29.65684800003639], [-95.31134800017522, 29.65719600013836], [-95.31050999957593, 29.657380000073797], [-95.3094309998505, 29.657615000066354], [-95.30876999970151, 29.657932000203214], [-95.30785699965745, 29.659353000308055], [-95.30758999969373, 29.660105999654757], [-95.30718100033815, 29.660964999989808], [-95.30508400008836, 29.66280600030415], [-95.30480799990383, 29.662949000289807], [-95.3042699997785, 29.663551000101798], [-95.30307399987721, 29.66436999978894], [-95.3014479998056, 29.665260000151314], [-95.30017999993429, 29.66600700032631], [-95.29838999983116, 29.667192999851107], [-95.29731399958047, 29.668205999645398], [-95.29714899972404, 29.668535000139915], [-95.29725599985417, 29.671224999997477], [-95.29709799967041, 29.67168000019002], [-95.29692899961603, 29.67193100028148], [-95.29637700014528, 29.6722939997596], [-95.2954359996138, 29.672642000286785], [-95.29293000000841, 29.673117000197596], [-95.29246700022614, 29.67292499988597], [-95.29226300001164, 29.67290900010366], [-95.29201100011657, 29.67281699993987], [-95.29178299961261, 29.672772999899657], [-95.29158699979405, 29.67278600017965], [-95.29127899982247, 29.67283500019909], [-95.2910269999274, 29.672945999645197], [-95.29070700026024, 29.673129999652577], [-95.29055400009936, 29.67324899980891], [-95.2903249997705, 29.673535000323646], [-95.2902670000442, 29.67351999969188], [-95.29020799959466, 29.673504999838443], [-95.29013099960176, 29.673485000030304], [-95.29004799976107, 29.673462999768546], [-95.28960900026826, 29.673343999865402], [-95.28926000028879, 29.67324999964565], [-95.28906199992207, 29.67317699982955], [-95.28903900035586, 29.67238499977599], [-95.28902299956401, 29.671719999739647], [-95.28901900026437, 29.671479000007107], [-95.28901500006641, 29.67124299976113], [-95.28899900017288, 29.670304000374724], [-95.28898199955613, 29.669369000308397], [-95.28895800016501, 29.667782999769905], [-95.28895399996705, 29.667572999785346], [-95.28891100030934, 29.665416000222958], [-95.28889600024071, 29.66464799963568], [-95.28889000039294, 29.664229000114986], [-95.28888100017213, 29.66354299985559], [-95.28887399960111, 29.663052000213575], [-95.288846000012, 29.662114000023916], [-95.28883599996627, 29.66162199969991], [-95.28882599992052, 29.661079999876957], [-95.28879900015636, 29.65970900010443], [-95.28879199958534, 29.659379999626314], [-95.28876999984402, 29.658410000057973], [-95.28874999975254, 29.657525999944404], [-95.28897900008141, 29.657426999803953], [-95.28998400018698, 29.65697399992964], [-95.29086200007093, 29.65653100038772], [-95.29108899985167, 29.656408999956362], [-95.29127999964737, 29.656254999981375], [-95.29137000005905, 29.656181000315065], [-95.29154800033429, 29.65605600021713], [-95.29190300016153, 29.6558700001837], [-95.29686099984396, 29.653418000106363], [-95.30473199973585, 29.649517000060797], [-95.30529099977758, 29.64923699963454], [-95.30930000032924, 29.64729499997003], [-95.30942099980476, 29.64721600026481], [-95.30947000020855, 29.64715200037911], [-95.30947400040652, 29.64705500037722], [-95.30963300041518, 29.647005000194806], [-95.31014499970294, 29.646829000042334], [-95.31022300041906, 29.646827999942992], [-95.31098900015003, 29.6464789998006], [-95.31103299963264, 29.64643900036466], [-95.31175999990388, 29.646074999614633], [-95.31190100036919, 29.645990999975318], [-95.31283299978152, 29.64906800002087], [-95.31348700025782, 29.6512800002378], [-95.31377799961264, 29.652231999795752], [-95.31394800039027, 29.652792000380682], [-95.31414599985868, 29.653454999791187], [-95.31432199958577, 29.65408000004958], [-95.31451800030266, 29.654660000151996], [-95.31462299988465, 29.654942000361576], [-95.31464600034917, 29.655003999941822]]]}, "properties": {"geoid": "48201333600", "name": "Census Tract 3336", "population": "3219.0", "median_hh_income": "70868.0", "poverty_rate": "0.06502525252525253", "nearest_dollar_store_mi": "1.74", "gap_score": "726.4"}}, {"type": "Feature", "geometry": {"type": "Polygon", "coordinates": [[[-95.29545300023055, 29.702126000092], [-95.29526800028263, 29.702340999761145], [-95.29483700028742, 29.702873999761763], [-95.29442300001062, 29.70331700035179], [-95.29395299965735, 29.703659000043228], [-95.29337699989718, 29.703839999849027], [-95.29285600038857, 29.70386300001648], [-95.29154800033429, 29.703826999684146], [-95.29109999972232, 29.703881999709886], [-95.2905130000915, 29.704042999924216], [-95.29027100024216, 29.70422099967176], [-95.28998500001188, 29.704463000014844], [-95.28980500008683, 29.70465300033346], [-95.28972499972087, 29.70487100018224], [-95.28988299990465, 29.705629999818765], [-95.29005299978394, 29.70640300008147], [-95.29008399974609, 29.707136000371953], [-95.2900989998147, 29.70787999987042], [-95.2900979999898, 29.707973999691752], [-95.2901130000584, 29.708615000053257], [-95.29013099960176, 29.70936299976775], [-95.28835700029046, 29.709395999684208], [-95.28807000023528, 29.709410000165636], [-95.28613299981906, 29.709428000112947], [-95.28353400032726, 29.70944300006658], [-95.28351000003782, 29.709148000306744], [-95.28085799994426, 29.709210000013474], [-95.2808339996548, 29.70877899971239], [-95.28083000035515, 29.708516000281637], [-95.28080299969267, 29.70806000038081], [-95.28082000030942, 29.707844000197788], [-95.28079500019506, 29.70731200032315], [-95.28080199986775, 29.707138000151435], [-95.28079299964692, 29.706463999635936], [-95.28075800038513, 29.705807999874608], [-95.28073800029365, 29.70508699973754], [-95.2807280002479, 29.704398999884127], [-95.28070700033152, 29.70369400012166], [-95.28070200030865, 29.703023999623724], [-95.28067700019429, 29.70282400001802], [-95.28065200007993, 29.701524999842064], [-95.28045799991116, 29.701491999680066], [-95.28025700006971, 29.701394000246367], [-95.28050099956887, 29.70135700025216], [-95.28075199963902, 29.7012859996768], [-95.28142600020682, 29.701308000091235], [-95.28178500023202, 29.701362999935807], [-95.28204999964757, 29.701533000187133], [-95.28229499986996, 29.70192899969346], [-95.28230200044096, 29.701968000139694], [-95.28247200032027, 29.702390999745248], [-95.28265399989516, 29.702654999935458], [-95.28289300026977, 29.70283700031273], [-95.28313099992113, 29.702989999633015], [-95.28315799968532, 29.7030069996298], [-95.28339100021213, 29.703285000316537], [-95.28343499969473, 29.703336999685938], [-95.28381299998651, 29.703876000176702], [-95.2848890002372, 29.70462900004199], [-95.28546300034758, 29.705063999850317], [-95.28578399983962, 29.705141000334027], [-95.28602300021421, 29.705141000334027], [-95.28630000022366, 29.70509100015839], [-95.2869300004105, 29.704806000008404], [-95.28766699982916, 29.704398999884127], [-95.28829700001602, 29.703976000152316], [-95.28853600039061, 29.70365700019441], [-95.28987200003398, 29.70175999966553], [-95.2899160004149, 29.701535000078163], [-95.2899160004149, 29.701385999890253], [-95.28979000001821, 29.700627000173604], [-95.28984699991963, 29.70040699978295], [-95.28985899961518, 29.700314000249715], [-95.28990100034629, 29.700251999732682], [-95.29000400027846, 29.700099000143258], [-95.29019300042435, 29.699906999869786], [-95.29063399956699, 29.69972599999928], [-95.29086899974364, 29.699515999633057], [-95.29095400013246, 29.699480999659393], [-95.29113800025547, 29.699406000232106], [-95.29118299956299, 29.699386999692074], [-95.29130300011191, 29.699474999863334], [-95.29152999989263, 29.69962700004851], [-95.29302399971975, 29.70056699976015], [-95.2935910001574, 29.700925000239344], [-95.29531799961303, 29.702039000232975], [-95.29545300023055, 29.702126000092]]]}, "properties": {"geoid": "48201311501", "name": "Census Tract 3115.01", "population": "2464.0", "median_hh_income": "61212.0", "poverty_rate": "0.14650974025974026", "nearest_dollar_store_mi": "1.05", "gap_score": "745.6"}}, {"type": "Feature", "geometry": {"type": "Polygon", "coordinates": [[[-95.29019000005131, 29.71219699961628], [-95.28939500000801, 29.71280399975715], [-95.28852999964452, 29.71346399993339], [-95.28834800006965, 29.713609000064608], [-95.28790600020376, 29.71393000004055], [-95.28717100043494, 29.71447999978151], [-95.28610900042794, 29.71448699966803], [-95.28595999956671, 29.714562000316054], [-95.2859370000005, 29.714646999838465], [-95.28590000019057, 29.714786000159908], [-95.28594100019845, 29.71552700011865], [-95.28595100024418, 29.716770000029182], [-95.28435799978456, 29.71675199983777], [-95.28429900023335, 29.716739999968453], [-95.28360499957405, 29.71659999982648], [-95.28272500004027, 29.716228000306113], [-95.28202999955609, 29.715928000015968], [-95.28086100031729, 29.715651000197653], [-95.28071499982912, 29.715650000002565], [-95.28027999963592, 29.715647000197496], [-95.2799819997101, 29.715374999812834], [-95.2782009998278, 29.713815999969757], [-95.27763099991542, 29.713538999785296], [-95.27671700004642, 29.713098999698353], [-95.27578499973578, 29.712758999835366], [-95.27538800007575, 29.712516999979503], [-95.27519899992987, 29.712401000190006], [-95.27449299957503, 29.712061999754457], [-95.27384599966975, 29.711812999706602], [-95.2723219997054, 29.711297999948005], [-95.27161899972361, 29.71103800003611], [-95.27056400028764, 29.71070599982993], [-95.26948200018917, 29.71045199986632], [-95.26863799974207, 29.71026500034256], [-95.26829200013566, 29.71018799988671], [-95.26814599964747, 29.710151000011408], [-95.26788799990462, 29.710087000384767], [-95.26758099975797, 29.71000999979236], [-95.26717700042522, 29.709909000111377], [-95.26734200028169, 29.709724000084552], [-95.26756499986442, 29.70953299974148], [-95.26775300018541, 29.709358000039543], [-95.26785699994248, 29.709280000190045], [-95.2679630002477, 29.709199000282226], [-95.26843799972552, 29.708867999719715], [-95.26881099999443, 29.70864500020121], [-95.2693010004392, 29.708369000062426], [-95.26966600031218, 29.708180000021628], [-95.2702029997143, 29.707908999965813], [-95.27068200028842, 29.7076480003666], [-95.27105899985695, 29.707481999867934], [-95.27143399977568, 29.707281000278766], [-95.27207400000827, 29.706927000175487], [-95.27254900038443, 29.706597000211687], [-95.27276699994432, 29.706444000144277], [-95.2740819996713, 29.7054440001948], [-95.27423099963421, 29.7053299998523], [-95.27442999982583, 29.705187000067845], [-95.27580400000235, 29.704198999895407], [-95.27605000004965, 29.70402199963951], [-95.27772499962674, 29.70279399969173], [-95.27788100016066, 29.702680000242648], [-95.27808399965194, 29.702531000192657], [-95.28019400032052, 29.700984999658637], [-95.28035699962882, 29.700884000264423], [-95.28077500010357, 29.700623999919657], [-95.28054699959964, 29.70108799963155], [-95.28025700006971, 29.701394000246367], [-95.28045799991116, 29.701491999680066], [-95.28065200007993, 29.701524999842064], [-95.28067700019429, 29.70282400001802], [-95.28070200030865, 29.703023999623724], [-95.28070700033152, 29.70369400012166], [-95.2807280002479, 29.704398999884127], [-95.28073800029365, 29.70508699973754], [-95.28075800038513, 29.705807999874608], [-95.28079299964692, 29.706463999635936], [-95.28080199986775, 29.707138000151435], [-95.28079500019506, 29.70731200032315], [-95.28082000030942, 29.707844000197788], [-95.28080299969267, 29.70806000038081], [-95.28083000035515, 29.708516000281637], [-95.2808339996548, 29.70877899971239], [-95.28085799994426, 29.709210000013474], [-95.28351000003782, 29.709148000306744], [-95.28353400032726, 29.70944300006658], [-95.28613299981906, 29.709428000112947], [-95.28807000023528, 29.709410000165636], [-95.28835700029046, 29.709395999684208], [-95.29013099960176, 29.70936299976775], [-95.29013099960176, 29.710133999663462], [-95.29014999986833, 29.71069800021561], [-95.29015999991407, 29.710910000312236], [-95.29017400015776, 29.71167399995023], [-95.29019000005131, 29.71219699961628]]]}, "properties": {"geoid": "48201311502", "name": "Census Tract 3115.02", "population": "2610.0", "median_hh_income": "35455.0", "poverty_rate": "0.40727969348659004", "nearest_dollar_store_mi": "1.14", "gap_score": "1398.8"}}, {"type": "Feature", "geometry": {"type": "Polygon", "coordinates": [[[-95.32666399998666, 29.695466000224744], [-95.32598000027146, 29.69589099990178], [-95.32484600029447, 29.696605000149912], [-95.32421299973456, 29.696994000030564], [-95.32405999957368, 29.69708799989612], [-95.32323399956825, 29.697604999925503], [-95.32307200008485, 29.69770699986914], [-95.32222099996507, 29.698248000095507], [-95.3209990001245, 29.698989999947187], [-95.31816799993081, 29.700777000270044], [-95.31512800039803, 29.702685999847265], [-95.308973999916, 29.70633199995225], [-95.3085150003317, 29.706082999739568], [-95.30839399995786, 29.70601000036236], [-95.30815100028362, 29.705826999980328], [-95.30756799995243, 29.705402000206885], [-95.30683599965833, 29.70483500021122], [-95.30633699989106, 29.704461000182107], [-95.30521899980756, 29.703581999983857], [-95.30435599999221, 29.702747000098796], [-95.30351900011614, 29.701533000187133], [-95.30279500021796, 29.700438000388562], [-95.3021519996123, 29.699463000270143], [-95.30174800027957, 29.69881200029319], [-95.30163399957844, 29.698629000061405], [-95.30150200023228, 29.698378999892483], [-95.3008700003956, 29.69696699988694], [-95.3007299997552, 29.696701000366787], [-95.30060799955646, 29.696433999755865], [-95.30053999978442, 29.69623000030143], [-95.30051700021819, 29.696188000362355], [-95.3003840001488, 29.69587200025752], [-95.30067899970157, 29.69590200031021], [-95.30165899969279, 29.696003000031432], [-95.30207999964229, 29.696059000049424], [-95.3042920004181, 29.696354999626145], [-95.30449900010736, 29.696383000321255], [-95.30538700003704, 29.696502000262274], [-95.3055159999085, 29.696520999787406], [-95.30593299966002, 29.696581000276456], [-95.30673100007635, 29.696682999699092], [-95.30784300031205, 29.696825000283514], [-95.30872500039399, 29.696937999753406], [-95.30964099991279, 29.697054000237195], [-95.30990399967851, 29.697085999916542], [-95.31030299988667, 29.697136000175462], [-95.31077499988979, 29.697169999806636], [-95.31167899971302, 29.697233999861595], [-95.3120579998297, 29.697227000333093], [-95.3121060004086, 29.697225999954487], [-95.3128880000331, 29.69718500003048], [-95.31341899958744, 29.6971130000282], [-95.31401699998723, 29.697001000355645], [-95.31463200010548, 29.696853999669322], [-95.31517799972843, 29.69669699961177], [-95.31577100010534, 29.69650800023595], [-95.31688099979291, 29.696053999658936], [-95.31933500041809, 29.69494599968912], [-95.32250299999738, 29.69350500025189], [-95.32293499981752, 29.69330899975206], [-95.32565700023127, 29.69198900015553], [-95.3257149999576, 29.69196200022757], [-95.3258129998669, 29.692357000358072], [-95.3264980003053, 29.694703999827727], [-95.32666399998666, 29.695466000224744]]]}, "properties": {"geoid": "48201311701", "name": "Census Tract 3117.01", "population": "3554.0", "median_hh_income": "65024.0", "poverty_rate": "0.20327961549335596", "nearest_dollar_store_mi": "1.65", "gap_score": "1411.5"}}, {"type": "Feature", "geometry": {"type": "Polygon", "coordinates": [[[-95.37865899977291, 29.71196099979697], [-95.37814199956398, 29.712078999775972], [-95.37804799985263, 29.712115999720954], [-95.37768899982744, 29.712258000332273], [-95.37468899957932, 29.71344700014646], [-95.37369699989253, 29.71384099983897], [-95.3732990004076, 29.713924000327538], [-95.37280800013791, 29.713942999677723], [-95.3721240004227, 29.713846000124143], [-95.37170199974999, 29.713716999864864], [-95.37146699957336, 29.713587000004395], [-95.37135600014358, 29.713526000095833], [-95.37086300022409, 29.71308700017254], [-95.37084300013261, 29.71306900010097], [-95.37069499999458, 29.712855999658945], [-95.3704210003582, 29.71226100023861], [-95.3703290002967, 29.71183999976042], [-95.37043100040395, 29.71051600004061], [-95.37036699993152, 29.71016400013783], [-95.37019899970204, 29.709841000098944], [-95.36989699957824, 29.709502999858838], [-95.3694000003591, 29.709263999953347], [-95.36894599989935, 29.709274000199102], [-95.3680060000911, 29.709627999830886], [-95.36724299983484, 29.70977300004051], [-95.3639570002548, 29.710127000253745], [-95.36240800017609, 29.710217000095724], [-95.36224300031965, 29.710227000246572], [-95.36070799958634, 29.710003999845043], [-95.35992900033487, 29.71000699981877], [-95.35928499990432, 29.710124000283592], [-95.35842799993677, 29.71046900016042], [-95.3580660004368, 29.71052799987364], [-95.35756599994632, 29.710454999826663], [-95.35754300038009, 29.71045199986632], [-95.35733499996762, 29.710337999747487], [-95.35671300017668, 29.709770000059798], [-95.35654599977212, 29.709704999935983], [-95.3565790002824, 29.709618999875566], [-95.35679400036756, 29.709066000031772], [-95.35706899982885, 29.70837099981734], [-95.35747200023496, 29.707354999790002], [-95.35763700009143, 29.70695099991779], [-95.35780299977277, 29.706512999622163], [-95.35813500003378, 29.705645000339736], [-95.36126400015334, 29.706580000042297], [-95.36161300013279, 29.705722999891687], [-95.3608530002496, 29.705489000273868], [-95.3611489996273, 29.704732000179387], [-95.36125099973454, 29.70446199970836], [-95.3613240004278, 29.704198999895407], [-95.3613670000855, 29.70397999983719], [-95.3613739997582, 29.703630000281123], [-95.3613450003442, 29.7029360002208], [-95.36129900031342, 29.702266999676517], [-95.36221800020529, 29.702214000204535], [-95.36325500009791, 29.702140000026358], [-95.36481800042031, 29.702075999975904], [-95.36535399999754, 29.70205699994092], [-95.36649700019538, 29.701985000309463], [-95.36770800016528, 29.701903999979653], [-95.3679140000296, 29.701893000228466], [-95.36822700002404, 29.701877000375408], [-95.36851800027718, 29.701865000288862], [-95.36884399979209, 29.70183700034146], [-95.36893400020378, 29.701830999905827], [-95.36979299982119, 29.701774999984266], [-95.37066499985737, 29.70173600024334], [-95.37177799991798, 29.70164399993426], [-95.37232600008906, 29.701610000256725], [-95.3729699996213, 29.70160899992183], [-95.37335499958577, 29.70162499981756], [-95.37403199962829, 29.70170500003839], [-95.3741880001622, 29.701703999704378], [-95.37461300030967, 29.701754000005597], [-95.37520900016132, 29.701856999970303], [-95.37513800001621, 29.702249000006205], [-95.37509199998544, 29.70260800027749], [-95.37506900041922, 29.703141999961137], [-95.37513700019129, 29.70384999985464], [-95.37524099994836, 29.70450299978327], [-95.37533399983478, 29.704858000150818], [-95.37541400020073, 29.705211999744787], [-95.37548699999566, 29.70539700028147], [-95.37552999965338, 29.705505999847663], [-95.37564600000432, 29.705850999985447], [-95.37574499973852, 29.706095000102415], [-95.37581199968567, 29.70625799968717], [-95.37601400025035, 29.706654000070085], [-95.37622900033548, 29.707089999970286], [-95.37639599984176, 29.707374000383275], [-95.37649299992616, 29.70753900000427], [-95.3768200001643, 29.7081299997986], [-95.3772210000223, 29.70880599980182], [-95.37741099999309, 29.709162000042497], [-95.37796599983686, 29.71025299969785], [-95.37826200011287, 29.710923999802322], [-95.37855300036601, 29.711642000237244], [-95.37860699989437, 29.711762999732205], [-95.37863399965855, 29.711866000354476], [-95.37865899977291, 29.71196099979697]]]}, "properties": {"geoid": "48201313202", "name": "Census Tract 3132.02", "population": "2629.0", "median_hh_income": "85802.0", "poverty_rate": "0.03302825308396339", "nearest_dollar_store_mi": "2.39", "gap_score": "0.0"}}, {"type": "Feature", "geometry": {"type": "Polygon", "coordinates": [[[-95.38461599971313, 29.70569899985592], [-95.38367199970692, 29.70858199988018], [-95.38318600035844, 29.710105999680795], [-95.38280700024174, 29.71124100038508], [-95.38268800041605, 29.71148700036168], [-95.38259899982927, 29.711612000204507], [-95.38252199983638, 29.711655999625272], [-95.38249400024729, 29.711858000052327], [-95.38227400013926, 29.7125399997201], [-95.38212000015349, 29.713013000204334], [-95.38209099984115, 29.7131040000205], [-95.38157899965508, 29.712985999685756], [-95.38044499967808, 29.71279999964351], [-95.3800599997136, 29.71268199973173], [-95.37939600008988, 29.712106999988645], [-95.37908999976814, 29.71199900001692], [-95.3790169999732, 29.711973000237535], [-95.3787349999409, 29.711943000303698], [-95.37865899977291, 29.71196099979697], [-95.37863399965855, 29.711866000354476], [-95.37860699989437, 29.711762999732205], [-95.37855300036601, 29.711642000237244], [-95.37826200011287, 29.710923999802322], [-95.37796599983686, 29.71025299969785], [-95.37741099999309, 29.709162000042497], [-95.3772210000223, 29.70880599980182], [-95.3768200001643, 29.7081299997986], [-95.37649299992616, 29.70753900000427], [-95.37639599984176, 29.707374000383275], [-95.37622900033548, 29.707089999970286], [-95.37601400025035, 29.706654000070085], [-95.37581199968567, 29.70625799968717], [-95.37574499973852, 29.706095000102415], [-95.37564600000432, 29.705850999985447], [-95.37552999965338, 29.705505999847663], [-95.37548699999566, 29.70539700028147], [-95.37541400020073, 29.705211999744787], [-95.37533399983478, 29.704858000150818], [-95.37524099994836, 29.70450299978327], [-95.37513700019129, 29.70384999985464], [-95.37506900041922, 29.703141999961137], [-95.37509199998544, 29.70260800027749], [-95.37513800001621, 29.702249000006205], [-95.37520900016132, 29.701856999970303], [-95.37549799986633, 29.70193399979153], [-95.37655900004839, 29.702214999753167], [-95.37785899970675, 29.70264299994186], [-95.37967300009932, 29.703231999821128], [-95.38070499996908, 29.703545000015374], [-95.38102800000927, 29.70363700014376], [-95.38151199970793, 29.70380600013456], [-95.38209699968894, 29.704067999885908], [-95.38255600017158, 29.704321999611793], [-95.38283099963287, 29.70450599992134], [-95.38321899997038, 29.704791999665368], [-95.38362700039939, 29.70508699973754], [-95.38411500029602, 29.70541000024306], [-95.38442099971945, 29.705565000136158], [-95.38445300040483, 29.705581999697092], [-95.38461599971313, 29.70569899985592]]]}, "properties": {"geoid": "48201313101", "name": "Census Tract 3131.01", "population": "2555.0", "median_hh_income": "87639.0", "poverty_rate": "0.2606473594548552", "nearest_dollar_store_mi": "2.34", "gap_score": "0.0"}}, {"type": "Feature", "geometry": {"type": "Polygon", "coordinates": [[[-95.39063200010288, 29.72406499995125], [-95.39059399956973, 29.724343000061378], [-95.3906189996841, 29.724529999884577], [-95.39025800000907, 29.724958000125042], [-95.38960699990582, 29.72579099999053], [-95.38928100039091, 29.726161999861706], [-95.38891999981756, 29.726644000114177], [-95.38805000032951, 29.72610799965033], [-95.38720400023259, 29.725615999766575], [-95.38633899986911, 29.725091999704745], [-95.38546500018309, 29.724562000169886], [-95.38463099978173, 29.72405599972995], [-95.38376399976842, 29.723536999906006], [-95.38290799962577, 29.72300900020321], [-95.38208099979542, 29.72252299992752], [-95.38173099999105, 29.722312999648427], [-95.38036100001248, 29.72146700033665], [-95.37944799996842, 29.7209240000888], [-95.37941399963323, 29.720882000335163], [-95.37973699967341, 29.719884000163717], [-95.38000700001017, 29.719168999864017], [-95.38008200035323, 29.718970999972697], [-95.38030099973804, 29.7183400003178], [-95.3803969999975, 29.718049000078906], [-95.38041399971594, 29.717997999917973], [-95.38054900033346, 29.717592000389658], [-95.3809250000771, 29.7165180001765], [-95.38150599986015, 29.716708000309893], [-95.38178899971736, 29.71680900017279], [-95.38204099961244, 29.716924000147877], [-95.3823689996755, 29.71710599962887], [-95.38271199980717, 29.717335000148868], [-95.38274699996728, 29.717358000345975], [-95.3829389995879, 29.71752900022153], [-95.38303300019754, 29.717612000001356], [-95.38330000016123, 29.717902999946833], [-95.38351400042148, 29.71818099996203], [-95.38364400011783, 29.71839500019578], [-95.38449000021474, 29.720050999812], [-95.38462499993396, 29.72023799983121], [-95.38477800009484, 29.720398000196816], [-95.38490600014136, 29.720488000192898], [-95.38576999978162, 29.721007000181835], [-95.38665000021373, 29.72151899965165], [-95.38746699999832, 29.722018000260167], [-95.38832099959285, 29.722549000094958], [-95.38926399977416, 29.723107000384598], [-95.38993599979378, 29.72352100038132], [-95.39006800003827, 29.723574999644473], [-95.39024200011553, 29.723643999830784], [-95.39071800031661, 29.72393099978024], [-95.39063200010288, 29.72406499995125]]]}, "properties": {"geoid": "48201312601", "name": "Census Tract 3126.01", "population": "3366.0", "median_hh_income": "88269.0", "poverty_rate": "0.2591044776119403", "nearest_dollar_store_mi": "1.4", "gap_score": "0.0"}}, {"type": "Feature", "geometry": {"type": "Polygon", "coordinates": [[[-95.38602199967669, 29.730280000228714], [-95.38550299981792, 29.73095700010267], [-95.38515999968627, 29.731385000230794], [-95.38462999995683, 29.73205000006975], [-95.38449699988743, 29.73221599972327], [-95.3844719997731, 29.73224699986779], [-95.38372500030869, 29.732316000331203], [-95.38307000000748, 29.732382999910453], [-95.38239499961479, 29.73243199972578], [-95.3817610001283, 29.732485999653743], [-95.38046399994465, 29.73259800030732], [-95.38034500011898, 29.732607999788456], [-95.37981600021446, 29.73265400019716], [-95.37915599989036, 29.73269299962838], [-95.37900799975236, 29.73270199985496], [-95.37788600036924, 29.732768999956544], [-95.37771099956875, 29.732784000322418], [-95.37621699974162, 29.732908000140867], [-95.37601300042543, 29.732924999751773], [-95.37529500037505, 29.732986000350735], [-95.37520099976538, 29.73299399974879], [-95.3748769999003, 29.733014000191297], [-95.37416800007074, 29.73306899982748], [-95.3734480003705, 29.733165000283112], [-95.37299300008583, 29.73328899963061], [-95.37280999978773, 29.73336200023168], [-95.37251500023496, 29.733457999626914], [-95.37212199987457, 29.733214999736507], [-95.3717589996514, 29.73298999965987], [-95.37180999970504, 29.73277500010314], [-95.37193699992663, 29.732236000320885], [-95.3722449998982, 29.731391999718372], [-95.37240200025704, 29.730739999999905], [-95.37244599973965, 29.730604000070105], [-95.37254100017421, 29.73025599982324], [-95.37261899999201, 29.729943000217702], [-95.37272600012214, 29.72972200004262], [-95.3729699996213, 29.729203999941326], [-95.37307699975143, 29.7290119999382], [-95.37326000004954, 29.728763999877987], [-95.3735050002719, 29.728460000125402], [-95.37400599968903, 29.727837999947745], [-95.37435899986644, 29.727378000132855], [-95.37447000019452, 29.727238000008004], [-95.3750040001219, 29.72660100032811], [-95.37521400018419, 29.726309999858614], [-95.37541599985055, 29.726038000286557], [-95.37560199962338, 29.725833000030093], [-95.3756230004381, 29.725810000214896], [-95.37587899963282, 29.725418000112498], [-95.37629499955943, 29.724696000278364], [-95.37643299965168, 29.724404999745172], [-95.37662799964536, 29.723994999942473], [-95.37685600014932, 29.723455999799558], [-95.37719599990794, 29.722356999839892], [-95.37806100027143, 29.719560000034857], [-95.37810599957896, 29.719411000067538], [-95.37863399965855, 29.71764199980147], [-95.37904600028553, 29.716157000102594], [-95.37908499974526, 29.71570700018313], [-95.37915300041564, 29.71523399990852], [-95.37916099991324, 29.714645999633365], [-95.3791299999511, 29.71405799981526], [-95.37905100030838, 29.713462999716572], [-95.37896199972162, 29.7131220000858], [-95.3786799996893, 29.712041999817288], [-95.37865899977291, 29.71196099979697], [-95.3787349999409, 29.711943000303698], [-95.3790169999732, 29.711973000237535], [-95.37908999976814, 29.71199900001692], [-95.37939600008988, 29.712106999988645], [-95.3800599997136, 29.71268199973173], [-95.38044499967808, 29.71279999964351], [-95.38157899965508, 29.712985999685756], [-95.38209099984115, 29.7131040000205], [-95.38205999987902, 29.713198999851965], [-95.3818899999997, 29.71372200015622], [-95.3809250000771, 29.7165180001765], [-95.38054900033346, 29.717592000389658], [-95.38041399971594, 29.717997999917973], [-95.3803969999975, 29.718049000078906], [-95.38030099973804, 29.7183400003178], [-95.38008200035323, 29.718970999972697], [-95.38000700001017, 29.719168999864017], [-95.37973699967341, 29.719884000163717], [-95.37941399963323, 29.720882000335163], [-95.37915699971528, 29.721641999994517], [-95.37894599982809, 29.722236999981487], [-95.37891599969088, 29.722330000274326], [-95.37862399961281, 29.723204000350478], [-95.37855800038888, 29.723341999625653], [-95.378361999672, 29.72393699967532], [-95.37825600026508, 29.72424799985503], [-95.3781159996247, 29.72462900024646], [-95.37792400000409, 29.72522800008494], [-95.37782199989682, 29.725509000384157], [-95.37913499997397, 29.726281999707275], [-95.3799319996671, 29.726769999889058], [-95.38079899968041, 29.727291999611246], [-95.38166999989167, 29.727816999959725], [-95.38249800044524, 29.728318999881328], [-95.3833610002606, 29.728840000062252], [-95.384227000449, 29.729356999644157], [-95.38507799967049, 29.729867000088856], [-95.3858390002769, 29.730332999706118], [-95.38594499968379, 29.73032500009587], [-95.38602199967669, 29.730280000228714]]]}, "properties": {"geoid": "48201312603", "name": "Census Tract 3126.03", "population": "4160.0", "median_hh_income": "78186.0", "poverty_rate": "0.34326923076923077", "nearest_dollar_store_mi": "0.99", "gap_score": "133.5"}}, {"type": "Feature", "geometry": {"type": "Polygon", "coordinates": [[[-95.3559459997225, 29.63822000022733], [-95.3557909999118, 29.63822000022733], [-95.35549999965865, 29.638220999631375], [-95.3544050000397, 29.638211000124883], [-95.35299400005327, 29.638199999651548], [-95.35254899981435, 29.63819199973244], [-95.34936500034152, 29.638165000195894], [-95.34937299983913, 29.638095999872732], [-95.34883100041414, 29.63793000007829], [-95.34882800004108, 29.637687999643124], [-95.34882600039127, 29.637507999613415], [-95.34885099960731, 29.637277000301143], [-95.34890800040704, 29.636969000133533], [-95.3489059998589, 29.636281000261075], [-95.34890099983603, 29.63341699962349], [-95.34890199966094, 29.63264900003068], [-95.34890400020907, 29.6318780000853], [-95.3489059998589, 29.63109700027228], [-95.34888699959232, 29.630784000214202], [-95.34891199970669, 29.63037199976531], [-95.34892299957734, 29.62768799971845], [-95.34893199979817, 29.62754100001193], [-95.34406700000217, 29.627454999946096], [-95.33932500022982, 29.627373000196236], [-95.33932900042777, 29.6268230002063], [-95.33935500036704, 29.6265109996638], [-95.33945699957599, 29.62585300006248], [-95.33959700021637, 29.62515999999805], [-95.34038899988663, 29.623044000185683], [-95.34069199983531, 29.62213399997129], [-95.3408659999126, 29.621215000069803], [-95.34090699992049, 29.621000999900044], [-95.3416190001231, 29.62099899996931], [-95.34199499986673, 29.620925000161044], [-95.34333800008112, 29.62076399963058], [-95.34466399967874, 29.620513000002756], [-95.34596000003745, 29.620197000332105], [-95.34624399971959, 29.620117000090257], [-95.34653300032289, 29.620015000334032], [-95.3474840000018, 29.619698000294942], [-95.34853699978795, 29.619256000330065], [-95.34939700012858, 29.61884499997316], [-95.3533060002228, 29.616982999622525], [-95.35415999981733, 29.61661900018473], [-95.35441799956018, 29.61661900018473], [-95.35515900007512, 29.61660799969641], [-95.355424000389, 29.616611000113682], [-95.35541500016815, 29.61703299987167], [-95.355460000374, 29.61760300017818], [-95.35543100006169, 29.619070999850518], [-95.35542699986372, 29.619902999931593], [-95.35542199984086, 29.620687999712782], [-95.35543600008455, 29.62105999979154], [-95.35545500035113, 29.62200100012865], [-95.3554879999631, 29.62245699986228], [-95.35547100024465, 29.62320899997087], [-95.35552300012318, 29.624783999726294], [-95.3555159995522, 29.624801999987284], [-95.35554099966654, 29.625168999704943], [-95.35557599982664, 29.625555999614516], [-95.35561500018471, 29.627392999798555], [-95.35562000020757, 29.6276589999102], [-95.35563199990314, 29.62804000025284], [-95.35565500036768, 29.628866000355647], [-95.35575400010187, 29.632260000332007], [-95.35577099982031, 29.632770000128406], [-95.35579299956161, 29.633020000218437], [-95.35583299974459, 29.634070000223122], [-95.3558260000719, 29.634310999758736], [-95.35582900044496, 29.634619999686766], [-95.35583600011763, 29.63489499985394], [-95.35584600016337, 29.635055000230324], [-95.35586399970673, 29.636083000255294], [-95.35587200010265, 29.6367459996195], [-95.35590200023988, 29.636986999778884], [-95.35595099974536, 29.637856999621093], [-95.3559459997225, 29.63822000022733]]]}, "properties": {"geoid": "48201331603", "name": "Census Tract 3316.03", "population": "4532.0", "median_hh_income": "52944.0", "poverty_rate": "0.2511032656663725", "nearest_dollar_store_mi": "1.67", "gap_score": "3150.4"}}, {"type": "Feature", "geometry": {"type": "Polygon", "coordinates": [[[-95.44227799990966, 29.656153000131756], [-95.44212399992387, 29.65649700028241], [-95.44205899962654, 29.65677200002446], [-95.44199500005244, 29.65720400010862], [-95.44197900015891, 29.65740699992148], [-95.4419490000217, 29.65777300026429], [-95.44190299999094, 29.65839800024615], [-95.44182699982296, 29.659210999871195], [-95.44177599976932, 29.659507000225435], [-95.44163500020233, 29.659859000378194], [-95.44147600019367, 29.66019099997036], [-95.44125600008564, 29.660503999943927], [-95.44109000040429, 29.66069399984452], [-95.44096099963456, 29.66087599970861], [-95.44057800021821, 29.661374000287307], [-95.4402319997135, 29.661794999891363], [-95.43999499988703, 29.66208200013946], [-95.43995499970406, 29.662126000173096], [-95.43970000033426, 29.66247100014249], [-95.43934299995887, 29.662901000077117], [-95.43929600010321, 29.66296200027841], [-95.4383870002571, 29.66412699976256], [-95.43776999959071, 29.664903999702354], [-95.43649000002385, 29.666561999666936], [-95.4356620003686, 29.66757399967852], [-95.43557500032996, 29.66768799992413], [-95.43525599958942, 29.668120999857496], [-95.43404700016765, 29.66965299962401], [-95.43303799986413, 29.670911999819207], [-95.43273900011336, 29.67128499997774], [-95.43207200011659, 29.672137000361147], [-95.43157599982405, 29.672751000262597], [-95.43146200002123, 29.672903000282155], [-95.43133599962454, 29.673052999614118], [-95.43114300017899, 29.673320999736767], [-95.4299459995545, 29.674800999840567], [-95.42969700003246, 29.675125999781027], [-95.42943500009163, 29.67546099994101], [-95.42908100008931, 29.67589399996903], [-95.42882400017135, 29.676217999691413], [-95.42856999972814, 29.676540000322717], [-95.42845199972737, 29.67669100027572], [-95.42795700015805, 29.67728499985418], [-95.42779399995142, 29.677483999769166], [-95.42764300033869, 29.677724000146654], [-95.42744599979689, 29.67768399986335], [-95.427264000222, 29.677664000105988], [-95.426567000088, 29.677619000051994], [-95.42581899990039, 29.67762500037253], [-95.42480899977193, 29.677619000051994], [-95.42472599993127, 29.67761199993773], [-95.4245030003485, 29.677619000051994], [-95.42221199992994, 29.677729999680498], [-95.41919900016134, 29.677814999931893], [-95.41826299965274, 29.677867999785963], [-95.41646900024998, 29.677941999888926], [-95.41555399965776, 29.67797999970969], [-95.41288400002085, 29.67804500006822], [-95.41249099966046, 29.678068999685603], [-95.41227200027565, 29.67808399963873], [-95.412037000099, 29.67809099972013], [-95.41167800007382, 29.678116999683745], [-95.4112470000786, 29.678133000198333], [-95.40892200022317, 29.678196999889895], [-95.40792899981315, 29.67824199968517], [-95.40766100002456, 29.678269000177067], [-95.40662699960667, 29.67840499997181], [-95.40561900002635, 29.678535000097167], [-95.4043820001172, 29.678772999963137], [-95.40363200027973, 29.678948999652484], [-95.40340999962356, 29.679004000028783], [-95.4031519998807, 29.679049000243342], [-95.40297699997853, 29.679085999866988], [-95.40206599958428, 29.679296000004324], [-95.39988999969178, 29.679735999873195], [-95.3966380004469, 29.680378999657435], [-95.39530299973012, 29.680506000277866], [-95.39368000003158, 29.680583000072033], [-95.39342599958836, 29.68058799967143], [-95.3932520004094, 29.68058900021568], [-95.39297500039996, 29.68058399983586], [-95.3926260004205, 29.680586000143876], [-95.39239600026674, 29.680595000358966], [-95.39016500012265, 29.680651000378372], [-95.38882799975605, 29.680663999639798], [-95.38741900031773, 29.680661000350703], [-95.38590700004897, 29.680658000281053], [-95.38372600013359, 29.680685000124075], [-95.3819889997339, 29.680707000366624], [-95.38144999978365, 29.680714000265382], [-95.3812919995999, 29.680715999790394], [-95.38120399973636, 29.680715999790394], [-95.3812129999572, 29.68067899998617], [-95.3812410004446, 29.68057000001968], [-95.38125300014016, 29.68052499970548], [-95.38128300027739, 29.68040799988696], [-95.38136000027029, 29.680110999615998], [-95.38154299967007, 29.67918300020797], [-95.38162600040907, 29.678624000362177], [-95.3817069997016, 29.677982000069587], [-95.38176600015115, 29.675889999946637], [-95.38177799984672, 29.675439000111513], [-95.38178299986959, 29.675222000222853], [-95.38179000044059, 29.67496500006188], [-95.38179600028838, 29.67484800001698], [-95.3818890001748, 29.673143999724207], [-95.38187999995397, 29.672114999804425], [-95.38193299965742, 29.671744000086242], [-95.38203800013771, 29.671197000098495], [-95.38209699968894, 29.670925000339764], [-95.38221499968972, 29.67049899981899], [-95.3823829999192, 29.67001999977525], [-95.38277200008164, 29.66908600006903], [-95.38298799999171, 29.66866999994843], [-95.38314000032767, 29.668380000107433], [-95.383270000024, 29.66813100029541], [-95.38339300004766, 29.667894000108653], [-95.38347800043647, 29.667730999955836], [-95.38355899972902, 29.66757600024542], [-95.38523500002933, 29.664367000013883], [-95.38584099992673, 29.663268999821444], [-95.38613399982968, 29.66268199979182], [-95.38646600009069, 29.661903999913385], [-95.38666799975707, 29.661233000317193], [-95.38682299956777, 29.6607610003689], [-95.387000999843, 29.660198999702512], [-95.38716499987453, 29.659598000101344], [-95.38729299992104, 29.658982000355287], [-95.387409000272, 29.658375999806854], [-95.3874929999376, 29.65777300026429], [-95.387513999854, 29.65762599997944], [-95.38758099980114, 29.65714600030995], [-95.38762199980901, 29.656587999757914], [-95.3876689996647, 29.655761999880575], [-95.3876350002278, 29.65294300007479], [-95.38760500009059, 29.651484999615846], [-95.38759199967178, 29.650402999612496], [-95.38757900015132, 29.649706999627632], [-95.38750999965603, 29.646003999812553], [-95.3875060003564, 29.645255000026516], [-95.3874939997625, 29.644612999901412], [-95.38749100028777, 29.644180000298643], [-95.38748000041711, 29.64363499983199], [-95.38747600021915, 29.643473999682616], [-95.38747500039425, 29.643425000197073], [-95.38739599985321, 29.639648000308778], [-95.38738800035561, 29.63848300009003], [-95.38734700034772, 29.636158000066665], [-95.3872810002255, 29.63230199964119], [-95.38728000040058, 29.63221200031927], [-95.38766799983978, 29.63242099967092], [-95.38806399967491, 29.63259999996266], [-95.38854999992171, 29.6327529999686], [-95.38901000022925, 29.632804999897267], [-95.38968800009668, 29.632765999953268], [-95.39024799996334, 29.632621000329348], [-95.39097900043251, 29.632395999853475], [-95.39277700003325, 29.63176500012708], [-95.39374000030602, 29.631386000323], [-95.39482700042737, 29.63102799979172], [-95.39540200036264, 29.630887000258397], [-95.39604099987201, 29.630797999930767], [-95.39721699968182, 29.630797999930767], [-95.39809999958865, 29.630793999677312], [-95.39866799985121, 29.63068299980332], [-95.3992500003575, 29.630523000290356], [-95.39968399982745, 29.63033699993191], [-95.40069999980368, 29.629871000388917], [-95.40135900030285, 29.629557999644817], [-95.40189599970496, 29.62932800033172], [-95.40222200011821, 29.629225000255275], [-95.40268200042574, 29.629148999691584], [-95.40337899966143, 29.62904000011876], [-95.40386400008333, 29.628981999710565], [-95.40434399958404, 29.628911999846558], [-95.40507900025119, 29.62879099979968], [-95.4056990003923, 29.628726999916115], [-95.40610799974789, 29.628669000108577], [-95.40633100022897, 29.62858600028552], [-95.40651000032912, 29.62847700010353], [-95.40669600010195, 29.628323999849716], [-95.40684900026282, 29.62807500010347], [-95.40692999955537, 29.62783900036232], [-95.40712500044737, 29.627525000041523], [-95.40715300003644, 29.62736299961273], [-95.40746900040394, 29.626821999908277], [-95.40772499959867, 29.626451000319673], [-95.40796800017122, 29.625940000240874], [-95.40807000027847, 29.625581999877994], [-95.40807000027847, 29.624852999798193], [-95.40816800018777, 29.624188000375035], [-95.40823799960965, 29.624079999664605], [-95.40835800015856, 29.623669000240685], [-95.40860699968059, 29.623264000359754], [-95.40915499985168, 29.622787999861146], [-95.40978000001566, 29.622449999815206], [-95.41004799980426, 29.622367999896518], [-95.41100299968112, 29.622223000143723], [-95.41137599995001, 29.622078999746474], [-95.41185700017395, 29.62175800012135], [-95.41219100008482, 29.621313000324268], [-95.41251499994992, 29.620446000024348], [-95.41282299992149, 29.620117000090257], [-95.4130349996336, 29.619968999904945], [-95.41337299974239, 29.619821000283178], [-95.41355199984253, 29.619764999989734], [-95.41661300019001, 29.618951999670717], [-95.41692100016161, 29.619024999771433], [-95.41711600015526, 29.619028000116764], [-95.4174359998224, 29.619034000026208], [-95.41740900005821, 29.619101999756154], [-95.41606199964588, 29.622492000090514], [-95.41516799986839, 29.62467300025837], [-95.41488800038422, 29.62535700007874], [-95.41442700025176, 29.626542999924055], [-95.41398299983776, 29.627690000297306], [-95.41393500015718, 29.627814999695914], [-95.41363999970608, 29.628524000053144], [-95.41347999987252, 29.628939000301838], [-95.41335400037413, 29.629248000311826], [-95.41274799957841, 29.630772999710523], [-95.41238600007847, 29.631690000167787], [-95.41196099993104, 29.632760000080683], [-95.411452000118, 29.634030999988102], [-95.41142399963061, 29.63410100019896], [-95.41117199973553, 29.634718999614805], [-95.41094199958175, 29.63531200004906], [-95.41073200041778, 29.635841000066605], [-95.409360999716, 29.639264999801185], [-95.40897900012459, 29.640272999629527], [-95.40851700016721, 29.64142700009877], [-95.4080300000955, 29.64264500028349], [-95.4079239997903, 29.642909999795815], [-95.40761900019177, 29.643682999865522], [-95.40733100031167, 29.644406999677095], [-95.40711799987635, 29.644941000131453], [-95.40674499960745, 29.645867999930825], [-95.40592100015014, 29.64795600028201], [-95.4057639997913, 29.64835099996862], [-95.40563699956971, 29.648677999649237], [-95.40528500011551, 29.649545999820667], [-95.4043469999571, 29.65193499985202], [-95.4021090001403, 29.65753599987428], [-95.40195099995657, 29.65795499994773], [-95.40154500007569, 29.658927999936665], [-95.40004200002775, 29.662678000024545], [-95.39980600002619, 29.66328299970453], [-95.39966700010902, 29.66364200022284], [-95.39949899987951, 29.664091000026733], [-95.39893099961695, 29.66551099987281], [-95.39858699966037, 29.666382999657223], [-95.39797599974008, 29.66800899988044], [-95.39777099970068, 29.668328999707104], [-95.3975539999657, 29.66878000020766], [-95.3974059998277, 29.669112999897244], [-95.39683900028835, 29.670391000389596], [-95.39671999956435, 29.67070800007642], [-95.39692600032699, 29.670647999751907], [-95.39707799976463, 29.67060299968019], [-95.3972719999334, 29.67054499980089], [-95.39968899985033, 29.66982400031199], [-95.40306599966699, 29.668802999813845], [-95.41232199960606, 29.665974000209964], [-95.41314400031186, 29.665723000082664], [-95.41650100003703, 29.664723999943018], [-95.42021099993963, 29.663624999811883], [-95.42085700002, 29.663433000113887], [-95.42288999979738, 29.662829999655436], [-95.42576199999897, 29.66198099990075], [-95.42635000035303, 29.66180500017764], [-95.42930299984717, 29.660922000188283], [-95.43084000023029, 29.660461999909245], [-95.43104100007176, 29.660414000071228], [-95.43328700028445, 29.659603999935815], [-95.43404700016765, 29.659325000226826], [-95.43731799967911, 29.658073000115568], [-95.43778700020746, 29.657893999833167], [-95.44135599964476, 29.65649700028241], [-95.44185899961002, 29.656317000313912], [-95.44213099959657, 29.656208999709943], [-95.44227799990966, 29.656153000131756]]]}, "properties": {"geoid": "48201334101", "name": "Census Tract 3341.01", "population": "9558.0", "median_hh_income": "79638.0", "poverty_rate": "0.11372672107135384", "nearest_dollar_store_mi": "2.2", "gap_score": "113.3"}}, {"type": "Feature", "geometry": {"type": "Polygon", "coordinates": [[[-95.38119299986569, 29.68075700019035], [-95.38119299986569, 29.680783000244958], [-95.3811779997971, 29.680816999946053], [-95.38091199965831, 29.681866000268208], [-95.38079399965754, 29.682489000118082], [-95.38071699966463, 29.68424300010909], [-95.38068999990045, 29.684562000057603], [-95.38062100030348, 29.684894000049386], [-95.38050699960236, 29.68516300032455], [-95.38031099978377, 29.68562599992731], [-95.3802349996158, 29.685775999787882], [-95.38002000042897, 29.686095000333985], [-95.37978799972704, 29.686455999990006], [-95.37962200004569, 29.686763000389423], [-95.37954199967974, 29.686923000243713], [-95.37941299980832, 29.687294999837206], [-95.37926800004337, 29.68768399986316], [-95.37840199985496, 29.69069700032548], [-95.37837799956552, 29.6907789999894], [-95.37824500039446, 29.691233999868302], [-95.3781509997848, 29.691569000194566], [-95.37784799983609, 29.69284400036502], [-95.3774600003969, 29.694221000325467], [-95.3772219998472, 29.6950350002493], [-95.37627600019117, 29.698060000106306], [-95.37568899966203, 29.697869999801224], [-95.37532299996413, 29.69775099991996], [-95.37448600008804, 29.697494999992674], [-95.37340300016466, 29.697165999850654], [-95.37256999958821, 29.696913999959502], [-95.37176100019953, 29.696664999808522], [-95.37110699972325, 29.696480999961643], [-95.37096000030846, 29.69642900016437], [-95.37017000028804, 29.696178999982916], [-95.3693790004427, 29.69594299997747], [-95.36858199985127, 29.695697999775525], [-95.36778500015816, 29.695462000200838], [-95.36837599998694, 29.694009999746395], [-95.36916900038042, 29.694255000162848], [-95.369942999609, 29.694481000074646], [-95.37074799969805, 29.694716999612595], [-95.37121300002845, 29.693494999996794], [-95.3712869996483, 29.69328200017872], [-95.37211500020186, 29.69352200029319], [-95.37291199989497, 29.69375099997192], [-95.37372000035705, 29.693988999705184], [-95.37399399999346, 29.693303000367703], [-95.37461300030967, 29.691752000019928], [-95.37541000000277, 29.6896869998343], [-95.37529000035217, 29.689664999996523], [-95.37517800019917, 29.689609999990758], [-95.3735820002648, 29.68910899973039], [-95.3734340001268, 29.689052999740827], [-95.3736240000976, 29.688600999964493], [-95.37389400043433, 29.687927999624566], [-95.37416899989563, 29.687250999889972], [-95.37443800040747, 29.686580999767582], [-95.37472499956434, 29.68590400032435], [-95.37165400006943, 29.68494600035312], [-95.3715190003502, 29.68489900021487], [-95.3682660003821, 29.683897000175072], [-95.36581299958185, 29.68310699975471], [-95.36603199986497, 29.68242899979947], [-95.36631899992014, 29.681750999953934], [-95.3665270003326, 29.681284999620907], [-95.36664899963301, 29.68097399983967], [-95.36704600019137, 29.680970999779355], [-95.37090800042994, 29.680938999650987], [-95.3716599999172, 29.68093199976789], [-95.37385599990118, 29.68088599985492], [-95.3745389997915, 29.680866999715064], [-95.37550500043733, 29.680839000159647], [-95.37641400028343, 29.680813000119517], [-95.37927399989115, 29.680764999847646], [-95.38076000022066, 29.68073000036665], [-95.38097600013073, 29.680724999993846], [-95.38112300044382, 29.68071700033337], [-95.38120399973636, 29.680715999790394], [-95.38119299986569, 29.68075700019035]]]}, "properties": {"geoid": "48201313802", "name": "Census Tract 3138.02", "population": "2707.0", "median_hh_income": "43348.0", "poverty_rate": "0.3267776096822995", "nearest_dollar_store_mi": "3.7", "gap_score": "3591.6"}}, {"type": "Feature", "geometry": {"type": "Polygon", "coordinates": [[[-95.42205100027147, 29.640470999985528], [-95.41785500012206, 29.640497000303064], [-95.41435399955851, 29.640565000381102], [-95.41381899980622, 29.640531999728957], [-95.41362499963748, 29.640555999707463], [-95.41219500028276, 29.640583000164426], [-95.41095400017564, 29.640607000130753], [-95.4105990003484, 29.640608999672242], [-95.41029200020172, 29.64059200005486], [-95.41017800039893, 29.6405759998153], [-95.41005200000224, 29.640550999679874], [-95.40897900012459, 29.640272999629527], [-95.409360999716, 29.639264999801185], [-95.41073200041778, 29.635841000066605], [-95.41094199958175, 29.63531200004906], [-95.41117199973553, 29.634718999614805], [-95.41142399963061, 29.63410100019896], [-95.411452000118, 29.634030999988102], [-95.41196099993104, 29.632760000080683], [-95.41238600007847, 29.631690000167787], [-95.41274799957841, 29.630772999710523], [-95.41335400037413, 29.629248000311826], [-95.41347999987252, 29.628939000301838], [-95.41363999970608, 29.628524000053144], [-95.41393500015718, 29.627814999695914], [-95.41398299983776, 29.627690000297306], [-95.41417199998364, 29.62770499995224], [-95.4145279996358, 29.627717999807487], [-95.41496000035424, 29.62774199971612], [-95.41540999971772, 29.627782999839663], [-95.41563700039676, 29.627827000029868], [-95.41575500039752, 29.627858000365258], [-95.41600399991957, 29.62790799990377], [-95.41635600027207, 29.627966999655282], [-95.41690199989502, 29.62803599988987], [-95.41767799967174, 29.62805799993212], [-95.4195470003159, 29.62802799994433], [-95.42163000032197, 29.627994999869355], [-95.42173400007906, 29.628279000373897], [-95.42172900005617, 29.628414999804082], [-95.42170899996471, 29.628961000146894], [-95.42175900019342, 29.62923100033841], [-95.42177799956168, 29.629456000075354], [-95.42182500031565, 29.63105199969266], [-95.42185999957745, 29.632215999735568], [-95.42187499964605, 29.634139000181502], [-95.42187800001909, 29.634398999882745], [-95.42192800024782, 29.63550400029987], [-95.42195599983691, 29.6367060002209], [-95.42196500005775, 29.63712000013824], [-95.42199099999699, 29.638230999917678], [-95.42204100022572, 29.639241999689684], [-95.42204200005064, 29.639460000060243], [-95.42204700007349, 29.640271000081363], [-95.42205100027147, 29.640470999985528]]]}, "properties": {"geoid": "48201330102", "name": "Census Tract 3301.02", "population": "2022.0", "median_hh_income": "40818.0", "poverty_rate": "0.3758654797230465", "nearest_dollar_store_mi": "0.52", "gap_score": "482.0"}}, {"type": "Feature", "geometry": {"type": "Polygon", "coordinates": [[[-95.41959199962344, 29.61362800003408], [-95.41921699970469, 29.614563999720627], [-95.4188929998396, 29.615371999795933], [-95.418216999622, 29.617052999964432], [-95.41800999993276, 29.617569000203677], [-95.41767699984682, 29.618428000337783], [-95.41746199976167, 29.6189680002215], [-95.4174359998224, 29.619034000026208], [-95.41711600015526, 29.619028000116764], [-95.41692100016161, 29.619024999771433], [-95.41661300019001, 29.618951999670717], [-95.41355199984253, 29.619764999989734], [-95.41337299974239, 29.619821000283178], [-95.4130349996336, 29.619968999904945], [-95.41282299992149, 29.620117000090257], [-95.41251499994992, 29.620446000024348], [-95.41219100008482, 29.621313000324268], [-95.41185700017395, 29.62175800012135], [-95.41137599995001, 29.622078999746474], [-95.41100299968112, 29.622223000143723], [-95.41004799980426, 29.622367999896518], [-95.40978000001566, 29.622449999815206], [-95.40915499985168, 29.622787999861146], [-95.40860699968059, 29.623264000359754], [-95.40835800015856, 29.623669000240685], [-95.40823799960965, 29.624079999664605], [-95.40816800018777, 29.624188000375035], [-95.40807000027847, 29.624852999798193], [-95.40807000027847, 29.625581999877994], [-95.40796800017122, 29.625940000240874], [-95.40772499959867, 29.626451000319673], [-95.40746900040394, 29.626821999908277], [-95.40715300003644, 29.62736299961273], [-95.40712500044737, 29.627525000041523], [-95.40692999955537, 29.62783900036232], [-95.40684900026282, 29.62807500010347], [-95.40669600010195, 29.628323999849716], [-95.40651000032912, 29.62847700010353], [-95.40633100022897, 29.62858600028552], [-95.40610799974789, 29.628669000108577], [-95.4056990003923, 29.628726999916115], [-95.40507900025119, 29.62879099979968], [-95.40434399958404, 29.628911999846558], [-95.40386400008333, 29.628981999710565], [-95.40337899966143, 29.62904000011876], [-95.40268200042574, 29.629148999691584], [-95.40222200011821, 29.629225000255275], [-95.40189599970496, 29.62932800033172], [-95.40135900030285, 29.629557999644817], [-95.40069999980368, 29.629871000388917], [-95.39968399982745, 29.63033699993191], [-95.3992500003575, 29.630523000290356], [-95.39866799985121, 29.63068299980332], [-95.39809999958865, 29.630793999677312], [-95.39721699968182, 29.630797999930767], [-95.39604099987201, 29.630797999930767], [-95.39540200036264, 29.630887000258397], [-95.39482700042737, 29.63102799979172], [-95.39374000030602, 29.631386000323], [-95.39277700003325, 29.63176500012708], [-95.39097900043251, 29.632395999853475], [-95.39024799996334, 29.632621000329348], [-95.38968800009668, 29.632765999953268], [-95.38901000022925, 29.632804999897267], [-95.38854999992171, 29.6327529999686], [-95.38806399967491, 29.63259999996266], [-95.38766799983978, 29.63242099967092], [-95.38728000040058, 29.63221200031927], [-95.38727799985243, 29.632129000292085], [-95.3872689996316, 29.631581000221068], [-95.38724500024048, 29.628508000238927], [-95.38720900025547, 29.627811999612216], [-95.38721000008039, 29.62770499995224], [-95.38721099990528, 29.627542000302817], [-95.38723799966947, 29.624424000078562], [-95.3872679998067, 29.623501000215796], [-95.38724100004252, 29.619321999946152], [-95.3872400002176, 29.617962000379933], [-95.38724600006537, 29.61688600023983], [-95.38725100008826, 29.615981999957842], [-95.38720400023259, 29.614031999946967], [-95.38762099998411, 29.614031000302955], [-95.38817199962993, 29.61402700016475], [-95.38855499994459, 29.61402099995725], [-95.38962299979934, 29.614010999610546], [-95.39091300031029, 29.613992000120618], [-95.3914420002148, 29.61398500026649], [-95.39272099995677, 29.61396899970563], [-95.39421200030912, 29.613952999923193], [-95.3968579996566, 29.61391700020817], [-95.3981310004491, 29.613902999708092], [-95.40102200001895, 29.613860999758113], [-95.40448500004935, 29.613829999802444], [-95.40517600033557, 29.613820000217796], [-95.40657200025339, 29.613798999837204], [-95.40795399992751, 29.613780999953836], [-95.4092899995709, 29.613763999713854], [-95.40935800024127, 29.613763999713854], [-95.41203299990104, 29.613727000284285], [-95.41337299974239, 29.613709000388052], [-95.41341700012332, 29.613707999959843], [-95.41529799956473, 29.613674000233452], [-95.41556999955128, 29.613674000233452], [-95.41749600009688, 29.613672999804887], [-95.41906799974177, 29.61364199979136], [-95.41924199981905, 29.613636999989854], [-95.41959199962344, 29.61362800003408]]]}, "properties": {"geoid": "48201330901", "name": "Census Tract 3309.01", "population": "10349.0", "median_hh_income": "83794.0", "poverty_rate": "0.08165040100492801", "nearest_dollar_store_mi": "1.02", "gap_score": "0.0"}}, {"type": "Feature", "geometry": {"type": "Polygon", "coordinates": [[[-95.29486700042465, 29.72803200000052], [-95.2948089998, 29.728183999860235], [-95.29461899982921, 29.728680999959973], [-95.29411800041211, 29.729245000052796], [-95.2936189997465, 29.729779000032032], [-95.29324399982777, 29.73012300016998], [-95.29323399978203, 29.73013299989785], [-95.29314799956832, 29.730226999943234], [-95.29298299971185, 29.73045099992869], [-95.29269700037992, 29.731179999978057], [-95.29263499955732, 29.731339000020277], [-95.29249700036337, 29.73170200015841], [-95.2924639998531, 29.73176500000995], [-95.29244999960939, 29.731803999786727], [-95.29244200011178, 29.73182899985573], [-95.29214900020884, 29.732550999846296], [-95.29205899979715, 29.73269299962838], [-95.29188300007006, 29.73314199980852], [-95.29187600039735, 29.73316000018036], [-95.29175699967335, 29.733434999999556], [-95.29163199999988, 29.73374200032249], [-95.29137500008194, 29.734403000105214], [-95.29109399987455, 29.73507500022928], [-95.29082799973577, 29.735742999772302], [-95.29050800006861, 29.736551000131403], [-95.29020000009704, 29.737334999949788], [-95.28991899988965, 29.73798899964886], [-95.28963299965937, 29.738675000227293], [-95.28937099971857, 29.739342999974472], [-95.28909500043235, 29.740024000110925], [-95.28883400031644, 29.740702999632354], [-95.28857999987324, 29.741366000217525], [-95.28837200035909, 29.74183799983835], [-95.28828600014535, 29.74204300014831], [-95.28801800035676, 29.742742000101597], [-95.28807100006021, 29.743047000172254], [-95.28809600017456, 29.74313299966649], [-95.28810000037252, 29.74315999987341], [-95.2881279999616, 29.74332899961682], [-95.28815100042615, 29.74400299981696], [-95.28816099957358, 29.744728999931038], [-95.28817099961933, 29.745434999946742], [-95.28817200034254, 29.746160999831627], [-95.28818700041116, 29.746868999671086], [-95.28819800028181, 29.747575000216834], [-95.2882330004419, 29.74776400015896], [-95.28825000016035, 29.747852000035213], [-95.28829500036619, 29.74821999981525], [-95.2885990001398, 29.749756000350633], [-95.28705300043414, 29.748633999902967], [-95.28690299974801, 29.748525000381044], [-95.28665099985292, 29.74828800033886], [-95.28657399986004, 29.748158000031705], [-95.2849510001615, 29.745441000115576], [-95.28489099988703, 29.745306999638956], [-95.28491099997852, 29.74520000020069], [-95.28494500031371, 29.745022999713086], [-95.28476799986339, 29.744621999876024], [-95.28383599955274, 29.743475000190394], [-95.28311900022557, 29.74287600010621], [-95.28303999968453, 29.742839999726755], [-95.2828680001554, 29.742762000160212], [-95.2817910000798, 29.741505000187924], [-95.28140699994024, 29.741057999888493], [-95.28121699996944, 29.740714999755973], [-95.2802210000847, 29.739518999611043], [-95.27978400024168, 29.73870200007453], [-95.27924699994126, 29.737890999963195], [-95.27904799974962, 29.737662000332417], [-95.27887899969524, 29.73717999997326], [-95.27799499996347, 29.735353000254932], [-95.27792299999345, 29.73496199999857], [-95.27758200040992, 29.734266999680898], [-95.27749100017331, 29.733879999925264], [-95.27715300006452, 29.733472999889763], [-95.27691200004008, 29.732936000003196], [-95.2764619997783, 29.730882000005174], [-95.2764269996182, 29.730235999610965], [-95.27614499958591, 29.72914600034475], [-95.27591600015535, 29.728642999814788], [-95.2751799996633, 29.72739399982265], [-95.27528400031866, 29.72733599995987], [-95.27531000025795, 29.727321000339646], [-95.27630899961743, 29.726760999910383], [-95.27651299983192, 29.72664700037068], [-95.27721699963863, 29.72695000007315], [-95.27749399964807, 29.727017000115513], [-95.27804099999423, 29.72740000029071], [-95.27843500017953, 29.72750399976615], [-95.2788839997181, 29.72751499983188], [-95.27893099957376, 29.727515999908714], [-95.28016699965802, 29.72742800013006], [-95.28049999974395, 29.727448000121974], [-95.28082100013432, 29.727394999900703], [-95.28134900021392, 29.727447000044517], [-95.28166700023124, 29.727379000211023], [-95.28176400031563, 29.72731100033149], [-95.28185999967678, 29.727152000146553], [-95.28189800020994, 29.727088999738584], [-95.28211099974693, 29.726466999643048], [-95.28221700005214, 29.725971000370578], [-95.28221799987706, 29.725719000216202], [-95.28202799990626, 29.724924999863433], [-95.2820239997083, 29.72490799967712], [-95.28206700026432, 29.724697000383312], [-95.28239299977925, 29.724238000320764], [-95.28262600030607, 29.723827999835773], [-95.28305399992824, 29.72307599975643], [-95.28337299977046, 29.722632999749717], [-95.28338399964113, 29.722618000206612], [-95.28358799985561, 29.722491999899088], [-95.28361499961979, 29.722484999790705], [-95.28363200023654, 29.722471000352567], [-95.28413699985163, 29.722369999945958], [-95.28482200029005, 29.722515999821237], [-95.28562099963298, 29.722687000270778], [-95.2860220003893, 29.72261700008095], [-95.2861760003751, 29.722632999749717], [-95.2864309997449, 29.722658999888655], [-95.28726599997117, 29.723276000369083], [-95.28780599974634, 29.723455999799558], [-95.28805299961853, 29.72346399995745], [-95.28840900016901, 29.72338000021811], [-95.28861000001045, 29.723333000119645], [-95.28930799996937, 29.72326700007702], [-95.28983500022406, 29.723355000384217], [-95.29012599957889, 29.72348999988109], [-95.29031200025004, 29.72363300012086], [-95.29048700015221, 29.723917999876395], [-95.2910629999124, 29.725573000320114], [-95.29127200014977, 29.725839999904935], [-95.29168700025146, 29.726072000273412], [-95.29289200037358, 29.726324000321377], [-95.29326100044453, 29.726484999652353], [-95.29359899965502, 29.726748999677532], [-95.29404300006902, 29.72739800013475], [-95.29433400032218, 29.727703000059574], [-95.29459500043808, 29.727878999837326], [-95.2947949995563, 29.727947000112014], [-95.29489900021169, 29.727944999966947], [-95.29486700042465, 29.72803200000052]]]}, "properties": {"geoid": "48201311100", "name": "Census Tract 3111", "population": "5091.0", "median_hh_income": "42721.0", "poverty_rate": "0.19642506383814576", "nearest_dollar_store_mi": "1.22", "gap_score": "2486.5"}}, {"type": "Feature", "geometry": {"type": "Polygon", "coordinates": [[[-95.30509999998188, 29.708425000208468], [-95.30493699977526, 29.70851800003369], [-95.3023270004128, 29.709975999826128], [-95.29985900044224, 29.71135999988764], [-95.29859800024363, 29.712071000271038], [-95.29660300010109, 29.713195999973664], [-95.2948509996328, 29.71417199961124], [-95.29049600037305, 29.71662999992909], [-95.29027799991485, 29.716738999784233], [-95.28607500009275, 29.719107000066156], [-95.2860430003057, 29.719069000196242], [-95.28602099966608, 29.71798399985395], [-95.28595500044214, 29.71684400034875], [-95.28595100024418, 29.716770000029182], [-95.28594100019845, 29.71552700011865], [-95.28590000019057, 29.714786000159908], [-95.2859370000005, 29.714646999838465], [-95.28595999956671, 29.714562000316054], [-95.28610900042794, 29.71448699966803], [-95.28717100043494, 29.71447999978151], [-95.28790600020376, 29.71393000004055], [-95.28834800006965, 29.713609000064608], [-95.28852999964452, 29.71346399993339], [-95.28939500000801, 29.71280399975715], [-95.29019000005131, 29.71219699961628], [-95.29017400015776, 29.71167399995023], [-95.29015999991407, 29.710910000312236], [-95.29014999986833, 29.71069800021561], [-95.29013099960176, 29.710133999663462], [-95.29013099960176, 29.70936299976775], [-95.2901130000584, 29.708615000053257], [-95.2900979999898, 29.707973999691752], [-95.2900989998147, 29.70787999987042], [-95.29008399974609, 29.707136000371953], [-95.29005299978394, 29.70640300008147], [-95.28988299990465, 29.705629999818765], [-95.28972499972087, 29.70487100018224], [-95.28980500008683, 29.70465300033346], [-95.28998500001188, 29.704463000014844], [-95.29027100024216, 29.70422099967176], [-95.2905130000915, 29.704042999924216], [-95.29109999972232, 29.703881999709886], [-95.29154800033429, 29.703826999684146], [-95.29285600038857, 29.70386300001648], [-95.29337699989718, 29.703839999849027], [-95.29395299965735, 29.703659000043228], [-95.29442300001062, 29.70331700035179], [-95.29483700028742, 29.702873999761763], [-95.29526800028263, 29.702340999761145], [-95.29545300023055, 29.702126000092], [-95.29560700021635, 29.70222600024939], [-95.29751299977211, 29.70345499965563], [-95.29779200032968, 29.703628999966295], [-95.2991940000953, 29.70450599992134], [-95.30113099961319, 29.70576400023207], [-95.30155400011081, 29.70603900021752], [-95.30202799976374, 29.7063680001669], [-95.30228999970457, 29.70655000005769], [-95.30431900018229, 29.707904000165215], [-95.30499399967668, 29.708353999948336], [-95.30509999998188, 29.708425000208468]]]}, "properties": {"geoid": "48201311300", "name": "Census Tract 3113", "population": "4120.0", "median_hh_income": "67316.0", "poverty_rate": "0.08592233009708738", "nearest_dollar_store_mi": "0.59", "gap_score": "448.1"}}, {"type": "Feature", "geometry": {"type": "Polygon", "coordinates": [[[-95.37141899989277, 29.71363800006573], [-95.37116600017279, 29.713908000050676], [-95.37062600039762, 29.714699999770435], [-95.37017199993787, 29.715342999719134], [-95.36977699992767, 29.71581600026035], [-95.3693790004427, 29.716305000030573], [-95.36864799997352, 29.717214000348065], [-95.36817599997042, 29.7178289996278], [-95.36784500043262, 29.718251000125175], [-95.3671549999713, 29.719095999858894], [-95.36667000044774, 29.71972100007553], [-95.3663390000116, 29.72014799961095], [-95.36617900017806, 29.720345000152754], [-95.36567000036503, 29.720968000109075], [-95.36558800034925, 29.72091800001365], [-95.36468199997789, 29.720393000238044], [-95.36399499988961, 29.719981000124065], [-95.36387000021615, 29.71998399979961], [-95.36266300044421, 29.71958600018974], [-95.36172899958542, 29.719290999807416], [-95.36137600030634, 29.719185000082444], [-95.35882499959679, 29.718396000363512], [-95.35897399955971, 29.71801099980846], [-95.359115000025, 29.717653000168063], [-95.35940499955493, 29.716928000097145], [-95.3597069996787, 29.71619699989378], [-95.36002200022129, 29.71544900038055], [-95.36043200030012, 29.71448099998825], [-95.3609660002275, 29.71315000000759], [-95.36141099956812, 29.712061999754457], [-95.36173799980627, 29.71126900005122], [-95.36193199997503, 29.710762999696648], [-95.36222900007594, 29.71078199964502], [-95.36237800003886, 29.710312999786254], [-95.36240800017609, 29.710217000095724], [-95.3639570002548, 29.710127000253745], [-95.36724299983484, 29.70977300004051], [-95.3680060000911, 29.709627999830886], [-95.36894599989935, 29.709274000199102], [-95.3694000003591, 29.709263999953347], [-95.36989699957824, 29.709502999858838], [-95.37019899970204, 29.709841000098944], [-95.37036699993152, 29.71016400013783], [-95.37043100040395, 29.71051600004061], [-95.3703290002967, 29.71183999976042], [-95.3704210003582, 29.71226100023861], [-95.37069499999458, 29.712855999658945], [-95.37084300013261, 29.71306900010097], [-95.37086300022409, 29.71308700017254], [-95.37135600014358, 29.713526000095833], [-95.37146699957336, 29.713587000004395], [-95.37141899989277, 29.71363800006573]]]}, "properties": {"geoid": "48201312902", "name": "Census Tract 3129.02", "population": "2391.0", "median_hh_income": "", "poverty_rate": "0.30896027049873204", "nearest_dollar_store_mi": "1.95", "gap_score": "0.0"}}, {"type": "Feature", "geometry": {"type": "Polygon", "coordinates": [[[-95.36237800003886, 29.710312999786254], [-95.36222900007594, 29.71078199964502], [-95.36193199997503, 29.710762999696648], [-95.36173799980627, 29.71126900005122], [-95.36141099956812, 29.712061999754457], [-95.3609660002275, 29.71315000000759], [-95.36043200030012, 29.71448099998825], [-95.36002200022129, 29.71544900038055], [-95.3597069996787, 29.71619699989378], [-95.35940499955493, 29.716928000097145], [-95.359115000025, 29.717653000168063], [-95.35897399955971, 29.71801099980846], [-95.35882499959679, 29.718396000363512], [-95.35626399973981, 29.717623000371194], [-95.35433499971951, 29.71704199975468], [-95.35368799981423, 29.716848000301198], [-95.35384500017305, 29.71647700032641], [-95.3540240002732, 29.71599999979285], [-95.35429399971163, 29.715322999655367], [-95.3544390003749, 29.715018999756236], [-95.35459900020848, 29.71457600007712], [-95.35490499963191, 29.713825999762143], [-95.35518800038744, 29.713059000233176], [-95.35550399985661, 29.712325000039964], [-95.35587399975246, 29.71140100026714], [-95.35613200039364, 29.710755000086873], [-95.35634300028084, 29.71022799971545], [-95.35653099970351, 29.709743999703218], [-95.35654599977212, 29.709704999935983], [-95.35671300017668, 29.709770000059798], [-95.35733499996762, 29.710337999747487], [-95.35754300038009, 29.71045199986632], [-95.35756599994632, 29.710454999826663], [-95.3580660004368, 29.71052799987364], [-95.35842799993677, 29.71046900016042], [-95.35928499990432, 29.710124000283592], [-95.35992900033487, 29.71000699981877], [-95.36070799958634, 29.710003999845043], [-95.36224300031965, 29.710227000246572], [-95.36240800017609, 29.710217000095724], [-95.36237800003886, 29.710312999786254]]]}, "properties": {"geoid": "48201312901", "name": "Census Tract 3129.01", "population": "1869.0", "median_hh_income": "14302.0", "poverty_rate": "0.39215686274509803", "nearest_dollar_store_mi": "2.09", "gap_score": "1297.7"}}, {"type": "Feature", "geometry": {"type": "Polygon", "coordinates": [[[-95.35628600037944, 29.648215000134847], [-95.35613400004347, 29.648304999988017], [-95.35579799958448, 29.648504000245083], [-95.35566600023832, 29.648640999769672], [-95.3555159995522, 29.649005999906645], [-95.35540199974936, 29.649103000370676], [-95.3546850004222, 29.649361000320884], [-95.35403799961858, 29.649383999682208], [-95.3530590003506, 29.64931999961353], [-95.35218599959119, 29.649046999961257], [-95.35205099987196, 29.648971000303835], [-95.35191000030497, 29.6488020002435], [-95.35175799996901, 29.64821600022041], [-95.35165800040991, 29.648105000031578], [-95.34977399969712, 29.64754299972888], [-95.34905300017199, 29.64720900037688], [-95.34856299972724, 29.647060000081808], [-95.34791199962397, 29.647080999775156], [-95.34568999970071, 29.647808999710378], [-95.34528800001782, 29.64785700009591], [-95.34509100037432, 29.647815000247725], [-95.34491800012196, 29.6476660000689], [-95.34436699957783, 29.646670999838495], [-95.34416400008655, 29.6465009997178], [-95.34357400008267, 29.646365999830714], [-95.34226199983044, 29.646251999628983], [-95.3419010001554, 29.646220000165506], [-95.34157399991727, 29.6461509998971], [-95.3413300004181, 29.64602200018499], [-95.34098300008847, 29.64558199961468], [-95.34077899987398, 29.645403999870265], [-95.34050400041268, 29.64524800000224], [-95.33845599966837, 29.64433899985164], [-95.33817500035929, 29.64429599997274], [-95.33785399996891, 29.644336000260154], [-95.3377119996787, 29.644406000334445], [-95.33698399958256, 29.645120000030015], [-95.33686899995482, 29.64523299983702], [-95.33652900019621, 29.645489000112097], [-95.33583999955981, 29.64558800028477], [-95.3351270004306, 29.64543300003432], [-95.33480600004023, 29.645475000095566], [-95.33455199959701, 29.645651000273087], [-95.33406799989834, 29.646142999828978], [-95.33380599995752, 29.64640999970972], [-95.33344899958213, 29.64644999993786], [-95.33317199957271, 29.64639300029107], [-95.33289200008853, 29.646441999893504], [-95.33230700010753, 29.646339000143904], [-95.33197900004447, 29.646341000352287], [-95.33171299990569, 29.646431999642022], [-95.33132200009344, 29.646685999789447], [-95.32968699980101, 29.648925999904357], [-95.32920599957708, 29.64941400033472], [-95.32898700019227, 29.649573000208736], [-95.32879700022148, 29.649641999692882], [-95.32851500018917, 29.649670000126363], [-95.3279600003454, 29.649560000051682], [-95.32706900004263, 29.649457999662168], [-95.32668499990307, 29.649573000208736], [-95.32582700011059, 29.650042000126852], [-95.32496299957201, 29.650434000024806], [-95.32394099974799, 29.650500000291597], [-95.32185500026718, 29.650521000048077], [-95.3201320001112, 29.650627000387555], [-95.3195270000387, 29.65084699964583], [-95.31894299988261, 29.651170999636793], [-95.31803099966345, 29.65189700034011], [-95.31787900022579, 29.65206499984065], [-95.3178020002329, 29.65215300006187], [-95.31745499990329, 29.652341000028326], [-95.31730099991748, 29.65250700026325], [-95.3171960003355, 29.652700999814567], [-95.31707499996168, 29.653335999638127], [-95.31691900032607, 29.653704000017026], [-95.31659399973773, 29.65415699977917], [-95.31614199982612, 29.65451700009539], [-95.31539700001153, 29.654847000099622], [-95.3148940000463, 29.654951999767643], [-95.31464600034917, 29.655003999941822], [-95.31462299988465, 29.654942000361576], [-95.31451800030266, 29.654660000151996], [-95.31432199958577, 29.65408000004958], [-95.31414599985868, 29.653454999791187], [-95.31394800039027, 29.652792000380682], [-95.31377799961264, 29.652231999795752], [-95.31348700025782, 29.6512800002378], [-95.31283299978152, 29.64906800002087], [-95.31190100036919, 29.645990999975318], [-95.31172700029192, 29.64547999987862], [-95.31131499966496, 29.64402600034979], [-95.31111499964841, 29.64334599979717], [-95.31072899985904, 29.64203499993404], [-95.31027000027473, 29.640526999700185], [-95.30979499989856, 29.639046999789333], [-95.31010100022033, 29.639036000188103], [-95.31163699988024, 29.63899799971091], [-95.31210100038572, 29.638989999855184], [-95.31479000028922, 29.638944000282113], [-95.31645300017074, 29.63891599998854], [-95.31723700034337, 29.638905000372947], [-95.31951699999296, 29.638870999779193], [-95.31958399994011, 29.638870000381587], [-95.31960999987938, 29.638870000381587], [-95.32132999966231, 29.63884600000125], [-95.32398599995383, 29.638820000038233], [-95.32399599999958, 29.637922000137735], [-95.32399199980163, 29.63752300014871], [-95.32567800014768, 29.637536000298503], [-95.32686900002611, 29.637543000078157], [-95.32754900044166, 29.637552999650985], [-95.327715000123, 29.637552999650985], [-95.3279960003304, 29.637552000240312], [-95.32860999972542, 29.637564000194992], [-95.32995799996266, 29.637576000148247], [-95.33117599960526, 29.637585999717857], [-95.33132899976614, 29.637590999892666], [-95.33193999968641, 29.637590999892666], [-95.33260400020845, 29.637569999781455], [-95.3332610001595, 29.637527000134924], [-95.33353399997095, 29.637499999639353], [-95.3337830003913, 29.637476999905473], [-95.33421600003635, 29.637459000347764], [-95.3348040003904, 29.63739899971661], [-95.33507899985169, 29.63737599995973], [-95.33553300031146, 29.6373450002112], [-95.33596500013158, 29.637313000259216], [-95.33649900005898, 29.6372560001244], [-95.33684899986335, 29.63723600013796], [-95.33759700005096, 29.637153000346938], [-95.33773199977018, 29.63713700034175], [-95.33938999962884, 29.636958999721905], [-95.3400139999679, 29.63690499998055], [-95.34071600012479, 29.63685699983908], [-95.34153499955919, 29.63677700033329], [-95.34177599958362, 29.636757000251674], [-95.3419229998967, 29.63675200003545], [-95.3421610004464, 29.636735999966547], [-95.3430979998816, 29.636660999804807], [-95.34391899986416, 29.636604000081775], [-95.34480099994609, 29.636524999795885], [-95.34554699958558, 29.63646699979362], [-95.34571300016525, 29.63645499970822], [-95.34614699963521, 29.63642499987881], [-95.3465819998284, 29.636388000181082], [-95.34744600036697, 29.636324999862484], [-95.34831500003011, 29.63625300000788], [-95.34870099981948, 29.6362219999136], [-95.34884499975954, 29.636280000056967], [-95.3489059998589, 29.636281000261075], [-95.34890800040704, 29.636969000133533], [-95.34885099960731, 29.637277000301143], [-95.34882600039127, 29.637507999613415], [-95.34882800004108, 29.637687999643124], [-95.34883100041414, 29.63793000007829], [-95.34937299983913, 29.638095999872732], [-95.34936500034152, 29.638165000195894], [-95.35254899981435, 29.63819199973244], [-95.35299400005327, 29.638199999651548], [-95.3544050000397, 29.638211000124883], [-95.35549999965865, 29.638220999631375], [-95.3557909999118, 29.63822000022733], [-95.3559459997225, 29.63822000022733], [-95.35595900014128, 29.639055999817064], [-95.35595400011842, 29.63968599975985], [-95.35598599990547, 29.6404680002788], [-95.35599400030138, 29.640700000239082], [-95.35598699973038, 29.64084399978407], [-95.35599299957816, 29.641372000257476], [-95.35601600004269, 29.64240700004159], [-95.35606700009632, 29.643293999846072], [-95.35607399976902, 29.644135000099656], [-95.35609399986049, 29.644615000144082], [-95.35612200034791, 29.64534999997336], [-95.356149999937, 29.646103000259583], [-95.35622199990702, 29.64685500027945], [-95.35628100035656, 29.647700000034796], [-95.35628499965621, 29.648144000280716], [-95.35628600037944, 29.648215000134847]]]}, "properties": {"geoid": "48201331700", "name": "Census Tract 3317", "population": "3840.0", "median_hh_income": "38994.0", "poverty_rate": "0.42526041666666664", "nearest_dollar_store_mi": "3.17", "gap_score": "5473.0"}}, {"type": "Feature", "geometry": {"type": "Polygon", "coordinates": [[[-95.35629399987704, 29.64910399966671], [-95.35625000039443, 29.64943400024432], [-95.3562069998384, 29.649842999787644], [-95.35614200043938, 29.65009900004955], [-95.35606000042361, 29.650500000291597], [-95.3558339995695, 29.65111500037792], [-95.35554200038976, 29.652262000380063], [-95.3554739997194, 29.652637000293662], [-95.35540799959715, 29.65348600004414], [-95.35541000014528, 29.653996000064513], [-95.35541400034323, 29.654243999706868], [-95.35546299984874, 29.655920999874535], [-95.35547200006957, 29.6566629999072], [-95.3554820001153, 29.657125000374535], [-95.35548899978802, 29.657603000159714], [-95.35551899992524, 29.658436999629213], [-95.35536099974149, 29.658434999661214], [-95.35531600043396, 29.658433999677253], [-95.35485000027863, 29.65836799992982], [-95.35265599994447, 29.658404000152245], [-95.35182699956599, 29.65840100019924], [-95.3488849999425, 29.65844000036177], [-95.34613199956658, 29.658481999679235], [-95.34543199995787, 29.658494000261605], [-95.34429499960781, 29.658503000112027], [-95.3436119997175, 29.65850900001185], [-95.34309600023177, 29.658512999944858], [-95.34211100021768, 29.658522999776647], [-95.34121400006714, 29.658533000388154], [-95.34027799955854, 29.658533000388154], [-95.33977899979125, 29.658554000029664], [-95.33825200035217, 29.65856399985738], [-95.33782300000678, 29.65856299987465], [-95.33731400019374, 29.658569999753578], [-95.33651300030267, 29.65862199961936], [-95.33650400008185, 29.65791399961885], [-95.33650499990677, 29.65772299994194], [-95.33647300011971, 29.656935999978458], [-95.33644999965517, 29.656156000151768], [-95.33643999960942, 29.655382999844228], [-95.33642999956369, 29.654615999976077], [-95.33640600017256, 29.653843000329804], [-95.3363889995558, 29.65307699969107], [-95.33639000027904, 29.652320999915734], [-95.33638100005821, 29.651843000022897], [-95.33642500043914, 29.651407000130177], [-95.33649999988388, 29.650915999818043], [-95.33681600025137, 29.650103000316847], [-95.33698799978052, 29.649684999630434], [-95.33721600028446, 29.648831000209377], [-95.33728400005653, 29.648012999824516], [-95.33722299995716, 29.647177999752067], [-95.33712500004786, 29.64636100009165], [-95.33699700000135, 29.645235000067366], [-95.33699000032865, 29.645177999732635], [-95.33698399958256, 29.645120000030015], [-95.3377119996787, 29.644406000334445], [-95.33785399996891, 29.644336000260154], [-95.33817500035929, 29.64429599997274], [-95.33845599966837, 29.64433899985164], [-95.34050400041268, 29.64524800000224], [-95.34077899987398, 29.645403999870265], [-95.34098300008847, 29.64558199961468], [-95.3413300004181, 29.64602200018499], [-95.34157399991727, 29.6461509998971], [-95.3419010001554, 29.646220000165506], [-95.34226199983044, 29.646251999628983], [-95.34357400008267, 29.646365999830714], [-95.34416400008655, 29.6465009997178], [-95.34436699957783, 29.646670999838495], [-95.34491800012196, 29.6476660000689], [-95.34509100037432, 29.647815000247725], [-95.34528800001782, 29.64785700009591], [-95.34568999970071, 29.647808999710378], [-95.34791199962397, 29.647080999775156], [-95.34856299972724, 29.647060000081808], [-95.34905300017199, 29.64720900037688], [-95.34977399969712, 29.64754299972888], [-95.35165800040991, 29.648105000031578], [-95.35175799996901, 29.64821600022041], [-95.35191000030497, 29.6488020002435], [-95.35205099987196, 29.648971000303835], [-95.35218599959119, 29.649046999961257], [-95.3530590003506, 29.64931999961353], [-95.35403799961858, 29.649383999682208], [-95.3546850004222, 29.649361000320884], [-95.35540199974936, 29.649103000370676], [-95.3555159995522, 29.649005999906645], [-95.35566600023832, 29.648640999769672], [-95.35579799958448, 29.648504000245083], [-95.35613400004347, 29.648304999988017], [-95.35628600037944, 29.648215000134847], [-95.35628600037944, 29.648284999854102], [-95.35629399987704, 29.64910399966671]]]}, "properties": {"geoid": "48201331800", "name": "Census Tract 3318", "population": "4268.0", "median_hh_income": "31938.0", "poverty_rate": "0.5215557638238051", "nearest_dollar_store_mi": "3.09", "gap_score": "6494.0"}}, {"type": "Feature", "geometry": {"type": "Polygon", "coordinates": [[[-95.35571499974381, 29.66909399987432], [-95.35558300039766, 29.66905200030382], [-95.35510200017372, 29.668898000167545], [-95.35464100004127, 29.66869600000637], [-95.35407199995379, 29.668299999896526], [-95.35360099977558, 29.667993000096526], [-95.353108999681, 29.667772000186705], [-95.35215600035227, 29.667495000281598], [-95.351509000447, 29.66728999995641], [-95.35048400024992, 29.66698599989297], [-95.34979700016167, 29.66686999983203], [-95.3489340003463, 29.666868999931843], [-95.34848900010738, 29.666888000375085], [-95.34760000035276, 29.66677599980563], [-95.34682700005077, 29.66656099976371], [-95.34603100018258, 29.666312000132027], [-95.34534099972126, 29.666202000295886], [-95.34446200001237, 29.666204000109488], [-95.34416400008655, 29.666208999643327], [-95.34357900010554, 29.666213000050785], [-95.34269399965056, 29.666230999930836], [-95.34200099971451, 29.6662360002439], [-95.34181599976658, 29.66624899980773], [-95.34074100023912, 29.666277000303637], [-95.33826599969757, 29.666306999822744], [-95.33791900026625, 29.666308999634257], [-95.33764399990663, 29.666327000277768], [-95.33719500036807, 29.666338999924392], [-95.33719500036807, 29.666305999916972], [-95.33718799979705, 29.6658550000318], [-95.33718600014723, 29.665435000160073], [-95.33715699983492, 29.664657999638354], [-95.33713199972055, 29.663900000367292], [-95.33703299998636, 29.663159999717198], [-95.3368170000763, 29.662413000257498], [-95.33666300009051, 29.661931000108254], [-95.33661600023484, 29.661680999992676], [-95.33660600018911, 29.661253000219794], [-95.33660399964097, 29.66115399984345], [-95.33657000020409, 29.66073699974348], [-95.33655199976242, 29.659974999936978], [-95.33651300030267, 29.65862199961936], [-95.33731400019374, 29.658569999753578], [-95.33782300000678, 29.65856299987465], [-95.33825200035217, 29.65856399985738], [-95.33977899979125, 29.658554000029664], [-95.34027799955854, 29.658533000388154], [-95.34121400006714, 29.658533000388154], [-95.34211100021768, 29.658522999776647], [-95.34309600023177, 29.658512999944858], [-95.3436119997175, 29.65850900001185], [-95.34429499960781, 29.658503000112027], [-95.34543199995787, 29.658494000261605], [-95.34613199956658, 29.658481999679235], [-95.3488849999425, 29.65844000036177], [-95.35182699956599, 29.65840100019924], [-95.35265599994447, 29.658404000152245], [-95.35485000027863, 29.65836799992982], [-95.35531600043396, 29.658433999677253], [-95.35536099974149, 29.658434999661214], [-95.35551899992524, 29.658436999629213], [-95.35552099957505, 29.659159000309817], [-95.35552700032116, 29.659852999778295], [-95.35553099962081, 29.66057499966526], [-95.3555580002833, 29.66130500026019], [-95.35556800032904, 29.662173000028094], [-95.35558800042051, 29.66324599973054], [-95.35562299968231, 29.664359999757693], [-95.35565799984239, 29.66533300024996], [-95.35566799988815, 29.666032000383545], [-95.35567899975881, 29.666735999850786], [-95.35569100035268, 29.667480000310036], [-95.35571499974381, 29.66909399987432]]]}, "properties": {"geoid": "48201331900", "name": "Census Tract 3319", "population": "3361.0", "median_hh_income": "34883.0", "poverty_rate": "0.2606367152633145", "nearest_dollar_store_mi": "3.64", "gap_score": "4237.0"}}, {"type": "Feature", "geometry": {"type": "Polygon", "coordinates": [[[-95.35596499998908, 29.680921000062074], [-95.35576699962236, 29.680960999837886], [-95.35561500018471, 29.680992000199563], [-95.35486699999707, 29.68114599976478], [-95.35449899975104, 29.68122200009176], [-95.35428200001606, 29.68128399986406], [-95.35354499969908, 29.68149400009271], [-95.3527570002268, 29.681775999999502], [-95.35148900035549, 29.68231300038272], [-95.35001499972155, 29.682955000332804], [-95.34919600028712, 29.683251000268392], [-95.3439139998413, 29.684838000052434], [-95.34094100025568, 29.68570700011396], [-95.34088299963103, 29.685535000188988], [-95.34078200024702, 29.685233999807075], [-95.34059899994892, 29.684795000312306], [-95.34031400044186, 29.684061000386997], [-95.34005199960274, 29.68333899974363], [-95.33975600022502, 29.68260899986743], [-95.33959700021637, 29.682216999687643], [-95.33946099977395, 29.681879000152918], [-95.33911000014466, 29.681158999742657], [-95.33858500043812, 29.68051900033849], [-95.33781299996103, 29.679940999801847], [-95.33712599987278, 29.679347000305995], [-95.33682600029714, 29.678943999971512], [-95.33661200003688, 29.678448999888957], [-95.33650200043202, 29.676967000027545], [-95.33644600035552, 29.676204000047772], [-95.3364370001347, 29.67541899990759], [-95.3375009997915, 29.67540000029554], [-95.337669000021, 29.67541999972275], [-95.33813000015344, 29.675511000032248], [-95.33898499957289, 29.675561000098625], [-95.3399779999829, 29.675877000068006], [-95.34091899961605, 29.676160999736457], [-95.34186199979736, 29.676441999968283], [-95.34280199960558, 29.676707000236753], [-95.34373100044151, 29.677006000016213], [-95.34467299989959, 29.677277999716676], [-95.34559599998938, 29.677573000184122], [-95.34655599988912, 29.67784300032954], [-95.3474909996745, 29.678137000131496], [-95.34841899978717, 29.678430000068992], [-95.34937899968692, 29.67869300021532], [-95.35029699975385, 29.67899399989165], [-95.35108299957633, 29.679208000111686], [-95.35122400004161, 29.679250999900336], [-95.35178300008337, 29.67940099990851], [-95.35205599989484, 29.67935800018403], [-95.35218899996423, 29.6793419998644], [-95.35241599974495, 29.679330999984604], [-95.3546929999198, 29.67998300028767], [-95.35572599961446, 29.68033400003821], [-95.35579400028485, 29.680343000275812], [-95.35595599976824, 29.68036400004673], [-95.35596199961601, 29.680735999721097], [-95.35596499998908, 29.680921000062074]]]}, "properties": {"geoid": "48201332100", "name": "Census Tract 3321", "population": "3173.0", "median_hh_income": "41299.0", "poverty_rate": "0.3643239836117239", "nearest_dollar_store_mi": "3.78", "gap_score": "4329.0"}}, {"type": "Feature", "geometry": {"type": "Polygon", "coordinates": [[[-95.32565700023127, 29.69198900015553], [-95.32293499981752, 29.69330899975206], [-95.32250299999738, 29.69350500025189], [-95.32221199974424, 29.693426999796188], [-95.32168399966463, 29.69328600028942], [-95.32147799980031, 29.69318999993087], [-95.3208359999179, 29.692994000377244], [-95.32043099986194, 29.692858999673998], [-95.31916200016572, 29.69247499995952], [-95.31834500038111, 29.69223199996115], [-95.31683399993726, 29.691772000095778], [-95.31641600036083, 29.691644000009767], [-95.31618600020705, 29.69155699965708], [-95.31510400010858, 29.69124000015651], [-95.31445300000533, 29.690961000032104], [-95.3139020003595, 29.690656999741904], [-95.3127680003825, 29.68976599974417], [-95.30951500041441, 29.687278000303284], [-95.30792500032781, 29.68605699967864], [-95.30751799972373, 29.685737000079794], [-95.30702700035236, 29.685393000038165], [-95.30668800041865, 29.685249999969333], [-95.3063479997617, 29.685197999822886], [-95.30570099985641, 29.68517099963122], [-95.30276699973054, 29.685186000085462], [-95.30072499973232, 29.685189999737933], [-95.29868600010718, 29.685192999672324], [-95.29631000019813, 29.685149000365676], [-95.29590099994422, 29.68447300036705], [-95.29571000014852, 29.684183000057008], [-95.29547300032205, 29.68384899981497], [-95.29507499993879, 29.683243999765835], [-95.2948230000437, 29.68288100001761], [-95.2943789996297, 29.682175999883174], [-95.2939009997788, 29.681450999702527], [-95.29421799997122, 29.681440999808792], [-95.298687999757, 29.681437999762423], [-95.30141400036874, 29.681427000111974], [-95.30151399992783, 29.681430000158688], [-95.30318400038037, 29.68143499971596], [-95.30410400009714, 29.68142100001835], [-95.30557199998498, 29.681417999971384], [-95.30608800036902, 29.68130299992505], [-95.30637899972385, 29.68122800019725], [-95.30716600026953, 29.6810630002869], [-95.3074170003397, 29.680999999838157], [-95.30794299987116, 29.680888999917727], [-95.30836899984351, 29.680796000269765], [-95.30873500043973, 29.680711000197306], [-95.30935399985762, 29.680563000110897], [-95.30952799993487, 29.680523000176667], [-95.30976099956338, 29.680470000161293], [-95.31030999955938, 29.68035400004487], [-95.31108700005933, 29.680169000221408], [-95.31187500042992, 29.679993000326434], [-95.31226700006708, 29.679898000308338], [-95.31267200012303, 29.679814999800012], [-95.31310599959298, 29.679717000296453], [-95.31344700007485, 29.679639000065784], [-95.31399100004798, 29.679507000258003], [-95.31423999956999, 29.679452999931936], [-95.31487200030499, 29.679302000224826], [-95.31503600033653, 29.67927700034443], [-95.3157750003033, 29.67909299987863], [-95.31658700006504, 29.678922999904024], [-95.3167729998379, 29.678872000167747], [-95.31738499958307, 29.67872900018774], [-95.3181810003496, 29.678549999980717], [-95.31896899982188, 29.67837100023547], [-95.31950899959705, 29.67825199989712], [-95.32054499966476, 29.67802399981289], [-95.32104799963001, 29.677897999749913], [-95.3214550002341, 29.677798000355605], [-95.3217930003429, 29.678857000332236], [-95.32293999984037, 29.682696000161965], [-95.32295499990899, 29.682748000041894], [-95.32345000037662, 29.684414000178045], [-95.32371800016523, 29.685310000164858], [-95.32393499990022, 29.68611900037081], [-95.32404100020544, 29.6864760003395], [-95.32439000018488, 29.68765500017198], [-95.32491999991431, 29.689381000239337], [-95.32535299955934, 29.690804999792693], [-95.32551199956801, 29.691381999849664], [-95.32563999961452, 29.691716999682523], [-95.3257149999576, 29.69196200022757], [-95.32565700023127, 29.69198900015553]]]}, "properties": {"geoid": "48201332700", "name": "Census Tract 3327", "population": "2319.0", "median_hh_income": "44909.0", "poverty_rate": "0.2807244501940492", "nearest_dollar_store_mi": "2.38", "gap_score": "2356.8"}}, {"type": "Feature", "geometry": {"type": "Polygon", "coordinates": [[[-95.32250299999738, 29.69350500025189], [-95.31933500041809, 29.69494599968912], [-95.31688099979291, 29.696053999658936], [-95.31577100010534, 29.69650800023595], [-95.31517799972843, 29.69669699961177], [-95.31463200010548, 29.696853999669322], [-95.31401699998723, 29.697001000355645], [-95.31341899958744, 29.6971130000282], [-95.3128880000331, 29.69718500003048], [-95.3121060004086, 29.697225999954487], [-95.3120579998297, 29.697227000333093], [-95.31167899971302, 29.697233999861595], [-95.31077499988979, 29.697169999806636], [-95.31030299988667, 29.697136000175462], [-95.30990399967851, 29.697085999916542], [-95.30964099991279, 29.697054000237195], [-95.30872500039399, 29.696937999753406], [-95.30784300031205, 29.696825000283514], [-95.30673100007635, 29.696682999699092], [-95.30593299966002, 29.696581000276456], [-95.3055159999085, 29.696520999787406], [-95.30538700003704, 29.696502000262274], [-95.30449900010736, 29.696383000321255], [-95.3042920004181, 29.696354999626145], [-95.30207999964229, 29.696059000049424], [-95.30165899969279, 29.696003000031432], [-95.30067899970157, 29.69590200031021], [-95.3003840001488, 29.69587200025752], [-95.30030100030812, 29.69567300007169], [-95.30016800023873, 29.695356999907734], [-95.29975899998482, 29.694443999875308], [-95.29936499979952, 29.69352000024257], [-95.29899999992654, 29.692714000017293], [-95.29886900040529, 29.692309999783834], [-95.29879800026018, 29.691367000320213], [-95.29877099959768, 29.690484999704267], [-95.29877099959768, 29.689609999990758], [-95.2987150004195, 29.689284000374673], [-95.29868699993209, 29.689183000142602], [-95.29866199981774, 29.689047999782016], [-95.2985959996955, 29.68883700004607], [-95.29855600041083, 29.68874600009347], [-95.29842599981617, 29.688454999940774], [-95.29805799957016, 29.68784800013909], [-95.29791500035333, 29.687655999865452], [-95.29747299958913, 29.686983000220923], [-95.29689699982897, 29.686098999950275], [-95.29668699976668, 29.68576499983177], [-95.29631000019813, 29.685149000365676], [-95.29868600010718, 29.685192999672324], [-95.30072499973232, 29.685189999737933], [-95.30276699973054, 29.685186000085462], [-95.30570099985641, 29.68517099963122], [-95.3063479997617, 29.685197999822886], [-95.30668800041865, 29.685249999969333], [-95.30702700035236, 29.685393000038165], [-95.30751799972373, 29.685737000079794], [-95.30792500032781, 29.68605699967864], [-95.30951500041441, 29.687278000303284], [-95.3127680003825, 29.68976599974417], [-95.3139020003595, 29.690656999741904], [-95.31445300000533, 29.690961000032104], [-95.31510400010858, 29.69124000015651], [-95.31618600020705, 29.69155699965708], [-95.31641600036083, 29.691644000009767], [-95.31683399993726, 29.691772000095778], [-95.31834500038111, 29.69223199996115], [-95.31916200016572, 29.69247499995952], [-95.32043099986194, 29.692858999673998], [-95.3208359999179, 29.692994000377244], [-95.32147799980031, 29.69318999993087], [-95.32168399966463, 29.69328600028942], [-95.32221199974424, 29.693426999796188], [-95.32250299999738, 29.69350500025189]]]}, "properties": {"geoid": "48201332800", "name": "Census Tract 3328", "population": "4588.0", "median_hh_income": "53333.0", "poverty_rate": "0.28967538322813347", "nearest_dollar_store_mi": "1.96", "gap_score": "3868.8"}}, {"type": "Feature", "geometry": {"type": "Polygon", "coordinates": [[[-95.29631000019813, 29.685149000365676], [-95.29579899983696, 29.685141999995306], [-95.29540499965167, 29.68515300001966], [-95.29520499963512, 29.68515500023681], [-95.29299500030575, 29.6852220000739], [-95.29091499977439, 29.68525399961926], [-95.29042100002998, 29.68524900025193], [-95.29023299970899, 29.6852559998344], [-95.28926600013656, 29.685299999874648], [-95.28890399973834, 29.685305999736737], [-95.28693399971016, 29.685360999756636], [-95.28432699982243, 29.685403000319113], [-95.28348999994634, 29.685425000309504], [-95.28234799957339, 29.685444000368204], [-95.28170200039133, 29.685456000074865], [-95.2802920002298, 29.685486999830683], [-95.2789180000533, 29.685499000312582], [-95.27849799992872, 29.685530999769753], [-95.2783139998057, 29.685626999640974], [-95.27811200013933, 29.685750999956785], [-95.27804400036729, 29.6856809997721], [-95.2773620003019, 29.68498000020692], [-95.27731899974587, 29.684933000084566], [-95.27724500012603, 29.68485899966477], [-95.27719999992019, 29.684813999709718], [-95.27660700044159, 29.684222000368067], [-95.27574499955281, 29.683364000174706], [-95.27445199956715, 29.682123999707336], [-95.27393199988347, 29.681605999879178], [-95.27334500025263, 29.681021000252244], [-95.27281100032525, 29.680483999991402], [-95.272673000233, 29.680346000354852], [-95.27287200042463, 29.68025099988986], [-95.27341399984961, 29.679994999865784], [-95.27349900023842, 29.679758000323357], [-95.27350699973603, 29.679472000339043], [-95.27341600039776, 29.67916099963192], [-95.27349400021554, 29.67865700023001], [-95.27387699963188, 29.67852899983093], [-95.27420200022021, 29.678549999980717], [-95.27462099962155, 29.678772999963137], [-95.27469000011683, 29.679007999927286], [-95.274829000034, 29.679088000204885], [-95.27540200031946, 29.67928900000682], [-95.27601200041481, 29.679385000376204], [-95.27644400023495, 29.67950100004978], [-95.27679900006218, 29.67949000018739], [-95.27681499995573, 29.679488999632277], [-95.27728799978374, 29.6793480000821], [-95.27754899989965, 29.67927000034561], [-95.27773399984758, 29.6791930003263], [-95.27805299968979, 29.678912999758825], [-95.27847899966214, 29.67877999999656], [-95.27871700021184, 29.678844000056696], [-95.27902699983323, 29.678926999805697], [-95.27915300022993, 29.679107999678987], [-95.27930399984267, 29.679229000119694], [-95.27943500026225, 29.679261999788867], [-95.27988799999876, 29.679376000052795], [-95.2801080001068, 29.67929100034067], [-95.28015999998533, 29.679288000230127], [-95.28047200015487, 29.67926800001135], [-95.28070899998134, 29.679172000310786], [-95.28091200037092, 29.678997000010956], [-95.28108999974785, 29.678714000330896], [-95.28148099956009, 29.678397999912292], [-95.28158799969022, 29.678368999883386], [-95.28163799991893, 29.678354999758756], [-95.28202899973118, 29.678350000048294], [-95.28217400039443, 29.678349000262266], [-95.28243399978713, 29.67824499982692], [-95.28263600035181, 29.678223999613383], [-95.282887000422, 29.67794299967901], [-95.2828890000718, 29.677844999911596], [-95.28289499991958, 29.677623000005546], [-95.28296000021692, 29.67752999967775], [-95.28324899992191, 29.677276000123282], [-95.28343700024288, 29.6772049997029], [-95.28372199974991, 29.677211000048153], [-95.28431000010397, 29.67753500020953], [-95.28478999960468, 29.677614000304892], [-95.28504999989569, 29.677717999832023], [-95.28609500018423, 29.677550000242274], [-95.28661099966997, 29.67766000015406], [-95.2873100003521, 29.677689000387474], [-95.28767799969981, 29.677672999802166], [-95.28811999956568, 29.67759100037247], [-95.28825600000812, 29.677457999641856], [-95.28848799981172, 29.67703799983553], [-95.28855099956091, 29.6768789996573], [-95.28857099965239, 29.67664400018022], [-95.28857099965239, 29.67641600035196], [-95.28852200014691, 29.67606000036671], [-95.28841099981884, 29.675703000089214], [-95.2882819999474, 29.67541999972275], [-95.28815899992375, 29.675185999775234], [-95.2881279999616, 29.67501299998085], [-95.28816499977152, 29.67479800037658], [-95.28825099998527, 29.674583000312523], [-95.28842400023761, 29.67433699972623], [-95.28868199998048, 29.67416400003219], [-95.28890999958611, 29.674077999987816], [-95.28908200001356, 29.6740239998679], [-95.28908399966339, 29.674090000270702], [-95.2890910002344, 29.67440500035458], [-95.28933200025882, 29.67485900038724], [-95.28938999998513, 29.67500999974272], [-95.28950499961286, 29.675270999835845], [-95.28989600032344, 29.675797000357324], [-95.29000599992828, 29.675962000324937], [-95.29056499997002, 29.67675699970839], [-95.29101900042978, 29.677434999673697], [-95.29111099959299, 29.677566000066605], [-95.29175400019861, 29.678473000190454], [-95.29204000042888, 29.678840000151652], [-95.29224999959285, 29.67916999997458], [-95.29289900004628, 29.680038999867534], [-95.29326399991928, 29.680483999991402], [-95.29344600039245, 29.680753000361474], [-95.2939009997788, 29.681450999702527], [-95.2943789996297, 29.682175999883174], [-95.2948230000437, 29.68288100001761], [-95.29507499993879, 29.683243999765835], [-95.29547300032205, 29.68384899981497], [-95.29571000014852, 29.684183000057008], [-95.29590099994422, 29.68447300036705], [-95.29631000019813, 29.685149000365676]]]}, "properties": {"geoid": "48201333000", "name": "Census Tract 3330", "population": "3528.0", "median_hh_income": "67813.0", "poverty_rate": "0.20238095238095238", "nearest_dollar_store_mi": "0.74", "gap_score": "508.3"}}, {"type": "Feature", "geometry": {"type": "Polygon", "coordinates": [[[-95.34094100025568, 29.68570700011396], [-95.33741200010306, 29.68676600027687], [-95.33685800008419, 29.686936000254807], [-95.33586100037452, 29.687265000336424], [-95.33505799993532, 29.68758100019541], [-95.33264299966821, 29.688665000014907], [-95.33211200011387, 29.688905000231284], [-95.33006000006992, 29.68991999991345], [-95.32921800017095, 29.690318000048507], [-95.3259419997383, 29.69185500009486], [-95.3257149999576, 29.69196200022757], [-95.32563999961452, 29.691716999682523], [-95.32551199956801, 29.691381999849664], [-95.32535299955934, 29.690804999792693], [-95.32491999991431, 29.689381000239337], [-95.32439000018488, 29.68765500017198], [-95.32404100020544, 29.6864760003395], [-95.32393499990022, 29.68611900037081], [-95.32371800016523, 29.685310000164858], [-95.32345000037662, 29.684414000178045], [-95.32295499990899, 29.682748000041894], [-95.32293999984037, 29.682696000161965], [-95.3217930003429, 29.678857000332236], [-95.3214550002341, 29.677798000355605], [-95.31998399997319, 29.672890000017304], [-95.32014399980677, 29.672658999954255], [-95.32051200005279, 29.672058999713762], [-95.320871000078, 29.672199000272222], [-95.32109299983586, 29.672231000060282], [-95.32385799990733, 29.67216300030335], [-95.32440500025349, 29.67215199963815], [-95.32534000003886, 29.672132000341445], [-95.32648099968856, 29.672108000087515], [-95.32780399981148, 29.672079999653846], [-95.32859200018206, 29.67205700001658], [-95.33070399960216, 29.672009000247602], [-95.33235499978811, 29.67197700038891], [-95.33695799964329, 29.671880000120787], [-95.33681999955103, 29.672238999615416], [-95.3367819999162, 29.67234399986459], [-95.3365569997853, 29.672963000041804], [-95.33643600030979, 29.67375699988955], [-95.33640600017256, 29.67387199998176], [-95.3364100003705, 29.67422399981991], [-95.33640399962442, 29.674680000314844], [-95.3364370001347, 29.67541899990759], [-95.33644600035552, 29.676204000047772], [-95.33650200043202, 29.676967000027545], [-95.33661200003688, 29.678448999888957], [-95.33682600029714, 29.678943999971512], [-95.33712599987278, 29.679347000305995], [-95.33781299996103, 29.679940999801847], [-95.33858500043812, 29.68051900033849], [-95.33911000014466, 29.681158999742657], [-95.33946099977395, 29.681879000152918], [-95.33959700021637, 29.682216999687643], [-95.33975600022502, 29.68260899986743], [-95.34005199960274, 29.68333899974363], [-95.34031400044186, 29.684061000386997], [-95.34059899994892, 29.684795000312306], [-95.34078200024702, 29.685233999807075], [-95.34088299963103, 29.685535000188988], [-95.34094100025568, 29.68570700011396]]]}, "properties": {"geoid": "48201332200", "name": "Census Tract 3322", "population": "4861.0", "median_hh_income": "31534.0", "poverty_rate": "0.341963545981773", "nearest_dollar_store_mi": "3.25", "gap_score": "6523.3"}}, {"type": "Feature", "geometry": {"type": "Polygon", "coordinates": [[[-95.33730300032312, 29.66998000032997], [-95.33723499965272, 29.670776999897974], [-95.33695799964329, 29.671880000120787], [-95.33235499978811, 29.67197700038891], [-95.33070399960216, 29.672009000247602], [-95.32859200018206, 29.67205700001658], [-95.32861499974828, 29.670949000095543], [-95.32865999995413, 29.670138999709017], [-95.32871000018284, 29.669354999711235], [-95.3287289995511, 29.668565999649417], [-95.32871199983266, 29.668104000203524], [-95.32869699976403, 29.667502000319562], [-95.32867800039578, 29.666483000255703], [-95.32867500002274, 29.66645300000858], [-95.32865699958107, 29.666303000199584], [-95.32864599971043, 29.66559199987321], [-95.32863900003773, 29.665273999757375], [-95.32862700034217, 29.664832999913834], [-95.32861300009846, 29.66405899999059], [-95.32859600038002, 29.66331499998756], [-95.3285749995653, 29.662570999946375], [-95.3285539996489, 29.661855000032702], [-95.32854899962605, 29.661708000247394], [-95.32854699997623, 29.66141000021478], [-95.32854699997623, 29.661364999913136], [-95.32510400003731, 29.6614349998533], [-95.3247719997763, 29.661443000267084], [-95.32426700016124, 29.66145499971575], [-95.3242019998639, 29.661455999669737], [-95.3236169998829, 29.661469999805107], [-95.32187000033579, 29.661492000348446], [-95.32106500024676, 29.66150299983774], [-95.32085699983429, 29.661509000339287], [-95.31868099994178, 29.661535999859538], [-95.31684800018095, 29.66156400010608], [-95.316583999692, 29.661573999634697], [-95.31643200025434, 29.661070000299247], [-95.31590699964947, 29.65934199980313], [-95.31466800009049, 29.655078999710334], [-95.31464600034917, 29.655003999941822], [-95.3148940000463, 29.654951999767643], [-95.31539700001153, 29.654847000099622], [-95.31614199982612, 29.65451700009539], [-95.31659399973773, 29.65415699977917], [-95.31691900032607, 29.653704000017026], [-95.31707499996168, 29.653335999638127], [-95.3171960003355, 29.652700999814567], [-95.31730099991748, 29.65250700026325], [-95.31745499990329, 29.652341000028326], [-95.3178020002329, 29.65215300006187], [-95.31787900022579, 29.65206499984065], [-95.31803099966345, 29.65189700034011], [-95.31894299988261, 29.651170999636793], [-95.3195270000387, 29.65084699964583], [-95.3201320001112, 29.650627000387555], [-95.32185500026718, 29.650521000048077], [-95.32394099974799, 29.650500000291597], [-95.32496299957201, 29.650434000024806], [-95.32582700011059, 29.650042000126852], [-95.32668499990307, 29.649573000208736], [-95.32706900004263, 29.649457999662168], [-95.3279600003454, 29.649560000051682], [-95.32851500018917, 29.649670000126363], [-95.32879700022148, 29.649641999692882], [-95.32898700019227, 29.649573000208736], [-95.32920599957708, 29.64941400033472], [-95.32968699980101, 29.648925999904357], [-95.33132200009344, 29.646685999789447], [-95.33171299990569, 29.646431999642022], [-95.33197900004447, 29.646341000352287], [-95.33230700010753, 29.646339000143904], [-95.33289200008853, 29.646441999893504], [-95.33317199957271, 29.64639300029107], [-95.33344899958213, 29.64644999993786], [-95.33380599995752, 29.64640999970972], [-95.33406799989834, 29.646142999828978], [-95.33455199959701, 29.645651000273087], [-95.33480600004023, 29.645475000095566], [-95.3351270004306, 29.64543300003432], [-95.33583999955981, 29.64558800028477], [-95.33652900019621, 29.645489000112097], [-95.33686899995482, 29.64523299983702], [-95.33698399958256, 29.645120000030015], [-95.33699000032865, 29.645177999732635], [-95.33699700000135, 29.645235000067366], [-95.33712500004786, 29.64636100009165], [-95.33722299995716, 29.647177999752067], [-95.33728400005653, 29.648012999824516], [-95.33721600028446, 29.648831000209377], [-95.33698799978052, 29.649684999630434], [-95.33681600025137, 29.650103000316847], [-95.33649999988388, 29.650915999818043], [-95.33642500043914, 29.651407000130177], [-95.33638100005821, 29.651843000022897], [-95.33639000027904, 29.652320999915734], [-95.3363889995558, 29.65307699969107], [-95.33640600017256, 29.653843000329804], [-95.33642999956369, 29.654615999976077], [-95.33643999960942, 29.655382999844228], [-95.33644999965517, 29.656156000151768], [-95.33647300011971, 29.656935999978458], [-95.33650499990677, 29.65772299994194], [-95.33650400008185, 29.65791399961885], [-95.33651300030267, 29.65862199961936], [-95.33655199976242, 29.659974999936978], [-95.33657000020409, 29.66073699974348], [-95.33660399964097, 29.66115399984345], [-95.33660600018911, 29.661253000219794], [-95.33661600023484, 29.661680999992676], [-95.33666300009051, 29.661931000108254], [-95.3368170000763, 29.662413000257498], [-95.33703299998636, 29.663159999717198], [-95.33713199972055, 29.663900000367292], [-95.33715699983492, 29.664657999638354], [-95.33718600014723, 29.665435000160073], [-95.33718799979705, 29.6658550000318], [-95.33719500036807, 29.666305999916972], [-95.33719500036807, 29.666338999924392], [-95.33721000043668, 29.666930000068632], [-95.33722700015512, 29.667599000126874], [-95.33725200026947, 29.668401999920146], [-95.33728700042957, 29.669193000242092], [-95.33730300032312, 29.66998000032997]]]}, "properties": {"geoid": "48201332400", "name": "Census Tract 3324", "population": "4057.0", "median_hh_income": "50462.0", "poverty_rate": "0.10697559773231452", "nearest_dollar_store_mi": "3.34", "gap_score": "4491.0"}}, {"type": "Feature", "geometry": {"type": "Polygon", "coordinates": [[[-95.3173090003134, 29.66633500030252], [-95.31683300011234, 29.666435000168185], [-95.31547700037748, 29.66664600008934], [-95.31449499983812, 29.666829999914565], [-95.31325700010404, 29.667108999885517], [-95.31225399964829, 29.6673270000041], [-95.31135499984794, 29.66754100007634], [-95.31045699987247, 29.66772399993375], [-95.31021900022108, 29.667788999896793], [-95.30997800019668, 29.667845000023448], [-95.30975999973846, 29.6678899997681], [-95.30957300014072, 29.66792900015496], [-95.30873200006667, 29.668107999755044], [-95.30732500027818, 29.668511999691923], [-95.307078000406, 29.66858800020198], [-95.30667499999987, 29.668681000213923], [-95.30613900042265, 29.668960999613205], [-95.30596199997231, 29.669055999817658], [-95.30545499980911, 29.66932000016121], [-95.30500999957019, 29.66957600004547], [-95.30472599988805, 29.669742999816915], [-95.30387700031642, 29.670241000209266], [-95.30300399955699, 29.670860000061793], [-95.30219699981815, 29.671546000372892], [-95.30192900002955, 29.671785000242316], [-95.30133900002566, 29.672232999754016], [-95.30054300015746, 29.672600999699632], [-95.30005199988778, 29.67275600025146], [-95.29978099972611, 29.672820000243494], [-95.29799099962301, 29.673117000197596], [-95.29785199970583, 29.67313899975458], [-95.29558899977468, 29.673497000383968], [-95.29457199997354, 29.67365200033523], [-95.293822999961, 29.673729999747007], [-95.2928720002821, 29.673757999721253], [-95.29174300032797, 29.67376199982839], [-95.2910140004069, 29.67368699993869], [-95.29054400005363, 29.673591000372873], [-95.29044699996925, 29.673565999852972], [-95.2903249997705, 29.673535000323646], [-95.29055400009936, 29.67324899980891], [-95.29070700026024, 29.673129999652577], [-95.2910269999274, 29.672945999645197], [-95.29127899982247, 29.67283500019909], [-95.29158699979405, 29.67278600017965], [-95.29178299961261, 29.672772999899657], [-95.29201100011657, 29.67281699993987], [-95.29226300001164, 29.67290900010366], [-95.29246700022614, 29.67292499988597], [-95.29293000000841, 29.673117000197596], [-95.2954359996138, 29.672642000286785], [-95.29637700014528, 29.6722939997596], [-95.29692899961603, 29.67193100028148], [-95.29709799967041, 29.67168000019002], [-95.29725599985417, 29.671224999997477], [-95.29714899972404, 29.668535000139915], [-95.29731399958047, 29.668205999645398], [-95.29838999983116, 29.667192999851107], [-95.30017999993429, 29.66600700032631], [-95.3014479998056, 29.665260000151314], [-95.30307399987721, 29.66436999978894], [-95.3042699997785, 29.663551000101798], [-95.30480799990383, 29.662949000289807], [-95.30508400008836, 29.66280600030415], [-95.30718100033815, 29.660964999989808], [-95.30758999969373, 29.660105999654757], [-95.30785699965745, 29.659353000308055], [-95.30876999970151, 29.657932000203214], [-95.3094309998505, 29.657615000066354], [-95.31050999957593, 29.657380000073797], [-95.31134800017522, 29.65719600013836], [-95.31174200036054, 29.65684800003639], [-95.31222299968616, 29.655790000172686], [-95.3126269999172, 29.655339999999192], [-95.31313800027836, 29.65515600023683], [-95.3137469996505, 29.655175999786046], [-95.31437500018754, 29.65505500007154], [-95.31464600034917, 29.655003999941822], [-95.31466800009049, 29.655078999710334], [-95.31590699964947, 29.65934199980313], [-95.31643200025434, 29.661070000299247], [-95.316583999692, 29.661573999634697], [-95.31796999956408, 29.666178000187944], [-95.3173090003134, 29.66633500030252]]]}, "properties": {"geoid": "48201332500", "name": "Census Tract 3325", "population": "3410.0", "median_hh_income": "83870.0", "poverty_rate": "0.0469208211143695", "nearest_dollar_store_mi": "1.99", "gap_score": "0.0"}}, {"type": "Feature", "geometry": {"type": "Polygon", "coordinates": [[[-95.3750040001219, 29.72660100032811], [-95.37447000019452, 29.727238000008004], [-95.37435899986644, 29.727378000132855], [-95.37400599968903, 29.727837999947745], [-95.3735050002719, 29.728460000125402], [-95.37326000004954, 29.728763999877987], [-95.37307699975143, 29.7290119999382], [-95.3729699996213, 29.729203999941326], [-95.37272600012214, 29.72972200004262], [-95.37261899999201, 29.729943000217702], [-95.37254100017421, 29.73025599982324], [-95.37244599973965, 29.730604000070105], [-95.37240200025704, 29.730739999999905], [-95.3722449998982, 29.731391999718372], [-95.37193699992663, 29.732236000320885], [-95.37180999970504, 29.73277500010314], [-95.3717589996514, 29.73298999965987], [-95.37147900016723, 29.73281700033939], [-95.37129300039439, 29.73270199985496], [-95.3712039998076, 29.732647000017625], [-95.3710399997761, 29.732545999712947], [-95.37054900040474, 29.732242999749026], [-95.36984999972259, 29.73183199995719], [-95.3696949999119, 29.73172600021797], [-95.36884299996719, 29.73121799994242], [-95.36799199984739, 29.730703999944637], [-95.3671549999713, 29.730204000355155], [-95.36627200006447, 29.729665000020898], [-95.36543699983821, 29.729176999877776], [-95.3645559995812, 29.72864499994599], [-95.36285199969178, 29.727591000182105], [-95.36217999967214, 29.727196999856513], [-95.3612189999475, 29.726613999884382], [-95.36173600015644, 29.72598099973214], [-95.36219399991585, 29.725370000090194], [-95.36267799961452, 29.724719000348898], [-95.36315899983845, 29.72406000017513], [-95.3636330003897, 29.72344500006896], [-95.36415700027133, 29.72283800030234], [-95.36422199967033, 29.722742000107132], [-95.36429299981545, 29.72258000010573], [-95.36468799982566, 29.722152999995277], [-95.36474399990216, 29.722068999938777], [-95.3648240002681, 29.721995999702518], [-95.36496599966003, 29.721966999775567], [-95.36498800029963, 29.721848000364364], [-95.36507399961505, 29.721725999628323], [-95.36567000036503, 29.720968000109075], [-95.36731099960691, 29.72196500029146], [-95.3690339997629, 29.72299700030181], [-95.37014000015083, 29.723674000168373], [-95.37074299967517, 29.724024000063487], [-95.3724549999605, 29.72506000036863], [-95.3741310002608, 29.72608800017144], [-95.3744259998136, 29.726258999995], [-95.37472499956434, 29.726432999790095], [-95.3750040001219, 29.72660100032811]]]}, "properties": {"geoid": "48201312700", "name": "Census Tract 3127", "population": "2293.0", "median_hh_income": "86667.0", "poverty_rate": "0.13844086021505375", "nearest_dollar_store_mi": "1.12", "gap_score": "0.0"}}, {"type": "Feature", "geometry": {"type": "Polygon", "coordinates": [[[-95.36567000036503, 29.720968000109075], [-95.36507399961505, 29.721725999628323], [-95.36498800029963, 29.721848000364364], [-95.36496599966003, 29.721966999775567], [-95.3648240002681, 29.721995999702518], [-95.36474399990216, 29.722068999938777], [-95.36468799982566, 29.722152999995277], [-95.36429299981545, 29.72258000010573], [-95.36422199967033, 29.722742000107132], [-95.36415700027133, 29.72283800030234], [-95.3636330003897, 29.72344500006896], [-95.36315899983845, 29.72406000017513], [-95.36267799961452, 29.724719000348898], [-95.36219399991585, 29.725370000090194], [-95.36173600015644, 29.72598099973214], [-95.3612189999475, 29.726613999884382], [-95.36078399975432, 29.727149999985595], [-95.36063300014158, 29.727002999749438], [-95.36024200032932, 29.726881999902833], [-95.35856400037919, 29.726369999710816], [-95.35729300013483, 29.725978000235838], [-95.35637500006789, 29.72570400035419], [-95.35600299962391, 29.725586000009564], [-95.35611899997485, 29.72528899990309], [-95.35627399978554, 29.724896000002726], [-95.35606000042361, 29.724875000179114], [-95.35594800027063, 29.724881000017756], [-95.35567899975881, 29.72490600025155], [-95.35546899969651, 29.7249350001093], [-95.35527399970285, 29.724945000354232], [-95.35510600037168, 29.72494099994433], [-95.35493300011932, 29.724922000335503], [-95.35472899990482, 29.724886999856018], [-95.35398499991513, 29.724652000332348], [-95.35321499998619, 29.724425000339632], [-95.35245699975283, 29.72418600007418], [-95.35170299971743, 29.72395500013839], [-95.35093500033662, 29.723728000129288], [-95.3514120003626, 29.722531000159783], [-95.35165800040991, 29.72191499991252], [-95.35179499977893, 29.721560999918868], [-95.35193000039646, 29.721241000300196], [-95.35212700003996, 29.720758999841003], [-95.35223699964482, 29.72045000006573], [-95.35255899986008, 29.719643999850845], [-95.35262400015742, 29.719502999701742], [-95.35273799996024, 29.71924599967293], [-95.35276300007459, 29.7191800000632], [-95.35290100016684, 29.718828000111692], [-95.3531150004271, 29.718288000135956], [-95.3533480000556, 29.717721999744814], [-95.35342800042154, 29.717506000063594], [-95.35349100017073, 29.717340000260016], [-95.35352600033082, 29.717250999960907], [-95.35368799981423, 29.716848000301198], [-95.35433499971951, 29.71704199975468], [-95.35626399973981, 29.717623000371194], [-95.35882499959679, 29.718396000363512], [-95.36137600030634, 29.719185000082444], [-95.36172899958542, 29.719290999807416], [-95.36266300044421, 29.71958600018974], [-95.36387000021615, 29.71998399979961], [-95.36399499988961, 29.719981000124065], [-95.36468199997789, 29.720393000238044], [-95.36558800034925, 29.72091800001365], [-95.36567000036503, 29.720968000109075]]]}, "properties": {"geoid": "48201312800", "name": "Census Tract 3128", "population": "3752.0", "median_hh_income": "15833.0", "poverty_rate": "0.5967532467532467", "nearest_dollar_store_mi": "1.64", "gap_score": "2588.6"}}, {"type": "Feature", "geometry": {"type": "Polygon", "coordinates": [[[-95.34547999963843, 29.70131199988235], [-95.34542699993499, 29.701435000013127], [-95.34527700014715, 29.701794000072585], [-95.34519000010852, 29.702013999766237], [-95.34492599961956, 29.702646000135505], [-95.34458900023398, 29.703467999868586], [-95.34455700044693, 29.703558999752005], [-95.34445899963933, 29.703826999684146], [-95.34427100021666, 29.704296999713332], [-95.3439149996662, 29.705128999857177], [-95.34357300025775, 29.70598699990632], [-95.34348500039421, 29.70620000009498], [-95.34334999977668, 29.706507999752063], [-95.3428450001616, 29.70774599993989], [-95.342681999955, 29.708125000008945], [-95.3421680001191, 29.709407000174057], [-95.34208899957807, 29.70959300026012], [-95.34191500039911, 29.710015000268342], [-95.34181099974371, 29.71026800030849], [-95.34171200000951, 29.71061399993576], [-95.34162699962071, 29.711075999825148], [-95.34156700024455, 29.711431000362932], [-95.34152700006159, 29.71168200026697], [-95.34150899961993, 29.71179900034042], [-95.34127299961838, 29.711735999657623], [-95.34068199978958, 29.711408999825395], [-95.34028599995446, 29.711312999622365], [-95.34009699980858, 29.71133299970469], [-95.34005300032595, 29.711355999716524], [-95.3398879995712, 29.711444999780372], [-95.33956600025424, 29.711812999706602], [-95.33933600010049, 29.7122719996344], [-95.33924900006184, 29.712841000215167], [-95.33921899992461, 29.713592000302217], [-95.33912900041123, 29.71390399998108], [-95.33902499975585, 29.714093000170145], [-95.33893299969435, 29.71426000009067], [-95.33871900033242, 29.71464800004354], [-95.33847699958477, 29.71484300005085], [-95.33819899975042, 29.714898999706847], [-95.33776199990743, 29.71479899968616], [-95.33683399979472, 29.71426400014614], [-95.33600699996438, 29.713864000056418], [-95.33492800023896, 29.713269000368392], [-95.33477400025318, 29.713222999655564], [-95.33411599957891, 29.71321800011956], [-95.33402500024064, 29.713246000014575], [-95.33388299995042, 29.713289000061156], [-95.33349899981086, 29.713570999673824], [-95.33341099994732, 29.713635999635493], [-95.33332700028173, 29.713792999741326], [-95.33313300011297, 29.71415499994414], [-95.3329170002029, 29.714372000021914], [-95.33287100017215, 29.714224000364904], [-95.33248799985749, 29.712988000128995], [-95.33152700013285, 29.71016400013783], [-95.33078599961793, 29.70793300025362], [-95.32756100013722, 29.69839500030271], [-95.32752500015222, 29.698293999864998], [-95.32674099997958, 29.69573799991303], [-95.32668499990307, 29.695557000334404], [-95.32666399998666, 29.695466000224744], [-95.32694400036917, 29.695307000324075], [-95.32725800018851, 29.69512799998764], [-95.32751400028155, 29.695023999745942], [-95.32794600010168, 29.69513299964388], [-95.32952100011967, 29.695531999815135], [-95.3298540002056, 29.695634000302785], [-95.33039399998076, 29.695810000120332], [-95.33134200018493, 29.69611100003822], [-95.33169899966198, 29.69622899991295], [-95.33214399990091, 29.696385999921525], [-95.33403299973824, 29.696984000122736], [-95.3350019998588, 29.697307000154915], [-95.33520000022553, 29.69738499993939], [-95.33591800027594, 29.697606999894827], [-95.33661600023484, 29.69784200030083], [-95.33676600002265, 29.697892000183476], [-95.33776199990743, 29.698219000331825], [-95.33894000026535, 29.69861099973918], [-95.34045300035903, 29.699229000113256], [-95.34074200006404, 29.69931900035816], [-95.34116600038656, 29.699448999962616], [-95.34152399968855, 29.699568999748315], [-95.3417949998502, 29.699652000329042], [-95.34222800039355, 29.699795999763662], [-95.34297499985796, 29.700028000239325], [-95.34343400034058, 29.700180000368025], [-95.34423400040674, 29.700420999956968], [-95.34479799957305, 29.700602999700394], [-95.34567299998227, 29.7008669999083], [-95.34547999963843, 29.70131199988235]]]}, "properties": {"geoid": "48201313300", "name": "Census Tract 3133", "population": "2702.0", "median_hh_income": "50313.0", "poverty_rate": "0.2738404452690167", "nearest_dollar_store_mi": "2.04", "gap_score": "2342.1"}}, {"type": "Feature", "geometry": {"type": "Polygon", "coordinates": [[[-95.3287289995511, 29.668565999649417], [-95.32871000018284, 29.669354999711235], [-95.32865999995413, 29.670138999709017], [-95.32861499974828, 29.670949000095543], [-95.32859200018206, 29.67205700001658], [-95.32780399981148, 29.672079999653846], [-95.32648099968856, 29.672108000087515], [-95.32534000003886, 29.672132000341445], [-95.32440500025349, 29.67215199963815], [-95.32385799990733, 29.67216300030335], [-95.32109299983586, 29.672231000060282], [-95.320871000078, 29.672199000272222], [-95.32051200005279, 29.672058999713762], [-95.32014399980677, 29.672658999954255], [-95.31998399997319, 29.672890000017304], [-95.31954200010732, 29.671415999797183], [-95.31870100003329, 29.668680000331754], [-95.31796999956408, 29.666178000187944], [-95.316583999692, 29.661573999634697], [-95.31684800018095, 29.66156400010608], [-95.31868099994178, 29.661535999859538], [-95.32085699983429, 29.661509000339287], [-95.32106500024676, 29.66150299983774], [-95.32187000033579, 29.661492000348446], [-95.3236169998829, 29.661469999805107], [-95.3242019998639, 29.661455999669737], [-95.32426700016124, 29.66145499971575], [-95.3247719997763, 29.661443000267084], [-95.32510400003731, 29.6614349998533], [-95.32854699997623, 29.661364999913136], [-95.32854699997623, 29.66141000021478], [-95.32854899962605, 29.661708000247394], [-95.3285539996489, 29.661855000032702], [-95.3285749995653, 29.662570999946375], [-95.32859600038002, 29.66331499998756], [-95.32861300009846, 29.66405899999059], [-95.32862700034217, 29.664832999913834], [-95.32863900003773, 29.665273999757375], [-95.32864599971043, 29.66559199987321], [-95.32865699958107, 29.666303000199584], [-95.32867500002274, 29.66645300000858], [-95.32867800039578, 29.666483000255703], [-95.32869699976403, 29.667502000319562], [-95.32871199983266, 29.668104000203524], [-95.3287289995511, 29.668565999649417]]]}, "properties": {"geoid": "48201332300", "name": "Census Tract 3323", "population": "2910.0", "median_hh_income": "44451.0", "poverty_rate": "0.15017182130584192", "nearest_dollar_store_mi": "2.88", "gap_score": "3208.1"}}, {"type": "Feature", "geometry": {"type": "Polygon", "coordinates": [[[-95.37223800022552, 29.73357800010681], [-95.37193799975155, 29.73372600008493], [-95.37176100019953, 29.733844000216777], [-95.37171599999368, 29.73387299983128], [-95.37164499984858, 29.73393299984096], [-95.37145800025083, 29.73405799981087], [-95.37125900005921, 29.734218999991867], [-95.37099200009551, 29.73458599987467], [-95.37066700040549, 29.73495699998546], [-95.37028300026594, 29.735396000190065], [-95.36969999993475, 29.73604500009294], [-95.36945100041274, 29.73633399964906], [-95.36908499981651, 29.73682600001435], [-95.36885600038599, 29.736693999696612], [-95.36865600036944, 29.736574999810873], [-95.36838299965966, 29.736416000267507], [-95.36805499959658, 29.736223000036777], [-95.36759600001227, 29.73595200003167], [-95.36673499984673, 29.735464000049934], [-95.36587500040443, 29.734972000024158], [-95.36501000004095, 29.73446899984314], [-95.3641480000505, 29.733944999994602], [-95.36328600006004, 29.733421999766943], [-95.36245099983378, 29.732894999839996], [-95.36160999975974, 29.73240799983517], [-95.36073500024882, 29.731874999841576], [-95.3598819995809, 29.731365000243603], [-95.3594589999816, 29.731096999718567], [-95.35908200041304, 29.730885000134954], [-95.35860399966386, 29.73063700002409], [-95.35819799978297, 29.730441000232545], [-95.35813400020888, 29.730423000152857], [-95.35808099960711, 29.730407000166], [-95.35707700022478, 29.730088999995715], [-95.3557699999954, 29.729708000053993], [-95.35450600032205, 29.729263999623168], [-95.35339599973616, 29.728848999854407], [-95.35200800021428, 29.728457999990578], [-95.35160700035628, 29.728331999995078], [-95.35112799978216, 29.72818700007075], [-95.35039100036349, 29.727968000072824], [-95.3498919996979, 29.727844000389254], [-95.34980999968214, 29.727451000354495], [-95.34978000044323, 29.727321000339646], [-95.34976299982648, 29.72717899997492], [-95.34975899962852, 29.726971000242564], [-95.34981300005518, 29.726655000274178], [-95.34986599975863, 29.72642100029807], [-95.34993799972865, 29.72620800010552], [-95.35008599986666, 29.72583099984284], [-95.35051699986188, 29.72479499969641], [-95.35093500033662, 29.723728000129288], [-95.35170299971743, 29.72395500013839], [-95.35245699975283, 29.72418600007418], [-95.35321499998619, 29.724425000339632], [-95.35398499991513, 29.724652000332348], [-95.35472899990482, 29.724886999856018], [-95.35493300011932, 29.724922000335503], [-95.35510600037168, 29.72494099994433], [-95.35527399970285, 29.724945000354232], [-95.35546899969651, 29.7249350001093], [-95.35567899975881, 29.72490600025155], [-95.35594800027063, 29.724881000017756], [-95.35606000042361, 29.724875000179114], [-95.35627399978554, 29.724896000002726], [-95.35611899997485, 29.72528899990309], [-95.35600299962391, 29.725586000009564], [-95.35637500006789, 29.72570400035419], [-95.35729300013483, 29.725978000235838], [-95.35856400037919, 29.726369999710816], [-95.36024200032932, 29.726881999902833], [-95.36063300014158, 29.727002999749438], [-95.36078399975432, 29.727149999985595], [-95.3612189999475, 29.726613999884382], [-95.36217999967214, 29.727196999856513], [-95.36285199969178, 29.727591000182105], [-95.3645559995812, 29.72864499994599], [-95.36543699983821, 29.729176999877776], [-95.36627200006447, 29.729665000020898], [-95.3671549999713, 29.730204000355155], [-95.36799199984739, 29.730703999944637], [-95.36884299996719, 29.73121799994242], [-95.3696949999119, 29.73172600021797], [-95.36984999972259, 29.73183199995719], [-95.37054900040474, 29.732242999749026], [-95.3710399997761, 29.732545999712947], [-95.3712039998076, 29.732647000017625], [-95.37129300039439, 29.73270199985496], [-95.37147900016723, 29.73281700033939], [-95.3717589996514, 29.73298999965987], [-95.37212199987457, 29.733214999736507], [-95.37251500023496, 29.733457999626914], [-95.37223800022552, 29.73357800010681]]]}, "properties": {"geoid": "48201312400", "name": "Census Tract 3124", "population": "2048.0", "median_hh_income": "", "poverty_rate": "0.55859375", "nearest_dollar_store_mi": "1.23", "gap_score": "0.0"}}, {"type": "Feature", "geometry": {"type": "Polygon", "coordinates": [[[-95.40432199984274, 29.70716699968084], [-95.40308499993355, 29.708719999751672], [-95.40182999958273, 29.71029900021098], [-95.40135299955676, 29.7108910003881], [-95.4008760004291, 29.71148700036168], [-95.40040699990072, 29.712082999918287], [-95.40005600027143, 29.712529999799624], [-95.39962000025335, 29.713095999817014], [-95.39940599999312, 29.713372999663385], [-95.39909100034885, 29.71378400015933], [-95.39895999992926, 29.713949000169805], [-95.39869100031576, 29.71429199974943], [-95.39742199972122, 29.71589099991548], [-95.39534499956291, 29.71849099986804], [-95.39365499991722, 29.720637000121645], [-95.3935479997871, 29.720771000010053], [-95.39264099959081, 29.72190899989662], [-95.39210500001361, 29.7225930001829], [-95.39165700029994, 29.723151000227958], [-95.39131900019115, 29.72357699987665], [-95.39116699985519, 29.7236629996816], [-95.39087300012731, 29.7237560002132], [-95.3907810000658, 29.723846000318385], [-95.39071800031661, 29.72393099978024], [-95.39024200011553, 29.723643999830784], [-95.39006800003827, 29.723574999644473], [-95.38993599979378, 29.72352100038132], [-95.38926399977416, 29.723107000384598], [-95.38832099959285, 29.722549000094958], [-95.38746699999832, 29.722018000260167], [-95.38665000021373, 29.72151899965165], [-95.38576999978162, 29.721007000181835], [-95.38490600014136, 29.720488000192898], [-95.38477800009484, 29.720398000196816], [-95.38462499993396, 29.72023799983121], [-95.38449000021474, 29.720050999812], [-95.38364400011783, 29.71839500019578], [-95.38351400042148, 29.71818099996203], [-95.38330000016123, 29.717902999946833], [-95.38303300019754, 29.717612000001356], [-95.3829389995879, 29.71752900022153], [-95.38274699996728, 29.717358000345975], [-95.38271199980717, 29.717335000148868], [-95.3823689996755, 29.71710599962887], [-95.38204099961244, 29.716924000147877], [-95.38178899971736, 29.71680900017279], [-95.38150599986015, 29.716708000309893], [-95.3809250000771, 29.7165180001765], [-95.3818899999997, 29.71372200015622], [-95.38205999987902, 29.713198999851965], [-95.38209099984115, 29.7131040000205], [-95.38212000015349, 29.713013000204334], [-95.38227400013926, 29.7125399997201], [-95.38249400024729, 29.711858000052327], [-95.38252199983638, 29.711655999625272], [-95.38259899982927, 29.711612000204507], [-95.38268800041605, 29.71148700036168], [-95.38280700024174, 29.71124100038508], [-95.38318600035844, 29.710105999680795], [-95.38367199970692, 29.70858199988018], [-95.38461599971313, 29.70569899985592], [-95.38643599995348, 29.70636300028959], [-95.38720000003462, 29.706576999966234], [-95.38768399973331, 29.706641999774092], [-95.38810700023092, 29.706646000133002], [-95.38851599958652, 29.706608999732843], [-95.38886100026633, 29.706523999647626], [-95.38924700005572, 29.706390999755467], [-95.39022600022201, 29.705903999878956], [-95.39041700001772, 29.705418999795413], [-95.39051800030008, 29.705161000085184], [-95.39054900026221, 29.705083000096735], [-95.39082899974639, 29.704387000098894], [-95.39129400007678, 29.703167000147108], [-95.39161799994189, 29.702333999808175], [-95.3919359999592, 29.701503000255475], [-95.39379100035966, 29.702067000124057], [-95.39392500025396, 29.702096000337445], [-95.39405599977522, 29.702134000389123], [-95.39538399992098, 29.7025860001478], [-95.39660499993663, 29.702999000182448], [-95.39686199985456, 29.70272600032335], [-95.39693700019764, 29.70266600038349], [-95.3971249996203, 29.70251599998688], [-95.39749200004142, 29.70229099975213], [-95.39793100043256, 29.702065999793657], [-95.39838599981893, 29.701914000178082], [-95.39923100009092, 29.70176099999897], [-95.40090400001819, 29.701522999950765], [-95.40211099979011, 29.701394999803103], [-95.40220100020181, 29.701661999713004], [-95.40229499991314, 29.701940000221008], [-95.40240399969308, 29.70226400025193], [-95.40242200013475, 29.702318000025382], [-95.40244100040132, 29.702371000222787], [-95.40246899999042, 29.702459000120683], [-95.40280999957395, 29.703543000164345], [-95.4028270001907, 29.70362399995261], [-95.40284200025931, 29.70369599996969], [-95.40295000021436, 29.704294000349357], [-95.40299399969697, 29.704717000302328], [-95.40301700016151, 29.706230000184206], [-95.40361600038621, 29.706230000184206], [-95.4050659998324, 29.70624699963256], [-95.40432199984274, 29.70716699968084]]]}, "properties": {"geoid": "48201313102", "name": "Census Tract 3131.02", "population": "1789.0", "median_hh_income": "85956.0", "poverty_rate": "0.2064139941690962", "nearest_dollar_store_mi": "2.22", "gap_score": "0.0"}}, {"type": "Feature", "geometry": {"type": "Polygon", "coordinates": [[[-95.38863299976238, 29.726990000243557], [-95.38843600011889, 29.727236999928436], [-95.38794099965125, 29.72785100012381], [-95.38742599999046, 29.7285159999848], [-95.38694999978937, 29.72910899965661], [-95.386740999552, 29.729383000381116], [-95.38650299990063, 29.72967399973911], [-95.38602199967669, 29.730280000228714], [-95.38594499968379, 29.73032500009587], [-95.3858390002769, 29.730332999706118], [-95.38507799967049, 29.729867000088856], [-95.384227000449, 29.729356999644157], [-95.3833610002606, 29.728840000062252], [-95.38249800044524, 29.728318999881328], [-95.38166999989167, 29.727816999959725], [-95.38079899968041, 29.727291999611246], [-95.3799319996671, 29.726769999889058], [-95.37913499997397, 29.726281999707275], [-95.37782199989682, 29.725509000384157], [-95.37792400000409, 29.72522800008494], [-95.3781159996247, 29.72462900024646], [-95.37825600026508, 29.72424799985503], [-95.378361999672, 29.72393699967532], [-95.37855800038888, 29.723341999625653], [-95.37862399961281, 29.723204000350478], [-95.37891599969088, 29.722330000274326], [-95.37894599982809, 29.722236999981487], [-95.37915699971528, 29.721641999994517], [-95.37941399963323, 29.720882000335163], [-95.37944799996842, 29.7209240000888], [-95.38036100001248, 29.72146700033665], [-95.38173099999105, 29.722312999648427], [-95.38208099979542, 29.72252299992752], [-95.38290799962577, 29.72300900020321], [-95.38376399976842, 29.723536999906006], [-95.38463099978173, 29.72405599972995], [-95.38546500018309, 29.724562000169886], [-95.38633899986911, 29.725091999704745], [-95.38720400023259, 29.725615999766575], [-95.38805000032951, 29.72610799965033], [-95.38891999981756, 29.726644000114177], [-95.38863299976238, 29.726990000243557]]]}, "properties": {"geoid": "48201312602", "name": "Census Tract 3126.02", "population": "2519.0", "median_hh_income": "131864.0", "poverty_rate": "0.11252992817238627", "nearest_dollar_store_mi": "1.11", "gap_score": "0.0"}}, {"type": "Feature", "geometry": {"type": "Polygon", "coordinates": [[[-95.4032270002238, 29.685236000022623], [-95.39998400030142, 29.685274999925095], [-95.39737300021574, 29.685294999729123], [-95.39706199987111, 29.685297999660385], [-95.39640999994295, 29.68530400030302], [-95.3955260002112, 29.685310000164858], [-95.39556700021907, 29.68643700012261], [-95.395568000044, 29.686463999974183], [-95.39554899977742, 29.68686600011508], [-95.39546599993675, 29.68719000037465], [-95.39539399996671, 29.687343000112453], [-95.39527400031612, 29.687579000026595], [-95.39512199998016, 29.687835000245972], [-95.39502800026882, 29.687994000264233], [-95.39475399973414, 29.68846200008039], [-95.3944209996482, 29.689010999923212], [-95.39348599986282, 29.689013000063586], [-95.39257100016891, 29.68901500020392], [-95.39209199959483, 29.689017000344165], [-95.39201200012718, 29.689018000024102], [-95.39157000026132, 29.689013000063586], [-95.3911960001675, 29.68896799962729], [-95.39046800007135, 29.688800999791688], [-95.39081000037812, 29.687729999786754], [-95.39122600030473, 29.686577000170466], [-95.3916339998354, 29.68536299996965], [-95.39211599988425, 29.68405399994085], [-95.39264200031404, 29.68234500007371], [-95.39283499975957, 29.681682999611194], [-95.39307699960891, 29.681071999678814], [-95.39315199995197, 29.680881000270293], [-95.3932520004094, 29.68058900021568], [-95.39342599958836, 29.68058799967143], [-95.39368000003158, 29.680583000072033], [-95.39530299973012, 29.680506000277866], [-95.3966380004469, 29.680378999657435], [-95.39988999969178, 29.679735999873195], [-95.40206599958428, 29.679296000004324], [-95.40297699997853, 29.679085999866988], [-95.4031519998807, 29.679049000243342], [-95.40317399962203, 29.679314999660686], [-95.40319500043674, 29.680169000221408], [-95.40319600026164, 29.68085299993831], [-95.40320100028451, 29.681531000377376], [-95.40319799991146, 29.682216999687643], [-95.4032270002238, 29.685236000022623]]]}, "properties": {"geoid": "48201314005", "name": "Census Tract 3140.05", "population": "2679.0", "median_hh_income": "38990.0", "poverty_rate": "0.2906534954407295", "nearest_dollar_store_mi": "3.68", "gap_score": "3457.7"}}, {"type": "Feature", "geometry": {"type": "Polygon", "coordinates": [[[-95.40772499959867, 29.70036300011522], [-95.40764699978087, 29.700456999949527], [-95.40720300026516, 29.700825000347255], [-95.4052549999783, 29.70202700016578], [-95.40467599984507, 29.702205999913772], [-95.40274099997697, 29.702233999758302], [-95.40244100040132, 29.702371000222787], [-95.40242200013475, 29.702318000025382], [-95.40240399969308, 29.70226400025193], [-95.40229499991314, 29.701940000221008], [-95.40220100020181, 29.701661999713004], [-95.40211099979011, 29.701394999803103], [-95.40201600025388, 29.701017999987204], [-95.40195699980434, 29.700779999739108], [-95.401899000078, 29.70054199970734], [-95.40174300044242, 29.699815999798894], [-95.40169200038878, 29.699570999678514], [-95.40158799973341, 29.69909299962483], [-95.40150499989272, 29.69869499991479], [-95.40143700012065, 29.69836999970934], [-95.40130999989904, 29.69781299963962], [-95.40127499973894, 29.69764900002099], [-95.40112199957808, 29.69695399961285], [-95.4009759999882, 29.696344000047613], [-95.40085899981234, 29.695852000217492], [-95.40083399969798, 29.695782000045874], [-95.40080799975871, 29.695646999967316], [-95.40058400035105, 29.694645999806607], [-95.4005469996428, 29.69414699972166], [-95.40059799969644, 29.693389000352585], [-95.40088099955366, 29.693014000205878], [-95.40132900016562, 29.692569999795865], [-95.40169700041166, 29.692300000190116], [-95.40240299986816, 29.691742000370677], [-95.40286700037367, 29.69122400016749], [-95.40306099964411, 29.69090500029419], [-95.40314699985785, 29.69066799994297], [-95.40321899982786, 29.69042399981079], [-95.4033190002853, 29.689907999959445], [-95.40345700037756, 29.690344999637798], [-95.40356000030972, 29.690570999759885], [-95.40367699958726, 29.690794000387005], [-95.40400600037354, 29.691217000220284], [-95.40437899974414, 29.69163599965761], [-95.4045870001566, 29.69200200029167], [-95.40464999990579, 29.692111999995753], [-95.40469599993654, 29.69223199996115], [-95.40479999969362, 29.69265700005185], [-95.40481099956426, 29.693092000201872], [-95.4047699995564, 29.694687999609997], [-95.40476600025674, 29.694827000246086], [-95.40473399957138, 29.69534600021993], [-95.40474399961711, 29.6956850001176], [-95.40475100018813, 29.695892000293615], [-95.40479600039399, 29.696397999882258], [-95.40488000005956, 29.696902000060405], [-95.4049600004255, 29.69719800027467], [-95.40503999989312, 29.697442999939966], [-95.40523099968883, 29.69788600029253], [-95.40539800009343, 29.69819399969466], [-95.4058769997692, 29.698868000305982], [-95.406142999908, 29.69911899961771], [-95.40637499971159, 29.69931499970741], [-95.40671399964529, 29.699581000109152], [-95.40718700037164, 29.69995400001129], [-95.40765400035187, 29.700309000070988], [-95.40772499959867, 29.70036300011522]]]}, "properties": {"geoid": "48201314401", "name": "Census Tract 3144.01", "population": "1510.0", "median_hh_income": "47969.0", "poverty_rate": "0.33708609271523177", "nearest_dollar_store_mi": "3.43", "gap_score": "2019.0"}}, {"type": "Feature", "geometry": {"type": "Polygon", "coordinates": [[[-95.41271499996644, 29.717485000253973], [-95.4122260002449, 29.717521000370727], [-95.41164700011169, 29.717608000079352], [-95.41133300029233, 29.717676999687015], [-95.41093699955888, 29.717789999880537], [-95.41052999985311, 29.717943999994677], [-95.41027299993516, 29.71803700036459], [-95.40917900014114, 29.71845799982038], [-95.40896599970579, 29.718540999612216], [-95.40820099979973, 29.718833000148468], [-95.4080800003242, 29.71887899985091], [-95.40723800042527, 29.71919899997894], [-95.4056509998134, 29.719809999744875], [-95.40405499987905, 29.720420999692053], [-95.40335699992012, 29.72068899986668], [-95.40174199971918, 29.72133100032045], [-95.40130099967821, 29.721507999708756], [-95.40113400017195, 29.721576999756035], [-95.40068399991017, 29.721744999842244], [-95.39930300006095, 29.722289999806613], [-95.39880699976838, 29.722487000044598], [-95.398533000132, 29.722587000207533], [-95.398200999871, 29.7226990002093], [-95.39784500021884, 29.72271900036362], [-95.39733499968258, 29.72270099967879], [-95.39711399974965, 29.722694000365127], [-95.39606299961332, 29.722084000344065], [-95.3955479999525, 29.7217679998089], [-95.39520300017101, 29.72156300019123], [-95.39450900041007, 29.721148999918675], [-95.39365499991722, 29.720637000121645], [-95.39534499956291, 29.71849099986804], [-95.39742199972122, 29.71589099991548], [-95.39869100031576, 29.71429199974943], [-95.39895999992926, 29.713949000169805], [-95.39909100034885, 29.71378400015933], [-95.39940599999312, 29.713372999663385], [-95.39962000025335, 29.713095999817014], [-95.40005600027143, 29.712529999799624], [-95.40040699990072, 29.712082999918287], [-95.4008760004291, 29.71148700036168], [-95.40208200037611, 29.7119069997471], [-95.40416100018425, 29.712591000313296], [-95.40654700013903, 29.71337100000807], [-95.40966600021285, 29.7143950001177], [-95.41069499970955, 29.714722999791082], [-95.41131400002574, 29.714913000201122], [-95.41173800034828, 29.715029000208947], [-95.4122260002449, 29.715100999850463], [-95.41267099958552, 29.715107000273388], [-95.41269400005004, 29.716377000317248], [-95.41271499996644, 29.717485000253973]]]}, "properties": {"geoid": "48201980300", "name": "Census Tract 9803", "population": "2918.0", "median_hh_income": "", "poverty_rate": "0.0", "nearest_dollar_store_mi": "2.25", "gap_score": "0.0"}}, {"type": "Feature", "geometry": {"type": "Polygon", "coordinates": [[[-95.41858099967006, 29.725490000102806], [-95.41794200016069, 29.725492000296853], [-95.41676800000073, 29.725495999904656], [-95.41546999999218, 29.725509999700876], [-95.41502999977612, 29.725516000281658], [-95.41279299978424, 29.725550999761634], [-95.4113669997292, 29.72556300013775], [-95.4105280002033, 29.725582999721343], [-95.408635000168, 29.72560600036864], [-95.40738300019022, 29.72562100024524], [-95.40690399961609, 29.72562800013493], [-95.40516999958948, 29.725646000294677], [-95.40438799996497, 29.725652000087216], [-95.40344700033182, 29.72566200026063], [-95.40207499980512, 29.725687000299864], [-95.4007790003447, 29.725701000069495], [-95.39943899960507, 29.72572600009901], [-95.3995259996437, 29.725687999614802], [-95.39958400026833, 29.72564199991274], [-95.39953499986453, 29.723193999932043], [-95.3994970002297, 29.72305400021079], [-95.39941400038903, 29.722939000237933], [-95.3993359996729, 29.72284500038609], [-95.39924000031176, 29.72278399986252], [-95.39880199974553, 29.72261599995529], [-95.39880699976838, 29.722487000044598], [-95.39930300006095, 29.722289999806613], [-95.40068399991017, 29.721744999842244], [-95.40113400017195, 29.721576999756035], [-95.40130099967821, 29.721507999708756], [-95.40174199971918, 29.72133100032045], [-95.40335699992012, 29.72068899986668], [-95.40405499987905, 29.720420999692053], [-95.4056509998134, 29.719809999744875], [-95.40723800042527, 29.71919899997894], [-95.4080800003242, 29.71887899985091], [-95.40820099979973, 29.718833000148468], [-95.40896599970579, 29.718540999612216], [-95.40917900014114, 29.71845799982038], [-95.41027299993516, 29.71803700036459], [-95.41052999985311, 29.717943999994677], [-95.41093699955888, 29.717789999880537], [-95.41133300029233, 29.717676999687015], [-95.41164700011169, 29.717608000079352], [-95.4122260002449, 29.717521000370727], [-95.41271499996644, 29.717485000253973], [-95.41269400005004, 29.716377000317248], [-95.41267099958552, 29.715107000273388], [-95.41330099977236, 29.71509299980617], [-95.41339799985676, 29.715092000385727], [-95.41398700003572, 29.71508700016261], [-95.41490699975249, 29.71507299969261], [-95.4166600000457, 29.715059000000853], [-95.41839900009518, 29.71505399977608], [-95.41841800036175, 29.71584999980928], [-95.41842400020954, 29.715985000038675], [-95.41843099988223, 29.716645000367073], [-95.41845299962353, 29.717437000338375], [-95.41846100001946, 29.71824799961766], [-95.41848100011096, 29.719032999854573], [-95.41848699995873, 29.719343999627974], [-95.41849600017956, 29.71983499968162], [-95.41850799987513, 29.720448999918453], [-95.41850100020244, 29.720644999724094], [-95.41850700005021, 29.721131999872874], [-95.41851299989801, 29.72145699974513], [-95.4185339998144, 29.72228600007103], [-95.41851899974579, 29.723100999659774], [-95.41851799992087, 29.723301000222595], [-95.41854399986015, 29.723904999970845], [-95.41855599955569, 29.724646999805337], [-95.41858099967006, 29.725490000102806]]]}, "properties": {"geoid": "48201412000", "name": "Census Tract 4120", "population": "3819.0", "median_hh_income": "244483.0", "poverty_rate": "0.06719160104986877", "nearest_dollar_store_mi": "2.43", "gap_score": "0.0"}}, {"type": "Feature", "geometry": {"type": "Polygon", "coordinates": [[[-95.40005999957108, 29.688929000377442], [-95.39879099987488, 29.68893400034217], [-95.39810299996171, 29.688947000093147], [-95.39698900007618, 29.688957999701053], [-95.3944209996482, 29.689010999923212], [-95.39475399973414, 29.68846200008039], [-95.39502800026882, 29.687994000264233], [-95.39512199998016, 29.687835000245972], [-95.39527400031612, 29.687579000026595], [-95.39539399996671, 29.687343000112453], [-95.39546599993675, 29.68719000037465], [-95.39554899977742, 29.68686600011508], [-95.395568000044, 29.686463999974183], [-95.39556700021907, 29.68643700012261], [-95.3955260002112, 29.685310000164858], [-95.39640999994295, 29.68530400030302], [-95.39706199987111, 29.685297999660385], [-95.39737300021574, 29.685294999729123], [-95.39998400030142, 29.685274999925095], [-95.40000600004274, 29.686410999969585], [-95.40001100006559, 29.68671499983723], [-95.40003500035505, 29.68804799990401], [-95.40005999957108, 29.688929000377442]]]}, "properties": {"geoid": "48201314004", "name": "Census Tract 3140.04", "population": "2183.0", "median_hh_income": "44831.0", "poverty_rate": "0.2798900595510765", "nearest_dollar_store_mi": "3.69", "gap_score": "2794.0"}}, {"type": "Feature", "geometry": {"type": "Polygon", "coordinates": [[[-95.37915300041564, 29.71523399990852], [-95.37908499974526, 29.71570700018313], [-95.37904600028553, 29.716157000102594], [-95.37863399965855, 29.71764199980147], [-95.37810599957896, 29.719411000067538], [-95.37806100027143, 29.719560000034857], [-95.37719599990794, 29.722356999839892], [-95.37685600014932, 29.723455999799558], [-95.37662799964536, 29.723994999942473], [-95.37643299965168, 29.724404999745172], [-95.37629499955943, 29.724696000278364], [-95.37587899963282, 29.725418000112498], [-95.3756230004381, 29.725810000214896], [-95.37560199962338, 29.725833000030093], [-95.37541599985055, 29.726038000286557], [-95.37521400018419, 29.726309999858614], [-95.3750040001219, 29.72660100032811], [-95.37472499956434, 29.726432999790095], [-95.3744259998136, 29.726258999995], [-95.3741310002608, 29.72608800017144], [-95.3724549999605, 29.72506000036863], [-95.37074299967517, 29.724024000063487], [-95.37014000015083, 29.723674000168373], [-95.3690339997629, 29.72299700030181], [-95.36731099960691, 29.72196500029146], [-95.36567000036503, 29.720968000109075], [-95.36617900017806, 29.720345000152754], [-95.3663390000116, 29.72014799961095], [-95.36667000044774, 29.71972100007553], [-95.3671549999713, 29.719095999858894], [-95.36784500043262, 29.718251000125175], [-95.36817599997042, 29.7178289996278], [-95.36864799997352, 29.717214000348065], [-95.3693790004427, 29.716305000030573], [-95.36977699992767, 29.71581600026035], [-95.37017199993787, 29.715342999719134], [-95.37062600039762, 29.714699999770435], [-95.37116600017279, 29.713908000050676], [-95.37141899989277, 29.71363800006573], [-95.37146699957336, 29.713587000004395], [-95.37170199974999, 29.713716999864864], [-95.3721240004227, 29.713846000124143], [-95.37280800013791, 29.713942999677723], [-95.3732990004076, 29.713924000327538], [-95.37369699989253, 29.71384099983897], [-95.37468899957932, 29.71344700014646], [-95.37768899982744, 29.712258000332273], [-95.37804799985263, 29.712115999720954], [-95.37814199956398, 29.712078999775972], [-95.37865899977291, 29.71196099979697], [-95.3786799996893, 29.712041999817288], [-95.37896199972162, 29.7131220000858], [-95.37905100030838, 29.713462999716572], [-95.3791299999511, 29.71405799981526], [-95.37916099991324, 29.714645999633365], [-95.37915300041564, 29.71523399990852]]]}, "properties": {"geoid": "48201313000", "name": "Census Tract 3130", "population": "2401.0", "median_hh_income": "56516.0", "poverty_rate": "0.20616409829237817", "nearest_dollar_store_mi": "1.53", "gap_score": "1389.6"}}, {"type": "Feature", "geometry": {"type": "Polygon", "coordinates": [[[-95.35088900030587, 29.69614599962537], [-95.35057899978617, 29.696923000273088], [-95.35029099990608, 29.697685999820358], [-95.34994100010171, 29.69846599980025], [-95.34964300017587, 29.699225999817553], [-95.34956600018297, 29.69940800016555], [-95.34932500015857, 29.699977000288357], [-95.34908400013413, 29.70054399961818], [-95.34899399972244, 29.700749000019343], [-95.34854600000878, 29.701767999991862], [-95.34834400034242, 29.701703999704378], [-95.34567299998227, 29.7008669999083], [-95.34479799957305, 29.700602999700394], [-95.34423400040674, 29.700420999956968], [-95.34343400034058, 29.700180000368025], [-95.34297499985796, 29.700028000239325], [-95.34222800039355, 29.699795999763662], [-95.3417949998502, 29.699652000329042], [-95.34152399968855, 29.699568999748315], [-95.34116600038656, 29.699448999962616], [-95.34074200006404, 29.69931900035816], [-95.34045300035903, 29.699229000113256], [-95.33894000026535, 29.69861099973918], [-95.33776199990743, 29.698219000331825], [-95.33676600002265, 29.697892000183476], [-95.33661600023484, 29.69784200030083], [-95.33591800027594, 29.697606999894827], [-95.33520000022553, 29.69738499993939], [-95.3350019998588, 29.697307000154915], [-95.33403299973824, 29.696984000122736], [-95.33214399990091, 29.696385999921525], [-95.33169899966198, 29.69622899991295], [-95.33134200018493, 29.69611100003822], [-95.33039399998076, 29.695810000120332], [-95.3298540002056, 29.695634000302785], [-95.32952100011967, 29.695531999815135], [-95.32794600010168, 29.69513299964388], [-95.32751400028155, 29.695023999745942], [-95.32725800018851, 29.69512799998764], [-95.32694400036917, 29.695307000324075], [-95.32666399998666, 29.695466000224744], [-95.3264980003053, 29.694703999827727], [-95.3258129998669, 29.692357000358072], [-95.3257149999576, 29.69196200022757], [-95.3259419997383, 29.69185500009486], [-95.32921800017095, 29.690318000048507], [-95.33006000006992, 29.68991999991345], [-95.33211200011387, 29.688905000231284], [-95.33264299966821, 29.688665000014907], [-95.33505799993532, 29.68758100019541], [-95.33586100037452, 29.687265000336424], [-95.33685800008419, 29.686936000254807], [-95.33741200010306, 29.68676600027687], [-95.34094100025568, 29.68570700011396], [-95.34103599979191, 29.685989999617693], [-95.34113100022647, 29.686421000149313], [-95.34113000040155, 29.686788999670952], [-95.34103599979191, 29.687121999809438], [-95.34088099998121, 29.687489000190865], [-95.34042999989451, 29.68855800027355], [-95.34020099956564, 29.689110000189817], [-95.33993299977705, 29.68987499988336], [-95.33964700044508, 29.69059199973506], [-95.33936299986466, 29.691336999693817], [-95.33907699963439, 29.692067999816413], [-95.33877100021095, 29.692775000081376], [-95.34048599997101, 29.693284000234083], [-95.34136700022803, 29.69346000026652], [-95.34231700008202, 29.693646000231723], [-95.34293399985008, 29.69377099964992], [-95.34354300012053, 29.69394300030559], [-95.3442460001023, 29.694152999835914], [-95.34487700011408, 29.69428200025501], [-95.34526200007855, 29.694401000343547], [-95.34558699976856, 29.6945060000751], [-95.34631599968961, 29.694734999852187], [-95.3470329999151, 29.69495599979987], [-95.34778899960034, 29.695197999834566], [-95.3485469998337, 29.695421000337298], [-95.34926999990697, 29.69563800031976], [-95.35002700031544, 29.69587299986924], [-95.35048199970178, 29.69602500004227], [-95.35075500041157, 29.69610700004006], [-95.35088900030587, 29.69614599962537]]]}, "properties": {"geoid": "48201313400", "name": "Census Tract 3134", "population": "3803.0", "median_hh_income": "42500.0", "poverty_rate": "0.28766763081777547", "nearest_dollar_store_mi": "2.76", "gap_score": "4513.1"}}, {"type": "Feature", "geometry": {"type": "Polygon", "coordinates": [[[-95.35598099988259, 29.681738999804946], [-95.3559530002935, 29.682727999731036], [-95.35595099974536, 29.68295099981095], [-95.35594800027063, 29.683216999829682], [-95.35589499966886, 29.683588000138442], [-95.35582100004902, 29.683836999916444], [-95.35574200040631, 29.68403999982757], [-95.35543000023678, 29.684767000290186], [-95.35503600005148, 29.685740999710394], [-95.35476599971473, 29.686429000136293], [-95.35442000010832, 29.6873220002387], [-95.35410700011388, 29.688110000148345], [-95.35355499974483, 29.689502000019644], [-95.35288600009824, 29.691203999982584], [-95.35238899998077, 29.69241199964064], [-95.35223699964482, 29.692781999920047], [-95.35190399955887, 29.693542000016723], [-95.35176100034205, 29.693918999796225], [-95.35143999995168, 29.694728999772675], [-95.35127699974508, 29.695111000218127], [-95.35097399979638, 29.695894999908553], [-95.35088900030587, 29.69614599962537], [-95.35075500041157, 29.69610700004006], [-95.35048199970178, 29.69602500004227], [-95.35002700031544, 29.69587299986924], [-95.34926999990697, 29.69563800031976], [-95.3485469998337, 29.695421000337298], [-95.34778899960034, 29.695197999834566], [-95.3470329999151, 29.69495599979987], [-95.34631599968961, 29.694734999852187], [-95.34558699976856, 29.6945060000751], [-95.34526200007855, 29.694401000343547], [-95.34487700011408, 29.69428200025501], [-95.3442460001023, 29.694152999835914], [-95.34354300012053, 29.69394300030559], [-95.34293399985008, 29.69377099964992], [-95.34231700008202, 29.693646000231723], [-95.34136700022803, 29.69346000026652], [-95.34048599997101, 29.693284000234083], [-95.33877100021095, 29.692775000081376], [-95.33907699963439, 29.692067999816413], [-95.33936299986466, 29.691336999693817], [-95.33964700044508, 29.69059199973506], [-95.33993299977705, 29.68987499988336], [-95.34020099956564, 29.689110000189817], [-95.34042999989451, 29.68855800027355], [-95.34088099998121, 29.687489000190865], [-95.34103599979191, 29.687121999809438], [-95.34113000040155, 29.686788999670952], [-95.34113100022647, 29.686421000149313], [-95.34103599979191, 29.685989999617693], [-95.34094100025568, 29.68570700011396], [-95.3439139998413, 29.684838000052434], [-95.34919600028712, 29.683251000268392], [-95.35001499972155, 29.682955000332804], [-95.35148900035549, 29.68231300038272], [-95.3527570002268, 29.681775999999502], [-95.35354499969908, 29.68149400009271], [-95.35428200001606, 29.68128399986406], [-95.35449899975104, 29.68122200009176], [-95.35486699999707, 29.68114599976478], [-95.35561500018471, 29.680992000199563], [-95.35576699962236, 29.680960999837886], [-95.35596499998908, 29.680921000062074], [-95.35597000001194, 29.68122800019725], [-95.35598099988259, 29.681738999804946]]]}, "properties": {"geoid": "48201313500", "name": "Census Tract 3135", "population": "1781.0", "median_hh_income": "29922.0", "poverty_rate": "0.36327905670971367", "nearest_dollar_store_mi": "3.28", "gap_score": "2428.0"}}, {"type": "Feature", "geometry": {"type": "Polygon", "coordinates": [[[-95.3665270003326, 29.681284999620907], [-95.36631899992014, 29.681750999953934], [-95.36603199986497, 29.68242899979947], [-95.36581299958185, 29.68310699975471], [-95.36574800018283, 29.68335399969089], [-95.36570700017494, 29.68345999977435], [-95.36559300037213, 29.683819000066], [-95.36533200025622, 29.684474999817304], [-95.36522599995102, 29.684742999930524], [-95.3650560000717, 29.68515899989053], [-95.36497499988084, 29.685404000034993], [-95.36460900018297, 29.686315000066784], [-95.36460099978704, 29.686355999743853], [-95.36437499983121, 29.686845000141716], [-95.36434700024213, 29.68691899987974], [-95.3642960001885, 29.687053999978616], [-95.36410399966957, 29.6875040002991], [-95.36408699995114, 29.68754899983017], [-95.36385799962228, 29.688173000042784], [-95.36358900000877, 29.68880700022517], [-95.36333200009081, 29.689420999770032], [-95.36311700000566, 29.689966000374355], [-95.36281300023204, 29.690705999635206], [-95.36222900007594, 29.69215100035139], [-95.36164300027002, 29.693595999796653], [-95.3614669996446, 29.694047999735453], [-95.36129500011546, 29.694483999731705], [-95.36100600041047, 29.695191000164208], [-95.36072299965495, 29.695916999943027], [-95.36043599959977, 29.69662599964434], [-95.36014600006986, 29.69734200010573], [-95.35985900001468, 29.69806400002669], [-95.35956399956358, 29.6987800003833], [-95.35942700019456, 29.69914099972643], [-95.35931599986647, 29.699505999976264], [-95.35927499985858, 29.699705000372546], [-95.35925200029236, 29.699930999728956], [-95.3592690000108, 29.700289000133935], [-95.35930699964564, 29.700485000281624], [-95.35936600009518, 29.700686999770888], [-95.35948400009595, 29.701097000351485], [-95.35954199982227, 29.701385000333374], [-95.35954500019531, 29.701573999897153], [-95.35954400037042, 29.701743000237975], [-95.35953199977654, 29.701919999828448], [-95.35949099976865, 29.702138999696736], [-95.3594589999816, 29.70224099971823], [-95.35941600032389, 29.702374999971525], [-95.35852699967096, 29.70242499993871], [-95.35808399998017, 29.702447999650033], [-95.3573190000741, 29.702488999766793], [-95.35521299960348, 29.7026000000181], [-95.35491700022578, 29.702615999755984], [-95.35475999986696, 29.702624000014136], [-95.35460099985829, 29.702632000271617], [-95.35414800012177, 29.702656000259996], [-95.3540250000981, 29.70266699992762], [-95.3532989996518, 29.702767999869803], [-95.35289699996889, 29.702829000071535], [-95.35240300022447, 29.702926999665728], [-95.35236700023947, 29.702914999704625], [-95.35219900000997, 29.702863999658902], [-95.35197999972685, 29.70280300025873], [-95.35160499980815, 29.702692000231828], [-95.35084099972698, 29.70244899997658], [-95.3502580002941, 29.70229200008029], [-95.3500819996687, 29.702231999881118], [-95.34932500015857, 29.70200600023984], [-95.34854600000878, 29.701767999991862], [-95.34899399972244, 29.700749000019343], [-95.34908400013413, 29.70054399961818], [-95.34932500015857, 29.699977000288357], [-95.34956600018297, 29.69940800016555], [-95.34964300017587, 29.699225999817553], [-95.34994100010171, 29.69846599980025], [-95.35029099990608, 29.697685999820358], [-95.35057899978617, 29.696923000273088], [-95.35088900030587, 29.69614599962537], [-95.35097399979638, 29.695894999908553], [-95.35127699974508, 29.695111000218127], [-95.35143999995168, 29.694728999772675], [-95.35176100034205, 29.693918999796225], [-95.35190399955887, 29.693542000016723], [-95.35223699964482, 29.692781999920047], [-95.35238899998077, 29.69241199964064], [-95.35288600009824, 29.691203999982584], [-95.35355499974483, 29.689502000019644], [-95.35410700011388, 29.688110000148345], [-95.35442000010832, 29.6873220002387], [-95.35476599971473, 29.686429000136293], [-95.35503600005148, 29.685740999710394], [-95.35543000023678, 29.684767000290186], [-95.35574200040631, 29.68403999982757], [-95.35582100004902, 29.683836999916444], [-95.35589499966886, 29.683588000138442], [-95.35594800027063, 29.683216999829682], [-95.35595099974536, 29.68295099981095], [-95.3559530002935, 29.682727999731036], [-95.35598099988259, 29.681738999804946], [-95.35597000001194, 29.68122800019725], [-95.35596499998908, 29.680921000062074], [-95.35647399980209, 29.680813000119517], [-95.35747200023496, 29.680663999639798], [-95.35827700032402, 29.680586999907664], [-95.35885599955894, 29.68057000001968], [-95.35967900008963, 29.680546000218868], [-95.36054399955479, 29.680550999820095], [-95.36222800025104, 29.680688000192927], [-95.36258800010114, 29.68071700033337], [-95.3632049998692, 29.68076700015211], [-95.36386900039125, 29.68082099977236], [-95.36664899963301, 29.68097399983967], [-95.3665270003326, 29.681284999620907]]]}, "properties": {"geoid": "48201313600", "name": "Census Tract 3136", "population": "4618.0", "median_hh_income": "34013.0", "poverty_rate": "0.4465136422693807", "nearest_dollar_store_mi": "3.34", "gap_score": "6680.0"}}, {"type": "Feature", "geometry": {"type": "Polygon", "coordinates": [[[-95.37627600019117, 29.698060000106306], [-95.3756450001794, 29.70019300022462], [-95.37554499972197, 29.700532999718057], [-95.37544900036083, 29.700882000360355], [-95.37541900022359, 29.70099400038773], [-95.37529000035217, 29.7014639996287], [-95.37525199981901, 29.701645999823164], [-95.37520900016132, 29.701856999970303], [-95.37461300030967, 29.701754000005597], [-95.3741880001622, 29.701703999704378], [-95.37403199962829, 29.70170500003839], [-95.37335499958577, 29.70162499981756], [-95.3729699996213, 29.70160899992183], [-95.37232600008906, 29.701610000256725], [-95.37177799991798, 29.70164399993426], [-95.37066499985737, 29.70173600024334], [-95.36979299982119, 29.701774999984266], [-95.36893400020378, 29.701830999905827], [-95.36884399979209, 29.70183700034146], [-95.36851800027718, 29.701865000288862], [-95.36822700002404, 29.701877000375408], [-95.3679140000296, 29.701893000228466], [-95.36770800016528, 29.701903999979653], [-95.36649700019538, 29.701985000309463], [-95.36535399999754, 29.70205699994092], [-95.36481800042031, 29.702075999975904], [-95.36325500009791, 29.702140000026358], [-95.36221800020529, 29.702214000204535], [-95.36129900031342, 29.702266999676517], [-95.36029900023074, 29.702337000011045], [-95.35941600032389, 29.702374999971525], [-95.3594589999816, 29.70224099971823], [-95.35949099976865, 29.702138999696736], [-95.35953199977654, 29.701919999828448], [-95.35954400037042, 29.701743000237975], [-95.35954500019531, 29.701573999897153], [-95.35954199982227, 29.701385000333374], [-95.35948400009595, 29.701097000351485], [-95.35936600009518, 29.700686999770888], [-95.35930699964564, 29.700485000281624], [-95.3592690000108, 29.700289000133935], [-95.35925200029236, 29.699930999728956], [-95.35927499985858, 29.699705000372546], [-95.35931599986647, 29.699505999976264], [-95.35942700019456, 29.69914099972643], [-95.35956399956358, 29.6987800003833], [-95.35985900001468, 29.69806400002669], [-95.36014600006986, 29.69734200010573], [-95.36043599959977, 29.69662599964434], [-95.36072299965495, 29.695916999943027], [-95.36100600041047, 29.695191000164208], [-95.36129500011546, 29.694483999731705], [-95.3614669996446, 29.694047999735453], [-95.36164300027002, 29.693595999796653], [-95.36222900007594, 29.69215100035139], [-95.36281300023204, 29.690705999635206], [-95.36311700000566, 29.689966000374355], [-95.36357099956709, 29.690094999925847], [-95.36450399970265, 29.69037200000025], [-95.36493200022313, 29.690514999804623], [-95.36514899995812, 29.690642000104223], [-95.36854699969118, 29.691695999942457], [-95.36886800008155, 29.691776000266515], [-95.36921299986304, 29.69187999996831], [-95.36894099987647, 29.692558999802948], [-95.36837599998694, 29.694009999746395], [-95.36778500015816, 29.695462000200838], [-95.36858199985127, 29.695697999775525], [-95.3693790004427, 29.69594299997747], [-95.37017000028804, 29.696178999982916], [-95.37096000030846, 29.69642900016437], [-95.37110699972325, 29.696480999961643], [-95.37176100019953, 29.696664999808522], [-95.37256999958821, 29.696913999959502], [-95.37340300016466, 29.697165999850654], [-95.37448600008804, 29.697494999992674], [-95.37532299996413, 29.69775099991996], [-95.37568899966203, 29.697869999801224], [-95.37627600019117, 29.698060000106306]]]}, "properties": {"geoid": "48201313700", "name": "Census Tract 3137", "population": "2327.0", "median_hh_income": "48240.0", "poverty_rate": "0.1205183585313175", "nearest_dollar_store_mi": "3.07", "gap_score": "2607.4"}}, {"type": "Feature", "geometry": {"type": "Polygon", "coordinates": [[[-95.34892299957734, 29.62768799971845], [-95.34891199970669, 29.63037199976531], [-95.34888699959232, 29.630784000214202], [-95.3489059998589, 29.63109700027228], [-95.34890400020907, 29.6318780000853], [-95.34890199966094, 29.63264900003068], [-95.34890099983603, 29.63341699962349], [-95.3489059998589, 29.636281000261075], [-95.34884499975954, 29.636280000056967], [-95.34870099981948, 29.6362219999136], [-95.34831500003011, 29.63625300000788], [-95.34744600036697, 29.636324999862484], [-95.3465819998284, 29.636388000181082], [-95.34614699963521, 29.63642499987881], [-95.34571300016525, 29.63645499970822], [-95.34554699958558, 29.63646699979362], [-95.34480099994609, 29.636524999795885], [-95.34391899986416, 29.636604000081775], [-95.3430979998816, 29.636660999804807], [-95.3421610004464, 29.636735999966547], [-95.3419229998967, 29.63675200003545], [-95.34177599958362, 29.636757000251674], [-95.34153499955919, 29.63677700033329], [-95.34071600012479, 29.63685699983908], [-95.3400139999679, 29.63690499998055], [-95.33938999962884, 29.636958999721905], [-95.3393729999104, 29.635563000287217], [-95.33936799988751, 29.635178000210175], [-95.3393660002377, 29.635060999966186], [-95.33936100021484, 29.634638999972353], [-95.33935500036704, 29.63427199961702], [-95.33935299981891, 29.63411400000964], [-95.33936299986466, 29.63388599984284], [-95.33936799988751, 29.633403000270942], [-95.33936000038992, 29.633119000157492], [-95.339351999994, 29.632333999623643], [-95.33935500036704, 29.631559999637492], [-95.3393589996667, 29.63107800009944], [-95.33934799979603, 29.63043499990329], [-95.33933000025269, 29.62952200003825], [-95.33932000020694, 29.628176000005727], [-95.33932500022982, 29.627373000196236], [-95.34406700000217, 29.627454999946096], [-95.34893199979817, 29.62754100001193], [-95.34892299957734, 29.62768799971845]]]}, "properties": {"geoid": "48201331604", "name": "Census Tract 3316.04", "population": "2690.0", "median_hh_income": "38938.0", "poverty_rate": "0.2998859749144812", "nearest_dollar_store_mi": "2.15", "gap_score": "2509.0"}}, {"type": "Feature", "geometry": {"type": "Polygon", "coordinates": [[[-95.38728000040058, 29.63221200031927], [-95.38674599957487, 29.631885999725103], [-95.38654700028157, 29.631763999878125], [-95.38535800005296, 29.630912999926856], [-95.3852190001358, 29.63078100021892], [-95.38488699987478, 29.63009099971116], [-95.38469299970602, 29.62986100005333], [-95.38446500010038, 29.629713000124855], [-95.38412399961852, 29.62959700005001], [-95.38314700000036, 29.62936500028047], [-95.38237899972124, 29.629274999896182], [-95.38205599968106, 29.629291000369463], [-95.38141499962357, 29.629408999779706], [-95.38087200037364, 29.629566999739648], [-95.38014799957715, 29.629873000143554], [-95.37995900032959, 29.630005999746075], [-95.37989400003225, 29.630137000204428], [-95.37985999969708, 29.630676000327753], [-95.37991699959848, 29.63145499977748], [-95.37988700035956, 29.631631000254227], [-95.37972099977989, 29.631784999638317], [-95.37875800040543, 29.6322419998419], [-95.3782219999299, 29.63249599986677], [-95.37807399979191, 29.63265900008942], [-95.37783899961526, 29.634814000132568], [-95.37797599988262, 29.635667000339406], [-95.37790999976036, 29.635981000266007], [-95.37781500022413, 29.636095999810156], [-95.37755499993312, 29.63626500011735], [-95.37667799987406, 29.636450000257824], [-95.37641599993326, 29.636547000326477], [-95.3761230000303, 29.63679500001289], [-95.37549200001854, 29.63757700033949], [-95.37548199997278, 29.63775300026884], [-95.3755959997756, 29.638291000053115], [-95.3756159998671, 29.638386999726926], [-95.3759199996407, 29.639278999900473], [-95.37594899995302, 29.63956299982044], [-95.37586000026455, 29.63991199973306], [-95.37569000038525, 29.6402349996192], [-95.37555200029298, 29.640366000046345], [-95.37516800015342, 29.640474999854696], [-95.37414600032942, 29.640334000273615], [-95.37375700016699, 29.64043300004993], [-95.37355700015046, 29.640608999672242], [-95.37285300034375, 29.641703999935824], [-95.37261399996915, 29.6418980000078], [-95.37124800018854, 29.6421390003292], [-95.37101800003478, 29.642214000314763], [-95.37084200030769, 29.642343000221715], [-95.37071099988812, 29.64256399976899], [-95.37045599961999, 29.643315999678478], [-95.37034000016735, 29.643462999784248], [-95.37000200005855, 29.643720000005803], [-95.36889900004368, 29.6442680003867], [-95.36836299956815, 29.644318999710524], [-95.36775900021888, 29.644376999874552], [-95.36746100029305, 29.6444849999026], [-95.36731499980488, 29.6447780002697], [-95.36720699984983, 29.645235000067366], [-95.36715699962113, 29.64544599994362], [-95.36702500027496, 29.645667999817025], [-95.36678500007547, 29.645863000167047], [-95.36581599995489, 29.64644400009983], [-95.36558800034925, 29.646522999630157], [-95.36530600031696, 29.646546999742043], [-95.3641620002942, 29.64647700037569], [-95.36405299961595, 29.646482000108975], [-95.36403699972242, 29.646421000066837], [-95.36397999982101, 29.646371999673388], [-95.36395499970665, 29.646190000122527], [-95.36394999968378, 29.645673000371186], [-95.36394100036127, 29.644601000006016], [-95.36392799994246, 29.644381000369243], [-95.36388500028478, 29.642176000256192], [-95.36388299973663, 29.642055999894865], [-95.3638450001018, 29.641428999623972], [-95.36381900016252, 29.63931200018248], [-95.36381099976661, 29.639095999843835], [-95.36378099962937, 29.638322000291232], [-95.36372299990306, 29.63633199972632], [-95.3637189997051, 29.636140000273215], [-95.36370299981158, 29.635325999917043], [-95.3636779996972, 29.634732000126558], [-95.3636779996972, 29.63439700021795], [-95.36367699987231, 29.633605000221717], [-95.36366099997879, 29.632049999619394], [-95.36365799960573, 29.631779999956112], [-95.36362499999377, 29.62998200037679], [-95.36356200024458, 29.628753000142126], [-95.36355700022172, 29.6282340000971], [-95.36354800000088, 29.62726400026355], [-95.36354200015309, 29.626550999987586], [-95.36353100028245, 29.62634399999506], [-95.36349699994726, 29.625676999642423], [-95.36349100009947, 29.625000999838395], [-95.36345799958919, 29.62452900023882], [-95.36342300032742, 29.6229339999185], [-95.36338300014444, 29.621072999723285], [-95.36289000022494, 29.621072999723285], [-95.36006800025206, 29.62105999979154], [-95.35543600008455, 29.62105999979154], [-95.35542199984086, 29.620687999712782], [-95.35542699986372, 29.619902999931593], [-95.35543100006169, 29.619070999850518], [-95.355460000374, 29.61760300017818], [-95.35541500016815, 29.61703299987167], [-95.355424000389, 29.616611000113682], [-95.3554329997115, 29.615527000231747], [-95.35545000032825, 29.615135999979625], [-95.35543699990946, 29.614470999692614], [-95.35541000014528, 29.614342000015544], [-95.35542900041186, 29.612194999864794], [-95.35555999993312, 29.61219900007569], [-95.35566799988815, 29.61219699997023], [-95.35648800004579, 29.612197999632485], [-95.35709999979099, 29.61219900007569], [-95.35750800021998, 29.612194999864794], [-95.35761399962688, 29.61219900007569], [-95.35778600005435, 29.612194999864794], [-95.35796099995652, 29.61220100018104], [-95.35814799955426, 29.61219900007569], [-95.35824800001171, 29.612192999759305], [-95.35945800015669, 29.612210999926305], [-95.35955199986802, 29.61221599979853], [-95.36028800036007, 29.61221799990356], [-95.36038399972122, 29.612213000031424], [-95.36067400014944, 29.61221200036937], [-95.36075899963996, 29.612229000090036], [-95.3608609997472, 29.612220000008538], [-95.36136500043568, 29.612220000008538], [-95.36174100017932, 29.612226000323297], [-95.36199999974708, 29.612224000218433], [-95.36222700042612, 29.61221599979853], [-95.36236899981802, 29.61221599979853], [-95.36244800035907, 29.612210000264177], [-95.36252700000176, 29.612213000031424], [-95.36261400004042, 29.612208000158994], [-95.36367500022249, 29.612215000136505], [-95.36389100013255, 29.612210000264177], [-95.36401599980603, 29.61221799990356], [-95.3640710000576, 29.612229000090036], [-95.36430000038646, 29.61223399996142], [-95.36518800031618, 29.612238999832513], [-95.36532300003537, 29.61223600006608], [-95.36546100012765, 29.612238999832513], [-95.36560800044076, 29.612231999856657], [-95.36575599968043, 29.612242000379847], [-95.36668700016617, 29.612247000250598], [-95.36701100003127, 29.612243000041605], [-95.3679500000146, 29.61224799991229], [-95.3680410002512, 29.61224799991229], [-95.3683580004436, 29.61224599980787], [-95.3684770002693, 29.612250999678366], [-95.36875099990569, 29.612250999678366], [-95.36890499989147, 29.612247000250598], [-95.36958500030703, 29.612254000225345], [-95.37213399957012, 29.612261999861243], [-95.37263999990842, 29.612266999730934], [-95.37298800006296, 29.612263999965343], [-95.37316100031533, 29.61226899983501], [-95.37334200006528, 29.612264999626884], [-95.37406799961329, 29.61227399970436], [-95.37533800003274, 29.612277999912052], [-95.37628899971165, 29.612282999781034], [-95.37754400006249, 29.612293000299147], [-95.37834699960338, 29.612289999753276], [-95.38022600029326, 29.61230200037407], [-95.38023899981376, 29.614113999619516], [-95.38116199990357, 29.614102999638746], [-95.38224499982694, 29.61409000036984], [-95.38439999980307, 29.614064000265184], [-95.38566799967438, 29.614044000360384], [-95.3862479996325, 29.61403300037197], [-95.38668299982568, 29.614031999946967], [-95.38720400023259, 29.614031999946967], [-95.38725100008826, 29.615981999957842], [-95.38724600006537, 29.61688600023983], [-95.3872400002176, 29.617962000379933], [-95.38724100004252, 29.619321999946152], [-95.3872679998067, 29.623501000215796], [-95.38723799966947, 29.624424000078562], [-95.38721099990528, 29.627542000302817], [-95.38721000008039, 29.62770499995224], [-95.38720900025547, 29.627811999612216], [-95.38724500024048, 29.628508000238927], [-95.3872689996316, 29.631581000221068], [-95.38727799985243, 29.632129000292085], [-95.38728000040058, 29.63221200031927]]]}, "properties": {"geoid": "48201331502", "name": "Census Tract 3315.02", "population": "6146.0", "median_hh_income": "54097.0", "poverty_rate": "0.20685695538057744", "nearest_dollar_store_mi": "0.65", "gap_score": "1597.9"}}, {"type": "Feature", "geometry": {"type": "Polygon", "coordinates": [[[-95.31069100022418, 29.71220000030465], [-95.31049399968238, 29.71235700031549], [-95.30990899970138, 29.712820999652955], [-95.30939300021566, 29.713599000250607], [-95.30932200007057, 29.713843000265133], [-95.30929100010842, 29.714272999685097], [-95.30919400002404, 29.71447000005426], [-95.3086989995564, 29.71490299973681], [-95.30771100006757, 29.715607000187124], [-95.30753100014252, 29.715886999924894], [-95.30743099968508, 29.71630900000451], [-95.30752899959437, 29.717104000047932], [-95.30767599990746, 29.71739899983624], [-95.30797700020635, 29.717640999626216], [-95.30865500007378, 29.71798200029043], [-95.30882099975514, 29.71818600003103], [-95.30884599986949, 29.71836300028462], [-95.30869600008165, 29.719216000352162], [-95.30861900008877, 29.719382000173884], [-95.3084380003388, 29.719527000338648], [-95.30616000033903, 29.720618999843555], [-95.30562100038878, 29.72095100003261], [-95.30543300006782, 29.72114600027795], [-95.30502899983678, 29.72237700006237], [-95.30494500017117, 29.722631999624195], [-95.30522399983043, 29.72426700037155], [-95.30498399963092, 29.725580000213082], [-95.30509099976103, 29.725963999724744], [-95.30543700026578, 29.7265769998227], [-95.30545200033438, 29.72689799967171], [-95.30530900021925, 29.7271559996882], [-95.30516199990616, 29.727282000380317], [-95.3044609995742, 29.727491000325177], [-95.30423700016654, 29.727648999897472], [-95.30403700014999, 29.72808100038078], [-95.30382999956242, 29.728998999912566], [-95.30365700020839, 29.729325000107984], [-95.3031860000302, 29.729995999873175], [-95.3027490001872, 29.730081999637214], [-95.30239000016199, 29.72996100038344], [-95.30220100001611, 29.7298240001239], [-95.30179000011236, 29.729001000036604], [-95.30153499984424, 29.728771000328457], [-95.30088499956591, 29.72854000002642], [-95.29972700019776, 29.728271999755894], [-95.29960300034921, 29.72822400031879], [-95.29795299998817, 29.72758499972548], [-95.29762900012307, 29.727532000356597], [-95.29729900041016, 29.72754200034267], [-95.29545400005547, 29.727932999875694], [-95.29489900021169, 29.727944999966947], [-95.2947949995563, 29.727947000112014], [-95.29459500043808, 29.727878999837326], [-95.29433400032218, 29.727703000059574], [-95.29404300006902, 29.72739800013475], [-95.29359899965502, 29.726748999677532], [-95.29326100044453, 29.726484999652353], [-95.29289200037358, 29.726324000321377], [-95.29168700025146, 29.726072000273412], [-95.29127200014977, 29.725839999904935], [-95.2910629999124, 29.725573000320114], [-95.29048700015221, 29.723917999876395], [-95.29031200025004, 29.72363300012086], [-95.29012599957889, 29.72348999988109], [-95.28983500022406, 29.723355000384217], [-95.28930799996937, 29.72326700007702], [-95.28861000001045, 29.723333000119645], [-95.28840900016901, 29.72338000021811], [-95.28805299961853, 29.72346399995745], [-95.28780599974634, 29.723455999799558], [-95.28726599997117, 29.723276000369083], [-95.2864309997449, 29.722658999888655], [-95.2861760003751, 29.722632999749717], [-95.2863100002694, 29.722354000235224], [-95.28670500027961, 29.72152699996395], [-95.28690899959578, 29.721102999696313], [-95.28670699992942, 29.72074899995914], [-95.28655899979141, 29.720493000146966], [-95.28641700039951, 29.72036100018372], [-95.28626199969051, 29.72025700032679], [-95.28609099998627, 29.720167000123617], [-95.2860369995596, 29.72014399979001], [-95.28598399985614, 29.72012100023128], [-95.28586099983251, 29.720081999814244], [-95.28566800038698, 29.720035999883017], [-95.28527199965355, 29.71998899977879], [-95.28511099999504, 29.71965000000221], [-95.28569099995319, 29.719319999727432], [-95.28584199956593, 29.719239000118254], [-95.28599899992477, 29.719151000102805], [-95.28607500009275, 29.719107000066156], [-95.29027799991485, 29.716738999784233], [-95.29049600037305, 29.71662999992909], [-95.2948509996328, 29.71417199961124], [-95.29660300010109, 29.713195999973664], [-95.29859800024363, 29.712071000271038], [-95.29985900044224, 29.71135999988764], [-95.3023270004128, 29.709975999826128], [-95.30493699977526, 29.70851800003369], [-95.30509999998188, 29.708425000208468], [-95.30528499992981, 29.708548000210623], [-95.3060249997215, 29.709042000014705], [-95.30623200030907, 29.70918300003263], [-95.30748799958648, 29.71003900005278], [-95.30866299957138, 29.710839000248765], [-95.31010399969504, 29.711795000186793], [-95.31055399995687, 29.71210500030808], [-95.31062199972891, 29.712152999652375], [-95.31069100022418, 29.71220000030465]]]}, "properties": {"geoid": "48201311200", "name": "Census Tract 3112", "population": "4523.0", "median_hh_income": "62096.0", "poverty_rate": "0.0855626796374088", "nearest_dollar_store_mi": "0.19", "gap_score": "226.5"}}, {"type": "Feature", "geometry": {"type": "Polygon", "coordinates": [[[-95.39315199995197, 29.680881000270293], [-95.39307699960891, 29.681071999678814], [-95.39283499975957, 29.681682999611194], [-95.39264200031404, 29.68234500007371], [-95.39211599988425, 29.68405399994085], [-95.3916339998354, 29.68536299996965], [-95.39134699978024, 29.685371999756974], [-95.3906820003316, 29.68537499968593], [-95.3906120000114, 29.68537699989868], [-95.39044799997986, 29.685382000040068], [-95.38895699962748, 29.685398000178765], [-95.38810999970566, 29.68540499975086], [-95.38801799964413, 29.685406000247156], [-95.38746699999832, 29.685415000030684], [-95.38705400044476, 29.685420999885903], [-95.38673600042745, 29.685426000025167], [-95.38620900017276, 29.6854349998069], [-95.38605900038493, 29.685437999733928], [-95.38597800019409, 29.685439999945416], [-95.38498599960899, 29.68544299987235], [-95.38466699976675, 29.685450000221746], [-95.38435499959722, 29.68547599984288], [-95.38398100040173, 29.6855279998455], [-95.38368000010284, 29.685612000032975], [-95.38344900012414, 29.685685999898425], [-95.38320999974955, 29.68578099990949], [-95.38285200044758, 29.68595199970307], [-95.38259399980642, 29.686103000346904], [-95.38168800033336, 29.686643000136502], [-95.381262000361, 29.686806000068014], [-95.38087499984839, 29.686900999800866], [-95.38052500004403, 29.686936000254807], [-95.38026200027828, 29.68694299971979], [-95.37999399959138, 29.686939000137087], [-95.37979000027518, 29.686931999891392], [-95.37954199967974, 29.686923000243713], [-95.37962200004569, 29.686763000389423], [-95.37978799972704, 29.686455999990006], [-95.38002000042897, 29.686095000333985], [-95.3802349996158, 29.685775999787882], [-95.38031099978377, 29.68562599992731], [-95.38050699960236, 29.68516300032455], [-95.38062100030348, 29.684894000049386], [-95.38068999990045, 29.684562000057603], [-95.38071699966463, 29.68424300010909], [-95.38079399965754, 29.682489000118082], [-95.38091199965831, 29.681866000268208], [-95.3811779997971, 29.680816999946053], [-95.38119299986569, 29.680783000244958], [-95.38119299986569, 29.68075700019035], [-95.38120399973636, 29.680715999790394], [-95.3812919995999, 29.680715999790394], [-95.38144999978365, 29.680714000265382], [-95.3819889997339, 29.680707000366624], [-95.38372600013359, 29.680685000124075], [-95.38590700004897, 29.680658000281053], [-95.38741900031773, 29.680661000350703], [-95.38882799975605, 29.680663999639798], [-95.39016500012265, 29.680651000378372], [-95.39239600026674, 29.680595000358966], [-95.3926260004205, 29.680586000143876], [-95.39297500039996, 29.68058399983586], [-95.3932520004094, 29.68058900021568], [-95.39315199995197, 29.680881000270293]]]}, "properties": {"geoid": "48201313902", "name": "Census Tract 3139.02", "population": "2706.0", "median_hh_income": "66013.0", "poverty_rate": "0.12490761271249076", "nearest_dollar_store_mi": "4.03", "gap_score": "1703.1"}}, {"type": "Feature", "geometry": {"type": "Polygon", "coordinates": [[[-95.33309600030304, 29.72608900026251], [-95.33289700011143, 29.726582000253533], [-95.33283099998917, 29.72674299995059], [-95.33256700039853, 29.72738800013427], [-95.33230299990957, 29.728034000143907], [-95.33221199967298, 29.72824899971971], [-95.33200699963356, 29.728767000071098], [-95.33161699964624, 29.729702999778954], [-95.33148199992702, 29.73006200017035], [-95.33125799962103, 29.73062999970382], [-95.33113100029773, 29.730951999889882], [-95.33108000024411, 29.731088000128008], [-95.33080999990736, 29.73176299994095], [-95.33070100012742, 29.732011000388546], [-95.33050000028597, 29.732579999834577], [-95.33043400016372, 29.732746000171215], [-95.33037800008722, 29.732905000071593], [-95.33025500006359, 29.73324799961168], [-95.33011299977335, 29.73360899983044], [-95.32993100019848, 29.73412599979773], [-95.32987799959672, 29.734175000321773], [-95.32983599976393, 29.734181999614623], [-95.32977700021272, 29.734184999645702], [-95.32971799976315, 29.73421799998184], [-95.32967799958018, 29.73428399984156], [-95.32947000006604, 29.73477500011728], [-95.32918499966068, 29.73547000003534], [-95.32890799965125, 29.736157999883545], [-95.32863599966468, 29.73678999980311], [-95.32855000034927, 29.7369950002916], [-95.32846900015842, 29.7371290001752], [-95.32821600043843, 29.73741999968428], [-95.32800399982801, 29.73769600027997], [-95.32775799978072, 29.738009999847613], [-95.32758299987853, 29.73822499988382], [-95.32732799961042, 29.738549999771063], [-95.32707099969245, 29.73888299987361], [-95.32703100040779, 29.738944999932198], [-95.32661799995591, 29.73944800028672], [-95.32646200032032, 29.739655999889898], [-95.32616299967125, 29.740023000158768], [-95.32592900021785, 29.740322000224555], [-95.3255659999947, 29.740767999959978], [-95.32552400016189, 29.740832000301378], [-95.3246300003844, 29.740538999878364], [-95.3237509997772, 29.740252999808508], [-95.3228569999997, 29.739986000362585], [-95.32197200044305, 29.739717000295418], [-95.32153999972458, 29.7395729996237], [-95.32105199982796, 29.739409000361857], [-95.3197239996822, 29.738992999699676], [-95.31851899956007, 29.738610000103083], [-95.31728500002397, 29.738220000033312], [-95.31632900032217, 29.737918999994577], [-95.31549699957066, 29.737664000283736], [-95.31463100028058, 29.737378999793798], [-95.31424700014101, 29.737262999879775], [-95.31434099985235, 29.737137000022898], [-95.3145419996938, 29.736822000078178], [-95.3148510003886, 29.736365000080987], [-95.31510699958332, 29.73608599974866], [-95.31528300020874, 29.735854999909446], [-95.31550999998946, 29.735660000168018], [-95.31569300028754, 29.735471000032888], [-95.31640200011712, 29.734806000251], [-95.3166890001723, 29.734513000164334], [-95.3169639996336, 29.734216999971796], [-95.31763800020137, 29.73350799971427], [-95.31823599970285, 29.73292899984335], [-95.318815999661, 29.732359000008064], [-95.3193930001444, 29.73177699964287], [-95.3199630000568, 29.731195999841624], [-95.31999400001894, 29.7311169997592], [-95.32050899967975, 29.730595999701396], [-95.32111700012528, 29.730008999769645], [-95.32171499962678, 29.72939899975124], [-95.32230100033102, 29.728818000220084], [-95.3228779999161, 29.728220000039634], [-95.32349399985925, 29.727615999740742], [-95.32406899979452, 29.7270550000964], [-95.32484200009651, 29.726314000213936], [-95.32492900013513, 29.72620700001562], [-95.32552400016189, 29.725612000163554], [-95.32607700035585, 29.725052999659262], [-95.3275390003959, 29.723594999624222], [-95.32824200037768, 29.72290800033806], [-95.328368999701, 29.72279599978939], [-95.32865499993125, 29.722978999666836], [-95.3306650001424, 29.724252999621786], [-95.33189200000585, 29.72503700037626], [-95.33238800029838, 29.725388999614218], [-95.33318699964131, 29.725889999888466], [-95.33309600030304, 29.72608900026251]]]}, "properties": {"geoid": "48201310600", "name": "Census Tract 3106", "population": "4598.0", "median_hh_income": "51837.0", "poverty_rate": "0.1341490058990605", "nearest_dollar_store_mi": "0.3", "gap_score": "518.6"}}, {"type": "Feature", "geometry": {"type": "Polygon", "coordinates": [[[-95.3003840001488, 29.69587200025752], [-95.29983799962753, 29.695820999757334], [-95.29845000010563, 29.695691000140016], [-95.2980469996995, 29.69564800036158], [-95.2978579995536, 29.69562800027696], [-95.29761900007732, 29.695602000160935], [-95.29672699994966, 29.695529999804517], [-95.29610299961057, 29.69552900018937], [-95.29538999958304, 29.695539000242032], [-95.29529199967376, 29.695551999918862], [-95.2946890001494, 29.695646000353328], [-95.29378500032617, 29.695920999948743], [-95.29282899972608, 29.696272000222997], [-95.29264899980103, 29.69633800006419], [-95.29243000041622, 29.696407999848407], [-95.29221500033107, 29.696478000364227], [-95.29196099988786, 29.696559999992285], [-95.29180000022936, 29.696611000117382], [-95.29154199958819, 29.69669000004585], [-95.29103799979804, 29.696810000005982], [-95.29025799982335, 29.697048999896218], [-95.28996900011836, 29.697126000281703], [-95.28931299999225, 29.69730100022901], [-95.28891299995915, 29.69740800002433], [-95.28875499977542, 29.697442999939966], [-95.28873200020921, 29.697448999857382], [-95.28851100027626, 29.697276000143724], [-95.28833300000103, 29.697148000046617], [-95.288148999878, 29.697017999805414], [-95.28764300043804, 29.69657700029701], [-95.28701200042626, 29.696039000046586], [-95.28694600030403, 29.695745999938584], [-95.2869239996644, 29.69564800036158], [-95.28686299956503, 29.695476000283676], [-95.28679499979299, 29.695281999742598], [-95.28665300040107, 29.6950119996211], [-95.28641099965341, 29.694660000003143], [-95.28580599958093, 29.693948999651717], [-95.28526499998084, 29.693312999861615], [-95.28510400032236, 29.69305500027133], [-95.28476600021357, 29.692576999648825], [-95.2845500003035, 29.692336999618284], [-95.28412199978301, 29.691888999952468], [-95.28361499961979, 29.691358999945933], [-95.28025799989464, 29.687966000352898], [-95.27909100030566, 29.6867619999067], [-95.27822699976709, 29.685870000002623], [-95.27811200013933, 29.685750999956785], [-95.2783139998057, 29.685626999640974], [-95.27849799992872, 29.685530999769753], [-95.2789180000533, 29.685499000312582], [-95.2802920002298, 29.685486999830683], [-95.28170200039133, 29.685456000074865], [-95.28234799957339, 29.685444000368204], [-95.28348999994634, 29.685425000309504], [-95.28432699982243, 29.685403000319113], [-95.28693399971016, 29.685360999756636], [-95.28890399973834, 29.685305999736737], [-95.28926600013656, 29.685299999874648], [-95.29023299970899, 29.6852559998344], [-95.29042100002998, 29.68524900025193], [-95.29091499977439, 29.68525399961926], [-95.29299500030575, 29.6852220000739], [-95.29520499963512, 29.68515500023681], [-95.29540499965167, 29.68515300001966], [-95.29579899983696, 29.685141999995306], [-95.29631000019813, 29.685149000365676], [-95.29668699976668, 29.68576499983177], [-95.29689699982897, 29.686098999950275], [-95.29747299958913, 29.686983000220923], [-95.29791500035333, 29.687655999865452], [-95.29805799957016, 29.68784800013909], [-95.29842599981617, 29.688454999940774], [-95.29855600041083, 29.68874600009347], [-95.2985959996955, 29.68883700004607], [-95.29866199981774, 29.689047999782016], [-95.29868699993209, 29.689183000142602], [-95.2987150004195, 29.689284000374673], [-95.29877099959768, 29.689609999990758], [-95.29877099959768, 29.690484999704267], [-95.29879800026018, 29.691367000320213], [-95.29886900040529, 29.692309999783834], [-95.29899999992654, 29.692714000017293], [-95.29936499979952, 29.69352000024257], [-95.29975899998482, 29.694443999875308], [-95.30016800023873, 29.695356999907734], [-95.30030100030812, 29.69567300007169], [-95.3003840001488, 29.69587200025752]]]}, "properties": {"geoid": "48201332900", "name": "Census Tract 3329", "population": "4635.0", "median_hh_income": "41194.0", "poverty_rate": "0.3064767415980414", "nearest_dollar_store_mi": "1.42", "gap_score": "2866.0"}}, {"type": "Feature", "geometry": {"type": "Polygon", "coordinates": [[[-95.41840300029314, 29.714619000334178], [-95.41839900009518, 29.71505399977608], [-95.4166600000457, 29.715059000000853], [-95.41490699975249, 29.71507299969261], [-95.41398700003572, 29.71508700016261], [-95.41339799985676, 29.715092000385727], [-95.41330099977236, 29.71509299980617], [-95.41267099958552, 29.715107000273388], [-95.4126680001108, 29.714657999753054], [-95.41266599956265, 29.714245000076513], [-95.412654999692, 29.713429000139417], [-95.41264100034661, 29.712615000262222], [-95.41264100034661, 29.711785000192098], [-95.41262999957763, 29.711019000136133], [-95.41261100020938, 29.710214000128317], [-95.41261899970698, 29.70949200015969], [-95.41260899966123, 29.708683000115702], [-95.41259600014077, 29.70785099976671], [-95.4125850002701, 29.707074999665146], [-95.41259100011789, 29.706203999691294], [-95.41256699982844, 29.705308999836696], [-95.41253500004139, 29.70499399985592], [-95.41245999969831, 29.70467800014326], [-95.4122320000927, 29.70404600007603], [-95.41213099981036, 29.703838000003824], [-95.41195799955798, 29.7035550000504], [-95.4117180002568, 29.70320499979358], [-95.41131499985067, 29.70334800005921], [-95.41097099989408, 29.703452999802753], [-95.41060199982313, 29.7035550000504], [-95.41021699985866, 29.703635999828997], [-95.40993999984923, 29.703685999948735], [-95.40936499991396, 29.703754999760985], [-95.40902099995738, 29.703776999634613], [-95.40861000005364, 29.703786999646496], [-95.40821699969324, 29.70380600013456], [-95.40795499975243, 29.703739999738012], [-95.40762599986446, 29.703628999966295], [-95.40725000012083, 29.703442000221195], [-95.40665199972102, 29.704215000158833], [-95.40591199992933, 29.70515799996674], [-95.4050659998324, 29.70624699963256], [-95.40361600038621, 29.706230000184206], [-95.40301700016151, 29.706230000184206], [-95.40299399969697, 29.704717000302328], [-95.40295000021436, 29.704294000349357], [-95.40284200025931, 29.70369599996969], [-95.4028270001907, 29.70362399995261], [-95.40280999957395, 29.703543000164345], [-95.40246899999042, 29.702459000120683], [-95.40244100040132, 29.702371000222787], [-95.40274099997697, 29.702233999758302], [-95.40467599984507, 29.702205999913772], [-95.4052549999783, 29.70202700016578], [-95.40720300026516, 29.700825000347255], [-95.40764699978087, 29.700456999949527], [-95.40772499959867, 29.70036300011522], [-95.40807799977608, 29.69993400000355], [-95.40870499958989, 29.698646000015952], [-95.40901299956145, 29.698310000288764], [-95.40925600013402, 29.698132000210133], [-95.40975499990131, 29.69776899961596], [-95.41008100031453, 29.697547999613597], [-95.41026600026247, 29.69745899971893], [-95.41051200030975, 29.697340999728283], [-95.41103000034362, 29.69723100028666], [-95.41143799987431, 29.697196999895787], [-95.41200500031196, 29.697280999693124], [-95.41212599978748, 29.697311999702762], [-95.41354500016985, 29.697668999703346], [-95.4144780003054, 29.69781299963962], [-95.41477700005613, 29.697827999767384], [-95.41482999975958, 29.697942999632385], [-95.41483999980532, 29.697963999627405], [-95.41496500037712, 29.698062999656432], [-95.41508599985261, 29.698303999642437], [-95.41510199974616, 29.699112999800032], [-95.41510000009634, 29.699548999663964], [-95.4151050001192, 29.699755999681333], [-95.41501100040787, 29.700291999617562], [-95.41487800033846, 29.700727999826228], [-95.4182380004367, 29.700709000316518], [-95.41823500006365, 29.701069999749947], [-95.41822199964486, 29.70183000035338], [-95.41823699971347, 29.702529000321398], [-95.41824199973634, 29.702759000079975], [-95.4182669998507, 29.70321900035784], [-95.41827199987358, 29.703588000314898], [-95.41827000022376, 29.70398400030214], [-95.41826900039885, 29.704339000163422], [-95.41826900039885, 29.704398000357223], [-95.41829199996506, 29.705274999839258], [-95.4182879997671, 29.706163999820088], [-95.41828299974424, 29.70706300019966], [-95.41829399961489, 29.707895000055373], [-95.41830299983572, 29.708662000021015], [-95.41832399975212, 29.708758999901466], [-95.4183160002545, 29.709456000284717], [-95.41831700007941, 29.70958600003239], [-95.41831700007941, 29.710228999964553], [-95.41834200019377, 29.710401999994385], [-95.4183160002545, 29.7109279999907], [-95.41835800008731, 29.711117000320623], [-95.4183510004146, 29.71146700030996], [-95.41835499971425, 29.711832000236495], [-95.41836899995795, 29.7125779997209], [-95.41839099969927, 29.713409999911764], [-95.41839900009518, 29.714191999904312], [-95.41840599976788, 29.714299999857552], [-95.41840300029314, 29.714619000334178]]]}, "properties": {"geoid": "48201412202", "name": "Census Tract 4122.02", "population": "3496.0", "median_hh_income": "167986.0", "poverty_rate": "0.06686478454680535", "nearest_dollar_store_mi": "3.27", "gap_score": "0.0"}}, {"type": "Feature", "geometry": {"type": "Polygon", "coordinates": [[[-95.44659600025781, 29.653898999632098], [-95.44637500032485, 29.653972000167432], [-95.44582399978073, 29.654137000027387], [-95.44517199985256, 29.654338999757332], [-95.4443729996113, 29.654577999915077], [-95.44377599993474, 29.65476199995364], [-95.44338199974943, 29.654936000249062], [-95.44311499978575, 29.655137999936503], [-95.44284000032445, 29.655329999851016], [-95.44266500042225, 29.655550999770735], [-95.44250499969039, 29.655759999859395], [-95.44234499985681, 29.656000999781345], [-95.44227799990966, 29.656153000131756], [-95.44213099959657, 29.656208999709943], [-95.44185899961002, 29.656317000313912], [-95.44135599964476, 29.65649700028241], [-95.43778700020746, 29.657893999833167], [-95.43731799967911, 29.658073000115568], [-95.43404700016765, 29.659325000226826], [-95.43328700028445, 29.659603999935815], [-95.43104100007176, 29.660414000071228], [-95.43084000023029, 29.660461999909245], [-95.42930299984717, 29.660922000188283], [-95.42635000035303, 29.66180500017764], [-95.42576199999897, 29.66198099990075], [-95.42288999979738, 29.662829999655436], [-95.42085700002, 29.663433000113887], [-95.42021099993963, 29.663624999811883], [-95.41650100003703, 29.664723999943018], [-95.41314400031186, 29.665723000082664], [-95.41232199960606, 29.665974000209964], [-95.40306599966699, 29.668802999813845], [-95.39968899985033, 29.66982400031199], [-95.3972719999334, 29.67054499980089], [-95.39707799976463, 29.67060299968019], [-95.39692600032699, 29.670647999751907], [-95.39671999956435, 29.67070800007642], [-95.39683900028835, 29.670391000389596], [-95.3974059998277, 29.669112999897244], [-95.3975539999657, 29.66878000020766], [-95.39777099970068, 29.668328999707104], [-95.39797599974008, 29.66800899988044], [-95.39858699966037, 29.666382999657223], [-95.39893099961695, 29.66551099987281], [-95.39949899987951, 29.664091000026733], [-95.39966700010902, 29.66364200022284], [-95.39980600002619, 29.66328299970453], [-95.40004200002775, 29.662678000024545], [-95.40154500007569, 29.658927999936665], [-95.40195099995657, 29.65795499994773], [-95.4021090001403, 29.65753599987428], [-95.4043469999571, 29.65193499985202], [-95.40528500011551, 29.649545999820667], [-95.40563699956971, 29.648677999649237], [-95.4057639997913, 29.64835099996862], [-95.40592100015014, 29.64795600028201], [-95.40674499960745, 29.645867999930825], [-95.40711799987635, 29.644941000131453], [-95.40733100031167, 29.644406999677095], [-95.40761900019177, 29.643682999865522], [-95.4079239997903, 29.642909999795815], [-95.4080300000955, 29.64264500028349], [-95.40851700016721, 29.64142700009877], [-95.40897900012459, 29.640272999629527], [-95.41005200000224, 29.640550999679874], [-95.41017800039893, 29.6405759998153], [-95.41029200020172, 29.64059200005486], [-95.4105990003484, 29.640608999672242], [-95.41095400017564, 29.640607000130753], [-95.41219500028276, 29.640583000164426], [-95.41362499963748, 29.640555999707463], [-95.41381899980622, 29.640531999728957], [-95.41435399955851, 29.640565000381102], [-95.41785500012206, 29.640497000303064], [-95.42205100027147, 29.640470999985528], [-95.42207300001277, 29.64133500003505], [-95.42230999983923, 29.641495999701004], [-95.42273800035973, 29.641479000233385], [-95.42409300026966, 29.64145599984682], [-95.42564399999819, 29.641429999776935], [-95.42701899999963, 29.641437000066684], [-95.42717200016051, 29.641452000016695], [-95.42764699963833, 29.641496999853317], [-95.42781499986782, 29.64152600036199], [-95.42794200008943, 29.641547999799982], [-95.42801599970927, 29.641565000036735], [-95.42819900000737, 29.641607000150053], [-95.42893399977622, 29.641731000084945], [-95.42904099990635, 29.641741000022673], [-95.42939599973359, 29.641775999796877], [-95.42973499966729, 29.64178599973014], [-95.43002199972247, 29.641775999796877], [-95.430009000202, 29.64079300026159], [-95.43001500004978, 29.640748000110282], [-95.43001199967672, 29.64061499985801], [-95.42999199958525, 29.64026300032673], [-95.42996900001903, 29.63986000035071], [-95.42994899992755, 29.639118999988682], [-95.4299310003842, 29.63839300004511], [-95.42990899974457, 29.637634999702478], [-95.42988899965309, 29.636900999969594], [-95.42988100015548, 29.636139000067708], [-95.42985400039129, 29.635237000388443], [-95.42983299957659, 29.63442500020641], [-95.4298180004063, 29.633352000103365], [-95.42978300024619, 29.633043999644748], [-95.42970899972804, 29.63278400034979], [-95.42968000031402, 29.632529000028956], [-95.42965699984948, 29.631785999887068], [-95.42963900030615, 29.63108400007221], [-95.4295870004276, 29.628950000225004], [-95.42956200031325, 29.628267000093782], [-95.4295589999402, 29.627849999624704], [-95.43087200001735, 29.627820999863093], [-95.43445899989631, 29.627755000347552], [-95.43475900037028, 29.627752000262056], [-95.43533599995537, 29.6277589999408], [-95.43543100038991, 29.627766999907703], [-95.43801999983597, 29.62770300015455], [-95.43871000029728, 29.627689000007887], [-95.43964599990757, 29.627668999683504], [-95.44070100024187, 29.6276589999102], [-95.44170399979929, 29.627649000135982], [-95.44393800031645, 29.62759899968806], [-95.44497299966092, 29.62759099970775], [-95.44553699972555, 29.627580999926774], [-95.44615699986666, 29.62756699976315], [-95.44615100001887, 29.628019999998152], [-95.44618000033118, 29.62875499991896], [-95.4462099995701, 29.62939300010598], [-95.44622499963873, 29.630631000340845], [-95.44628400008826, 29.634167999685882], [-95.44630800037771, 29.636566999668993], [-95.44631800042345, 29.637249999738486], [-95.44632199972308, 29.637521999956935], [-95.44633699979171, 29.638510999723206], [-95.44634299963948, 29.63893900017449], [-95.44637399960165, 29.641116999820035], [-95.44643100040135, 29.64390499972283], [-95.44646900003617, 29.645743000296644], [-95.44648099973176, 29.646328999882144], [-95.44649599980036, 29.647097999858364], [-95.44651000004407, 29.64787099978117], [-95.44655199987687, 29.650351000183772], [-95.44656100009769, 29.65088899979024], [-95.44657500034141, 29.65168599993359], [-95.44658000036426, 29.65224000016058], [-95.44658700003697, 29.653219000196728], [-95.44659000041001, 29.653513000155932], [-95.44659600025781, 29.653898999632098]]]}, "properties": {"geoid": "48201334102", "name": "Census Tract 3341.02", "population": "6742.0", "median_hh_income": "65064.0", "poverty_rate": "0.21954143563614567", "nearest_dollar_store_mi": "1.58", "gap_score": "2581.8"}}, {"type": "Feature", "geometry": {"type": "Polygon", "coordinates": [[[-95.3041860001129, 29.620848000007324], [-95.30169899987577, 29.620848000007324], [-95.30045100009595, 29.62084299978235], [-95.29891899973568, 29.620825999952633], [-95.29820900008121, 29.620822999660824], [-95.29435500023857, 29.620811000054555], [-95.29322799993426, 29.620811999631318], [-95.29311599978126, 29.620811999631318], [-95.29170700034295, 29.620805000250847], [-95.29139599999833, 29.620807999762302], [-95.29128999969312, 29.62081400034671], [-95.29059400028234, 29.62080399989307], [-95.29021699981548, 29.620801000381555], [-95.28930799996937, 29.620798999665908], [-95.28562300018112, 29.620779000316595], [-95.28534100014882, 29.62078399976381], [-95.28535100019457, 29.621147000203806], [-95.2853460001717, 29.62143999974727], [-95.28536299989013, 29.622182000100395], [-95.2854230001646, 29.623916000070764], [-95.28546599982229, 29.625448999901195], [-95.28513199991144, 29.6254600002054], [-95.2828410003912, 29.6255000001655], [-95.28157599999464, 29.62552199998069], [-95.28101399957986, 29.62553099965519], [-95.28093400011223, 29.625535000117633], [-95.28080699989063, 29.625541999950453], [-95.28045000041357, 29.62556100038652], [-95.28039099996401, 29.625565000066942], [-95.27941099997278, 29.625783999894516], [-95.27905699997046, 29.62585600020451], [-95.27843500017953, 29.625940999766772], [-95.27841500008805, 29.62517500002965], [-95.27841199971499, 29.625020999911577], [-95.27571799978863, 29.62502900009589], [-95.27571000029103, 29.624754000325353], [-95.27570100007021, 29.624010000299155], [-95.27568500017668, 29.622961999969476], [-95.27566599991009, 29.62191100019428], [-95.27565000001658, 29.62087599985706], [-95.27563800032101, 29.619812000098683], [-95.27561900005445, 29.61876599981696], [-95.27560800018378, 29.617707999636384], [-95.27558999974211, 29.616646000029384], [-95.27557899987147, 29.61557899967963], [-95.27555600030526, 29.61429899982613], [-95.27553700003868, 29.61325500020602], [-95.27552899964275, 29.61262899994924], [-95.27551699994717, 29.61172600020494], [-95.27767500029634, 29.61170300005392], [-95.27825400042957, 29.61170200038681], [-95.27876800026547, 29.611700999938677], [-95.28017400022904, 29.611700000271487], [-95.28128300009169, 29.61167400033138], [-95.28205600039368, 29.611667999983826], [-95.28290699961515, 29.61168699991178], [-95.28320299989116, 29.611682999680625], [-95.28461100040286, 29.611665999867878], [-95.28554199999027, 29.611654999619994], [-95.28572399956515, 29.60930600019836], [-95.28583400006833, 29.60816300026717], [-95.28587199970316, 29.607687000303326], [-95.28590600003835, 29.60730999995803], [-95.28592799977966, 29.607103999990002], [-95.28598300003125, 29.606432999951434], [-95.28603900010775, 29.60465499977165], [-95.28611699992555, 29.603372999967068], [-95.28614600023786, 29.60290699992893], [-95.28626500006354, 29.60138499994164], [-95.28635600030015, 29.600641999815384], [-95.28638100041451, 29.60022799999116], [-95.28638899991209, 29.600106999874388], [-95.28641300020156, 29.599708999899466], [-95.28642499989711, 29.59929400036075], [-95.28649299966918, 29.59788600012939], [-95.28677700024961, 29.597934999891688], [-95.2868440001968, 29.59798500021447], [-95.28765599995849, 29.598300000193618], [-95.28802800040249, 29.598331000237593], [-95.28874599955459, 29.598018999763628], [-95.2889999999978, 29.59794900026578], [-95.28959800039759, 29.59795099987268], [-95.28989299995038, 29.597846999950857], [-95.2898939997753, 29.597702000076154], [-95.28995400004975, 29.59768600005566], [-95.29003600006551, 29.597673000232408], [-95.29010499966249, 29.597655999619832], [-95.29017099978473, 29.59763899978551], [-95.29035499990775, 29.59759600028363], [-95.29050600041879, 29.597556999992964], [-95.29067200010014, 29.59753399973437], [-95.29083500030677, 29.597520000083794], [-95.2910069998359, 29.59753200011917], [-95.29117800043845, 29.59756800021665], [-95.29142500031065, 29.59765499981346], [-95.2916040004108, 29.597698000071254], [-95.29180100005428, 29.597719999705618], [-95.29205399977427, 29.597750000122414], [-95.29229700034682, 29.597791999753557], [-95.2924770002719, 29.5977530003198], [-95.292576999831, 29.59773099991152], [-95.29260799979315, 29.59770799969259], [-95.29271999994614, 29.59763700017236], [-95.29277000017485, 29.597524999903438], [-95.29284600034283, 29.597407999684982], [-95.2929280003586, 29.597237000203105], [-95.29304499963615, 29.597089999827524], [-95.29317299968267, 29.59695699974948], [-95.29325499969843, 29.596856999622283], [-95.29334299956197, 29.59675200031935], [-95.293422000103, 29.59666599975997], [-95.29343200014874, 29.596643000079307], [-95.29344800004229, 29.596629000305086], [-95.29357299971574, 29.59651599988034], [-95.29363499964003, 29.596493000165495], [-95.29368800024177, 29.596480000188546], [-95.2937519998159, 29.596472999899813], [-95.29379700002174, 29.596472999899813], [-95.2938510004484, 29.596477999771288], [-95.29390999999964, 29.596492000347595], [-95.29404499971884, 29.596539000371077], [-95.29411199966599, 29.596570000175138], [-95.2941810001613, 29.596596000104288], [-95.2942530001313, 29.596614999747796], [-95.29432699975116, 29.596627999707405], [-95.29440200009422, 29.596634999985387], [-95.2944770004373, 29.596635999801872], [-95.29455199988206, 29.596630000121635], [-95.29462600040021, 29.596617999978996], [-95.29485599965568, 29.59655599960972], [-95.29501399983941, 29.596492000347595], [-95.29520299998529, 29.596415000278427], [-95.29535199994821, 29.596389000302675], [-95.29547499997187, 29.596351000145773], [-95.29586300030938, 29.596195999912485], [-95.29606300032593, 29.596173000124676], [-95.29610699980853, 29.59617399994574], [-95.2961749995806, 29.596203000220452], [-95.29625699959637, 29.59624200025348], [-95.29634700000805, 29.596304999854468], [-95.29645699961291, 29.59638699988361], [-95.29672600012474, 29.596562999892637], [-95.29687199971461, 29.5966340001689], [-95.2969989999362, 29.59658999964054], [-95.29700599960891, 29.596576999676035], [-95.29715700011997, 29.59654800028997], [-95.29725000000639, 29.59693099991338], [-95.29739700031948, 29.597463000091647], [-95.29747799961201, 29.5978970003172], [-95.29766599993299, 29.598630000046633], [-95.29796899988169, 29.599749999710387], [-95.29817999976888, 29.600425000374127], [-95.29821800030203, 29.600553999893112], [-95.29835700021921, 29.60103600014145], [-95.29843000001414, 29.601269999836482], [-95.2994400001426, 29.60464200006557], [-95.30017300026162, 29.607119000365888], [-95.30030600033099, 29.607560999661107], [-95.30436900041101, 29.620851999874763], [-95.3041860001129, 29.620848000007324]]]}, "properties": {"geoid": "48201333801", "name": "Census Tract 3338.01", "population": "4084.0", "median_hh_income": "52550.0", "poverty_rate": "0.3117042115572968", "nearest_dollar_store_mi": "1.64", "gap_score": "2923.5"}}, {"type": "Feature", "geometry": {"type": "Polygon", "coordinates": [[[-95.32230100033102, 29.728818000220084], [-95.32171499962678, 29.72939899975124], [-95.32111700012528, 29.730008999769645], [-95.32050899967975, 29.730595999701396], [-95.31999400001894, 29.7311169997592], [-95.3199630000568, 29.731195999841624], [-95.3193930001444, 29.73177699964287], [-95.318815999661, 29.732359000008064], [-95.31823599970285, 29.73292899984335], [-95.31763800020137, 29.73350799971427], [-95.3169639996336, 29.734216999971796], [-95.3166890001723, 29.734513000164334], [-95.31640200011712, 29.734806000251], [-95.31569300028754, 29.735471000032888], [-95.31550999998946, 29.735660000168018], [-95.31528300020874, 29.735854999909446], [-95.31510699958332, 29.73608599974866], [-95.3148510003886, 29.736365000080987], [-95.3145419996938, 29.736822000078178], [-95.31434099985235, 29.737137000022898], [-95.31424700014101, 29.737262999879775], [-95.31398400037529, 29.737194999679524], [-95.31371300021361, 29.737123000289028], [-95.31298500011748, 29.736910000196993], [-95.31226399969404, 29.736667000088847], [-95.31096800023363, 29.736272000316465], [-95.30900599970306, 29.735655000189702], [-95.30852399965421, 29.735490999981465], [-95.30704499989571, 29.735000000090373], [-95.30560399977203, 29.734555999679586], [-95.30508499991326, 29.7344100001622], [-95.30409300022649, 29.734092000200075], [-95.30314300037249, 29.73379700033954], [-95.30291099967059, 29.73371699995023], [-95.30146299987422, 29.733266999984032], [-95.30073999980095, 29.73304300004574], [-95.29948600017335, 29.73265100012028], [-95.29952800000613, 29.73258499996622], [-95.2995530001205, 29.732479000242563], [-95.29965500022773, 29.732229000112124], [-95.29979099977187, 29.73190400002527], [-95.3003130000037, 29.730564999826775], [-95.30072200025761, 29.72953399969759], [-95.30000900023008, 29.729312000122857], [-95.29927399956291, 29.729075999980058], [-95.29933600038552, 29.728896999772587], [-95.29952299998325, 29.728426000167683], [-95.29960300034921, 29.72822400031879], [-95.29972700019776, 29.728271999755894], [-95.30088499956591, 29.72854000002642], [-95.30153499984424, 29.728771000328457], [-95.30179000011236, 29.729001000036604], [-95.30220100001611, 29.7298240001239], [-95.30239000016199, 29.72996100038344], [-95.3027490001872, 29.730081999637214], [-95.3031860000302, 29.729995999873175], [-95.30365700020839, 29.729325000107984], [-95.30382999956242, 29.728998999912566], [-95.30403700014999, 29.72808100038078], [-95.30423700016654, 29.727648999897472], [-95.3044609995742, 29.727491000325177], [-95.30516199990616, 29.727282000380317], [-95.30530900021925, 29.7271559996882], [-95.30545200033438, 29.72689799967171], [-95.30543700026578, 29.7265769998227], [-95.30509099976103, 29.725963999724744], [-95.30498399963092, 29.725580000213082], [-95.30522399983043, 29.72426700037155], [-95.30494500017117, 29.722631999624195], [-95.30502899983678, 29.72237700006237], [-95.30518000034782, 29.72244299991018], [-95.3063269998453, 29.722942999947488], [-95.30819399994134, 29.723785999737164], [-95.30827500013218, 29.723806999788657], [-95.3110929999071, 29.724697000383312], [-95.3112050000601, 29.72473400035809], [-95.31130899981717, 29.724770000215084], [-95.31141599994729, 29.7248060000591], [-95.31308100037694, 29.72529499971691], [-95.31333999994472, 29.725375999899235], [-95.31535000015587, 29.72598099973214], [-95.31600200008404, 29.726179999925655], [-95.31686700044753, 29.726434999965303], [-95.31780300005782, 29.726707000021374], [-95.31786599980701, 29.726730999715578], [-95.31850799968943, 29.72692100001763], [-95.31972600023033, 29.727278000063645], [-95.32015700022556, 29.727405999978366], [-95.32031100021133, 29.727454999884223], [-95.32093800002514, 29.727648999897472], [-95.32115099956216, 29.727710999878873], [-95.32151100031058, 29.727808000074965], [-95.32165699990045, 29.72785100012381], [-95.3228779999161, 29.728220000039634], [-95.32230100033102, 29.728818000220084]]]}, "properties": {"geoid": "48201310800", "name": "Census Tract 3108", "population": "3124.0", "median_hh_income": "53281.0", "poverty_rate": "0.14884763124199743", "nearest_dollar_store_mi": "1.16", "gap_score": "1384.8"}}, {"type": "Feature", "geometry": {"type": "Polygon", "coordinates": [[[-95.36405299961595, 29.646482000108975], [-95.36393799998822, 29.646558000084188], [-95.36381099976661, 29.646642000031136], [-95.36327799966413, 29.646638999727507], [-95.3600859997954, 29.64728299961361], [-95.35984300012115, 29.647412000052018], [-95.35960100027182, 29.647822000093523], [-95.35936199989722, 29.648013999912088], [-95.35917399957623, 29.64808200037809], [-95.3588460004115, 29.648091999684986], [-95.35796799962921, 29.647948999664816], [-95.35760299975622, 29.647931999725383], [-95.35663199998585, 29.648055999677172], [-95.35637199969484, 29.648163999661875], [-95.35628600037944, 29.648215000134847], [-95.35628499965621, 29.648144000280716], [-95.35628100035656, 29.647700000034796], [-95.35622199990702, 29.64685500027945], [-95.356149999937, 29.646103000259583], [-95.35612200034791, 29.64534999997336], [-95.35609399986049, 29.644615000144082], [-95.35607399976902, 29.644135000099656], [-95.35606700009632, 29.643293999846072], [-95.35601600004269, 29.64240700004159], [-95.35599299957816, 29.641372000257476], [-95.35598699973038, 29.64084399978407], [-95.35599400030138, 29.640700000239082], [-95.35598599990547, 29.6404680002788], [-95.35595400011842, 29.63968599975985], [-95.35595900014128, 29.639055999817064], [-95.3559459997225, 29.63822000022733], [-95.35595099974536, 29.637856999621093], [-95.35590200023988, 29.636986999778884], [-95.35587200010265, 29.6367459996195], [-95.35586399970673, 29.636083000255294], [-95.35584600016337, 29.635055000230324], [-95.35583600011763, 29.63489499985394], [-95.35582900044496, 29.634619999686766], [-95.3558260000719, 29.634310999758736], [-95.35583299974459, 29.634070000223122], [-95.35579299956161, 29.633020000218437], [-95.35577099982031, 29.632770000128406], [-95.35575400010187, 29.632260000332007], [-95.35565500036768, 29.628866000355647], [-95.35563199990314, 29.62804000025284], [-95.35562000020757, 29.6276589999102], [-95.35561500018471, 29.627392999798555], [-95.35557599982664, 29.625555999614516], [-95.35554099966654, 29.625168999704943], [-95.3555159995522, 29.624801999987284], [-95.35552300012318, 29.624783999726294], [-95.35547100024465, 29.62320899997087], [-95.3554879999631, 29.62245699986228], [-95.35545500035113, 29.62200100012865], [-95.35543600008455, 29.62105999979154], [-95.36006800025206, 29.62105999979154], [-95.36289000022494, 29.621072999723285], [-95.36338300014444, 29.621072999723285], [-95.36342300032742, 29.6229339999185], [-95.36345799958919, 29.62452900023882], [-95.36349100009947, 29.625000999838395], [-95.36349699994726, 29.625676999642423], [-95.36353100028245, 29.62634399999506], [-95.36354200015309, 29.626550999987586], [-95.36354800000088, 29.62726400026355], [-95.36355700022172, 29.6282340000971], [-95.36356200024458, 29.628753000142126], [-95.36362499999377, 29.62998200037679], [-95.36365799960573, 29.631779999956112], [-95.36366099997879, 29.632049999619394], [-95.36367699987231, 29.633605000221717], [-95.3636779996972, 29.63439700021795], [-95.3636779996972, 29.634732000126558], [-95.36370299981158, 29.635325999917043], [-95.3637189997051, 29.636140000273215], [-95.36372299990306, 29.63633199972632], [-95.36378099962937, 29.638322000291232], [-95.36381099976661, 29.639095999843835], [-95.36381900016252, 29.63931200018248], [-95.3638450001018, 29.641428999623972], [-95.36388299973663, 29.642055999894865], [-95.36388500028478, 29.642176000256192], [-95.36392799994246, 29.644381000369243], [-95.36394100036127, 29.644601000006016], [-95.36394999968378, 29.645673000371186], [-95.36395499970665, 29.646190000122527], [-95.36397999982101, 29.646371999673388], [-95.36403699972242, 29.646421000066837], [-95.36405299961595, 29.646482000108975]]]}, "properties": {"geoid": "48201331501", "name": "Census Tract 3315.01", "population": "4551.0", "median_hh_income": "75553.0", "poverty_rate": "0.14348494836299713", "nearest_dollar_store_mi": "1.55", "gap_score": "479.0"}}]}