geoid,name,lat,lon,aland_sqmi,population,median_hh_income,poverty_rate,nearest_dollar_store_mi,demand_index,competitive_gap_index,gap_score
48201253800,Census Tract 2538,29.7663585,-94.9482412,2.9139176241237648,7805.0,51898.0,0.2686739269698911,4.78,9902.0,1.0,9902.0
48201332000,Census Tract 3320,29.6724402,-95.3468136,0.8530467732533337,5918.0,22162.0,0.46772505233775297,4.24,8686.0,1.0,8686.0
48201232304,Census Tract 2323.04,29.8587079,-95.2223077,4.749975087723472,7403.0,39548.0,0.3648050870887476,2.42,10103.7,0.808,8166.9
48201232305,Census Tract 2323.05,29.8669963,-95.2001605,2.818952709400662,11986.0,66988.0,0.1524278324712164,3.86,7189.4,1.0,7189.4
48201331200,Census Tract 3312,29.6635175,-95.3705233,1.3691653588324775,5016.0,32156.0,0.37042225335201123,3.3,6874.0,1.0,6874.0
48201313600,Census Tract 3136,29.6916477,-95.3575745,0.8944137585249379,4618.0,34013.0,0.4465136422693807,3.34,6680.0,1.0,6680.0
48201343000,Census Tract 3430,29.6575506,-95.1071561,2.2650617496464105,8808.0,63542.0,0.1486117432862995,5.42,6660.2,1.0,6660.2
48201254300,Census Tract 2543,29.7422322,-94.9733524,1.1652482064869403,5272.0,48010.0,0.24298179059180577,4.9,6553.0,1.0,6553.0
48201332200,Census Tract 3322,29.680569,-95.3299245,1.1154796382443626,4861.0,31534.0,0.341963545981773,3.25,6523.3,1.0,6523.3
48201331800,Census Tract 3318,29.6526787,-95.3454554,0.891575521557124,4268.0,31938.0,0.5215557638238051,3.09,6494.0,1.0,6494.0
48201433003,Census Tract 4330.03,29.7083526,-95.5513848,0.35717152384919637,5476.0,45979.0,0.23321100917431192,2.8,6753.1,0.935,6313.8
48201253700,Census Tract 2537,29.7635807,-94.9708803,1.5742593505574047,6116.0,58083.0,0.15060449050086355,3.82,6169.3,1.0,6169.3
48201251402,Census Tract 2514.02,30.0732098,-95.2013121,1.030773071772905,6730.0,59179.0,0.24018510225406778,2.57,6951.3,0.856,5950.7
48201253602,Census Tract 2536.02,29.7556472,-94.9880545,0.9263822450520826,4180.0,36542.0,0.33803827751196175,3.65,5593.0,1.0,5593.0
48201252800,Census Tract 2528,29.8620069,-95.0331682,23.56691513923591,6690.0,63109.0,0.22783674689789207,3.17,5549.9,1.0,5549.9
48201342300,Census Tract 3423,29.673705,-95.131227,1.080182178905833,7114.0,63919.0,0.20551026145628337,3.74,5516.4,1.0,5516.4
48201331700,Census Tract 3317,29.643418,-95.3324497,1.9881778530635803,3840.0,38994.0,0.42526041666666664,3.17,5473.0,1.0,5473.0
48201331300,Census Tract 3313,29.6462011,-95.379166,1.7523895119348638,5819.0,41975.0,0.337891639259131,2.11,7785.2,0.703,5472.0
48201232000,Census Tract 2320,29.9043012,-95.2703855,6.243375379819794,4849.0,43594.0,0.40461950917714995,2.35,6811.0,0.782,5325.9
48201331400,Census Tract 3314,29.6526092,-95.3623778,0.6014514097518386,3353.0,21099.0,0.7807933194154488,2.64,5971.0,0.88,5256.6
48201453202,Census Tract 4532.02,29.6801873,-95.565005,0.5085861185671621,5057.0,52971.0,0.336651403543699,2.19,6759.4,0.73,4936.3
48201330801,Census Tract 3308.01,29.6071481,-95.3286539,5.69163578129322,6752.0,64430.0,0.23981564079690754,2.83,5213.6,0.945,4925.3
48201230900,Census Tract 2309,29.817866,-95.2809759,2.4546518091930545,4524.0,28250.0,0.358974358974359,2.4,6148.0,0.8,4915.5
48201452601,Census Tract 4526.01,29.7077035,-95.639154,0.2931538554437611,5351.0,35932.0,0.35451317510745656,1.95,7248.0,0.651,4715.8
48201332600,Census Tract 3326,29.6750086,-95.3068508,1.2648587023822284,6387.0,45870.0,0.202638866264864,1.84,7681.3,0.613,4708.7
48201453100,Census Tract 4531,29.6967091,-95.5641902,0.8554521897013652,3712.0,39162.0,0.4107532751091703,2.67,5236.7,0.889,4657.9
48201232500,Census Tract 2325,29.8055793,-95.2458132,4.419537277335223,4397.0,44481.0,0.42979274611398965,2.2,6286.8,0.733,4610.1
48201453702,Census Tract 4537.02,29.6832754,-95.599648,0.38989947332229263,4492.0,51502.0,0.11487088156723063,2.75,5008.0,0.916,4589.3
48201254000,Census Tract 2540,29.7349493,-94.9427542,0.9909902636580058,3662.0,51618.0,0.247320692497939,6.42,4567.7,1.0,4567.7
48201324101,Census Tract 3241.01,29.7100789,-95.2099917,1.1247260127383365,5105.0,50940.0,0.24407443682664054,2.15,6351.0,0.716,4550.0
48201252306,Census Tract 2523.06,29.8036724,-95.1332126,2.061438807145721,10710.0,61250.0,0.3299719887955182,1.27,10683.0,0.423,4514.8
48201313400,Census Tract 3134,29.694189,-95.3381856,0.7214689491373766,3803.0,42500.0,0.28766763081777547,2.76,4897.0,0.922,4513.1
48201332400,Census Tract 3324,29.6581099,-95.3287414,1.415824260289751,4057.0,50462.0,0.10697559773231452,3.34,4491.0,1.0,4491.0
48201232303,Census Tract 2323.03,29.9028146,-95.2176672,5.089014482000846,5515.0,52446.0,0.2781831448376505,1.9,7049.2,0.633,4463.5
48201342200,Census Tract 3422,29.6719173,-95.1464696,1.1107803888721328,4011.0,53459.0,0.1606574761399788,2.87,4655.4,0.958,4459.9
48201331100,Census Tract 3311,29.6749553,-95.3691233,1.2476215576140233,4129.0,58717.0,0.24660194174757283,4.09,4381.9,1.0,4381.9
48201453300,Census Tract 4533,29.6641983,-95.5651337,0.791272358389321,4680.0,36256.0,0.26965811965811964,2.21,5942.0,0.736,4370.8
48201233701,Census Tract 2337.01,29.7356872,-95.2474594,2.6384306451507227,4630.0,57532.0,0.12387039894203218,2.79,4676.5,0.931,4356.1
48201332100,Census Tract 3321,29.6803818,-95.344385,0.41493047626384666,3173.0,41299.0,0.3643239836117239,3.78,4329.0,1.0,4329.0
48201453404,Census Tract 4534.04,29.6645122,-95.5789767,0.44176457628602783,4557.0,41071.0,0.45183234584156245,1.94,6616.0,0.647,4278.1
48201432401,Census Tract 4324.01,29.7231758,-95.5432705,0.274571144652861,3781.0,42297.0,0.28020358960621483,2.65,4840.4,0.882,4271.3
48201252700,Census Tract 2527,29.9156628,-95.0272178,18.15692312193665,5593.0,64291.0,0.21383872698015377,6.77,4265.9,1.0,4265.9
48201321200,Census Tract 3212,29.6366004,-95.2013929,1.1432650939853157,5008.0,33750.0,0.3592252396166134,1.88,6807.0,0.627,4265.7
48201211501,Census Tract 2115.01,29.7638631,-95.2929525,1.419049757722633,3129.0,38641.0,0.36113774368807927,3.04,4259.0,1.0,4259.0
48201453201,Census Tract 4532.01,29.6874517,-95.5629416,0.17193129122125583,3969.0,36822.0,0.4237843285462333,2.25,5651.0,0.751,4245.0
48201331900,Census Tract 3319,29.6626734,-95.3466946,0.6493489269338769,3361.0,34883.0,0.2606367152633145,3.64,4237.0,1.0,4237.0
48201330600,Census Tract 3306,29.6130687,-95.4329671,1.4235659946716899,7148.0,48489.0,0.22355903749300504,1.45,8746.0,0.482,4219.7
48201453403,Census Tract 4534.03,29.6697612,-95.5851314,0.2640506330355316,3977.0,33510.0,0.42483994878361075,2.23,5666.6,0.743,4211.2
48201453501,Census Tract 4535.01,29.6640332,-95.589966,0.5913509772830579,5876.0,53196.0,0.15844111640571817,1.83,6807.0,0.61,4150.6
48201252602,Census Tract 2526.02,29.8310128,-95.1034251,11.412619573763218,3860.0,47609.0,0.13186528497409328,2.8,4369.0,0.935,4084.5
48201452802,Census Tract 4528.02,29.6962861,-95.6001998,0.5013737302446536,6301.0,58906.0,0.22837644818282812,1.87,6530.7,0.624,4072.4
48201231100,Census Tract 2311,29.8289565,-95.2525557,4.270043926958414,5489.0,41360.0,0.3771178721078521,1.6,7559.0,0.535,4043.2
48201232404,Census Tract 2324.04,29.8332625,-95.192846,1.4592696334810589,3969.0,52123.0,0.35500125976316455,2.25,5378.0,0.751,4039.2
48201452801,Census Tract 4528.01,29.6961359,-95.6094894,0.6182406760160765,5413.0,54087.0,0.19286901902826528,1.87,6457.0,0.623,4024.3
48201453603,Census Tract 4536.03,29.6837842,-95.57659,0.5300784952252156,3445.0,37128.0,0.19564586357039188,2.93,4119.0,0.976,4018.5
48201533100,Census Tract 5331,29.8761983,-95.4557044,1.3454038597883757,8754.0,61139.0,0.27427461731779756,1.39,8415.8,0.462,3889.5
48201432402,Census Tract 4324.02,29.7238351,-95.5519751,0.4254892119948767,2960.0,39861.0,0.31258503401360543,3.13,3885.3,1.0,3885.3
48201453405,Census Tract 4534.05,29.6669379,-95.5735673,0.487569033666336,4064.0,42721.0,0.29404527559055116,2.21,5259.0,0.736,3872.3
48201332800,Census Tract 3328,29.6915893,-95.3074488,0.7532208323535509,4588.0,53333.0,0.28967538322813347,1.96,5917.0,0.654,3868.8
48201322000,Census Tract 3220,29.7011601,-95.2181221,0.2696939021855201,4240.0,48382.0,0.37924528301886795,1.98,5848.0,0.661,3866.8
48201232201,Census Tract 2322.01,29.9295865,-95.290185,1.7100819818049282,6726.0,46602.0,0.40653554282174387,1.23,9460.4,0.408,3864.5
48201321401,Census Tract 3214.01,29.6655228,-95.2267046,0.798822586100598,3726.0,52548.0,0.3132045088566828,2.37,4893.0,0.79,3863.9
48201531900,Census Tract 5319,29.8531323,-95.4532319,1.673334322758725,6140.0,40473.0,0.39580581241743723,1.35,8570.2,0.449,3852.3
48201254600,Census Tract 2546,29.716998,-94.999909,1.6369858933445065,3419.0,54306.0,0.12284293653114946,6.0,3839.0,1.0,3839.0
48201323500,Census Tract 3235,29.6634266,-95.2017944,1.0315800252843632,5525.0,44899.0,0.43497188463631414,1.45,7928.2,0.483,3833.0
48201533701,Census Tract 5337.01,29.9286062,-95.4309588,3.392074259367932,7269.0,51207.0,0.24294951162470765,1.26,9035.0,0.42,3795.6
48201320800,Census Tract 3208,29.6598065,-95.2410022,1.1280476496087082,4740.0,54241.0,0.26340227944280287,1.88,5988.5,0.626,3746.7
48201211900,Census Tract 2119,29.783817,-95.2995098,0.4816717092959937,4150.0,49202.0,0.11721966577863889,2.42,4636.5,0.807,3743.1
48201254100,Census Tract 2541,29.7463599,-94.9558793,1.245515370338901,6168.0,67619.0,0.22242284963887066,5.3,3734.1,1.0,3734.1
48201212400,Census Tract 2124,29.7875116,-95.2846214,3.1368599603339495,2871.0,42344.0,0.2936259143155695,3.04,3714.0,1.0,3714.0
48201340900,Census Tract 3409,29.5663276,-95.1553438,1.5352695962762548,4640.0,48052.0,0.2478448275862069,1.9,5790.0,0.635,3675.1
48201222402,Census Tract 2224.02,29.909138,-95.3884556,1.5717168678430729,7310.0,48260.0,0.3285851253252979,1.13,9712.0,0.376,3649.0
48201313802,Census Tract 3138.02,29.6875063,-95.3747524,0.5047297302071398,2707.0,43348.0,0.3267776096822995,3.7,3591.6,1.0,3591.6
48201314003,Census Tract 3140.03,29.6919314,-95.3978089,0.3387440261260505,2689.0,52500.0,0.3289865871833085,3.61,3573.6,1.0,3573.6
48201432901,Census Tract 4329.01,29.7163167,-95.5279431,0.5651176522196467,3688.0,44750.0,0.3752711496746204,2.09,5072.0,0.698,3538.3
48201231200,Census Tract 2312,29.8652468,-95.2461811,5.362396432005242,5432.0,28229.0,0.42507363770250367,1.37,7741.0,0.456,3526.2
48201232403,Census Tract 2324.03,29.8112737,-95.2021933,0.7806317690006693,4018.0,54475.0,0.22797411647585863,2.13,4934.0,0.711,3509.0
48201532600,Census Tract 5326,29.8918513,-95.486287,1.0330900708266186,6375.0,53333.0,0.1523137254901961,1.43,7346.0,0.476,3497.1
48201240400,Census Tract 2404,29.9868519,-95.3808064,8.067958659470449,7620.0,62357.0,0.21597751906864712,1.59,6539.0,0.53,3466.6
48201232405,Census Tract 2324.05,29.8196608,-95.1958547,4.122123556775711,6431.0,61615.0,0.17126292698213727,1.88,5539.3,0.626,3465.9
48201314005,Census Tract 3140.05,29.6836581,-95.3970225,0.29835426541784393,2679.0,38990.0,0.2906534954407295,3.68,3457.7,1.0,3457.7
48201212500,Census Tract 2125,29.7542789,-95.2795703,4.1616268269277885,3456.0,56250.0,0.1707175925925926,2.68,3843.7,0.894,3436.3
48201432301,Census Tract 4323.01,29.7324592,-95.5413274,0.16532238057262744,3510.0,43515.0,0.23817663817663817,2.35,4346.0,0.784,3408.9
48201433201,Census Tract 4332.01,29.6983882,-95.5483849,0.4232868852822649,3925.0,42956.0,0.22300103842159916,2.12,4800.3,0.706,3388.9
48201323601,Census Tract 3236.01,29.6517544,-95.1941205,1.1014915431407135,4141.0,49542.0,0.13933832407631008,2.15,4718.0,0.717,3382.7
48201253202,Census Tract 2532.02,29.7915968,-94.9913556,7.301197996619375,5206.0,53176.0,0.16634652324241261,1.67,6072.0,0.555,3371.3
48201231900,Census Tract 2319,29.8824404,-95.2789532,3.407002513227754,5744.0,35976.0,0.38979805013927576,1.27,7983.0,0.422,3370.8
48201232701,Census Tract 2327.01,29.7886493,-95.2278273,1.8026422522843166,7134.0,39069.0,0.3148984198645598,1.07,9380.5,0.357,3345.7
48201453002,Census Tract 4530.02,29.6961276,-95.5812956,0.7933349161205223,5049.0,61594.0,0.14596949891067537,2.35,4259.9,0.785,3343.7
48201432501,Census Tract 4325.01,29.7243764,-95.534001,0.35362015619446224,3587.0,44900.0,0.33099775784753366,2.1,4774.3,0.7,3341.9
48201254800,Census Tract 2548,29.7468615,-95.0131108,7.148103857511532,2482.0,46875.0,0.3443177017321504,3.86,3336.6,1.0,3336.6
48201421104,Census Tract 4211.04,29.7230027,-95.4805288,0.19797774283990827,4854.0,37316.0,0.2865677791512155,1.58,6245.0,0.527,3294.0
48201433100,Census Tract 4331,29.6970199,-95.5546339,0.32436249292279573,3295.0,47480.0,0.31836115326251896,2.27,4344.0,0.756,3283.3
48201522301,Census Tract 5223.01,29.7902459,-95.5268985,0.5350854680178435,4012.0,57438.0,0.26922081283976185,2.14,4595.5,0.714,3281.1
48201222900,Census Tract 2229,29.9143804,-95.3448185,2.241292528559137,7872.0,48733.0,0.29852642276422764,0.95,10222.0,0.318,3246.4
48201254400,Census Tract 2544,29.7261744,-94.9758207,1.0625353797473611,2594.0,49583.0,0.25134926754047804,5.81,3246.0,1.0,3246.0
48201254200,Census Tract 2542,29.7287156,-94.9645049,0.4865728900971673,2570.0,52940.0,0.25705329153605017,5.97,3230.6,1.0,3230.6
48201321402,Census Tract 3214.02,29.6566446,-95.2197688,0.7551980615077033,4867.0,60307.0,0.15381451778737404,2.19,4423.5,0.729,3225.5
48201332300,Census Tract 3323,29.6665605,-95.3233636,0.4646851448287151,2910.0,44451.0,0.15017182130584192,2.88,3347.0,0.959,3208.1
48201331603,Census Tract 3316.03,29.6267678,-95.3499492,0.8354185069984743,4532.0,52944.0,0.2511032656663725,1.67,5670.0,0.556,3150.4
48201321301,Census Tract 3213.01,29.6494261,-95.2190701,0.21710640208305823,3718.0,32833.0,0.4250067805804177,1.77,5298.2,0.592,3134.4
48201421302,Census Tract 4213.02,29.7092106,-95.5026659,0.4700824669036801,5595.0,55064.0,0.2715668107885526,1.32,7096.2,0.441,3128.0
48201231000,Census Tract 2310,29.8402169,-95.2770719,1.590852090822919,6115.0,52500.0,0.30464249406980687,1.17,7977.9,0.391,3121.7
48201432303,Census Tract 4323.03,29.7330116,-95.5517775,0.4138463014025188,2778.0,58369.0,0.31281497480201587,2.96,3155.5,0.988,3116.2
48201211700,Census Tract 2117,29.8002294,-95.3046398,1.7151117346249132,3838.0,49508.0,0.19338353953738568,2.04,4580.2,0.68,3115.4
48201232306,Census Tract 2323.06,29.8444593,-95.201395,1.6464948173063236,4202.0,64439.0,0.18158019990480723,3.17,3090.4,1.0,3090.4
48201433004,Census Tract 4330.04,29.7168441,-95.5431959,0.19541286620037804,2346.0,42368.0,0.39773755656108595,2.82,3279.1,0.942,3087.7
48201450302,Census Tract 4503.02,29.7790403,-95.6007307,0.6110472066993389,5835.0,69751.0,0.2863753213367609,3.49,3077.2,1.0,3077.2
48201232901,Census Tract 2329.01,29.8001981,-95.1996351,0.9282888175112125,4348.0,53601.0,0.042088316467341305,2.04,4531.0,0.679,3076.2
48201533402,Census Tract 5334.02,29.885003,-95.443086,1.8137801412532355,6434.0,53581.0,0.187639375597324,1.21,7641.3,0.402,3073.8
48201241501,Census Tract 2415.01,29.9829277,-95.2917086,5.625555555156583,4295.0,44500.0,0.1656590084643289,1.81,5006.5,0.603,3018.9
48201453701,Census Tract 4537.01,29.682745,-95.6094175,0.5111780223577937,4635.0,62167.0,0.26184649610678534,2.17,4172.0,0.723,3014.8
48201330400,Census Tract 3304,29.6166883,-95.4555072,1.6794494087465135,5047.0,45611.0,0.27640182286506837,1.4,6442.0,0.467,3011.2
48201451003,Census Tract 4510.03,29.744056,-95.5864149,0.09133632663665009,3829.0,43787.0,0.24732306085139724,1.85,4776.0,0.617,2948.3
48201323701,Census Tract 3237.01,29.6577449,-95.1787721,0.8923631699606529,4269.0,52310.0,0.06973751930005147,1.93,4566.7,0.642,2930.5
48201542401,Census Tract 5424.01,29.7953916,-95.7245276,0.4741338368537916,4991.0,49947.0,0.38436348751535,1.27,6909.4,0.424,2928.7
48201333801,Census Tract 3338.01,29.6124739,-95.2899199,1.9858006220731261,4084.0,52550.0,0.3117042115572968,1.64,5357.0,0.546,2923.5
48201211502,Census Tract 2115.02,29.7705946,-95.3031847,0.9215745009732883,2805.0,57063.0,0.2784313725490196,2.66,3290.1,0.886,2916.3
48201432806,Census Tract 4328.06,29.7110597,-95.5124738,0.1599605798962529,4291.0,38096.0,0.27440633245382584,1.59,5468.5,0.53,2898.4
48201550405,Census Tract 5504.05,29.9939476,-95.4715366,1.469568522459356,7219.0,51005.0,0.341533180778032,0.9,9684.5,0.299,2894.6
48201253000,Census Tract 2530,29.8226332,-95.0194223,5.7858717351409,4911.0,53521.0,0.2543270209733252,1.4,6160.0,0.466,2868.7
48201332900,Census Tract 3329,29.690418,-95.2904739,0.7128364770755646,4635.0,41194.0,0.3064767415980414,1.42,6055.5,0.473,2866.0
48201420500,Census Tract 4205,29.6499141,-95.4728238,0.9021636010522072,3527.0,37288.0,0.2557471264367816,1.92,4429.0,0.639,2830.4
48201314004,Census Tract 3140.04,29.6872016,-95.397622,0.07218141244671583,2183.0,44831.0,0.2798900595510765,3.69,2794.0,1.0,2794.0
48201321900,Census Tract 3219,29.6957716,-95.2248643,0.9532846851563346,5314.0,64556.0,0.18454854552323385,2.13,3888.6,0.71,2759.7
48201552401,Census Tract 5524.01,29.9319111,-95.5969355,0.9920717358042235,5253.0,54375.0,0.13896820864268036,1.38,5983.0,0.459,2748.9
48201433005,Census Tract 4330.05,29.7150522,-95.5520841,0.29707703947721986,2088.0,42159.0,0.29932950191570884,3.24,2713.0,1.0,2713.0
48201333700,Census Tract 3337,29.6356215,-95.2931056,3.4539741574334872,4138.0,64841.0,0.14233929434509424,2.84,2866.3,0.946,2712.4
48201452900,Census Tract 4529,29.6963073,-95.5918491,0.5075289708569357,4267.0,60455.0,0.2073342736248237,2.02,4027.6,0.672,2706.0
48201453502,Census Tract 4535.02,29.6711525,-95.5982398,0.5048884181943214,3616.0,61264.0,0.2472939217318901,2.4,3380.1,0.798,2698.8
48201330902,Census Tract 3309.02,29.6063514,-95.4047972,2.1024405397752965,3665.0,37140.0,0.38526603001364257,1.58,5077.0,0.527,2674.2
48201452703,Census Tract 4527.03,29.6970297,-95.6391055,0.5484137145324579,4034.0,50966.0,0.3103361766181636,1.51,5285.9,0.504,2665.7
48201521701,Census Tract 5217.01,29.8574849,-95.5312384,1.5768493238372434,4632.0,31588.0,0.4830213321723988,1.16,6869.4,0.387,2660.0
48201452702,Census Tract 4527.02,29.696058,-95.6286968,0.6819483043881619,4187.0,49904.0,0.1148793885837115,1.7,4668.0,0.567,2648.7
48201432904,Census Tract 4329.04,29.709682,-95.5292996,0.43250932144240617,3861.0,60093.0,0.30924630924630925,1.97,4025.2,0.658,2647.3
48201311800,Census Tract 3118,29.7059412,-95.3210986,0.9493757869027438,3646.0,47753.0,0.26247942951179376,1.72,4603.0,0.575,2645.7
48201311002,Census Tract 3110.02,29.7446647,-95.2950088,0.5766899061169821,3516.0,52092.0,0.22070534698521047,1.83,4292.0,0.61,2617.3
48201313700,Census Tract 3137,29.6975415,-95.3665463,0.5164124093218327,2327.0,48240.0,0.1205183585313175,3.07,2607.4,1.0,2607.4
48201233703,Census Tract 2337.03,29.742757,-95.2223882,2.618503526643603,2699.0,46286.0,0.22082252686180068,2.37,3295.0,0.789,2599.1
48201454304,Census Tract 4543.04,29.7239018,-95.6571042,0.3216624805277581,5934.0,65549.0,0.12773845635321873,2.02,3868.2,0.672,2599.0
48201312800,Census Tract 3128,29.7219583,-95.3579408,0.3609603443314649,3752.0,15833.0,0.5967532467532467,1.64,4742.8,0.546,2588.6
48201334102,Census Tract 3341.02,29.6491987,-95.4251091,4.634995023201092,6742.0,65064.0,0.21954143563614567,1.58,4912.2,0.526,2581.8
48201540700,Census Tract 5407,29.8571415,-95.6151066,2.8815309889588647,5372.0,67156.0,0.31403574087862995,2.12,3626.6,0.706,2559.7
48201320201,Census Tract 3202.01,29.7010347,-95.2676678,0.7840120933991469,2983.0,36592.0,0.4669795507877975,1.75,4376.0,0.585,2558.9
48201233702,Census Tract 2337.02,29.7473922,-95.2378885,0.950814017443501,3057.0,44318.0,0.31861301929996727,1.9,4031.0,0.635,2557.7
48201232402,Census Tract 2324.02,29.8118411,-95.1879798,0.5416360772405245,4646.0,49375.0,0.28324324324324324,1.29,5961.9,0.429,2556.5
48201323900,Census Tract 3239,29.6735244,-95.1641966,1.095549817022133,3268.0,32659.0,0.2843440594059406,1.83,4197.2,0.609,2555.1
48201314001,Census Tract 3140.01,29.6989346,-95.392391,0.5428909092559503,3169.0,62500.0,0.14938361131254532,3.05,2549.7,1.0,2549.7
48201552602,Census Tract 5526.02,29.9752363,-95.5771132,2.0130397432596707,8045.0,68064.0,0.09593722313631185,1.82,4209.5,0.605,2548.8
48201433507,Census Tract 4335.07,29.6792534,-95.5571892,0.1834776762739656,2911.0,27063.0,0.5231879079354174,1.72,4434.0,0.574,2543.5
48201252400,Census Tract 2524,29.7818357,-95.1428558,2.0546241040465625,6395.0,52736.0,0.16403440187646598,1.02,7444.0,0.341,2540.8
48201221900,Census Tract 2219,29.8818677,-95.3491038,1.028600088824346,4854.0,59154.0,0.33106716110424395,1.4,5387.4,0.467,2514.5
48201250602,Census Tract 2506.02,29.9892066,-95.2359085,3.7357762233124694,4634.0,50297.0,0.39253344842468707,1.17,6453.0,0.39,2513.5
48201331604,Census Tract 3316.04,29.632015,-95.3440505,0.36141787538939707,2690.0,38938.0,0.2998859749144812,2.15,3496.7,0.718,2509.0
48201433602,Census Tract 4336.02,29.6729653,-95.5525108,0.3010886409049963,4053.0,42141.0,0.3461633358006415,1.37,5456.0,0.458,2500.3
48201452203,Census Tract 4522.03,29.7317086,-95.5619818,0.3074940757160464,2195.0,50395.0,0.2720343020485946,2.68,2792.1,0.893,2492.8
48201432302,Census Tract 4323.02,29.7308302,-95.5462955,0.09729504125020867,2116.0,47712.0,0.32419659735349715,2.67,2802.0,0.89,2492.6
48201311100,Census Tract 3111,29.7331955,-95.2851837,0.9560202189499627,5091.0,42721.0,0.19642506383814576,1.22,6091.0,0.408,2486.5
48201540800,Census Tract 5408,29.8916184,-95.6038324,3.7045386281715404,6864.0,66179.0,0.11523892773892774,1.76,4232.0,0.585,2476.0
48201532400,Census Tract 5324,29.8714527,-95.5032193,1.7956804442627345,7362.0,61144.0,0.18337408312958436,1.12,6570.9,0.373,2449.9
48201555404,Census Tract 5554.04,30.0803243,-95.6158808,2.8211021401175467,3985.0,49883.0,0.1054783319705642,1.67,4405.3,0.555,2445.0
48201532004,Census Tract 5320.04,29.8497909,-95.4668048,0.6061657171082535,5291.0,30318.0,0.43677943677943676,0.96,7602.0,0.321,2440.6
48201230200,Census Tract 2302,29.8195483,-95.3056459,3.0033373396451615,5269.0,37500.0,0.29294859545193963,1.07,6812.5,0.357,2430.5
48201433006,Census Tract 4330.06,29.7113758,-95.5415869,0.10914026937366907,2239.0,41006.0,0.25279142474318894,2.6,2805.0,0.866,2428.2
48201313500,Census Tract 3135,29.6887139,-95.3478932,0.6284109929755624,1781.0,29922.0,0.36327905670971367,3.28,2428.0,1.0,2428.0
48201551602,Census Tract 5516.02,29.9296089,-95.575611,0.6495813604333497,4671.0,54507.0,0.11510952168082253,1.38,5208.7,0.46,2398.2
48201322600,Census Tract 3226,29.6990572,-95.1577745,0.9571468650487357,4985.0,66946.0,0.15606820461384152,2.37,3009.2,0.791,2381.5
48201453800,Census Tract 4538,29.6710858,-95.6087294,0.7057391471963167,3614.0,59391.0,0.10049232551404576,2.18,3278.6,0.725,2378.5
48201332700,Census Tract 3327,29.6850652,-95.3137973,0.9639843481752509,2319.0,44909.0,0.2807244501940492,2.38,2970.0,0.794,2356.8
48201313300,Census Tract 3133,29.7044774,-95.3359456,0.8764001623158031,2702.0,50313.0,0.2738404452690167,2.04,3441.9,0.68,2342.1
48201252500,Census Tract 2525,29.7625504,-95.1252106,11.702220131041452,4545.0,47298.0,0.28734873487348733,1.2,5851.0,0.4,2339.8
48201323802,Census Tract 3238.02,29.673244,-95.1791015,0.9313838124144902,5026.0,52167.0,0.328994793752503,1.05,6679.5,0.35,2339.1
48201323100,Census Tract 3231,29.6884445,-95.1693711,0.7914186911074276,3503.0,39819.0,0.3746747614917606,1.45,4815.5,0.483,2327.7
48201231700,Census Tract 2317,29.8761202,-95.3198604,1.6333422472738688,4756.0,53157.0,0.24011774600504626,1.18,5898.0,0.393,2317.7
48201540200,Census Tract 5402,29.822288,-95.5697684,0.966992856195004,2433.0,57045.0,0.11261816687217427,2.78,2485.6,0.928,2307.4
48201533200,Census Tract 5332,29.8668801,-95.4495929,1.0342819681901938,3688.0,38393.0,0.31814438649464727,1.42,4861.3,0.474,2304.8
48201313801,Census Tract 3138.01,29.6887347,-95.3695345,0.34672398553984096,1549.0,19330.0,0.5364751452550033,3.64,2300.3,1.0,2300.3
48201540102,Census Tract 5401.02,29.8681241,-95.5826896,3.8830062428356094,6316.0,71924.0,0.16386953768207727,2.9,2374.7,0.967,2296.0
48201311600,Census Tract 3116,29.7011087,-95.2861718,0.18965067758554305,3614.0,37955.0,0.44023242944106256,1.32,5205.0,0.441,2293.9
48201323000,Census Tract 3230,29.6948991,-95.1919944,0.5402503565933359,6571.0,41765.0,0.2545815516188149,0.83,8243.9,0.278,2288.6
48201432200,Census Tract 4322,29.7329622,-95.5301033,0.6465643581661076,3865.0,54854.0,0.048124191461836996,1.69,4051.0,0.564,2283.7
48201553804,Census Tract 5538.04,30.033699,-95.5283334,1.0538998188682804,5826.0,69227.0,0.10332990044627531,2.46,2770.0,0.821,2274.9
48201453902,Census Tract 4539.02,29.6784575,-95.6222426,0.3598012656513701,3752.0,53021.0,0.3414179104477612,1.36,5033.0,0.452,2274.7
48201343700,Census Tract 3437,29.637726,-95.0605551,15.467968306618983,3859.0,65521.0,0.17076962943767815,2.59,2616.6,0.862,2255.2
48201322800,Census Tract 3228,29.7061269,-95.181071,1.2012402636087778,5509.0,65417.0,0.20174799708667152,1.75,3861.8,0.584,2254.8
48201314301,Census Tract 3143.01,29.6800344,-95.4157978,0.11828007967187155,2226.0,50779.0,0.1963162623539982,2.52,2663.0,0.841,2239.9
48201454305,Census Tract 4543.05,29.7269102,-95.6489919,0.6497890833946725,3546.0,46644.0,0.26875352509870276,1.49,4499.0,0.496,2232.2
48201233600,Census Tract 2336,29.7509314,-95.2595003,1.3801445598142148,2115.0,44821.0,0.45390070921985815,2.17,3075.0,0.724,2227.8
48201432705,Census Tract 4327.05,29.7253976,-95.4962756,0.18243983367166888,5242.0,34030.0,0.5210913312693498,0.83,7973.6,0.278,2217.2
48201222800,Census Tract 2228,29.9181183,-95.3662639,2.6121749261621128,4090.0,38514.0,0.2271393643031785,1.32,5019.0,0.441,2215.5
48201433202,Census Tract 4332.02,29.6968042,-95.5412482,0.44405068716705426,3666.0,58911.0,0.17703218767048554,1.82,3640.0,0.608,2211.9
48201550500,Census Tract 5505,29.9525166,-95.4454642,1.6893011914251608,6391.0,58533.0,0.20477168589034603,1.0,6611.6,0.332,2195.0
48201454100,Census Tract 4541,29.7053963,-95.6538245,0.6689903298436378,3837.0,62188.0,0.18165185572399373,2.03,3230.4,0.677,2188.1
48201522202,Census Tract 5222.02,29.800453,-95.5378892,0.6828143315298849,4088.0,61204.0,0.27299412915851273,1.67,3912.6,0.557,2180.4
48201522302,Census Tract 5223.02,29.7894965,-95.5380653,0.50010731516447,3259.0,61620.0,0.15679656336299477,2.35,2771.7,0.785,2175.8
48201250201,Census Tract 2502.01,29.9477753,-95.2574989,1.7837811618370711,7894.0,59350.0,0.07638712946541677,0.93,7018.5,0.309,2168.1
48201221000,Census Tract 2210,29.8597008,-95.3446749,0.9593627053368983,3508.0,34574.0,0.3768529076396807,1.33,4830.0,0.445,2147.9
48201452401,Census Tract 4524.01,29.7139369,-95.5795752,0.34059693038513605,3187.0,45917.0,0.20635930047694753,1.67,3844.7,0.558,2146.2
48201254700,Census Tract 2547,29.6998838,-94.9596981,5.650274587553995,2665.0,61250.0,0.07129455909943715,6.15,2141.2,1.0,2141.2
48201322900,Census Tract 3229,29.7034718,-95.1943063,0.6415929067720701,3755.0,53795.0,0.19653794940079894,1.43,4493.0,0.476,2138.1
48201233001,Census Tract 2330.01,29.7971528,-95.1825606,0.3679175191271438,4148.0,44594.0,0.19047619047619047,1.3,4938.1,0.433,2136.5
48201433601,Census Tract 4336.01,29.6671512,-95.5557475,0.2567888236367232,2878.0,36992.0,0.3766504517025712,1.61,3962.0,0.537,2126.9
48201431901,Census Tract 4319.01,29.7295833,-95.4646225,0.13707128562841164,2492.0,41967.0,0.11641910879164993,2.29,2782.1,0.762,2119.2
48201433400,Census Tract 4334,29.6860826,-95.5412492,0.6318442133697671,4329.0,46243.0,0.2383922383922384,1.17,5361.0,0.391,2097.2
48201230700,Census Tract 2307,29.8530072,-95.3099266,1.041849956600766,3446.0,41715.0,0.3702843876958793,1.33,4722.0,0.444,2095.0
48201321500,Census Tract 3215,29.665047,-95.2118806,0.3641904749902501,2700.0,40938.0,0.37666666666666665,1.69,3717.0,0.562,2090.3
48201452204,Census Tract 4522.04,29.7330201,-95.5683818,0.21869173754623916,2414.0,51145.0,0.10853355426677713,2.33,2676.0,0.777,2079.5
48201323702,Census Tract 3237.02,29.6453195,-95.1766173,0.4092242724620076,3622.0,66084.0,0.11512976256212037,2.77,2248.3,0.922,2073.5
48201521401,Census Tract 5214.01,29.829259,-95.5024151,0.22760451977518925,3298.0,46444.0,0.3702243784111583,1.37,4519.0,0.458,2071.1
48201532502,Census Tract 5325.02,29.8860231,-95.5002742,1.0407692566588655,5785.0,66204.0,0.21555747623163354,1.6,3880.5,0.534,2070.7
48201552702,Census Tract 5527.02,29.9812965,-95.557482,1.1103155218731873,6008.0,62810.0,0.11907553173672751,1.34,4623.0,0.446,2063.7
48201450301,Census Tract 4503.01,29.7751728,-95.5943455,0.382140364343217,2690.0,64143.0,0.2037174721189591,3.44,2053.8,1.0,2053.8
48201432903,Census Tract 4329.03,29.709988,-95.5367366,0.1486894856826196,2099.0,52750.0,0.25774178180085755,2.31,2640.0,0.77,2032.7
48201211600,Census Tract 2116,29.7809192,-95.3115924,0.4550032470998487,2802.0,49485.0,0.17987152034261242,1.84,3306.0,0.613,2025.8
48201314401,Census Tract 3144.01,29.6970417,-95.4034498,0.18184832516470512,1510.0,47969.0,0.33708609271523177,3.43,2019.0,1.0,2019.0
48201451502,Census Tract 4515.02,29.7600794,-95.6143522,0.4708145165963716,2747.0,51818.0,0.11685475063705861,1.97,3068.0,0.655,2010.4
48201310900,Census Tract 3109,29.7357902,-95.3013251,0.6718976790978396,4145.0,45763.0,0.15036496350364964,1.26,4768.3,0.418,1995.3
48201451005,Census Tract 4510.05,29.7399119,-95.5741083,0.11608547500243158,1967.0,33341.0,0.373157092018302,2.22,2701.0,0.739,1995.3
48201322100,Census Tract 3221,29.6900429,-95.2104213,0.8395320393961191,3883.0,34597.0,0.29436003090394025,1.18,5026.0,0.392,1970.3
48201521402,Census Tract 5214.02,29.824482,-95.503472,0.3592997189473584,3430.0,43276.0,0.4084548104956268,1.21,4831.0,0.404,1953.7
48201432803,Census Tract 4328.03,29.715307,-95.5169058,0.12519362492362948,2577.0,42096.0,0.31819945673263483,1.72,3397.0,0.572,1943.6
48201520502,Census Tract 5205.02,29.8349288,-95.4960956,1.1138468122156746,4644.0,49909.0,0.16602067183462532,1.07,5415.0,0.358,1938.6
48201452502,Census Tract 4525.02,29.7086575,-95.6095718,0.43723328135278583,4498.0,43866.0,0.266118274788795,1.02,5695.0,0.34,1934.6
48201421101,Census Tract 4211.01,29.7222779,-95.4700803,0.4782087590355772,2746.0,57039.0,0.24726875455207575,1.83,3145.7,0.61,1917.4
48201533902,Census Tract 5339.02,29.9303913,-95.5011574,0.7478223519721101,5511.0,32020.0,0.2783523861368173,0.82,7045.0,0.272,1917.0
48201331602,Census Tract 3316.02,29.6292792,-95.322895,2.3347053126046977,3337.0,67520.0,0.146838477674558,3.25,1910.4,1.0,1910.4
48201433007,Census Tract 4330.07,29.7076821,-95.5424131,0.13928867032520856,1720.0,42127.0,0.3302325581395349,2.49,2288.0,0.831,1900.5
48201233300,Census Tract 2333,29.7549358,-95.1997032,4.160465045532583,4436.0,61282.0,0.2166366095581605,1.41,4040.8,0.469,1896.9
48201433503,Census Tract 4335.03,29.6873811,-95.5544568,0.12020865995404126,2368.0,46335.0,0.31925675675675674,1.81,3124.0,0.605,1888.9
48201221800,Census Tract 2218,29.8824395,-95.3611015,1.2129202400083605,4032.0,58540.0,0.21485742871435717,1.35,4204.7,0.449,1888.3
48201423402,Census Tract 4234.02,29.6485541,-95.5296515,0.5923119855557947,4597.0,59583.0,0.12201533406352684,1.34,4212.4,0.447,1883.4
48201421402,Census Tract 4214.02,29.7145907,-95.4868557,0.06225704256225331,3661.0,37684.0,0.3881453154875717,1.11,5082.0,0.37,1881.8
48201433504,Census Tract 4335.04,29.6793027,-95.547194,0.35309621556525217,3358.0,35489.0,0.4472900536033353,1.16,4860.0,0.386,1874.3
48201454600,Census Tract 4546,29.7804684,-95.7356985,1.329993364332472,5446.0,42829.0,0.26219054763690924,0.82,6873.9,0.273,1873.2
48201333302,Census Tract 3333.02,29.6396783,-95.2568873,2.0941957142807115,3515.0,53783.0,0.18036984352773827,1.35,4149.0,0.45,1867.7
48201222702,Census Tract 2227.02,29.9351165,-95.3415611,2.324626887958957,3218.0,22941.0,0.41547545059042884,1.23,4555.0,0.41,1867.6
48201233101,Census Tract 2331.01,29.7875298,-95.1793273,0.6643675286988094,4399.0,53390.0,0.22137404580152673,1.04,5372.8,0.347,1866.3
48201532900,Census Tract 5329,29.892596,-95.4731807,0.6589319825101437,5094.0,41808.0,0.3309776207302709,0.82,6780.0,0.273,1853.5
48201450804,Census Tract 4508.04,29.7525856,-95.5607881,0.24468452096484722,2310.0,61250.0,0.05064935064935065,3.37,1820.2,1.0,1820.2
48201421204,Census Tract 4212.04,29.7214544,-95.4895197,0.09049694054386992,3274.0,44222.0,0.3091020158827123,1.27,4286.0,0.425,1820.1
48201540903,Census Tract 5409.03,29.9059343,-95.6255423,0.5520222253066637,3562.0,63325.0,0.0982594048287479,2.08,2609.3,0.694,1811.5
48201421401,Census Tract 4214.01,29.714443,-95.492511,0.11028004294583423,3347.0,36451.0,0.3450851508813863,1.2,4502.0,0.399,1795.8
48201453601,Census Tract 4536.01,29.6822336,-95.591578,0.46230714163394365,1596.0,57862.0,0.2951127819548872,2.94,1830.4,0.979,1791.1
48201323400,Census Tract 3234,29.676607,-95.1995552,0.7682479283659723,6940.0,48812.0,0.27204610951008645,0.6,8828.0,0.199,1760.7
48201553202,Census Tract 5532.02,30.031439,-95.4455173,0.7412987699005306,4856.0,51086.0,0.21277495769881558,0.89,5889.2,0.297,1746.4
48201310500,Census Tract 3105,29.7473866,-95.3164173,1.161639309610576,3409.0,42122.0,0.22851276034027573,1.25,4188.0,0.415,1738.2
48201421501,Census Tract 4215.01,29.7108472,-95.4758568,0.3369096547705773,3991.0,46273.0,0.34687580354847003,0.97,5375.4,0.323,1735.6
48201440102,Census Tract 4401.02,29.6393818,-95.5400914,1.2546814355838878,4477.0,66344.0,0.12374357828903283,1.87,2748.1,0.623,1712.9
48201222000,Census Tract 2220,29.8683924,-95.3371157,0.4388228639397113,2028.0,40598.0,0.28057199211045364,1.98,2597.0,0.659,1710.5
48201330700,Census Tract 3307,29.5983841,-95.4420483,2.311607137069058,8886.0,73221.0,0.16205266711681296,1.83,2800.0,0.61,1708.8
48201313902,Census Tract 3139.02,29.6832036,-95.3862954,0.24476483021383447,2706.0,66013.0,0.12490761271249076,4.03,1703.1,1.0,1703.1
48201321800,Census Tract 3218,29.6878761,-95.2387279,0.5038339731992052,4101.0,66856.0,0.26779577810505645,1.86,2733.5,0.621,1696.5
48201422406,Census Tract 4224.06,29.6620002,-95.5040573,0.2389501317054309,2757.0,44519.0,0.24954061006982728,1.47,3445.0,0.491,1691.9
48201450803,Census Tract 4508.03,29.7530873,-95.5683386,0.41820771138598006,4179.0,71755.0,0.22660923665948793,3.05,1690.6,1.0,1690.6
48201540503,Census Tract 5405.03,29.8598465,-95.6403338,0.26451820274958715,5037.0,60318.0,0.10283899146317252,1.16,4373.3,0.386,1689.2
48201231300,Census Tract 2313,29.857698,-95.271659,1.8569629649767003,5360.0,45417.0,0.23787313432835822,0.76,6635.0,0.255,1688.7
48201211301,Census Tract 2113.01,29.7764213,-95.3335041,0.44436999365221025,2676.0,35208.0,0.4857997010463378,1.27,3976.0,0.424,1686.7
48201440101,Census Tract 4401.01,29.6506227,-95.559587,0.8678317832123176,1842.0,25323.0,0.41611479028697573,1.94,2608.5,0.646,1686.0
48201450401,Census Tract 4504.01,29.7733226,-95.6097768,0.16711080577122805,2020.0,63102.0,0.25643564356435644,2.92,1715.5,0.973,1670.0
48201521300,Census Tract 5213,29.8159651,-95.5139394,1.1259518870918679,7160.0,60095.0,0.32122905027932963,0.67,7532.1,0.222,1669.9
48201230800,Census Tract 2308,29.8398272,-95.2937237,0.7150160237608195,2351.0,41083.0,0.3219906422798809,1.6,3108.0,0.534,1660.6
48201521100,Census Tract 5211,29.8017669,-95.5197006,0.230835036536133,2494.0,36955.0,0.46952686447473935,1.35,3665.0,0.451,1652.7
48201452202,Census Tract 4522.02,29.7227148,-95.5647321,0.578116167490823,3123.0,65574.0,0.12103746397694524,2.44,2020.2,0.815,1646.2
48201541403,Census Tract 5414.03,29.8548134,-95.6651534,0.2873449484677364,3278.0,52255.0,0.1912751677852349,1.26,3905.0,0.419,1636.6
48201431102,Census Tract 4311.02,29.7414554,-95.5283396,0.35919508526237987,4034.0,63037.0,0.1742613920881322,1.53,3214.1,0.508,1634.0
48201330301,Census Tract 3303.01,29.6361317,-95.4721681,1.2298006263820263,7924.0,71852.0,0.19687026754164563,1.59,3091.0,0.528,1633.3
48201330302,Census Tract 3303.02,29.6157778,-95.4765614,2.3342620673266334,5141.0,61330.0,0.17703631010794896,1.08,4519.0,0.361,1633.1
48201421301,Census Tract 4213.01,29.7087134,-95.4950115,0.1030761488708147,3537.0,41842.0,0.4424653661294883,0.95,5102.0,0.316,1610.5
48201422501,Census Tract 4225.01,29.6747948,-95.5010151,0.32660613256637694,3734.0,50911.0,0.26245313336904125,1.02,4714.0,0.339,1599.9
48201331502,Census Tract 3315.02,29.6249858,-95.3720635,2.724823705850912,6146.0,54097.0,0.20685695538057744,0.65,7417.3,0.215,1597.9
48201253501,Census Tract 2535.01,29.7753458,-94.9896822,0.9360591234528872,8875.0,75425.0,0.1942831112629541,2.46,1939.7,0.82,1590.8
48201311001,Census Tract 3110.01,29.7459833,-95.3038272,0.3205987690808357,2746.0,61057.0,0.2884195193008012,1.77,2680.8,0.591,1584.7
48201421403,Census Tract 4214.03,29.7091209,-95.4888961,0.2525405415857295,4503.0,32813.0,0.35747611641857363,0.77,6112.7,0.258,1576.1
48201521000,Census Tract 5210,29.7943621,-95.5176361,0.45504108511139074,2158.0,47985.0,0.22706209453197404,1.78,2648.0,0.595,1574.5
48201313201,Census Tract 3132.01,29.7064122,-95.3505672,0.5464279911308164,1632.0,47698.0,0.27818627450980393,2.25,2086.0,0.751,1567.2
48201413301,Census Tract 4133.01,29.6908583,-95.4219185,0.5456557868136314,5185.0,70918.0,0.03323615160349854,2.41,1946.2,0.805,1566.0
48201314302,Census Tract 3143.02,29.6847382,-95.4182205,0.4634646759054041,1650.0,41845.0,0.1593939393939394,2.46,1913.0,0.818,1565.6
48201233103,Census Tract 2331.03,29.7764643,-95.1762714,0.6300337803481268,5036.0,46522.0,0.2692613185067514,0.73,6392.0,0.244,1562.7
48201250202,Census Tract 2502.02,29.9454578,-95.2723151,0.5247124474250965,2312.0,53650.0,0.3157439446366782,1.54,3042.0,0.513,1561.1
48201520400,Census Tract 5204,29.808373,-95.4772723,0.7878719566785966,3837.0,34623.0,0.4787594474850143,0.82,5674.0,0.274,1556.4
48201533803,Census Tract 5338.03,29.9034375,-95.4514052,1.3315509004402342,7014.0,64209.0,0.2055888223552894,0.87,5341.1,0.291,1555.7
48201432805,Census Tract 4328.05,29.7068143,-95.5169389,0.3400892060465868,2473.0,40325.0,0.3534169025475131,1.39,3347.0,0.464,1553.7
48201454000,Census Tract 4540,29.6960205,-95.6509213,0.7905186869757483,4332.0,64322.0,0.17475052216291484,1.46,3191.4,0.486,1550.1
48201321002,Census Tract 3210.02,29.6400281,-95.2257017,1.0263908122728795,5200.0,60607.0,0.13576923076923078,1.01,4581.4,0.338,1548.9
48201422502,Census Tract 4225.02,29.6694937,-95.499711,0.3861747457983504,3043.0,45382.0,0.09913793103448276,1.39,3344.7,0.463,1548.5
48201452402,Census Tract 4524.02,29.7076421,-95.5794849,0.527527132161236,3887.0,66250.0,0.15255981476717262,1.89,2464.0,0.628,1548.3
48201230500,Census Tract 2305,29.8485488,-95.3287189,1.3359262101014047,3566.0,34103.0,0.3220243143907266,0.98,4714.3,0.328,1547.5
48201341203,Census Tract 3412.03,29.5423272,-95.0969478,0.47858405033372914,2698.0,61250.0,0.114529280948851,2.06,2255.2,0.685,1545.3
48201241503,Census Tract 2415.03,29.9536216,-95.3350445,6.835809759759862,2644.0,51519.0,0.17494270435446907,1.48,3106.5,0.492,1529.2
48201231400,Census Tract 2314,29.8648347,-95.2857896,1.292289330239435,3699.0,49535.0,0.2239297475301866,1.01,4527.3,0.336,1522.2
48201551902,Census Tract 5519.02,29.9001734,-95.5905766,0.5457449764122663,4690.0,55333.0,0.16396588486140726,0.85,5386.3,0.282,1518.2
48201433505,Census Tract 4335.05,29.6832627,-95.5531423,0.07678529458577321,2175.0,34219.0,0.3080459770114943,1.6,2845.0,0.533,1515.6
48201451100,Census Tract 4511,29.7563832,-95.5808314,0.9221335768989303,3990.0,71250.0,0.17941550190597205,2.74,1647.1,0.914,1505.0
48201421205,Census Tract 4212.05,29.718099,-95.4937154,0.15523160065781152,2377.0,33816.0,0.37904922170803534,1.36,3278.0,0.453,1485.0
48201252202,Census Tract 2522.02,29.8391674,-95.1483316,7.419053363916794,6921.0,73500.0,0.06734250543084722,2.3,1920.6,0.767,1473.7
48201341303,Census Tract 3413.03,29.5651387,-95.1087269,0.45216076300829044,2936.0,60057.0,0.12966130687649674,1.67,2645.8,0.556,1471.9
48201320901,Census Tract 3209.01,29.6477726,-95.2437602,0.40131188092597075,2816.0,54707.0,0.16964285714285715,1.34,3293.7,0.446,1470.3
48201422304,Census Tract 4223.04,29.6510865,-95.503642,0.2018337450977719,4382.0,48780.0,0.31811958010041075,0.76,5776.0,0.254,1464.8
48201340101,Census Tract 3401.01,29.5844148,-95.1715498,1.53604180059344,1610.0,59022.0,0.08198757763975155,3.46,1461.7,1.0,1461.7
48201240506,Census Tract 2405.06,29.9595964,-95.3907798,1.0872706284354332,5441.0,45556.0,0.3850395147950744,0.58,7536.0,0.192,1447.3
48201330200,Census Tract 3302,29.6390735,-95.4546937,1.6875367045603928,6130.0,57287.0,0.2962658331962494,0.6,7219.2,0.2,1442.1
48201533600,Census Tract 5336,29.9085423,-95.4251114,1.3566695485717888,5377.0,46293.0,0.2890087409336061,0.62,6931.0,0.208,1440.8
48201421502,Census Tract 4215.02,29.7128442,-95.4805595,0.2523243243769177,3137.0,44367.0,0.37218287186091437,1.0,4304.5,0.333,1433.4
48201533904,Census Tract 5339.04,29.9333063,-95.4897763,0.47285815532180187,4323.0,50430.0,0.0744853111265325,0.92,4645.0,0.307,1423.9
48201350803,Census Tract 3508.03,29.5305279,-95.1480356,1.5821593868243666,3059.0,60489.0,0.043963254593175856,1.71,2492.3,0.57,1419.4
48201311701,Census Tract 3117.01,29.6992092,-95.3128178,0.6251244914016227,3554.0,65024.0,0.20327961549335596,1.65,2561.8,0.551,1411.5
48201421203,Census Tract 4212.03,29.7239806,-95.4871024,0.08558031565635257,2358.0,38185.0,0.44147582697201015,1.24,3399.0,0.412,1400.6
48201311502,Census Tract 3115.02,29.709965,-95.2795647,0.6089827184573446,2610.0,35455.0,0.40727969348659004,1.14,3673.0,0.381,1398.8
48201313000,Census Tract 3130,29.7190688,-95.3734456,0.4628662175595857,2401.0,56516.0,0.20616409829237817,1.53,2720.4,0.511,1389.6
48201310800,Census Tract 3108,29.730243,-95.3107424,0.7334338689300006,3124.0,53281.0,0.14884763124199743,1.16,3589.0,0.386,1384.8
48201230600,Census Tract 2306,29.8448725,-95.3092658,0.836496118123106,3076.0,44265.0,0.19538361508452537,1.13,3677.0,0.376,1381.0
48201550406,Census Tract 5504.06,29.9864065,-95.4518192,1.2509223449678308,4271.0,41080.0,0.22734722547412783,0.79,5242.0,0.263,1377.6
48201343602,Census Tract 3436.02,29.6647171,-95.0071196,2.0652226082999277,2906.0,68409.0,0.14496314496314497,2.68,1542.7,0.892,1376.2
48201420100,Census Tract 4201,29.6734152,-95.4357401,0.44812599545099846,2769.0,50725.0,0.14662332972192127,1.3,3175.0,0.432,1371.4
48201221200,Census Tract 2212,29.8645953,-95.3740348,0.9654916910023962,5407.0,47390.0,0.19521690767519467,0.63,6462.5,0.211,1364.2
48201422701,Census Tract 4227.01,29.6973752,-95.4999729,0.7095129096944002,4750.0,55286.0,0.14526315789473684,0.75,5377.8,0.251,1350.2
48201320700,Census Tract 3207,29.6704813,-95.2506537,1.3297462589509725,3397.0,48984.0,0.17587939698492464,1.01,3994.5,0.337,1344.7
48201423304,Census Tract 4233.04,29.6607543,-95.5203499,0.6148472241442067,3435.0,50689.0,0.19592430858806403,0.98,4108.0,0.327,1342.0
48201211302,Census Tract 2113.02,29.7781578,-95.3230968,0.6116672867660385,2075.0,32804.0,0.35099009900990097,1.44,2803.3,0.479,1341.9
48201431205,Census Tract 4312.05,29.7393055,-95.5184834,0.0838405393297346,3514.0,43843.0,0.22794536141149688,0.93,4315.0,0.31,1336.6
48201432502,Census Tract 4325.02,29.7249143,-95.5248404,0.2875854901125396,1927.0,47250.0,0.3061754021795537,1.59,2517.0,0.53,1335.2
48201413203,Census Tract 4132.03,29.7034791,-95.4252449,0.0949459957173317,1874.0,63640.0,0.1622198505869797,2.79,1425.3,0.93,1325.1
48201423301,Census Tract 4233.01,29.6696145,-95.5174645,0.6386260977854451,4664.0,52578.0,0.12049742710120069,0.76,5226.0,0.252,1315.5
48201221501,Census Tract 2215.01,29.8643247,-95.3929568,0.6713953601895107,4845.0,42054.0,0.27472527472527475,0.64,6176.0,0.213,1315.1
48201541603,Census Tract 5416.03,29.8430246,-95.6544993,0.9162748627444471,6850.0,52350.0,0.2770802919708029,0.45,8748.0,0.15,1312.2
48201422404,Census Tract 4224.04,29.654967,-95.4970625,0.1767703095748961,2676.0,40478.0,0.2234678624813154,1.2,3274.0,0.399,1305.7
48201312901,Census Tract 3129.01,29.7138838,-95.3578859,0.1770529363549858,1869.0,14302.0,0.39215686274509803,2.09,1860.6,0.697,1297.7
48201220800,Census Tract 2208,29.8308466,-95.3387038,0.6697544260154924,3927.0,32955.0,0.48128342245989303,0.67,5817.0,0.223,1296.7
48201341201,Census Tract 3412.01,29.5268541,-95.1109772,3.0883450658003215,5291.0,71359.0,0.0889108910891089,1.95,1991.4,0.651,1295.6
48201550303,Census Tract 5503.03,29.9764022,-95.4270327,0.5679860051558306,3375.0,38340.0,0.4275555555555556,0.81,4818.0,0.268,1293.4
48201541702,Census Tract 5417.02,29.7879676,-95.6666937,1.040985087765519,2644.0,64765.0,0.04236006051437216,2.3,1679.5,0.768,1290.1
48201534203,Census Tract 5342.03,29.8725945,-95.5371392,1.6307437797465412,2334.0,60461.0,0.16310767832803272,1.82,2121.7,0.606,1286.7
48201350400,Census Tract 3504,29.5958172,-95.2100565,1.026383862434025,5806.0,69519.0,0.10041336548398208,1.44,2678.5,0.48,1285.9
48201222100,Census Tract 2221,29.8795289,-95.3348519,0.8793816431844547,4972.0,69342.0,0.18082964156262585,1.54,2503.0,0.513,1282.9
48201421206,Census Tract 4212.06,29.7182163,-95.4869012,0.062432719044412915,2013.0,31203.0,0.4038748137108793,1.36,2826.0,0.453,1280.8
48201320100,Census Tract 3201,29.6946691,-95.2812699,0.38005695709545173,2253.0,54083.0,0.16341030195381884,1.46,2621.2,0.486,1275.0
48201452102,Census Tract 4521.02,29.7347268,-95.5783081,0.07420690437069227,1818.0,55909.0,0.19573978123200922,1.82,2094.8,0.607,1271.6
48201421801,Census Tract 4218.01,29.6787924,-95.4800985,0.11921097197623816,2303.0,42045.0,0.18063395570994356,1.39,2719.0,0.464,1261.6
48201220702,Census Tract 2207.02,29.8274619,-95.3485071,0.8056399919148663,3805.0,29853.0,0.33912810912008556,0.74,5095.4,0.245,1249.6
48201451404,Census Tract 4514.04,29.7505376,-95.621921,0.2171183712499746,3643.0,61348.0,0.1372495196266813,1.21,3091.0,0.404,1247.7
48201422900,Census Tract 4229,29.6824293,-95.5301552,0.623725643281042,4060.0,44650.0,0.32392972036624595,0.69,5375.2,0.231,1239.2
48201454303,Census Tract 4543.03,29.7144662,-95.6519492,0.5541083352695392,3949.0,69040.0,0.04142782699322564,2.06,1803.0,0.687,1238.3
48201252201,Census Tract 2522.01,29.8265714,-95.1639591,1.0331236617144162,5108.0,64598.0,0.01076742364917776,1.16,3180.8,0.388,1234.4
48201552501,Census Tract 5525.01,29.9447261,-95.57652,1.0260676447661377,5114.0,49431.0,0.35784122017989833,0.53,6944.0,0.177,1227.1
48201321101,Census Tract 3211.01,29.6165558,-95.2058454,1.1446423203850153,3896.0,56454.0,0.1601642710472279,0.86,4257.1,0.288,1224.4
48201341204,Census Tract 3412.04,29.5463723,-95.0826346,0.8453224134685313,3504.0,71861.0,0.12300228310502283,2.86,1281.1,0.954,1221.8
48201423100,Census Tract 4231,29.6692469,-95.5441443,0.6314534779852715,2871.0,34656.0,0.41553465691396724,0.9,4064.0,0.3,1218.3
48201422800,Census Tract 4228,29.6900285,-95.517789,0.8882940393112462,4533.0,53714.0,0.25489212242849973,0.64,5688.4,0.214,1215.5
48201233502,Census Tract 2335.02,29.7625516,-95.2458797,0.5330954974924577,2943.0,56761.0,0.27760788311247026,1.04,3495.1,0.346,1208.9
48201533301,Census Tract 5333.01,29.8721419,-95.419105,0.73397170923692,3154.0,39754.0,0.32729007633587787,0.86,4186.3,0.288,1205.2
48201210500,Census Tract 2105,29.7952549,-95.3603917,0.8317883745033873,4767.0,55337.0,0.22466960352422907,0.63,5759.3,0.209,1204.9
48201233501,Census Tract 2335.01,29.764227,-95.2332664,0.549761983270263,3729.0,42727.0,0.2788910238814164,0.76,4769.0,0.252,1200.8
48201222502,Census Tract 2225.02,29.9238788,-95.3879088,1.3019152431553056,3969.0,52594.0,0.26824955796918415,0.71,5033.7,0.238,1198.3
48201422200,Census Tract 4222,29.6387275,-95.501331,0.6851309444814402,5555.0,33479.0,0.41831728148282754,0.45,7878.8,0.152,1194.5
48201532200,Census Tract 5322,29.8566387,-95.482225,0.7182067719994283,3566.0,36058.0,0.5123387549074594,0.66,5393.0,0.221,1194.5
48201531800,Census Tract 5318,29.8534594,-95.4363437,1.257457510104168,2928.0,35875.0,0.3650956284153005,0.89,3997.0,0.296,1181.9
48201232704,Census Tract 2327.04,29.7871088,-95.2115153,1.4301536697015957,1906.0,50417.0,0.09653725078698845,1.69,2090.0,0.565,1180.8
48201320202,Census Tract 3202.02,29.6895293,-95.2708229,0.7562420817445374,3033.0,39617.0,0.16950852557673018,0.99,3547.1,0.331,1175.3
48201451004,Census Tract 4510.04,29.7387558,-95.5848866,0.14004967767979445,1700.0,51826.0,0.25588235294117645,1.65,2135.0,0.549,1172.6
48201233105,Census Tract 2331.05,29.7817278,-95.1624556,0.6321492340750553,4595.0,44508.0,0.3710554951033732,0.55,6300.0,0.184,1160.1
48201530702,Census Tract 5307.02,29.8516318,-95.4039843,0.6970939337632712,4321.0,34674.0,0.3931960194399445,0.57,6020.0,0.191,1150.3
48201551601,Census Tract 5516.01,29.9297849,-95.5565467,0.530376566091649,3000.0,68002.0,0.31808943089430897,1.8,1897.7,0.601,1140.7
48201542202,Census Tract 5422.02,29.8497048,-95.7506737,5.450237375800154,11845.0,76866.0,0.1818489958478095,1.95,1754.9,0.649,1139.0
48201534002,Census Tract 5340.02,29.9145954,-95.5026624,1.251800727378629,5216.0,55481.0,0.2026457055214724,0.55,6152.3,0.184,1131.1
48201452501,Census Tract 4525.01,29.7093273,-95.5961331,0.7862391306499087,2500.0,34915.0,0.23598225090762404,1.1,3090.0,0.366,1129.6
48201222200,Census Tract 2222,29.8940059,-95.323657,1.1548083902207567,3378.0,55357.0,0.32089994079336887,0.77,4398.3,0.256,1126.9
48201211200,Census Tract 2112,29.7981731,-95.3203735,0.6574833272111045,2330.0,30833.0,0.32889652211249465,1.09,3096.3,0.363,1123.6
48201533000,Census Tract 5330,29.8893243,-95.4617333,0.6838981202890542,2525.0,32093.0,0.38811881188118813,0.96,3505.0,0.319,1118.5
48201522101,Census Tract 5221.01,29.8176644,-95.5410479,0.3462174195077676,3413.0,61950.0,0.23791385877527102,1.09,3050.4,0.363,1106.4
48201251000,Census Tract 2510,30.0351615,-95.195972,2.989093258810366,3410.0,71615.0,0.12258064516129032,2.57,1283.9,0.858,1101.7
48201240600,Census Tract 2406,29.9583819,-95.4082234,0.9952288931550346,3500.0,32641.0,0.49914285714285717,0.63,5247.0,0.21,1100.8
48201413205,Census Tract 4132.05,29.7031646,-95.420566,0.11593682567137345,1503.0,63837.0,0.14171656686626746,2.98,1109.4,0.992,1100.2
48201533401,Census Tract 5334.01,29.8914887,-95.4330144,0.7921796984620134,4205.0,48534.0,0.24661117717003567,0.63,5242.0,0.21,1098.3
48201333501,Census Tract 3335.01,29.6632523,-95.2812822,0.38009518120915237,3311.0,41558.0,0.2379945635759589,0.8,4099.0,0.267,1096.3
48201543202,Census Tract 5432.02,29.8101336,-95.6123046,13.6844157172598,3905.0,73839.0,0.13341869398207426,3.14,1090.7,1.0,1090.7
48201311702,Census Tract 3117.02,29.7010603,-95.2990496,0.42815601960427535,1917.0,32614.0,0.4225352112676056,1.2,2727.0,0.399,1088.9
48201433506,Census Tract 4335.06,29.6794797,-95.5541748,0.05001605972623558,1562.0,36833.0,0.33419188667095945,1.55,2084.0,0.518,1078.5
48201233200,Census Tract 2332,29.7796854,-95.1921361,1.2150001723366985,6294.0,60774.0,0.1982840800762631,0.56,5800.1,0.186,1077.9
48201330303,Census Tract 3303.03,29.626636,-95.4976108,2.0528267984983146,4734.0,54203.0,0.1307562315166878,0.6,5353.0,0.2,1069.3
48201241202,Census Tract 2412.02,30.0501627,-95.4006643,1.2355813479004736,5511.0,69647.0,0.18980221375430956,1.18,2715.4,0.392,1064.0
48201520601,Census Tract 5206.01,29.8167961,-95.4926764,0.7586324402083838,2658.0,43147.0,0.3105542900531511,0.92,3483.5,0.305,1063.3
48201553700,Census Tract 5537,30.017556,-95.5100597,1.2131881949064238,4398.0,72511.0,0.12774918109499298,2.15,1485.8,0.715,1062.7
48201233104,Census Tract 2331.04,29.7766026,-95.1662698,0.31026049768236197,2554.0,44635.0,0.32576350822239625,0.94,3386.0,0.313,1060.4
48201321302,Census Tract 3213.02,29.6447146,-95.2117152,0.39129252991049446,1929.0,62042.0,0.24935199585277346,1.84,1731.2,0.612,1059.2
48201252601,Census Tract 2526.01,29.7911155,-95.1159594,1.4938419929657516,3589.0,41075.0,0.38200055725828924,0.64,4960.0,0.213,1056.5
48201451406,Census Tract 4514.06,29.7417968,-95.6111916,0.42249692026578456,2444.0,44375.0,0.24959083469721768,1.03,3054.0,0.344,1049.6
48201232703,Census Tract 2327.03,29.7732559,-95.2217304,0.2533633252856902,2693.0,51250.0,0.34566517189835577,0.86,3623.9,0.288,1044.6
48201522402,Census Tract 5224.02,29.7986937,-95.5587071,1.1177101504145517,3862.0,73571.0,0.20079155672823218,2.63,1192.6,0.875,1043.7
48201222401,Census Tract 2224.01,29.9005807,-95.3946562,1.9521479579302008,3332.0,45565.0,0.25113053964425686,0.75,4168.8,0.249,1039.8
48201551201,Census Tract 5512.01,29.9767364,-95.4988213,0.7701247709588906,4843.0,54877.0,0.14577741069584968,0.56,5549.0,0.187,1038.2
48201320500,Census Tract 3205,29.6987643,-95.2453144,2.1366530520481812,4097.0,71406.0,0.08201122772760557,2.04,1523.9,0.679,1034.2
48201222300,Census Tract 2223,29.8962384,-95.3488971,1.928507694963897,4725.0,39314.0,0.3018428299089176,0.5,6151.2,0.167,1024.9
48201451401,Census Tract 4514.01,29.7503672,-95.6123667,0.41885713521673273,3494.0,66038.0,0.10475100171722954,1.41,2155.7,0.471,1015.8
48201310400,Census Tract 3104,29.7510036,-95.3295187,0.6591609410901891,3018.0,57163.0,0.10636182902584493,1.0,3050.1,0.332,1012.7
48201221702,Census Tract 2217.02,29.8879835,-95.3817022,0.9372189743372992,2959.0,38811.0,0.32882730652247383,0.77,3932.0,0.257,1011.0
48201212300,Census Tract 2123,29.7752018,-95.3549648,1.2623440190233153,4731.0,65176.0,0.25258930458676815,0.86,3513.9,0.287,1008.8
48201232802,Census Tract 2328.02,29.7846376,-95.2082952,0.4079609461990928,2832.0,63429.0,0.0737994350282486,1.49,2015.7,0.497,1001.3
48201211102,Census Tract 2111.02,29.7870675,-95.3275202,0.4315811318531497,2401.0,29750.0,0.5456059975010412,0.81,3711.0,0.269,1000.1
48201253502,Census Tract 2535.02,29.7790776,-95.0152081,1.3239219078886042,3665.0,69403.0,0.1863574351978172,1.63,1843.0,0.543,1000.0
48201551502,Census Tract 5515.02,29.9400123,-95.5420901,2.3344412187282204,4924.0,66534.0,0.1437855402112104,0.99,3033.6,0.329,999.3
48201423001,Census Tract 4230.01,29.6792289,-95.5112379,0.15049876039778423,3299.0,36117.0,0.328584419521067,0.68,4383.0,0.228,998.7
48201221400,Census Tract 2214,29.8534357,-95.391567,0.7796927685509722,5666.0,32690.0,0.40381221320155314,0.38,7954.0,0.125,997.2
48201422405,Census Tract 4224.05,29.6594912,-95.5070287,0.0811922646239484,1698.0,18494.0,0.4923439340400471,1.28,2343.2,0.425,996.0
48201220400,Census Tract 2204,29.8330345,-95.3659984,0.7417995444002251,4176.0,56200.0,0.2958152958152958,0.58,5151.6,0.193,993.9
48201231500,Census Tract 2315,29.859841,-95.2965469,0.44772251869526924,3193.0,50104.0,0.16285624804259316,0.8,3713.0,0.267,992.2
48201452002,Census Tract 4520.02,29.7330853,-95.5992846,0.3379189258131382,3643.0,56033.0,0.06176305446378439,0.79,3708.2,0.264,978.1
48201454200,Census Tract 4542,29.7053095,-95.6691898,0.5326831403870808,4270.0,66093.0,0.0784452296819788,1.14,2561.6,0.379,971.5
48201333204,Census Tract 3332.04,29.6596818,-95.2745514,0.06333465368688508,2338.0,39831.0,0.24850299401197604,0.99,2919.0,0.332,968.1
48201533302,Census Tract 5333.02,29.8793086,-95.4249141,0.6321195042088437,3938.0,47569.0,0.1946805593638607,0.62,4704.7,0.206,967.8
48201450600,Census Tract 4506,29.7692487,-95.6150077,0.71755889257731,5678.0,75532.0,0.10755189692197566,2.56,1123.9,0.854,959.9
48201232902,Census Tract 2329.02,29.800392,-95.1872051,0.3332814527862833,4665.0,69922.0,0.08936261843238587,1.4,2048.6,0.465,953.6
48201423002,Census Tract 4230.02,29.6774823,-95.5198711,0.5384600008839423,3080.0,34059.0,0.3626623376623377,0.68,4197.0,0.227,953.3
48201230100,Census Tract 2301,29.814062,-95.3300177,0.5264985560107456,1783.0,51389.0,0.19068984856982613,1.34,2123.0,0.447,948.2
48201323300,Census Tract 3233,29.6871648,-95.2011254,0.5059467242110235,3278.0,19514.0,0.5061572466056204,0.59,4817.2,0.196,945.6
48201320602,Census Tract 3206.02,29.6779973,-95.2584571,0.5847161977898038,4365.0,52061.0,0.293241695303551,0.5,5645.0,0.167,944.8
48201310700,Census Tract 3107,29.7210983,-95.3160719,0.7517934126732343,3342.0,63527.0,0.08628983764281419,1.18,2392.1,0.395,943.8
48201432101,Census Tract 4321.01,29.7333477,-95.517431,0.22142225201180557,3193.0,62029.0,0.28249295333542124,0.96,2943.6,0.319,939.3
48201333203,Census Tract 3332.03,29.6597943,-95.2630572,0.7485825871223788,2171.0,45907.0,0.1317941317941318,1.11,2457.1,0.372,913.2
48201250601,Census Tract 2506.01,29.9930889,-95.2642168,1.6771829890755754,3429.0,52180.0,0.17703349282296652,0.68,4036.0,0.226,913.0
48201340502,Census Tract 3405.02,29.5608759,-95.1203121,0.29682491476765893,2216.0,54180.0,0.2703068592057762,0.97,2815.0,0.323,910.4
48201231600,Census Tract 2316,29.8617444,-95.3074845,0.642787892952914,2767.0,36912.0,0.34947596675099385,0.73,3734.0,0.242,903.2
48201451903,Census Tract 4519.03,29.716624,-95.6095615,0.22391299703688602,3846.0,32231.0,0.3962558502340094,0.5,5370.0,0.168,899.5
48201542500,Census Tract 5425,29.7936123,-95.7642913,1.6963104900122496,3885.0,67258.0,0.1166023166023166,1.22,2211.0,0.407,899.2
48201324200,Census Tract 3242,29.715847,-95.2454782,2.504684857414268,728.0,50313.0,0.23119777158774374,3.04,896.3,1.0,896.3
48201423600,Census Tract 4236,29.6367522,-95.5194957,1.2845765535193905,7068.0,66356.0,0.060837577815506506,0.66,4092.1,0.219,895.2
48201252901,Census Tract 2529.01,29.8120904,-95.0716216,1.581537376246874,2268.0,49063.0,0.20195729537366547,0.97,2726.0,0.324,884.3
48201322200,Census Tract 3222,29.7044086,-95.2128723,0.3648503235792847,1670.0,61311.0,0.10479041916167664,1.92,1379.2,0.64,883.0
48201454400,Census Tract 4544,29.7493996,-95.6721883,12.573185905475064,1013.0,60242.0,0.09180651530108588,3.03,874.1,1.0,874.1
48201342400,Census Tract 3424,29.6947708,-95.1484586,1.281674609695409,3524.0,73586.0,0.04290617848970252,2.78,942.9,0.926,873.1
48201311400,Census Tract 3114,29.7192855,-95.2749811,0.8978925389738566,1668.0,45735.0,0.22422062350119903,1.27,2042.0,0.423,862.9
48201432704,Census Tract 4327.04,29.7288877,-95.4822382,0.26445102097399203,1742.0,42232.0,0.14695752009184845,1.29,1998.0,0.43,858.5
48201552901,Census Tract 5529.01,29.9938758,-95.5087013,0.7489184960003543,5079.0,65574.0,0.10325544238066707,0.8,3233.4,0.265,857.7
48201452101,Census Tract 4521.01,29.725027,-95.5834844,1.4169895166043833,7306.0,74299.0,0.1524951212712573,1.33,1920.1,0.442,849.3
48201432005,Census Tract 4320.05,29.7347017,-95.4926459,0.13723537904581345,3676.0,47468.0,0.21137105549510338,0.57,4453.0,0.189,841.6
48201210700,Census Tract 2107,29.8067305,-95.3535208,0.4376560632164447,2208.0,61161.0,0.20100045475216008,1.26,1998.3,0.42,839.5
48201423203,Census Tract 4232.03,29.6608837,-95.532177,0.318451268874744,2280.0,50821.0,0.3570175438596491,0.81,3094.0,0.271,837.9
48201454302,Census Tract 4543.02,29.714961,-95.6700498,1.0547812900963474,5877.0,73447.0,0.1167262208609835,1.46,1720.3,0.487,837.4
48201521202,Census Tract 5212.02,29.8068871,-95.5146086,0.5393777657149168,3481.0,66630.0,0.20781954887218046,1.11,2248.5,0.371,833.5
48201421103,Census Tract 4211.03,29.7182901,-95.4806352,0.12594961295015367,1533.0,41982.0,0.1908548707753479,1.37,1825.6,0.456,833.2
48201551000,Census Tract 5510,29.9697315,-95.4917709,0.42895911209414783,3693.0,52514.0,0.14053614947197401,0.59,4212.0,0.197,830.5
48201334003,Census Tract 3340.03,29.60549,-95.23047,1.0671933161886216,5903.0,70917.0,0.2932407250550568,0.9,2773.6,0.298,827.6
48201221701,Census Tract 2217.01,29.8769151,-95.3770709,1.1169703786786882,5311.0,67326.0,0.28789305215590283,0.69,3467.6,0.23,798.3
48201452300,Census Tract 4523,29.7109421,-95.5643445,0.7755962246483055,2216.0,71384.0,0.20216606498194944,2.6,918.1,0.868,797.0
48201520501,Census Tract 5205.01,29.8148906,-95.4713169,1.7841873413079106,4009.0,44181.0,0.32125905570821883,0.45,5296.9,0.15,794.6
48201233400,Census Tract 2334,29.7707291,-95.2464385,1.0067772087185374,2760.0,39280.0,0.25507246376811593,0.69,3464.0,0.229,794.0
48201553602,Census Tract 5536.02,30.0271814,-95.4861804,0.7176573486277511,2398.0,59081.0,0.12218515429524604,1.05,2251.7,0.35,789.0
48201432706,Census Tract 4327.06,29.7291733,-95.4937956,0.25953285167784035,2243.0,34085.0,0.507356219349086,0.7,3381.0,0.233,787.2
48201333201,Census Tract 3332.01,29.6693964,-95.2699523,0.4418495187609182,5266.0,60615.0,0.1910368401063426,0.48,4863.3,0.161,784.0
48201533802,Census Tract 5338.02,29.9279133,-95.4673459,2.1413542319312038,6909.0,71128.0,0.12650166449558548,0.85,2762.0,0.282,778.8
48201452701,Census Tract 4527.01,29.6963073,-95.618999,0.551487473817013,4022.0,73542.0,0.10069617105917454,2.01,1143.6,0.671,767.4
48201413204,Census Tract 4132.04,29.6983912,-95.4242624,0.08561274823767434,1061.0,61635.0,0.13854853911404336,2.59,887.4,0.864,766.4
48201432102,Census Tract 4321.02,29.7337526,-95.5079975,0.3976798179200908,4822.0,54754.0,0.14922561741314358,0.41,5541.6,0.137,760.2
48201422601,Census Tract 4226.01,29.6813035,-95.5030309,0.4053972278660384,3272.0,46015.0,0.24631173829377806,0.56,4077.9,0.186,758.5
48201552603,Census Tract 5526.03,29.9616788,-95.5566562,0.5579056499992967,5595.0,51952.0,0.36743515850144093,0.3,7650.8,0.099,755.1
48201321001,Census Tract 3210.01,29.6333476,-95.2286299,0.5036895709918916,2805.0,36717.0,0.4552584670231729,0.55,4082.0,0.184,751.2
48201220100,Census Tract 2201,29.8151628,-95.3434635,0.6799166348296479,1524.0,50417.0,0.15551181102362205,1.28,1761.0,0.426,749.4
48201311501,Census Tract 3115.01,29.7052377,-95.2868304,0.29620560690527653,2464.0,61212.0,0.14650974025974026,1.05,2123.0,0.351,745.6
48201422303,Census Tract 4223.03,29.6477685,-95.5057959,0.14793465596257122,3079.0,40471.0,0.44949658980188373,0.5,4463.0,0.166,741.9
48201541004,Census Tract 5410.04,29.9182594,-95.6410942,1.4271729610372614,5738.0,76413.0,0.069856793573175,2.53,880.8,0.842,741.6
48201413206,Census Tract 4132.06,29.6988296,-95.4192516,0.10159583319477093,2653.0,73281.0,0.09460987561251413,2.85,780.5,0.949,740.4
48201223100,Census Tract 2231,29.9252826,-95.3232196,1.8346447158014174,2160.0,66250.0,0.15808993973110802,1.61,1375.8,0.537,739.2
48201423303,Census Tract 4233.03,29.6601449,-95.51088,0.17487802289563406,1375.0,24213.0,0.22181818181818183,1.32,1680.0,0.44,738.9
48201550601,Census Tract 5506.01,29.9572629,-95.458552,0.7858769668251488,7107.0,70445.0,0.16898832137329395,0.7,3175.3,0.232,737.8
48201333905,Census Tract 3339.05,29.61918,-95.25803,1.1029772642469777,3448.0,68250.0,0.1031955438287892,1.24,1787.8,0.412,737.4
48201533500,Census Tract 5335,29.8927889,-95.4184936,1.0317696014442321,4225.0,54091.0,0.21136094674556213,0.43,5118.0,0.144,734.8
48201432804,Census Tract 4328.04,29.7183288,-95.5067597,0.7496374182196536,2011.0,62216.0,0.19492789656887122,1.29,1709.4,0.429,732.5
48201552004,Census Tract 5520.04,29.9095372,-95.5949663,0.6744729804956519,3265.0,54811.0,0.19734403953057442,0.56,3909.3,0.187,732.3
48201532102,Census Tract 5321.02,29.8469526,-95.4824502,0.27816730015799185,3308.0,37267.0,0.4507255139056832,0.45,4799.0,0.152,727.5
48201333600,Census Tract 3336,29.6594247,-95.2998703,1.4262088639472559,3219.0,70868.0,0.06502525252525253,1.74,1252.3,0.58,726.4
48201420200,Census Tract 4202,29.6679918,-95.443441,0.6382894167031524,2490.0,61389.0,0.25220883534136546,0.94,2321.2,0.313,725.8
48201522201,Census Tract 5222.01,29.805881,-95.5332965,0.6288117670161815,5184.0,73152.0,0.2665505226480836,1.21,1798.5,0.403,724.7
48201222701,Census Tract 2227.01,29.9349872,-95.3038018,0.41410769256388597,2706.0,19739.0,0.5133037694013304,0.53,4041.6,0.176,711.9
48201532302,Census Tract 5323.02,29.8551297,-95.4963843,1.4907628282509762,4414.0,63657.0,0.4109651110104214,0.52,4071.4,0.174,708.5
48201250101,Census Tract 2501.01,29.9610038,-95.2771512,3.135428293529888,3983.0,74023.0,0.09766507657544564,2.03,1045.3,0.677,707.9
48201531500,Census Tract 5315,29.8369083,-95.476414,0.7365775127052611,2639.0,64688.0,0.12054586808188021,1.17,1811.2,0.388,703.6
48201211101,Census Tract 2111.01,29.7870574,-95.3359408,0.4940659746889726,2954.0,41784.0,0.34475738038683407,0.52,3972.4,0.175,693.4
48201432003,Census Tract 4320.03,29.7347013,-95.4870018,0.1384751530770541,1763.0,38774.0,0.30005672149744755,0.9,2292.0,0.3,688.2
48201232203,Census Tract 2322.03,29.9245342,-95.2359858,3.8143715648177245,5823.0,73328.0,0.1573072299501975,1.14,1798.5,0.379,680.8
48201521201,Census Tract 5212.01,29.8070095,-95.5037111,0.18573637390173195,2057.0,59139.0,0.3884297520661157,0.86,2383.2,0.285,680.3
48201330500,Census Tract 3305,29.6237073,-95.4306139,1.0464800936866077,5466.0,71875.0,0.19923161361141603,0.95,2130.4,0.318,676.6
48201552303,Census Tract 5523.03,29.9597104,-95.5888936,0.4492800548030315,3250.0,63724.0,0.12586750788643533,0.82,2382.2,0.274,652.4
48201322701,Census Tract 3227.01,29.6950477,-95.1662502,0.3077597140011581,2882.0,71145.0,0.0652324774462179,1.79,1087.4,0.598,650.6
48201232100,Census Tract 2321,29.905324,-95.3062809,1.2399960399818206,3460.0,42262.0,0.26705202312138726,0.45,4384.0,0.148,650.4
48201451405,Census Tract 4514.05,29.7412332,-95.6211734,0.23854819935833607,2813.0,52619.0,0.13544258798435835,0.6,3194.0,0.201,642.8
48201231800,Census Tract 2318,29.8771046,-95.3064708,1.0842312322429928,3251.0,57136.0,0.24423254383266688,0.52,3699.4,0.173,639.5
48201210900,Census Tract 2109,29.8041585,-95.3312426,0.4867230838368598,1812.0,45599.0,0.3346281908990011,0.79,2418.3,0.262,633.3
48201222504,Census Tract 2225.04,29.9230752,-95.404839,0.11368430567814461,3340.0,36968.0,0.40718562874251496,0.4,4700.0,0.134,631.7
48201240803,Census Tract 2408.03,30.0309154,-95.4153199,0.7753668799661015,2325.0,49066.0,0.2674772036474164,0.64,2946.9,0.212,626.2
48201533702,Census Tract 5337.02,29.9187464,-95.4384415,0.37945425162588875,3261.0,54840.0,0.19349892670959828,0.48,3892.0,0.16,624.3
48201333904,Census Tract 3339.04,29.6155079,-95.2452878,0.8074091120055374,6275.0,73715.0,0.1450199203187251,1.03,1806.3,0.344,621.4
48201341102,Census Tract 3411.02,29.5467467,-95.1178207,0.793911366643301,2143.0,50529.0,0.13623046875,0.76,2434.9,0.255,620.6
48201220701,Census Tract 2207.01,29.8413115,-95.350702,0.79094069663509,3498.0,59821.0,0.2412507171543316,0.53,3504.6,0.177,620.1
48201240101,Census Tract 2401.01,29.9427937,-95.3917008,0.6342596684739221,2243.0,35540.0,0.4096223021582734,0.59,3161.8,0.195,618.0
48201240102,Census Tract 2401.02,29.9476296,-95.410321,0.7419072669024724,1689.0,42664.0,0.35168738898756663,0.81,2283.0,0.27,615.5
48201320601,Census Tract 3206.01,29.6840571,-95.2622172,0.5259506770477028,2104.0,36291.0,0.38640684410646386,0.63,2917.0,0.21,613.6
48201550307,Census Tract 5503.07,30.0037426,-95.4517305,1.051471622392892,2841.0,45972.0,0.2182330165434706,0.53,3461.0,0.177,613.4
48201550102,Census Tract 5501.02,29.9428126,-95.4298022,1.020947544041042,2295.0,45634.0,0.35947712418300654,0.59,3120.0,0.197,613.4
48201534204,Census Tract 5342.04,29.8848015,-95.53635,0.8768322106312681,4775.0,72234.0,0.14617801047120418,1.08,1700.1,0.36,612.9
48201454801,Census Tract 4548.01,29.7714165,-95.7420724,0.47793308209434215,4098.0,67500.0,0.06832601268911664,0.83,2189.0,0.277,607.0
48201521702,Census Tract 5217.02,29.8452404,-95.506807,0.5433210270606224,3159.0,34656.0,0.35327635327635326,0.42,4275.0,0.141,604.2
48201251200,Census Tract 2512,30.0576484,-95.222727,1.3368269864374012,6260.0,72500.0,0.06693290734824281,0.9,2003.7,0.3,600.8
48201550202,Census Tract 5502.02,29.9568578,-95.4315035,0.6635887606449282,2240.0,21576.0,0.4533271719038817,0.55,3255.5,0.184,599.8
48201240804,Census Tract 2408.04,30.0274141,-95.425315,0.3460239823263127,2993.0,41701.0,0.2579351820915469,0.47,3765.0,0.158,595.3
48201333301,Census Tract 3333.01,29.6321549,-95.2406195,0.5674605201179862,4541.0,30325.0,0.4769874476987448,0.27,6707.0,0.089,594.0
48201553300,Census Tract 5533,30.0265261,-95.4347362,0.5299931666481666,3916.0,43695.0,0.3544607190412783,0.33,5304.1,0.112,591.7
48201311900,Census Tract 3119,29.7169192,-95.3254424,0.8009530978117116,1629.0,60238.0,0.16881522406384286,1.17,1505.1,0.391,589.1
48201532101,Census Tract 5321.01,29.8440369,-95.4780006,0.45012754904114216,3746.0,66076.0,0.07882701103040086,0.78,2250.8,0.261,586.7
48201542108,Census Tract 5421.08,29.8723741,-95.6979537,0.7426555328858248,5180.0,67125.0,0.0771622934888241,0.61,2873.5,0.204,586.7
48201451700,Census Tract 4517,29.7324307,-95.6315171,0.6746818617634504,4976.0,60417.0,0.18086816720257234,0.38,4602.8,0.126,580.4
48201221602,Census Tract 2216.02,29.8789796,-95.3999888,1.7698780092083126,5586.0,69063.0,0.1686358754027927,0.61,2855.9,0.203,579.3
48201423401,Census Tract 4234.01,29.650004,-95.5171626,0.8736982194099725,4767.0,69792.0,0.12223393045310854,0.79,2184.4,0.262,571.6
48201452602,Census Tract 4526.02,29.7081626,-95.6241896,0.7243423214016222,2929.0,71591.0,0.14510071696824856,1.52,1128.2,0.506,571.4
48201310300,Census Tract 3103,29.7364559,-95.3359747,0.868390473035801,4058.0,32368.0,0.1773623041940374,0.36,4777.7,0.119,568.4
48201230400,Census Tract 2304,29.8305873,-95.325201,1.1088908049079809,4227.0,59952.0,0.20383867832847424,0.42,4080.7,0.139,568.4
48201240802,Census Tract 2408.02,30.0252659,-95.3655183,5.091422987266147,8990.0,75776.0,0.2998652291105121,0.86,1974.4,0.285,563.0
48201534001,Census Tract 5340.01,29.9067243,-95.484272,1.4999879671262275,3341.0,68889.0,0.0796168811733014,1.05,1603.1,0.349,559.5
48201551501,Census Tract 5515.01,29.9467821,-95.5565346,1.4918361922518633,4311.0,70223.0,0.20359981299672744,0.82,2029.2,0.274,556.8
48201453001,Census Tract 4530.01,29.6960983,-95.5730556,0.2642919468846519,3174.0,75855.0,0.16288594833018274,2.69,612.0,0.896,548.6
48201541802,Census Tract 5418.02,29.791582,-95.7001888,1.3580456166650126,4140.0,61139.0,0.13840579710144926,0.46,3555.7,0.154,547.8
48201520301,Census Tract 5203.01,29.7986856,-95.4719357,0.25994598098753435,2443.0,67930.0,0.2271796970937372,1.13,1447.4,0.378,547.2
48201423204,Census Tract 4232.04,29.6690656,-95.5320244,0.24344551913792378,4070.0,28481.0,0.47002457002457004,0.27,5983.0,0.091,545.8
48201452001,Census Tract 4520.01,29.7323603,-95.6130668,0.41774323048919326,6370.0,72528.0,0.16246409192467284,0.74,2213.2,0.245,542.7
48201220900,Census Tract 2209,29.8488405,-95.3376376,0.5781281366577393,1790.0,23083.0,0.3843575418994413,0.66,2478.0,0.219,542.5
48201410102,Census Tract 4101.02,29.7585545,-95.3791929,0.29840716141357115,3956.0,73029.0,0.21132457027300303,1.22,1336.2,0.406,542.5
48201421601,Census Tract 4216.01,29.7009353,-95.4900265,0.23622656707871914,3258.0,37008.0,0.3004910988336403,0.38,4237.0,0.126,535.4
48201530800,Census Tract 5308,29.8534493,-95.4202266,1.7760803542839432,3919.0,45510.0,0.18123227635988656,0.35,4629.2,0.116,534.9
48201530101,Census Tract 5301.01,29.8150191,-95.4510017,0.33951468603460117,3296.0,43353.0,0.23149271844660194,0.39,4059.0,0.131,532.7
48201232801,Census Tract 2328.01,29.7877479,-95.1988151,0.3565236444270781,2807.0,69635.0,0.10224438902743142,1.24,1282.8,0.414,530.8
48201333903,Census Tract 3339.03,29.6203684,-95.2345098,0.7304396466901155,3720.0,63494.0,0.198110661268556,0.54,2942.7,0.18,529.6
48201451501,Census Tract 4515.01,29.7601723,-95.6223627,0.294814094725709,2984.0,73154.0,0.039744021556079485,1.87,849.6,0.623,529.0
48201220300,Census Tract 2203,29.8242369,-95.3656588,0.7684741842309075,3773.0,49536.0,0.29340047707394645,0.32,4880.0,0.108,527.0
48201321600,Census Tract 3216,29.6772103,-95.2196252,1.114307045988717,6937.0,77050.0,0.15589847130083645,1.67,946.2,0.555,525.2
48201253900,Census Tract 2539,29.7509319,-94.9347126,1.698027100209352,4042.0,77132.0,0.13187360039810897,6.05,524.8,1.0,524.8
48201222601,Census Tract 2226.01,29.9350797,-95.3903481,0.5250777000671251,2269.0,31607.0,0.5711767298369326,0.44,3565.0,0.146,522.0
48201223002,Census Tract 2230.02,29.906774,-95.327696,0.285970424783147,2739.0,44201.0,0.08105147864184009,0.53,2961.0,0.175,518.8
48201310600,Census Tract 3106,29.732539,-95.3248198,0.6856483213739542,4598.0,51837.0,0.1341490058990605,0.3,5214.8,0.099,518.6
48201323602,Census Tract 3236.02,29.6400294,-95.1867524,0.8518761115084811,4299.0,76691.0,0.02605257036520121,2.66,583.8,0.885,516.8
48201451407,Census Tract 4514.07,29.7392062,-95.6163513,0.10280549125764134,1785.0,29990.0,0.2823529411764706,0.68,2289.0,0.225,515.4
48201240703,Census Tract 2407.03,30.0007605,-95.4126939,0.841527801453884,6277.0,69746.0,0.16122351441771546,0.52,2989.7,0.172,514.1
48201323200,Census Tract 3232,29.6869069,-95.1829177,0.8133006448435008,6023.0,71745.0,0.1861198738170347,0.65,2358.9,0.216,509.7
48201532301,Census Tract 5323.01,29.8592269,-95.5133509,0.9048890961897119,4612.0,58154.0,0.21986123156981788,0.31,4916.2,0.103,508.7
48201333000,Census Tract 3330,29.6815728,-95.2849014,0.5767779374091413,3528.0,67813.0,0.20238095238095238,0.74,2067.9,0.246,508.3
48201455300,Census Tract 4553,29.7768327,-95.7902337,2.050472733637376,13436.0,74869.0,0.0670681219420399,0.51,2942.6,0.171,502.9
48201221301,Census Tract 2213.01,29.8524559,-95.3782561,0.7211739670882119,4052.0,69180.0,0.2250740375123396,0.7,2148.4,0.232,498.9
48201451904,Census Tract 4519.04,29.7238504,-95.6121198,0.5765180906564085,3601.0,56369.0,0.08719800055540128,0.4,3700.6,0.134,497.7
48201341700,Census Tract 3417,29.6231039,-95.0117714,1.017444439156132,3016.0,58967.0,0.09582228116710875,0.54,2780.6,0.178,496.0
48201550403,Census Tract 5504.03,29.9701897,-95.4337473,0.6321434425426764,2928.0,13491.0,0.6635928961748634,0.44,3285.7,0.147,483.6
48201330102,Census Tract 3301.02,29.6347678,-95.4165137,0.5481612037207384,2022.0,40818.0,0.3758654797230465,0.52,2782.0,0.173,482.0
48201534003,Census Tract 5340.03,29.930164,-95.5124368,0.5115884489523777,2307.0,69661.0,0.2092616863259065,1.25,1153.7,0.416,479.7
48201331501,Census Tract 3315.01,29.6342018,-95.3597071,0.8588444832667591,4551.0,75553.0,0.14348494836299713,1.55,925.7,0.517,479.0
48201241502,Census Tract 2415.02,29.9466521,-95.2983969,0.532444143150912,2390.0,30217.0,0.3652719665271967,0.44,3263.0,0.146,476.2
48201333205,Census Tract 3332.05,29.6630381,-95.2749989,0.052169351464706144,1384.0,35451.0,0.3417630057803468,0.76,1857.0,0.254,471.4
48201223001,Census Tract 2230.01,29.9123301,-95.3191197,1.1984194012381006,4050.0,69821.0,0.22419753086419753,0.7,2018.7,0.232,468.1
48201552301,Census Tract 5523.01,29.9561596,-95.6185558,1.6503218619022928,4900.0,77016.0,0.11909184726522187,2.12,654.5,0.708,463.1
48201451605,Census Tract 4516.05,29.7474047,-95.6270511,0.33970464829662866,3203.0,70714.0,0.18662864385297845,0.98,1411.8,0.328,462.7
48201221601,Census Tract 2216.01,29.892647,-95.405513,0.4541997685078176,3264.0,69133.0,0.40808823529411764,0.69,1997.8,0.231,462.3
48201240904,Census Tract 2409.04,30.016377,-95.2808909,3.4214068264583655,9142.0,76500.0,0.0925399256180267,0.98,1398.3,0.325,454.5
48201311300,Census Tract 3113,29.7097312,-95.2945706,0.5696149701629325,4120.0,67316.0,0.08592233009708738,0.59,2269.9,0.197,448.1
48201221302,Census Tract 2213.02,29.8523203,-95.3662381,0.6039066333783285,3464.0,52739.0,0.109107303877367,0.34,3841.9,0.113,433.9
48201341001,Census Tract 3410.01,29.5520045,-95.1364907,0.4790272956117934,3973.0,62356.0,0.11200604077523282,0.42,3118.0,0.139,433.4
48201550603,Census Tract 5506.03,29.9576622,-95.4700684,0.6730119699275376,5031.0,69919.0,0.16083499005964214,0.55,2355.0,0.183,431.9
48201540504,Census Tract 5405.04,29.8464571,-95.6430845,0.42770119126145334,3408.0,55045.0,0.3130868544600939,0.29,4466.9,0.096,430.6
48201252304,Census Tract 2523.04,29.7981484,-95.1584829,0.5873494145114049,4171.0,68632.0,0.08654998801246704,0.62,2060.8,0.207,427.4
48201541703,Census Tract 5417.03,29.8023949,-95.6658103,4.083892879338354,3705.0,76677.0,0.12361673414304994,2.28,553.3,0.761,421.0
48201532003,Census Tract 5320.03,29.8597534,-95.4724104,0.3902786256420305,4018.0,32738.0,0.5214036834245893,0.21,6113.0,0.069,419.7
48201222602,Census Tract 2226.02,29.9364914,-95.4060248,0.48108444791277444,2320.0,31483.0,0.49181034482758623,0.36,3461.0,0.121,419.0
48201210800,Census Tract 2108,29.7943827,-95.3450894,1.4155497416549916,2250.0,40561.0,0.30666666666666664,0.42,2940.0,0.142,416.1
48201334001,Census Tract 3340.01,29.61554,-95.2262483,0.5163266946426253,2880.0,48286.0,0.1503994442514762,0.38,3313.2,0.125,414.7
48201431803,Census Tract 4318.03,29.745855,-95.4654037,0.13126469526533852,2339.0,74530.0,0.06412997007268063,2.28,544.6,0.761,414.4
48201453401,Census Tract 4534.01,29.6544782,-95.5763225,0.3719766111204271,3639.0,74928.0,0.2283507997793712,1.37,906.9,0.456,413.1
48201550201,Census Tract 5502.01,29.9617736,-95.4231577,0.303980932175013,1946.0,35625.0,0.3931140801644399,0.45,2711.0,0.151,409.1
48201341002,Census Tract 3410.02,29.5503439,-95.1445157,0.6890243986486873,3548.0,71106.0,0.11302142051860203,0.87,1404.9,0.29,406.9
48201521800,Census Tract 5218,29.8502427,-95.5547902,2.722804005459315,4557.0,77584.0,0.06616838865684765,2.58,469.5,0.86,403.6
48201221502,Census Tract 2215.02,29.8672178,-95.4021729,0.20138702490028035,2953.0,35636.0,0.30037250253979003,0.31,3840.0,0.105,402.5
48201220200,Census Tract 2202,29.8165562,-95.3649369,0.5751018679386911,2405.0,66167.0,0.2831600831600832,0.7,1707.5,0.235,400.6
48201421602,Census Tract 4216.02,29.7021226,-95.4804176,0.32628489557042795,2868.0,42692.0,0.3284518828451883,0.32,3810.0,0.105,400.5
48201552002,Census Tract 5520.02,29.9132313,-95.6088331,0.6448203347157451,1473.0,67250.0,0.16089613034623218,1.38,872.1,0.459,399.9
48201534201,Census Tract 5342.01,29.9122332,-95.5480223,1.283196624404581,3371.0,69457.0,0.04520464263897373,0.8,1485.9,0.267,397.4
48201230300,Census Tract 2303,29.8347332,-95.3127198,0.673530891228686,2155.0,50521.0,0.23707498835584537,0.44,2665.9,0.146,390.5
48201554001,Census Tract 5540.01,30.0099126,-95.5258284,1.2924375934683345,3566.0,76563.0,0.07795849691531127,2.21,528.5,0.738,390.0
48201530501,Census Tract 5305.01,29.8391541,-95.3923596,0.40265590254003136,1636.0,39425.0,0.28203517587939697,0.55,2097.4,0.184,385.9
48201530502,Census Tract 5305.02,29.8357583,-95.3975741,0.507949436107643,2491.0,62922.0,0.19662243667068757,0.56,2036.2,0.188,383.5
48201530600,Census Tract 5306,29.8313304,-95.405205,1.1936425453319939,3626.0,71029.0,0.29084783829309374,0.67,1679.6,0.224,376.8
48201522401,Census Tract 5224.01,29.7985786,-95.5493255,1.054744610391281,6023.0,78125.0,0.1309978416071725,2.2,510.9,0.734,375.0
48201340701,Census Tract 3407.01,29.5584075,-95.1305252,0.7351914059559138,3918.0,69716.0,0.15135273098519653,0.6,1855.6,0.201,372.7
48201550306,Census Tract 5503.06,29.9910043,-95.4400653,0.8288458899527535,5063.0,70560.0,0.18250049377839225,0.48,2260.7,0.16,361.0
48201521501,Census Tract 5215.01,29.8250079,-95.5228108,0.19147192146762404,2853.0,52917.0,0.35808639771510176,0.27,3874.6,0.091,351.8
48201431404,Census Tract 4314.04,29.7436083,-95.481055,0.1483999090636752,2044.0,71191.0,0.07632093933463796,1.34,775.2,0.448,347.2
48201411700,Census Tract 4117,29.7254882,-95.4543517,0.46747473292454617,3516.0,77193.0,0.028725824800910123,2.56,406.1,0.854,346.9
48201232600,Census Tract 2326,29.7831801,-95.2494321,2.3627297655818196,2568.0,70764.0,0.10007788161993769,0.99,1043.7,0.329,343.4
48201550304,Census Tract 5503.04,30.0142088,-95.4362249,0.6382967526441656,1611.0,26174.0,0.32464307883302296,0.48,2134.0,0.16,341.7
48201240504,Census Tract 2405.04,29.947808,-95.3935704,0.1644710253129309,2888.0,36176.0,0.24480609418282548,0.28,3595.0,0.094,338.5
48201220500,Census Tract 2205,29.8362058,-95.3814642,0.9280953803297576,3429.0,24835.0,0.2586769504598042,0.23,4316.0,0.077,334.4
48201550800,Census Tract 5508,29.9505902,-95.4759391,0.7684792035589693,3591.0,70326.0,0.06633835457705678,0.63,1481.8,0.211,312.9
48201431203,Census Tract 4312.03,29.74153,-95.5088059,0.17872591700816728,1958.0,42768.0,0.29111338100102147,0.37,2528.0,0.124,312.5
48201541302,Census Tract 5413.02,29.8723558,-95.6761391,0.8238725080479231,7451.0,76314.0,0.06213931015971011,0.8,1166.8,0.267,311.3
48201431304,Census Tract 4313.04,29.7460547,-95.4980367,0.17182125210605698,3114.0,67188.0,0.08028259473346179,0.53,1724.0,0.177,305.2
48201233002,Census Tract 2330.02,29.8017233,-95.1701831,0.6664694688501871,3994.0,71736.0,0.14797195793690535,0.6,1515.6,0.201,304.4
48201240905,Census Tract 2409.05,30.0117128,-95.3173786,0.8029523347889037,5370.0,74907.0,0.1340782122905028,0.73,1240.7,0.244,302.5
48201222501,Census Tract 2225.01,29.9283143,-95.4058397,0.3511467857665185,3447.0,54353.0,0.22135190020307513,0.21,4210.0,0.071,298.4
48201432703,Census Tract 4327.03,29.7288262,-95.472348,0.1821324963534292,2048.0,75223.0,0.22998046875,1.85,481.3,0.616,296.6
48201211400,Census Tract 2114,29.7658557,-95.3281845,1.3927237681411595,4291.0,77773.0,0.19948729899790257,1.93,458.5,0.642,294.5
48201541801,Census Tract 5418.01,29.7956969,-95.7120202,0.5519395994447249,3980.0,71294.0,0.19522613065326633,0.53,1656.6,0.176,292.3
48201541402,Census Tract 5414.02,29.8537562,-95.6574109,0.38499790641896037,2374.0,70298.0,0.04802021903959562,0.91,965.5,0.302,292.1
48201550901,Census Tract 5509.01,29.9539193,-95.4888644,0.6414373076021573,5599.0,76438.0,0.24229868492163575,0.88,991.0,0.294,291.8
48201221100,Census Tract 2211,29.8598711,-95.3562325,1.1824181694795504,3233.0,73110.0,0.11197030621713579,0.88,990.8,0.294,290.9
48201530400,Census Tract 5304,29.8261231,-95.3879776,0.6144236700762307,3549.0,63106.0,0.10171879402648633,0.33,2642.2,0.109,287.9
48201211000,Census Tract 2110,29.7970912,-95.3321489,0.43230468729835214,1674.0,26563.0,0.2723404255319149,0.4,2129.9,0.132,281.7
48201552701,Census Tract 5527.01,29.97031,-95.5480677,0.8079697323398137,3266.0,65875.0,0.12737041719342604,0.41,2080.3,0.135,281.0
48201233003,Census Tract 2330.03,29.793671,-95.1707528,0.39363848662610273,2790.0,68393.0,0.1010752688172043,0.58,1426.3,0.195,277.9
48201333100,Census Tract 3331,29.6755978,-95.2785846,0.467628401583666,3567.0,36715.0,0.3011873732985809,0.18,4641.3,0.06,276.4
48201511003,Census Tract 5110.03,29.7954445,-95.4339739,0.4115748624035189,1889.0,73507.0,0.08205399682371625,1.55,530.9,0.516,273.8
48201541005,Census Tract 5410.05,29.9115067,-95.631272,0.6320372644490635,4587.0,78116.0,0.0329191192500545,2.24,357.1,0.746,266.3
48201432006,Census Tract 4320.06,29.7345738,-95.49828,0.13498440346121898,2264.0,35219.0,0.37985865724381623,0.25,3124.0,0.084,262.2
48201340501,Census Tract 3405.01,29.5694074,-95.1206873,0.7869908715526883,3754.0,77065.0,0.15514469453376206,1.47,509.1,0.491,250.2
48201312300,Census Tract 3123,29.7377278,-95.3603674,0.5448140841078997,2733.0,74789.0,0.25749167591564925,1.03,716.4,0.342,245.2
48201520603,Census Tract 5206.03,29.806804,-95.4870314,0.1364840242451924,2037.0,32691.0,0.31795131845841784,0.27,2684.7,0.091,244.1
48201334002,Census Tract 3340.02,29.6084085,-95.2143178,0.512422043512779,2420.0,67938.0,0.05909090909090909,0.56,1236.6,0.186,230.1
48201250500,Census Tract 2505,29.9931177,-95.1961736,1.7612019076025798,5469.0,70617.0,0.09288718230023771,0.31,2243.3,0.102,228.1
48201531300,Census Tract 5313,29.8230775,-95.4639365,0.5948791788082765,5109.0,70092.0,0.1941747572815534,0.28,2418.0,0.094,226.5
48201311200,Census Tract 3112,29.7193035,-95.2990327,1.1351658290045201,4523.0,62096.0,0.0855626796374088,0.19,3516.3,0.064,226.5
48201321700,Census Tract 3217,29.6779849,-95.2355748,0.7450953124259709,3202.0,77482.0,0.12589815682599187,1.86,363.1,0.619,224.7
48201530701,Census Tract 5307.01,29.8630702,-95.4088157,0.37967046883470057,1421.0,20516.0,0.5607814761215629,0.29,2217.9,0.097,215.9
48201550308,Census Tract 5503.08,29.9894493,-95.428432,0.5454963266221327,2993.0,36393.0,0.45506181089208153,0.15,4355.0,0.049,215.6
48201553201,Census Tract 5532.01,30.0239023,-95.4508945,0.8880314898434032,2545.0,74046.0,0.2110839445802771,0.88,734.1,0.293,214.7
48201532800,Census Tract 5328,29.8727523,-95.4714706,0.5126965621475382,2314.0,71494.0,0.15946413137424373,0.7,912.9,0.233,212.6
48201422702,Census Tract 4227.02,29.698989,-95.5093677,0.49656791667665223,3445.0,74914.0,0.206966618287373,0.74,845.9,0.245,207.5
48201240503,Census Tract 2405.03,29.9497216,-95.3889544,0.08345791209056941,2731.0,37138.0,0.3519072550486163,0.16,3692.1,0.055,202.0
48201451800,Census Tract 4518,29.7202612,-95.6312529,1.8285566569647302,5758.0,77727.0,0.1613407433136506,0.97,608.0,0.322,195.9
48201543009,Census Tract 5430.09,29.8876004,-95.7004083,0.4032385306973475,5268.0,75724.0,0.25394352482960075,0.52,1129.9,0.173,195.6
48201550602,Census Tract 5506.02,29.944128,-95.4594405,0.43346839920435004,2665.0,69375.0,0.1474671669793621,0.45,1299.7,0.15,195.3
48201550101,Census Tract 5501.01,29.9516654,-95.4240204,0.3270679107480536,2430.0,26842.0,0.5521702838063439,0.15,3771.8,0.051,191.3
48201341101,Census Tract 3411.01,29.5387449,-95.1297098,0.9952466538543299,1956.0,72564.0,0.20353477765108324,0.76,700.2,0.252,176.7
48201431206,Census Tract 4312.06,29.740882,-95.5147681,0.17445485492981666,1895.0,71875.0,0.15614236509758897,0.71,712.0,0.237,168.7
48201240505,Census Tract 2405.05,29.9520504,-95.3944208,0.13246083975265818,1556.0,26810.0,0.4330175913396482,0.21,2229.8,0.07,155.6
48201431303,Census Tract 4313.03,29.7405491,-95.4988604,0.10708813640074974,1615.0,55164.0,0.12198142414860681,0.26,1800.1,0.085,153.2
48201431801,Census Tract 4318.01,29.7444607,-95.4722754,0.4753400199972347,3660.0,78551.0,0.13633879781420766,1.86,241.1,0.62,149.5
48201341501,Census Tract 3415.01,29.5774193,-95.0406862,1.4447332733122085,6275.0,79452.0,0.07298804780876494,3.69,147.6,1.0,147.6
48201533903,Census Tract 5339.03,29.9218656,-95.4861431,0.6454114571205503,4135.0,73625.0,0.07980652962515115,0.39,1138.6,0.129,147.0
48201555101,Census Tract 5551.01,30.0773622,-95.4823316,1.3467922831506745,5214.0,79000.0,0.05243878928089454,1.98,219.5,0.66,144.9
48201550305,Census Tract 5503.05,30.0049004,-95.4360327,0.9216011420222312,3275.0,75732.0,0.07354758961681088,0.69,600.2,0.23,138.3
48201422602,Census Tract 4226.02,29.6870675,-95.4977289,0.46943111256213454,2359.0,73162.0,0.10512929207291224,0.58,713.1,0.193,137.9
48201532700,Census Tract 5327,29.8763913,-95.4806833,1.0161316918169172,5389.0,77628.0,0.11337910558545185,0.72,569.3,0.239,136.2
48201312603,Census Tract 3126.03,29.7267813,-95.378449,0.39350914240297424,4160.0,78186.0,0.34326923076923077,0.99,405.5,0.329,133.5
48201410706,Census Tract 4107.06,29.7361984,-95.3850116,0.16668030186439736,1835.0,72305.0,0.2140120415982485,0.58,685.7,0.194,133.0
48201251702,Census Tract 2517.02,30.0230688,-95.07657,23.67728784669981,3949.0,79271.0,0.13421119270701443,4.73,130.6,1.0,130.6
48201551901,Census Tract 5519.01,29.9034698,-95.5860688,0.14568174986718377,2362.0,73713.0,0.018628281117696866,0.57,605.1,0.19,115.1
48201334101,Census Tract 3341.01,29.6577988,-95.4044367,6.000882760809277,9558.0,79638.0,0.11372672107135384,2.2,154.1,0.735,113.3
48201241105,Census Tract 2411.05,30.0439159,-95.3652759,0.7229399983616142,5514.0,78936.0,0.13638012332245195,1.05,266.7,0.349,93.1
48201410704,Census Tract 4107.04,29.7422384,-95.38543,0.19472174333649742,2087.0,74537.0,0.13128893148059415,0.51,515.9,0.17,87.6
48201341302,Census Tract 3413.02,29.5531557,-95.1074083,0.7616668170727626,3368.0,78671.0,0.050475059382422804,1.38,188.1,0.461,86.7
48201450801,Census Tract 4508.01,29.7601833,-95.5687222,0.34876260493720956,2244.0,79193.0,0.13725490196078433,3.39,82.4,1.0,82.4
48201430101,Census Tract 4301.01,29.7802489,-95.4638738,0.5758397091637614,2796.0,79038.0,0.06256860592755215,2.13,114.3,0.711,81.3
48201250306,Census Tract 2503.06,29.9674869,-95.2094271,0.8302763984503388,3936.0,78750.0,0.12754065040650406,1.08,221.9,0.361,80.1
48201350101,Census Tract 3501.01,29.5696931,-95.2079581,2.095065216341862,4367.0,79605.0,0.23465788854925934,2.63,85.2,0.875,74.5
48201241201,Census Tract 2412.01,30.041975,-95.3917049,0.6619605678421435,3062.0,76841.0,0.0643370346178968,0.54,411.8,0.18,74.2
48201330101,Census Tract 3301.01,29.6347394,-95.425876,0.4448858261360899,5251.0,79040.0,0.170443725004761,0.82,236.0,0.272,64.2
48201530102,Census Tract 5301.02,29.8109166,-95.454293,0.6633524661238697,2971.0,65192.0,0.3268259845169976,0.08,2334.9,0.027,63.4
48201520302,Census Tract 5203.02,29.7987278,-95.4802566,0.3115458317683165,2591.0,78026.0,0.23697414125820146,0.68,253.1,0.225,57.0
48201210400,Census Tract 2104,29.7864417,-95.3621992,0.6995993506703783,3628.0,54004.0,0.2364939360529217,0.04,4486.0,0.012,54.1
48201240705,Census Tract 2407.05,30.0147192,-95.4097904,1.1788803154003669,5463.0,79178.0,0.1411312465678199,0.77,205.0,0.257,52.6
48201521502,Census Tract 5215.02,29.8277109,-95.515963,0.5937818764735565,2899.0,78409.0,0.16833390824422215,0.64,215.5,0.212,45.7
48201541404,Census Tract 5414.04,29.8636612,-95.6577721,0.48122769181361225,3421.0,79421.0,0.0719087985969015,1.43,84.9,0.477,40.5
48201222505,Census Tract 2225.05,29.9200897,-95.4039884,0.5439407210251633,3304.0,75994.0,0.11371951219512196,0.2,589.6,0.068,39.8
48201552102,Census Tract 5521.02,29.937928,-95.6133499,1.2222917116017187,5959.0,79773.0,0.12770599093807686,1.89,61.0,0.631,38.5
48201241101,Census Tract 2411.01,30.0624648,-95.3891185,0.7902484154647336,4538.0,79777.0,0.16978193146417445,1.39,47.4,0.463,21.9
48201431204,Census Tract 4312.04,29.745188,-95.5037723,0.3355706524845784,3195.0,78818.0,0.03317683881064163,0.38,156.1,0.128,19.9
48201554202,Census Tract 5542.02,30.0038177,-95.5747391,1.6084290054906856,3219.0,79896.0,0.06892190957951312,1.01,14.3,0.335,4.8
48201250102,Census Tract 2501.02,29.9709695,-95.2472297,2.3314164944178066,5534.0,79890.0,0.042349475234763394,0.54,25.4,0.179,4.5
48201342001,Census Tract 3420.01,29.6410729,-95.1289991,1.9510456362674191,6399.0,147576.0,0.09126426004063135,4.79,0.0,1.0,0.0
48201554905,Census Tract 5549.05,30.0608261,-95.5233122,3.78567568018681,8210.0,129497.0,0.09342265529841656,1.28,0.0,0.425,0.0
48201554804,Census Tract 5548.04,30.0541221,-95.5555414,3.244996364095278,4671.0,137115.0,0.014712245781047165,2.91,0.0,0.97,0.0
48201350102,Census Tract 3501.02,29.5645758,-95.2314615,1.7508474199134452,5213.0,120419.0,0.04316132745060426,2.73,0.0,0.909,0.0
48201555002,Census Tract 5550.02,30.0633677,-95.4875321,1.3896805109271333,4839.0,93409.0,0.1483777640008266,1.46,0.0,0.486,0.0
48201554906,Census Tract 5549.06,30.0534364,-95.5012016,0.7564420826626884,4743.0,92700.0,0.07179161372299873,1.09,0.0,0.363,0.0
48201553803,Census Tract 5538.03,30.0373066,-95.5193169,1.031282726622247,4828.0,118500.0,0.03003314001657001,1.88,0.0,0.628,0.0
48201241302,Census Tract 2413.02,30.0538133,-95.4189823,3.6779829078057045,8982.0,96767.0,0.018704074816299265,1.16,0.0,0.388,0.0
48201555704,Census Tract 5557.04,30.0127186,-95.7668733,3.0548638310158114,8211.0,165000.0,0.0023139690658872244,6.24,0.0,1.0,0.0
48201554404,Census Tract 5544.04,29.9748177,-95.6401025,2.30164299866226,4776.0,189167.0,0.005455308434746118,1.84,0.0,0.615,0.0
48201555505,Census Tract 5555.05,30.0173017,-95.6174434,2.889045695271551,11508.0,132500.0,0.1070559610705596,1.72,0.0,0.572,0.0
48201250305,Census Tract 2503.05,29.9758067,-95.2100988,0.9153636616501688,5769.0,89746.0,0.10677760443751083,0.63,0.0,0.211,0.0
48201250901,Census Tract 2509.01,30.042393,-95.1682727,1.3188226566800727,4067.0,93466.0,0.09540201622817802,2.91,0.0,0.97,0.0
48201240903,Census Tract 2409.03,30.0232938,-95.2961955,1.2346782549515256,6344.0,91250.0,0.13546641197070997,1.44,0.0,0.481,0.0
48201241104,Census Tract 2411.04,30.0555703,-95.3649226,1.8228442755283538,11688.0,90348.0,0.18487394957983194,1.37,0.0,0.457,0.0
48201241001,Census Tract 2410.01,30.0360198,-95.345555,1.3536093028627842,3587.0,82663.0,0.0959018678561472,2.21,0.0,0.737,0.0
48201350804,Census Tract 3508.04,29.513441,-95.1479447,4.103920770508865,6520.0,154221.0,0.05076687116564417,2.73,0.0,0.909,0.0
48201554808,Census Tract 5548.08,30.0377128,-95.5752702,0.7836201997081755,3205.0,147338.0,0.10764430577223089,2.14,0.0,0.713,0.0
48201551705,Census Tract 5517.05,29.9177092,-95.5771799,0.9206188981307718,4738.0,117615.0,0.07070493879273955,0.67,0.0,0.222,0.0
48201552304,Census Tract 5523.04,29.9623205,-95.5986953,0.951406298154782,2079.0,91350.0,0.02837902837902838,1.29,0.0,0.429,0.0
48201252001,Census Tract 2520.01,29.9402499,-95.1858641,2.856588403411628,7718.0,84720.0,0.060637470847369784,1.47,0.0,0.49,0.0
48201554908,Census Tract 5549.08,30.0881667,-95.5462932,2.143899031258487,7681.0,118409.0,0.05637286811613071,1.49,0.0,0.496,0.0
48201250405,Census Tract 2504.05,29.9888134,-95.1692983,0.9928640174336554,9951.0,114458.0,0.09556828459451311,0.59,0.0,0.198,0.0
48201250303,Census Tract 2503.03,29.9414055,-95.2429539,0.8054133499477726,3416.0,82586.0,0.12939110070257612,0.47,0.0,0.155,0.0
48201541207,Census Tract 5412.07,29.8996013,-95.6762678,0.8748125102396705,4262.0,170938.0,0.004953998584571833,2.06,0.0,0.687,0.0
48201551101,Census Tract 5511.01,29.9871263,-95.4877052,0.7060642452138516,3765.0,,0.2978149446992177,0.51,0.0,0.169,0.0
48201420600,Census Tract 4206,29.6611026,-95.47013,0.4653361130681021,2358.0,92219.0,0.07845631891433417,1.19,0.0,0.397,0.0
48201420700,Census Tract 4207,29.6720209,-95.4694801,0.8787557715853762,2872.0,199875.0,0.012186629526462395,0.75,0.0,0.249,0.0
48201420900,Census Tract 4209,29.6971725,-95.4701609,1.3418355036386636,6130.0,246500.0,0.01553302812295618,0.83,0.0,0.276,0.0
48201555401,Census Tract 5554.01,30.1064451,-95.606199,5.189889848567684,3953.0,153981.0,0.08727272727272728,2.29,0.0,0.762,0.0
48201551703,Census Tract 5517.03,29.9160164,-95.5626131,1.1935861744168395,8108.0,81757.0,0.039590527873704984,1.13,0.0,0.377,0.0
48201540901,Census Tract 5409.01,29.8897165,-95.6244438,0.6075950672993631,3102.0,96316.0,0.11057382333978079,1.44,0.0,0.479,0.0
48201253300,Census Tract 2533,29.7636949,-95.0522898,2.9886465386128744,3682.0,98977.0,0.06110809342748506,3.46,0.0,1.0,0.0
48201252100,Census Tract 2521,29.8857019,-95.1359238,8.958183981778975,3992.0,93000.0,0.16439737771053958,5.15,0.0,1.0,0.0
48201450500,Census Tract 4505,29.778364,-95.6347799,1.111009347452178,3412.0,144891.0,0.038686987104337635,3.17,0.0,1.0,0.0
48201450100,Census Tract 4501,29.7772428,-95.5669287,0.319446254137437,1874.0,151111.0,0.016008537886873,4.0,0.0,1.0,0.0
48201450200,Census Tract 4502,29.7792596,-95.5795765,1.0448325957758935,5965.0,150709.0,0.07292539815590947,4.19,0.0,1.0,0.0
48201340600,Census Tract 3406,29.5758631,-95.1312524,0.6275673597590377,2463.0,124435.0,0.021112464474218433,1.81,0.0,0.603,0.0
48201340800,Census Tract 3408,29.5814929,-95.1438192,1.1141333000173503,6143.0,142072.0,0.051277877258668406,2.35,0.0,0.782,0.0
48201433300,Census Tract 4333,29.6984381,-95.5296222,0.9351726328967588,4680.0,86925.0,0.07243589743589744,1.51,0.0,0.503,0.0
48201554103,Census Tract 5541.03,30.0117271,-95.5542214,1.041230262636225,5154.0,105958.0,0.03647652308886302,2.16,0.0,0.719,0.0
48201554104,Census Tract 5541.04,30.0222443,-95.5601615,0.6978136281868877,4064.0,126094.0,0.1717547778605113,2.0,0.0,0.666,0.0
48201555102,Census Tract 5551.02,30.0768899,-95.4532284,1.5663237928918523,6083.0,89318.0,0.03550879500246589,1.49,0.0,0.498,0.0
48201520604,Census Tract 5206.04,29.806917,-95.4950326,0.3836870895905387,3447.0,81483.0,0.20481578183928054,0.38,0.0,0.125,0.0
48201250304,Census Tract 2503.04,29.9546046,-95.2302997,3.608527376598652,11105.0,97133.0,0.05133396855645545,1.02,0.0,0.338,0.0
48201241301,Census Tract 2413.01,30.0849086,-95.4249316,2.94132392754498,5161.0,118261.0,0.15791513272621585,1.28,0.0,0.428,0.0
48201520200,Census Tract 5202,29.789358,-95.476561,0.7267797843288168,3189.0,151607.0,0.038883662590153655,1.28,0.0,0.426,0.0
48201520700,Census Tract 5207,29.7993191,-95.4967336,0.7594660347687852,4505.0,128966.0,0.035826242722794444,0.51,0.0,0.17,0.0
48201412300,Census Tract 4123,29.7157544,-95.4241774,0.9193173477541563,6959.0,250001.0,0.01235809742779135,3.32,0.0,1.0,0.0
48201412400,Census Tract 4124,29.7161946,-95.4352661,0.6523292494960528,4525.0,250001.0,0.018342541436464087,3.16,0.0,1.0,0.0
48201343200,Census Tract 3432,29.6581158,-95.0553648,1.8079430488196335,5446.0,118359.0,0.031215571061329415,3.04,0.0,1.0,0.0
48201410401,Census Tract 4104.01,29.7475136,-95.4063924,0.3394042608172437,3899.0,116934.0,0.04744806360605283,1.82,0.0,0.605,0.0
48201410801,Census Tract 4108.01,29.7364644,-95.4049911,0.20347969859985188,2664.0,83026.0,0.2301051051051051,1.71,0.0,0.568,0.0
48201313901,Census Tract 3139.01,29.6945254,-95.3831759,0.8192273129778963,3964.0,80819.0,0.1057013118062563,3.23,0.0,1.0,0.0
48201314402,Census Tract 3144.02,29.6881908,-95.4081943,0.733126531611761,2037.0,84961.0,0.09621993127147767,3.1,0.0,1.0,0.0
48201412201,Census Tract 4122.01,29.7092496,-95.4082503,0.37313646200483913,2331.0,135417.0,0.15665236051502146,2.88,0.0,0.962,0.0
48201411902,Census Tract 4119.02,29.7266021,-95.3929645,0.32454511924380997,2391.0,113125.0,0.149246475449684,1.38,0.0,0.46,0.0
48201350604,Census Tract 3506.04,29.5414881,-95.184377,0.5617786407521385,3684.0,111250.0,0.010218171775752554,1.48,0.0,0.494,0.0
48201552902,Census Tract 5529.02,29.9934826,-95.5176966,1.1163765535587729,5286.0,90000.0,0.2077551796236457,0.99,0.0,0.33,0.0
48201431505,Census Tract 4315.05,29.754609,-95.4842534,0.12180094525607688,1480.0,89904.0,0.07650273224043716,1.53,0.0,0.509,0.0
48201511202,Census Tract 5112.02,29.8042125,-95.4172883,0.38219673525837156,3510.0,172860.0,0.02621082621082621,1.34,0.0,0.446,0.0
48201511501,Census Tract 5115.01,29.8083233,-95.4058178,0.4804767231151498,3757.0,123696.0,0.08570668086239021,1.0,0.0,0.334,0.0
48201554809,Census Tract 5548.09,30.0550199,-95.5715259,2.8758865615024,10919.0,92083.0,0.1203064409344557,3.33,0.0,1.0,0.0
48201350104,Census Tract 3501.04,29.5919985,-95.2587687,2.1754431915133385,5653.0,99877.0,0.1457633115160092,0.82,0.0,0.273,0.0
48201411504,Census Tract 4115.04,29.7353929,-95.4329529,0.35994566785868376,2669.0,126806.0,0.13862869988759835,3.38,0.0,1.0,0.0
48201411506,Census Tract 4115.06,29.7330676,-95.4394595,0.14463772963034954,2971.0,99901.0,0.052844160215415686,3.57,0.0,1.0,0.0
48201411505,Census Tract 4115.05,29.7355709,-95.4447356,0.3294181145874064,3303.0,101736.0,0.08174386920980926,3.43,0.0,1.0,0.0
48201251903,Census Tract 2519.03,29.9650894,-95.1055239,9.059573250318898,4395.0,120078.0,0.022070534698521046,3.81,0.0,1.0,0.0
48201322702,Census Tract 3227.02,29.7060332,-95.1668094,0.49101924255551893,4356.0,90929.0,0.10146923783287419,2.23,0.0,0.743,0.0
48201431902,Census Tract 4319.02,29.7364815,-95.4641258,0.35743484552135646,2469.0,111667.0,0.044892915980230645,2.27,0.0,0.755,0.0
48201531600,Census Tract 5316,29.8377907,-95.4542407,0.9094018582193415,3002.0,190234.0,0.029980013324450366,0.61,0.0,0.204,0.0
48201531700,Census Tract 5317,29.8357787,-95.435762,0.7191832243585088,3947.0,219854.0,0.014807250446770488,0.59,0.0,0.196,0.0
48201553002,Census Tract 5530.02,30.0113973,-95.4792358,1.759266763583714,4832.0,85335.0,0.13389900662251655,1.05,0.0,0.35,0.0
48201553001,Census Tract 5530.01,30.001603,-95.4963502,1.8067187188747365,7218.0,89772.0,0.08695049230342532,0.99,0.0,0.33,0.0
48201531200,Census Tract 5312,29.826857,-95.451949,0.7393578343492859,3801.0,92837.0,0.11934374173061657,0.61,0.0,0.205,0.0
48201342900,Census Tract 3429,29.6717497,-95.1052453,2.295234088931783,6997.0,114367.0,0.023438616549949977,5.3,0.0,1.0,0.0
48201412600,Census Tract 4126,29.7148302,-95.4445078,0.4677616068283804,3850.0,250001.0,0.023376623376623377,2.61,0.0,0.871,0.0
48201510100,Census Tract 5101,29.7699275,-95.3714316,0.5586442634286842,3096.0,180817.0,0.015180878552971577,1.27,0.0,0.424,0.0
48201510400,Census Tract 5104,29.7837507,-95.3925984,0.5708879489798121,3852.0,218356.0,0.03323811996883926,1.86,0.0,0.621,0.0
48201510500,Census Tract 5105,29.7838269,-95.4034913,0.6734166049897427,5097.0,140217.0,0.012556405728860114,2.51,0.0,0.838,0.0
48201340203,Census Tract 3402.03,29.6082723,-95.1006897,4.410209049183628,4608.0,135756.0,0.031684027777777776,4.42,0.0,1.0,0.0
48201342002,Census Tract 3420.02,29.6389403,-95.152781,1.3867855169420065,4221.0,81197.0,0.10822510822510822,3.87,0.0,1.0,0.0
48201551400,Census Tract 5514,29.9627026,-95.5229211,3.057209401629261,6451.0,82500.0,0.032243063090993646,1.27,0.0,0.423,0.0
48201250701,Census Tract 2507.01,30.0123645,-95.2229316,6.773458894373071,7051.0,130218.0,0.10353141398383207,2.0,0.0,0.668,0.0
48201250702,Census Tract 2507.02,30.0032624,-95.1784012,1.1715636794950384,4136.0,111364.0,0.05350598582946494,0.36,0.0,0.121,0.0
48201251503,Census Tract 2515.03,30.0736328,-95.1850599,0.3571186278534692,2767.0,139571.0,0.003677822728944465,3.4,0.0,1.0,0.0
48201251902,Census Tract 2519.02,29.9081093,-95.096189,6.366680579085748,7899.0,122281.0,0.12385670731707317,6.42,0.0,1.0,0.0
48201511001,Census Tract 5110.01,29.799065,-95.4421699,0.8764916685273896,3593.0,97589.0,0.06255331248222917,1.02,0.0,0.339,0.0
48201333502,Census Tract 3335.02,29.6670118,-95.2847899,0.35037805636876074,2504.0,83269.0,0.3146964856230032,0.71,0.0,0.235,0.0
48201321102,Census Tract 3211.02,29.6274808,-95.213118,0.9877709438596612,4274.0,93553.0,0.04491444866920152,0.97,0.0,0.324,0.0
48201552402,Census Tract 5524.02,29.9448636,-95.5965247,1.3681607210158198,3108.0,109813.0,0.059202059202059204,0.78,0.0,0.26,0.0
48201551202,Census Tract 5512.02,29.9713668,-95.50483,0.6082383134955782,3674.0,89265.0,0.06967882416984214,0.8,0.0,0.265,0.0
48201552502,Census Tract 5525.02,29.9554002,-95.5711679,1.084674477521057,6384.0,94063.0,0.020363408521303257,0.91,0.0,0.305,0.0
48201552604,Census Tract 5526.04,29.9639022,-95.573699,0.570204934261262,3025.0,92869.0,0.23140495867768596,1.23,0.0,0.411,0.0
48201552801,Census Tract 5528.01,29.9861698,-95.5356613,1.3854075183379897,5357.0,89744.0,0.14772941398153383,1.36,0.0,0.454,0.0
48201554807,Census Tract 5548.07,30.036248,-95.596532,2.1892146833060173,6545.0,105436.0,0.07627378759975445,1.88,0.0,0.628,0.0
48201532504,Census Tract 5325.04,29.8848443,-95.5121858,1.0383020638654592,4644.0,108854.0,0.04975231531337497,1.08,0.0,0.361,0.0
48201532503,Census Tract 5325.03,29.8904068,-95.5178039,0.818393718417495,5605.0,93836.0,0.13862622658340767,0.57,0.0,0.191,0.0
48201534205,Census Tract 5342.05,29.8942571,-95.5378114,0.9656368654140269,3760.0,86750.0,0.12047872340425532,0.82,0.0,0.274,0.0
48201534102,Census Tract 5341.02,29.9099181,-95.5159804,1.9039303620586892,5432.0,100333.0,0.2069029162052418,1.06,0.0,0.352,0.0
48201534101,Census Tract 5341.01,29.9183655,-95.5327653,2.950163350363798,2973.0,95994.0,0.054462403373155305,1.6,0.0,0.532,0.0
48201540101,Census Tract 5401.01,29.8464814,-95.5873121,4.621878360669386,7031.0,239125.0,0.04835727492533068,3.59,0.0,1.0,0.0
48201522002,Census Tract 5220.02,29.8263308,-95.5307746,0.3502294070377026,3096.0,97356.0,0.22714962762356128,0.57,0.0,0.192,0.0
48201340301,Census Tract 3403.01,29.5914944,-95.126475,1.374566928031187,3541.0,218304.0,0.0073425585992657446,2.9,0.0,0.965,0.0
48201422000,Census Tract 4220,29.6620014,-95.4846575,0.5646307773976615,2279.0,126417.0,0.03609154929577465,1.85,0.0,0.616,0.0
48201312000,Census Tract 3120,29.7171408,-95.3442306,0.7080526713306031,2970.0,85536.0,0.1270062805303559,1.43,0.0,0.477,0.0
48201454700,Census Tract 4547,29.7663245,-95.7260129,1.324456659378255,7588.0,148118.0,0.04085397996837111,1.75,0.0,0.584,0.0
48201522500,Census Tract 5225,29.7899543,-95.501186,1.4882732415323714,5510.0,250001.0,0.009618874773139746,1.17,0.0,0.39,0.0
48201220600,Census Tract 2206,29.8418052,-95.3668801,0.6412790057171344,3168.0,,0.3693181818181818,0.52,0.0,0.174,0.0
48201451603,Census Tract 4516.03,29.7594273,-95.633117,0.5086034931642988,3324.0,113167.0,0.11026961526810057,1.87,0.0,0.623,0.0
48201310200,Census Tract 3102,29.7434743,-95.3511272,0.720755046246139,2129.0,132929.0,0.1286989196806012,0.69,0.0,0.231,0.0
48201431101,Census Tract 4311.01,29.7441598,-95.5356583,0.3234783189796188,5640.0,83615.0,0.10815602836879433,1.98,0.0,0.661,0.0
48201542800,Census Tract 5428,29.8175005,-95.8220451,3.4359918354991987,8846.0,83201.0,0.13394578654871273,2.89,0.0,0.963,0.0
48201554002,Census Tract 5540.02,29.9997208,-95.543807,1.648768572918275,4623.0,185224.0,0.02379407311269738,2.25,0.0,0.752,0.0
48201454505,Census Tract 4545.05,29.7805578,-95.7037128,1.1504203391883525,2472.0,163033.0,0.04894822006472492,1.18,0.0,0.393,0.0
48201550902,Census Tract 5509.02,29.9607733,-95.4895385,0.5882177582660795,4531.0,91157.0,0.02229088501434562,0.72,0.0,0.24,0.0
48201550404,Census Tract 5504.04,29.9698614,-95.4555684,1.17130267443583,6260.0,90863.0,0.042140682582919406,0.35,0.0,0.117,0.0
48201411302,Census Tract 4113.02,29.7439794,-95.4530532,0.20994690975627683,3086.0,89246.0,0.07647440051847051,2.98,0.0,0.992,0.0
48201510803,Census Tract 5108.03,29.7615945,-95.4183401,0.3125759523274414,2515.0,109842.0,0.06679920477137177,2.86,0.0,0.952,0.0
48201530200,Census Tract 5302,29.8158099,-95.4242816,1.3642020155837704,4156.0,147083.0,0.18719923002887393,0.97,0.0,0.322,0.0
48201555600,Census Tract 5556,30.0587778,-95.7322881,21.00214892492306,9965.0,145680.0,0.12598264420622768,5.95,0.0,1.0,0.0
48201521900,Census Tract 5219,29.8223872,-95.554418,1.4721330129967276,7366.0,90903.0,0.1457961870799616,1.87,0.0,0.622,0.0
48201530300,Census Tract 5303,29.8175261,-95.3887898,0.7090020965385823,2393.0,94444.0,0.07062264939406603,0.82,0.0,0.273,0.0
48201542700,Census Tract 5427,29.7931771,-95.8143542,1.7976904921003674,4903.0,82321.0,0.06465429328982256,1.39,0.0,0.464,0.0
48201542600,Census Tract 5426,29.7937905,-95.7891972,1.691034017912924,6165.0,100461.0,0.07753216760145167,0.77,0.0,0.256,0.0
48201553401,Census Tract 5534.01,30.0411598,-95.4437664,1.413349345453173,4462.0,112465.0,0.09060175794455713,1.45,0.0,0.483,0.0
48201553801,Census Tract 5538.01,30.0419189,-95.5055064,1.4284536618973127,2642.0,129226.0,0.05898876404494382,1.03,0.0,0.342,0.0
48201556100,Census Tract 5561,30.021634,-95.5443711,0.8204914114451283,3763.0,147292.0,0.04286892003297609,2.86,0.0,0.955,0.0
48201554806,Census Tract 5548.06,30.0593178,-95.6043794,1.7308091039846512,2078.0,116006.0,0.04282964388835419,3.11,0.0,1.0,0.0
48201554803,Census Tract 5548.03,30.0914659,-95.5771541,6.091615223669888,7984.0,142257.0,0.07241465863453815,3.35,0.0,1.0,0.0
48201554702,Census Tract 5547.02,30.0034487,-95.6023637,1.1999151610004881,4383.0,124167.0,0.06958704083960758,0.84,0.0,0.281,0.0
48201553102,Census Tract 5531.02,30.0151924,-95.4595253,0.582497654786531,5005.0,81773.0,0.08343685300207039,0.61,0.0,0.203,0.0
48201980400,Census Tract 9804,29.7222846,-95.3445785,0.5164703246456217,4285.0,,0.0,1.18,0.0,0.395,0.0
48201980200,Census Tract 9802,29.767066,-95.3516608,0.25580310482583646,9542.0,84514.0,0.2375,1.45,0.0,0.485,0.0
48201350601,Census Tract 3506.01,29.5545845,-95.1726284,5.139713556445632,3863.0,97700.0,0.06704633704374838,2.57,0.0,0.856,0.0
48201431401,Census Tract 4314.01,29.744466,-95.4839917,0.14083500947037167,2729.0,83304.0,0.10589959692194943,1.19,0.0,0.396,0.0
48201540502,Census Tract 5405.02,29.846971,-95.6308828,1.6053892231960865,5191.0,96141.0,0.05432479291080717,0.99,0.0,0.331,0.0
48201511301,Census Tract 5113.01,29.7972613,-95.4054495,0.697992393486316,5065.0,165743.0,0.07838104639684107,1.76,0.0,0.586,0.0
48201343301,Census Tract 3433.01,29.6847813,-95.0651997,4.4479995701601895,4540.0,97161.0,0.18061674008810572,4.83,0.0,1.0,0.0
48201341502,Census Tract 3415.02,29.5619448,-95.0360253,1.1605979920888518,5013.0,88125.0,0.03271494115300219,4.64,0.0,1.0,0.0
48201541203,Census Tract 5412.03,29.8888536,-95.6490812,0.591242868678652,2482.0,112098.0,0.07431874483897605,0.49,0.0,0.164,0.0
48201350801,Census Tract 3508.01,29.5246043,-95.1744382,0.7226276417153128,4785.0,82731.0,0.07210031347962383,1.98,0.0,0.659,0.0
48201554501,Census Tract 5545.01,30.0116138,-95.6633075,4.750674318732684,6542.0,150250.0,0.04529456771231829,2.36,0.0,0.788,0.0
48201251501,Census Tract 2515.01,30.0993337,-95.1602512,6.913708572971017,6877.0,150962.0,0.020212301875817944,4.5,0.0,1.0,0.0
48201540601,Census Tract 5406.01,29.862197,-95.6324332,0.6229175314631078,4133.0,91406.0,0.1134768932978466,1.53,0.0,0.509,0.0
48201340302,Census Tract 3403.02,29.5960011,-95.1128415,1.3241083952312045,6889.0,147031.0,0.05022499637102627,3.36,0.0,1.0,0.0
48201551702,Census Tract 5517.02,29.90153,-95.561624,0.7998287683258901,4086.0,120509.0,0.020313264806656878,0.48,0.0,0.161,0.0
48201540602,Census Tract 5406.02,29.8727277,-95.6344175,1.0530480775064253,7518.0,94141.0,0.14523873032808748,0.98,0.0,0.326,0.0
48201241103,Census Tract 2411.03,30.0477087,-95.3794662,1.0741628462533754,5775.0,90789.0,0.10354978354978354,0.37,0.0,0.124,0.0
48201451902,Census Tract 4519.02,29.7225162,-95.5987045,0.7944716008754187,2520.0,127014.0,0.09206349206349207,0.41,0.0,0.136,0.0
48201341800,Census Tract 3418,29.6311648,-95.0255387,1.6930676179822308,2612.0,99408.0,0.18529862174578868,0.46,0.0,0.154,0.0
48201554902,Census Tract 5549.02,30.0977881,-95.5199919,4.911472740313082,11291.0,111741.0,0.03979300499643112,0.83,0.0,0.276,0.0
48201555301,Census Tract 5553.01,30.1219488,-95.5138496,2.713723268791377,5032.0,138208.0,0.03284889508261995,2.53,0.0,0.844,0.0
48201343302,Census Tract 3433.02,29.6698498,-95.0668063,1.7429720941846332,4927.0,110595.0,0.06352750152222447,4.1,0.0,1.0,0.0
48201410402,Census Tract 4104.02,29.7474979,-95.398717,0.28058816069236703,3044.0,180000.0,0.04697766097240473,1.37,0.0,0.458,0.0
48201431302,Census Tract 4313.02,29.7436384,-95.4905071,0.5277136195038363,4324.0,82545.0,0.07354301572617947,0.8,0.0,0.266,0.0
48201422302,Census Tract 4223.02,29.6490268,-95.4971327,0.2681085667223391,2106.0,87568.0,0.13912630579297247,0.9,0.0,0.3,0.0
48201552101,Census Tract 5521.01,29.9228991,-95.618571,0.8992257497274766,4399.0,81678.0,0.09312942250627711,2.1,0.0,0.701,0.0
48201552103,Census Tract 5521.03,29.9382426,-95.6248007,0.602489638456294,3986.0,81354.0,0.15654791771199197,2.53,0.0,0.844,0.0
48201455200,Census Tract 4552,29.7799704,-95.7650418,1.1568616815001518,4190.0,103271.0,0.020047732696897375,0.95,0.0,0.318,0.0
48201410300,Census Tract 4103,29.7567394,-95.4037107,0.3919388649239784,3821.0,100657.0,0.0912486659551761,1.93,0.0,0.644,0.0
48201410900,Census Tract 4109,29.7329507,-95.3993418,0.2849928141175907,3565.0,109067.0,0.06451612903225806,1.45,0.0,0.483,0.0
48201511600,Census Tract 5116,29.8030113,-95.3770418,0.7526895557833275,3548.0,86026.0,0.06397970687711386,1.48,0.0,0.494,0.0
48201520100,Census Tract 5201,29.7922757,-95.4604356,1.1395314861117258,3406.0,151217.0,0.029653552554315912,1.28,0.0,0.426,0.0
48201980000,Census Tract 9800,29.646318,-95.2773397,2.1337159729277677,35.0,,0.0,1.91,0.0,0.638,0.0
48201420300,Census Tract 4203,29.6715522,-95.4541892,0.9253382248152483,4005.0,106465.0,0.0686641697877653,0.26,0.0,0.088,0.0
48201412700,Census Tract 4127,29.7135,-95.453667,0.7944044190998236,3144.0,140417.0,0.049760765550239235,2.08,0.0,0.694,0.0
48201412800,Census Tract 4128,29.6979078,-95.4531845,0.7865503289897343,5026.0,250001.0,0.015121368881814564,1.65,0.0,0.551,0.0
48201413100,Census Tract 4131,29.6985559,-95.4323395,0.5512735732211528,3346.0,250001.0,0.026024528866287765,2.25,0.0,0.75,0.0
48201430600,Census Tract 4306,29.7647541,-95.5317578,1.4435143487975317,3838.0,250001.0,0.04455445544554455,2.44,0.0,0.815,0.0
48201430700,Census Tract 4307,29.7770812,-95.5388154,0.7247782307386732,3831.0,88870.0,0.037066040198381625,3.18,0.0,1.0,0.0
48201430800,Census Tract 4308,29.77607,-95.5529434,1.3056735615670452,6492.0,155388.0,0.06290571870170016,3.58,0.0,1.0,0.0
48201430900,Census Tract 4309,29.7583299,-95.5428231,1.0885972754523572,5559.0,85767.0,0.06260118726389638,2.71,0.0,0.905,0.0
48201430200,Census Tract 4302,29.7759823,-95.4847472,0.2731058869610023,1609.0,82434.0,0.0941101152368758,1.94,0.0,0.648,0.0
48201430300,Census Tract 4303,29.7715167,-95.4986906,1.9540089703346168,4390.0,250001.0,0.027790432801822324,2.21,0.0,0.738,0.0
48201430400,Census Tract 4304,29.7585968,-95.5155297,2.1303626756803915,3097.0,250001.0,0.010009686793671296,1.51,0.0,0.502,0.0
48201430500,Census Tract 4305,29.7798455,-95.5191678,0.9605592359263766,2291.0,223750.0,0.04277608031427324,2.41,0.0,0.803,0.0
48201553403,Census Tract 5534.03,30.0576754,-95.4634665,2.5670843716730425,8462.0,82903.0,0.14098321909714015,1.83,0.0,0.61,0.0
48201454502,Census Tract 4545.02,29.7418511,-95.7157159,2.848072148099553,2216.0,192174.0,0.04151624548736462,3.37,0.0,1.0,0.0
48201511004,Census Tract 5110.04,29.794734,-95.4258623,0.39964700841811973,1842.0,89028.0,0.057003257328990226,1.97,0.0,0.657,0.0
48201511502,Census Tract 5115.02,29.8086883,-95.3903678,0.7089677334464675,5455.0,205553.0,0.08780934922089825,1.41,0.0,0.468,0.0
48201422100,Census Tract 4221,29.6482654,-95.4870792,0.9263057968246812,5004.0,101238.0,0.05495603517186251,1.41,0.0,0.469,0.0
48201313202,Census Tract 3132.02,29.7071698,-95.3685697,0.6533887138192307,2629.0,85802.0,0.03302825308396339,2.39,0.0,0.798,0.0
48201313101,Census Tract 3131.01,29.7071814,-95.3798092,0.2630726362678167,2555.0,87639.0,0.2606473594548552,2.34,0.0,0.781,0.0
48201312601,Census Tract 3126.01,29.7217905,-95.3845987,0.17797649271833918,3366.0,88269.0,0.2591044776119403,1.4,0.0,0.468,0.0
48201541206,Census Tract 5412.06,29.8864369,-95.676694,0.8591946779246026,4980.0,111477.0,0.061655059401884475,1.6,0.0,0.535,0.0
48201251504,Census Tract 2515.04,30.0658735,-95.1752915,1.099638638881628,5612.0,149901.0,0.07227575982209043,3.74,0.0,1.0,0.0
48201253201,Census Tract 2532.01,29.7948425,-94.9343939,6.728755986451228,6367.0,103438.0,0.04439178515007899,4.93,0.0,1.0,0.0
48201421900,Census Tract 4219,29.6715074,-95.4848536,0.6417979270182828,3063.0,182868.0,0.06584224598930481,1.66,0.0,0.555,0.0
48201410705,Census Tract 4107.05,29.7366033,-95.3940763,0.18491474850824702,1123.0,,0.045871559633027525,1.07,0.0,0.355,0.0
48201542104,Census Tract 5421.04,29.837111,-95.7106044,0.8352466915379005,7914.0,87566.0,0.11483314300215709,1.01,0.0,0.337,0.0
48201542203,Census Tract 5422.03,29.862377,-95.7372844,3.088099118725298,12427.0,91030.0,0.23255813953488372,1.35,0.0,0.451,0.0
48201454504,Census Tract 4545.04,29.7625437,-95.6982362,2.7745131231509785,5223.0,119083.0,0.10472908290254643,2.44,0.0,0.815,0.0
48201542103,Census Tract 5421.03,29.8564033,-95.6955165,1.4498398604617533,9503.0,93578.0,0.1005998105861307,0.83,0.0,0.276,0.0
48201451604,Census Tract 4516.04,29.7670441,-95.6339087,0.7739973756095738,3561.0,120147.0,0.04436860068259386,2.39,0.0,0.797,0.0
48201250406,Census Tract 2504.06,29.9849665,-95.1866776,0.8438783913953953,4836.0,127372.0,0.016587186398507155,0.96,0.0,0.322,0.0
48201554805,Census Tract 5548.05,30.0309063,-95.5820407,1.5264734168991996,8907.0,101542.0,0.13102054563826204,1.55,0.0,0.518,0.0
48201551704,Census Tract 5517.04,29.9024201,-95.57704,0.818385224170006,3988.0,116417.0,0.06921721620941354,0.84,0.0,0.278,0.0
48201552003,Census Tract 5520.03,29.9211525,-95.5934742,1.0301595554429013,4478.0,92610.0,0.1295673615781215,0.79,0.0,0.264,0.0
48201241002,Census Tract 2410.02,30.0544916,-95.3392372,5.262341918627572,5504.0,83402.0,0.030886627906976744,2.72,0.0,0.906,0.0
48201550407,Census Tract 5504.07,29.9794904,-95.459231,1.1559481637929219,6268.0,81477.0,0.19384173580089342,1.04,0.0,0.347,0.0
48201240706,Census Tract 2407.06,29.9796575,-95.3989204,2.022347507996861,11268.0,86116.0,0.12386383888789877,0.57,0.0,0.19,0.0
48201454503,Census Tract 4545.03,29.7716569,-95.7090582,0.5603106803451696,2700.0,151397.0,0.016296296296296295,1.83,0.0,0.609,0.0
48201543007,Census Tract 5430.07,29.947261,-95.7031384,8.669112384458012,23471.0,173796.0,0.032678624685782455,2.88,0.0,0.959,0.0
48201543008,Census Tract 5430.08,29.8878127,-95.6901903,0.9086257928805704,5255.0,93657.0,0.02797335870599429,0.9,0.0,0.301,0.0
48201553101,Census Tract 5531.01,30.0225706,-95.4663955,0.7209415335887391,3508.0,95049.0,0.07103981667144085,1.12,0.0,0.373,0.0
48201541009,Census Tract 5410.09,29.9123378,-95.6592289,0.8525274658500267,4861.0,106029.0,0.04978399506274429,2.22,0.0,0.741,0.0
48201240906,Census Tract 2409.06,30.0239889,-95.3178052,1.4231802786152559,8525.0,90283.0,0.16304985337243402,1.44,0.0,0.479,0.0
48201540904,Census Tract 5409.04,29.8886115,-95.6351217,1.1934610773174554,3804.0,95553.0,0.14353312302839116,0.83,0.0,0.277,0.0
48201522102,Census Tract 5221.02,29.8157781,-95.5314944,0.5438021103502286,4532.0,92833.0,0.15419398598236492,0.61,0.0,0.204,0.0
48201522001,Census Tract 5220.01,29.8280936,-95.5394096,0.4348718805508339,2213.0,91411.0,0.05603253502033439,1.08,0.0,0.359,0.0
48201554410,Census Tract 5544.10,29.9622669,-95.6514854,1.3645232525797195,4586.0,102424.0,0.12908853030963802,1.58,0.0,0.527,0.0
48201555503,Census Tract 5555.03,30.0383724,-95.6550756,8.993028543285476,13991.0,141206.0,0.022891118543292455,3.79,0.0,1.0,0.0
48201333906,Census Tract 3339.06,29.6056656,-95.2580461,0.7648745538063494,5712.0,107406.0,0.05672268907563025,0.49,0.0,0.163,0.0
48201252303,Census Tract 2523.03,29.7936799,-95.1468291,0.4688438511789153,5424.0,102449.0,0.13661504424778761,0.96,0.0,0.319,0.0
48201252305,Census Tract 2523.05,29.8058566,-95.1497428,0.9051176686675987,6067.0,114609.0,0.010323010323010324,1.05,0.0,0.35,0.0
48201430102,Census Tract 4301.02,29.7742958,-95.4695169,1.1119896608328446,3009.0,135739.0,0.12097855227882037,2.38,0.0,0.792,0.0
48201510602,Census Tract 5106.02,29.774322,-95.4175569,0.4615700726131905,4592.0,164076.0,0.026350174216027873,3.28,0.0,1.0,0.0
48201510801,Census Tract 5108.01,29.7666964,-95.4167219,0.33643745183061863,4526.0,128269.0,0.013256738842244807,2.97,0.0,0.989,0.0
48201510901,Census Tract 5109.01,29.7808842,-95.4208421,0.5402213989314415,6490.0,216490.0,0.008628659476117103,2.81,0.0,0.937,0.0
48201542004,Census Tract 5420.04,29.8044932,-95.7125097,0.5310028237928861,2989.0,81719.0,0.09785522788203753,0.72,0.0,0.24,0.0
48201543004,Census Tract 5430.04,29.9558355,-95.7460139,13.025421186199964,18217.0,196654.0,0.05022780918921886,4.76,0.0,1.0,0.0
48201554407,Census Tract 5544.07,29.9837758,-95.6870155,2.492018003897323,6355.0,114223.0,0.08322496749024708,1.06,0.0,0.352,0.0
48201422403,Census Tract 4224.03,29.6617735,-95.4967033,0.34886762472434674,2550.0,81108.0,0.0639466457434288,1.61,0.0,0.536,0.0
48201541901,Census Tract 5419.01,29.807571,-95.6958895,0.9767002366663375,2742.0,81125.0,0.1137855579868709,0.82,0.0,0.275,0.0
48201541301,Census Tract 5413.01,29.872652,-95.657597,1.2251670143767572,6232.0,87109.0,0.11683681737157672,0.92,0.0,0.306,0.0
48201330802,Census Tract 3308.02,29.5954262,-95.3869895,6.368236570784876,10276.0,108097.0,0.08322787890586976,1.6,0.0,0.532,0.0
48201350300,Census Tract 3503,29.5828801,-95.2248554,0.8808943914418202,6328.0,100948.0,0.07206068268015171,2.22,0.0,0.74,0.0
48201555703,Census Tract 5557.03,30.0009034,-95.7483171,1.4847512176416904,6280.0,155971.0,0.06910828025477707,4.91,0.0,1.0,0.0
48201542901,Census Tract 5429.01,29.8147304,-95.7618657,2.184544391595682,9563.0,118148.0,0.06912056885914462,2.4,0.0,0.801,0.0
48201542902,Census Tract 5429.02,29.8443347,-95.8041113,18.765269930138793,42523.0,132015.0,0.10207121918400693,4.25,0.0,1.0,0.0
48201350500,Census Tract 3505,29.5822054,-95.1958041,2.249858591049671,7031.0,80079.0,0.18261368526753693,2.68,0.0,0.893,0.0
48201542303,Census Tract 5423.03,29.8111934,-95.7277159,0.5235383107608166,3640.0,117593.0,0.04368131868131868,1.73,0.0,0.576,0.0
48201411901,Census Tract 4119.01,29.7289065,-95.4018496,0.37415847441863354,2200.0,239519.0,0.016040329972502293,1.71,0.0,0.569,0.0
48201541604,Census Tract 5416.04,29.8391047,-95.6805694,2.8093839396042632,10089.0,110368.0,0.07275250272574091,1.66,0.0,0.553,0.0
48201251505,Census Tract 2515.05,30.0568139,-95.1719783,1.0028632911368849,3839.0,171600.0,0.045584787705131545,3.81,0.0,1.0,0.0
48201542001,Census Tract 5420.01,29.8192883,-95.7122578,0.5846814485955305,4304.0,88035.0,0.04065985130111524,1.59,0.0,0.529,0.0
48201542402,Census Tract 5424.02,29.7927912,-95.7388598,1.706395864496845,5263.0,81355.0,0.1569159240604417,0.99,0.0,0.329,0.0
48201330901,Census Tract 3309.01,29.6214158,-95.3998115,1.7180167672661633,10349.0,83794.0,0.08165040100492801,1.02,0.0,0.339,0.0
48201421802,Census Tract 4218.02,29.685661,-95.4808616,0.33251735661442866,2399.0,89079.0,0.1509433962264151,0.92,0.0,0.306,0.0
48201423500,Census Tract 4235,29.6509447,-95.5411795,0.4798910061405649,2254.0,105291.0,0.07364685004436557,1.64,0.0,0.546,0.0
48201241400,Census Tract 2414,30.0841109,-95.4007556,4.198850936037695,10417.0,92575.0,0.03990768343109914,2.16,0.0,0.719,0.0
48201343100,Census Tract 3431,29.6582668,-95.0793268,0.7927325967531179,3900.0,82344.0,0.0640826873385013,4.19,0.0,1.0,0.0
48201530900,Census Tract 5309,29.8359653,-95.4201472,0.7726004579997859,4670.0,86563.0,0.13936377407487557,0.96,0.0,0.321,0.0
48201531100,Census Tract 5311,29.824875,-95.4377439,0.6374905713370245,3552.0,181698.0,0.08079954954954954,0.34,0.0,0.113,0.0
48201541100,Census Tract 5411,29.9010093,-95.6514946,1.3059388137499983,8045.0,83321.0,0.0435052827843381,1.34,0.0,0.447,0.0
48201531400,Census Tract 5314,29.8302031,-95.4709951,0.41126829728959646,2139.0,97464.0,0.04855769230769231,0.7,0.0,0.232,0.0
48201980100,Census Tract 9801,29.9882271,-95.3387998,11.768551709683331,0.0,,0.0,2.18,0.0,0.728,0.0
48201511400,Census Tract 5114,29.7957877,-95.383124,0.44252403923197936,2686.0,161607.0,0.0626865671641791,1.45,0.0,0.482,0.0
48201431701,Census Tract 4317.01,29.761557,-95.4620762,0.3537467977024806,2075.0,107698.0,0.016867469879518072,2.88,0.0,0.961,0.0
48201431702,Census Tract 4317.02,29.7567464,-95.4704788,0.7626714548894203,2848.0,175787.0,0.046348314606741575,2.28,0.0,0.76,0.0
48201431804,Census Tract 4318.04,29.7484268,-95.4598549,0.41703936625407906,2598.0,126458.0,0.03679060665362035,2.65,0.0,0.885,0.0
48201510902,Census Tract 5109.02,29.7853525,-95.4344532,1.5599627598290404,5731.0,118750.0,0.1926365381259815,2.05,0.0,0.683,0.0
48201510802,Census Tract 5108.02,29.7679859,-95.4406837,2.7635034200987123,2817.0,250001.0,0.012069577564785232,3.0,0.0,0.999,0.0
48201431506,Census Tract 4315.06,29.7562729,-95.4799066,0.2773298445760046,2849.0,87988.0,0.0526128688233203,1.8,0.0,0.599,0.0
48201510601,Census Tract 5106.01,29.7735934,-95.4034879,0.3431417297124194,3417.0,130616.0,0.03865447034523458,2.66,0.0,0.886,0.0
48201510302,Census Tract 5103.02,29.7868983,-95.3824843,0.3591043512551106,3482.0,157159.0,0.02014388489208633,1.25,0.0,0.417,0.0
48201312902,Census Tract 3129.02,29.7147656,-95.3652246,0.372512134814395,2391.0,,0.30896027049873204,1.95,0.0,0.649,0.0
48201410202,Census Tract 4102.02,29.7550071,-95.3918669,0.2535463377088631,3900.0,130972.0,0.05179487179487179,1.31,0.0,0.437,0.0
48201411507,Census Tract 4115.07,29.7381671,-95.4385028,0.11733914871138154,2167.0,85782.0,0.1324411628980157,3.69,0.0,1.0,0.0
48201411301,Census Tract 4113.01,29.7521982,-95.4523634,0.3397451890232809,1918.0,114402.0,0.0881126173096976,3.16,0.0,1.0,0.0
48201410502,Census Tract 4105.02,29.7491,-95.3850823,0.2117179603577408,3032.0,154261.0,0.052770448548812667,0.74,0.0,0.246,0.0
48201350103,Census Tract 3501.03,29.573237,-95.2462651,1.696747943757935,8504.0,116571.0,0.0629115710253998,2.32,0.0,0.772,0.0
48201332500,Census Tract 3325,29.6648417,-95.3077018,0.6848765031589277,3410.0,83870.0,0.0469208211143695,1.99,0.0,0.664,0.0
48201450700,Census Tract 4507,29.76685,-95.5833803,1.6907614297889577,6866.0,250001.0,0.012234197494902418,3.31,0.0,1.0,0.0
48201450900,Census Tract 4509,29.7421212,-95.5649411,0.6262835700817175,2783.0,105398.0,0.024793388429752067,2.77,0.0,0.923,0.0
48201451200,Census Tract 4512,29.7558109,-95.5958668,0.6519273171489579,2770.0,166818.0,0.0029080334423845873,2.34,0.0,0.78,0.0
48201312700,Census Tract 3127,29.7267574,-95.3682096,0.3331478614394103,2293.0,86667.0,0.13844086021505375,1.12,0.0,0.373,0.0
48201342100,Census Tract 3421,29.6569777,-95.1420994,1.7847340619644776,3964.0,99286.0,0.1351282702565405,3.52,0.0,1.0,0.0
48201342500,Census Tract 3425,29.6967437,-95.1336126,2.485274343595346,6356.0,101964.0,0.04222434671765456,3.67,0.0,1.0,0.0
48201342700,Census Tract 3427,29.6953124,-95.1185744,1.3482617879662777,4713.0,81530.0,0.10778697220454063,4.53,0.0,1.0,0.0
48201455102,Census Tract 4551.02,29.7662587,-95.7712397,0.6126553221898768,2886.0,106012.0,0.0550935550935551,1.7,0.0,0.566,0.0
48201511302,Census Tract 5113.02,29.7973995,-95.3935238,0.613346831155916,4961.0,170768.0,0.04435483870967742,1.98,0.0,0.662,0.0
48201541205,Census Tract 5412.05,29.894142,-95.6624018,0.526614772760482,3286.0,96223.0,0.031953743152769325,1.26,0.0,0.419,0.0
48201555504,Census Tract 5555.04,30.0265656,-95.6242863,1.1943336681958745,8095.0,127838.0,0.04941321803582458,2.35,0.0,0.785,0.0
48201555304,Census Tract 5553.04,30.1268464,-95.5396552,2.571049254739629,9377.0,140601.0,0.12466673776261064,3.03,0.0,1.0,0.0
48201410601,Census Tract 4106.01,29.74453,-95.3777657,0.24443471286823784,3723.0,98958.0,0.14251142780317289,0.25,0.0,0.082,0.0
48201511201,Census Tract 5112.01,29.795914,-95.4175103,0.4246830306877355,2940.0,190938.0,0.010884353741496598,1.89,0.0,0.63,0.0
48201551300,Census Tract 5513,29.9517905,-95.5071337,0.766990779737595,3634.0,138299.0,0.02449091909741332,1.91,0.0,0.636,0.0
48201521600,Census Tract 5216,29.8424728,-95.5312861,2.57717746820081,2972.0,91667.0,0.061574697173620456,1.43,0.0,0.478,0.0
48201553901,Census Tract 5539.01,30.0308737,-95.5400107,1.4974748281759487,6298.0,135581.0,0.009807073954983923,3.19,0.0,1.0,0.0
48201240704,Census Tract 2407.04,30.0129474,-95.4218273,0.8456394033407358,4650.0,110398.0,0.13075268817204302,0.64,0.0,0.212,0.0
48201340102,Census Tract 3401.02,29.6019656,-95.1899561,1.7159553678414379,5498.0,88884.0,0.1650201244054153,2.01,0.0,0.671,0.0
48201451302,Census Tract 4513.02,29.7481455,-95.5965344,0.6083387000568122,3254.0,139884.0,0.008604794099569761,1.82,0.0,0.607,0.0
48201310102,Census Tract 3101.02,29.7591877,-95.3430735,0.4394630213186577,2400.0,91102.0,0.24375,1.33,0.0,0.445,0.0
48201324000,Census Tract 3240,29.6418575,-95.1720086,3.059792425070245,6065.0,90750.0,0.08724498258417648,3.09,0.0,1.0,0.0
48201251600,Census Tract 2516,30.1013555,-95.1134386,22.388181542655808,7420.0,96293.0,0.10579514824797843,7.2,0.0,1.0,0.0
48201312200,Census Tract 3122,29.7321055,-95.3497568,0.4197057877613191,1609.0,,0.4064636420136731,0.79,0.0,0.263,0.0
48201312400,Census Tract 3124,29.7298981,-95.3610125,0.4179544283699434,2048.0,,0.55859375,1.23,0.0,0.411,0.0
48201421700,Census Tract 4217,29.6865353,-95.4883315,0.7268292054051168,4521.0,80609.0,0.1973014819730148,0.87,0.0,0.291,0.0
48201553404,Census Tract 5534.04,30.0460218,-95.462355,0.7790591749087219,3489.0,147868.0,0.06649469762109488,1.58,0.0,0.525,0.0
48201313102,Census Tract 3131.02,29.7116772,-95.3922916,1.2093345092615118,1789.0,85956.0,0.2064139941690962,2.22,0.0,0.741,0.0
48201312602,Census Tract 3126.02,29.725801,-95.3830479,0.20231405618306103,2519.0,131864.0,0.11252992817238627,1.11,0.0,0.371,0.0
48201312502,Census Tract 3125.02,29.7361643,-95.3764282,0.3125852187792476,2089.0,101406.0,0.25682261208577,0.34,0.0,0.113,0.0
48201410703,Census Tract 4107.03,29.7413902,-95.3937139,0.22318712497873205,2286.0,93250.0,0.10153846153846154,1.0,0.0,0.333,0.0
48201410802,Census Tract 4108.02,29.7406837,-95.4050252,0.19414567891587736,1441.0,121094.0,0.05829285218598196,1.68,0.0,0.559,0.0
48201410501,Census Tract 4105.01,29.7491032,-95.3923612,0.21316043802224252,1825.0,136043.0,0.06958904109589041,1.07,0.0,0.358,0.0
48201411003,Census Tract 4110.03,29.7346933,-95.4146908,0.25541700266724393,1671.0,107802.0,0.13285457809694792,2.3,0.0,0.767,0.0
48201411002,Census Tract 4110.02,29.7405008,-95.4146969,0.13128631698621968,2176.0,101875.0,0.09604779411764706,2.26,0.0,0.753,0.0
48201411503,Census Tract 4115.03,29.7345889,-95.4240654,0.34591780423269974,3555.0,115417.0,0.07623066104078763,2.85,0.0,0.952,0.0
48201411001,Census Tract 4110.01,29.7402797,-95.4243669,0.17447917936580798,2673.0,124773.0,0.05761316872427984,2.84,0.0,0.946,0.0
48201411801,Census Tract 4118.01,29.7264326,-95.4380232,0.4718473398706066,3825.0,121557.0,0.04097277293153582,3.35,0.0,1.0,0.0
48201553405,Census Tract 5534.05,30.0541997,-95.4468101,1.277278836619833,6522.0,118704.0,0.054464559680883706,1.3,0.0,0.433,0.0
48201350603,Census Tract 3506.03,29.5345772,-95.171547,0.6753278106747757,4398.0,103673.0,0.020691223283310595,2.1,0.0,0.7,0.0
48201431403,Census Tract 4314.03,29.7442275,-95.478412,0.12972067273312696,1772.0,97500.0,0.15914221218961624,1.51,0.0,0.502,0.0
48201250408,Census Tract 2504.08,29.955511,-95.1947328,4.221242158520952,17485.0,130054.0,0.12622247640835002,1.99,0.0,0.664,0.0
48201432004,Census Tract 4320.04,29.7346838,-95.4762155,0.4178301034748766,2018.0,128611.0,0.011892963330029732,1.54,0.0,0.515,0.0
48201431504,Census Tract 4315.04,29.7538102,-95.4905097,0.3086079804435859,2503.0,121875.0,0.11146624051138633,1.23,0.0,0.41,0.0
48201431503,Census Tract 4315.03,29.7528951,-95.4981534,0.11759165952310106,2295.0,110563.0,0.034858387799564274,0.96,0.0,0.319,0.0
48201980300,Census Tract 9803,29.7172259,-95.4027324,0.4698392225437668,2918.0,,0.0,2.25,0.0,0.751,0.0
48201541500,Census Tract 5415,29.8561649,-95.6779761,1.1865965670398386,5136.0,97824.0,0.1314252336448598,0.59,0.0,0.196,0.0
48201541008,Census Tract 5410.08,29.9313827,-95.6593515,2.1722937562056996,3351.0,139393.0,0.008459214501510574,3.29,0.0,1.0,0.0
48201253601,Census Tract 2536.01,29.7660281,-94.9933574,1.203973866891613,4254.0,98152.0,0.018805829807240243,2.87,0.0,0.957,0.0
48201253102,Census Tract 2531.02,29.8277249,-94.9606696,10.035747615845233,8338.0,101836.0,0.06752218757495802,3.75,0.0,1.0,0.0
48201350202,Census Tract 3502.02,29.5954032,-95.2383815,0.7215940462367606,4545.0,84153.0,0.12123212321232123,1.69,0.0,0.562,0.0
48201350201,Census Tract 3502.01,29.5947429,-95.225701,0.6419697424788564,3813.0,104528.0,0.0999213217938631,1.42,0.0,0.475,0.0
48201432600,Census Tract 4326,29.7259349,-95.5106411,0.6270519133773167,2206.0,81731.0,0.22484134179510426,0.9,0.0,0.299,0.0
48201453604,Census Tract 4536.04,29.6792631,-95.5813011,0.4578380091482351,3589.0,98790.0,0.1058790749512399,2.91,0.0,0.969,0.0
48201455103,Census Tract 4551.03,29.7629255,-95.7590016,0.5702910350426281,3810.0,112988.0,0.03779527559055118,1.42,0.0,0.475,0.0
48201455104,Census Tract 4551.04,29.7712949,-95.7603187,0.4845771280394025,3393.0,83131.0,0.029472443265546714,0.98,0.0,0.326,0.0
48201454802,Census Tract 4548.02,29.7637449,-95.7442006,0.655036211729945,4324.0,98053.0,0.04370952821461609,1.28,0.0,0.426,0.0
48201451606,Census Tract 4516.06,29.7451993,-95.6364039,1.3091399867468891,6423.0,128056.0,0.06741398100576054,1.06,0.0,0.354,0.0
48201454901,Census Tract 4549.01,29.7532214,-95.7296887,0.41462506945639993,2428.0,138382.0,0.11037891268533773,2.29,0.0,0.764,0.0
48201412000,Census Tract 4120,29.7215371,-95.4107135,0.5774350832830658,3819.0,244483.0,0.06719160104986877,2.43,0.0,0.809,0.0
48201551102,Census Tract 5511.02,29.9740648,-95.4801776,1.0736636161623152,6546.0,87565.0,0.25190956309196455,0.63,0.0,0.209,0.0
48201240707,Census Tract 2407.07,29.9812868,-95.4150104,1.9473645382873979,5251.0,86902.0,0.08422256097560976,0.5,0.0,0.167,0.0
48201411802,Census Tract 4118.02,29.7281886,-95.4187689,0.358928674772951,2196.0,113250.0,0.09699453551912568,2.65,0.0,0.885,0.0
48201541007,Census Tract 5410.07,29.9228942,-95.6743804,1.7232198799553564,7383.0,127321.0,0.0198181077779286,3.27,0.0,1.0,0.0
48201250407,Census Tract 2504.07,29.9707487,-95.1906465,1.6323808528989734,10145.0,193974.0,0.003942828979793002,1.83,0.0,0.611,0.0
48201554904,Census Tract 5549.04,30.070044,-95.5211691,0.7028673193407055,3847.0,115211.0,0.13724980504289055,0.65,0.0,0.216,0.0
48201554907,Census Tract 5549.07,30.0781047,-95.5329241,1.2307292020734413,4476.0,88157.0,0.11729222520107238,0.87,0.0,0.289,0.0
48201543006,Census Tract 5430.06,29.9098207,-95.706624,4.670783218383192,17618.0,145722.0,0.05876241052874625,2.05,0.0,0.685,0.0
48201555305,Census Tract 5553.05,30.1476684,-95.5293569,4.661097845734898,12588.0,203088.0,0.06928719502471695,4.29,0.0,1.0,0.0
48201542107,Census Tract 5421.07,29.8722427,-95.6878599,0.5315769577027132,3822.0,90175.0,0.07796964939822083,0.68,0.0,0.228,0.0
48201542201,Census Tract 5422.01,29.8702618,-95.726161,0.7484953280345369,7542.0,87004.0,0.13617077698223282,0.61,0.0,0.204,0.0
48201310101,Census Tract 3101.01,29.7520372,-95.3434924,0.8477177912604394,2768.0,95786.0,0.23442028985507246,0.85,0.0,0.284,0.0
48201510301,Census Tract 5103.01,29.7823909,-95.3766468,0.5542291852451786,3551.0,130503.0,0.05688538439876091,0.94,0.0,0.313,0.0
48201454902,Census Tract 4549.02,29.7494783,-95.741026,1.3484401671635473,8609.0,96646.0,0.05145777674526658,2.28,0.0,0.761,0.0
48201100001,Census Tract 1000.01,29.7550044,-95.3621664,0.9846998872902162,5869.0,102588.0,0.1121911705143783,1.32,0.0,0.439,0.0
48201340702,Census Tract 3407.02,29.569193,-95.1406139,0.49954746703451086,3871.0,87604.0,0.12606561611986566,1.49,0.0,0.496,0.0
48201554701,Census Tract 5547.01,30.0029583,-95.5883784,0.5767879760652647,3382.0,87215.0,0.12684801892371378,0.47,0.0,0.156,0.0
48201554201,Census Tract 5542.01,30.0012522,-95.5650957,1.09742974843232,6498.0,83429.0,0.08065532451165722,1.61,0.0,0.536,0.0
48201251904,Census Tract 2519.04,29.9354014,-95.1058359,7.260127923907728,7486.0,109583.0,0.0650547689019503,5.41,0.0,1.0,0.0
48201253101,Census Tract 2531.01,29.8117735,-94.9911794,1.1065433037837382,6234.0,89524.0,0.07427013153673404,1.62,0.0,0.54,0.0
48201252902,Census Tract 2529.02,29.8140399,-95.0465299,3.853511126736408,6326.0,82860.0,0.09121087575086943,0.83,0.0,0.275,0.0
48201511100,Census Tract 5111,29.8084275,-95.4266541,0.7248512040466472,4485.0,162212.0,0.10013562386980109,1.38,0.0,0.459,0.0
48201323801,Census Tract 3238.01,29.6743814,-95.1891936,0.5156896260809476,4084.0,85441.0,0.11969887076537014,0.62,0.0,0.207,0.0
48201551800,Census Tract 5518,29.8866985,-95.5637825,2.405823013604491,3846.0,103387.0,0.035545023696682464,1.2,0.0,0.4,0.0
48201210600,Census Tract 2106,29.8070404,-95.3653598,0.9010767234757692,5415.0,83618.0,0.06703601108033241,1.34,0.0,0.448,0.0
48201232202,Census Tract 2322.02,29.9245986,-95.27341,2.135790499825885,5736.0,157120.0,0.013772663877266387,1.71,0.0,0.569,0.0
48201342802,Census Tract 3428.02,29.6972381,-95.1007038,1.9824979042085256,3666.0,131795.0,0.157392253136934,5.61,0.0,1.0,0.0
48201542002,Census Tract 5420.02,29.8273234,-95.7109839,0.5258923756217553,2483.0,140093.0,0.08699154248892468,1.64,0.0,0.546,0.0
48201455000,Census Tract 4550,29.754417,-95.757963,0.48186900749903444,3601.0,105625.0,0.2490974729241877,1.96,0.0,0.652,0.0
48201333802,Census Tract 3338.02,29.611946,-95.273954,1.3115048624682684,6105.0,86897.0,0.06208026208026208,0.84,0.0,0.28,0.0
48201543010,Census Tract 5430.10,29.8845421,-95.7158545,0.5280441229515915,5584.0,81671.0,0.05748567335243553,0.69,0.0,0.229,0.0
48201542106,Census Tract 5421.06,29.8720539,-95.7131657,1.1763289523363873,8489.0,87451.0,0.051360584285546,0.86,0.0,0.285,0.0
48201543005,Census Tract 5430.05,29.9308998,-95.7785544,29.08770998180374,12043.0,112123.0,0.13044922361537822,4.79,0.0,1.0,0.0
48201542305,Census Tract 5423.05,29.8249639,-95.7395706,1.0128193213983518,4761.0,87338.0,0.05524049569418189,2.16,0.0,0.721,0.0
48201541006,Census Tract 5410.06,29.9279554,-95.6791206,0.8591143686756153,6258.0,104512.0,0.1372078130003202,3.49,0.0,1.0,0.0
48201543011,Census Tract 5430.11,29.8886309,-95.708718,0.5150923260416049,4140.0,100188.0,0.07574281539210911,0.68,0.0,0.228,0.0
48201543100,Census Tract 5431,29.9640423,-95.8521748,49.20142046520824,4613.0,112981.0,0.1531122217174012,9.59,0.0,1.0,0.0
48201420400,Census Tract 4204,29.6575147,-95.4559003,0.9812106820830154,3714.0,94625.0,0.03454790823211876,1.16,0.0,0.387,0.0
48201451006,Census Tract 4510.06,29.743152,-95.5786091,0.3929523830902838,2465.0,103096.0,0.03286004056795132,2.13,0.0,0.71,0.0
48201451301,Census Tract 4513.01,29.7407161,-95.5987278,0.5820347182983786,4018.0,90086.0,0.06819313091090094,1.29,0.0,0.43,0.0
48201413302,Census Tract 4133.02,29.6852899,-95.4329933,0.6753258801639828,3768.0,170750.0,0.061040339702760085,1.65,0.0,0.549,0.0
48201543201,Census Tract 5432.01,29.7978489,-95.5716634,1.8462663907750527,6682.0,80159.0,0.14476247564813427,3.31,0.0,1.0,0.0
48201450402,Census Tract 4504.02,29.7806805,-95.614317,0.5827953395508059,2227.0,120909.0,0.06645711719802425,3.34,0.0,1.0,0.0
48201554405,Census Tract 5544.05,29.9861749,-95.7079023,1.547926025034918,8825.0,146359.0,0.08203966005665722,2.3,0.0,0.766,0.0
48201542105,Census Tract 5421.05,29.8528637,-95.711524,1.2291523608577493,10108.0,102706.0,0.1647210130589632,0.44,0.0,0.147,0.0
48201531000,Census Tract 5310,29.8251751,-95.4199886,0.9213316427155336,5027.0,182632.0,0.0483389695643525,0.64,0.0,0.214,0.0
48201552200,Census Tract 5522,29.946007,-95.6475822,3.85427058968236,7367.0,88155.0,0.054974888014117006,2.61,0.0,0.869,0.0
48201412500,Census Tract 4125,29.7089395,-95.43671,0.24923898202760478,1706.0,162885.0,0.049824150058616644,2.7,0.0,0.899,0.0
48201250404,Census Tract 2504.04,29.9895747,-95.1517146,1.2260766710624011,5041.0,123795.0,0.030152747470739934,0.91,0.0,0.302,0.0
48201252003,Census Tract 2520.03,29.9467989,-95.1550258,3.4900461377021537,10901.0,173138.0,0.005320612787817631,3.32,0.0,1.0,0.0
48201312501,Census Tract 3125.01,29.7431037,-95.3699612,0.37881370814478377,3348.0,132250.0,0.1166267942583732,0.45,0.0,0.15,0.0
48201510702,Census Tract 5107.02,29.7682184,-95.4037047,0.1979955035392035,2059.0,244293.0,0.04953861097620204,2.47,0.0,0.822,0.0
48201550700,Census Tract 5507,29.9424559,-95.4971206,2.3407675025967594,5079.0,105333.0,0.22228785193935813,1.57,0.0,0.522,0.0
48201343601,Census Tract 3436.01,29.7168436,-95.0673412,18.855412428901076,0.0,,0.0,5.6,0.0,1.0,0.0
48201340201,Census Tract 3402.01,29.6096139,-95.1668693,3.8194283447888107,0.0,,0.0,3.21,0.0,1.0,0.0
48201324102,Census Tract 3241.02,29.7278496,-95.1800402,6.613400630630695,0.0,,0.0,3.11,0.0,1.0,0.0
48201340202,Census Tract 3402.02,29.6124159,-95.1410122,6.2943157681137,8505.0,170807.0,0.04315108759553204,4.38,0.0,1.0,0.0
48201554600,Census Tract 5546,30.0022936,-95.6187959,1.4071080040595245,4645.0,142781.0,0.03183885640025991,1.78,0.0,0.595,0.0
48201341304,Census Tract 3413.04,29.5693697,-95.0880856,4.020339305727546,1543.0,80500.0,0.18464730290456433,2.87,0.0,0.956,0.0
48201510701,Census Tract 5107.01,29.7637653,-95.4040693,0.2181782216753111,2165.0,84615.0,0.23879907621247112,2.26,0.0,0.752,0.0
48201552802,Census Tract 5528.02,29.9767448,-95.5294136,1.0999587175711012,4051.0,103073.0,0.11603166749134092,0.93,0.0,0.309,0.0
48201453901,Census Tract 4539.01,29.6853389,-95.6286556,0.8912871032446554,6103.0,85130.0,0.1839841164791529,1.17,0.0,0.389,0.0
48201554502,Census Tract 5545.02,29.9909867,-95.6332334,1.7845054894865908,6006.0,151694.0,0.04312354312354312,2.41,0.0,0.805,0.0
48201554301,Census Tract 5543.01,29.98903,-95.593846,2.117858757274372,7922.0,124347.0,0.012609366958311889,1.44,0.0,0.479,0.0
48201555701,Census Tract 5557.01,30.0106051,-95.7403319,4.15600556560084,12322.0,125665.0,0.0328680409024509,4.74,0.0,1.0,0.0
48201555501,Census Tract 5555.01,30.0778065,-95.6624252,16.346686626294975,5958.0,103764.0,0.05043712172158709,1.63,0.0,0.543,0.0
48201251401,Census Tract 2514.01,30.0808776,-95.1912368,0.46417819269448307,2975.0,125521.0,0.09310924369747899,3.02,0.0,1.0,0.0
48201542302,Census Tract 5423.02,29.8107442,-95.7416055,1.716014827573861,7713.0,83406.0,0.09451575262543757,2.06,0.0,0.686,0.0
48201556000,Census Tract 5560,30.0737945,-95.8584492,51.345760425131836,15854.0,114077.0,0.07283715012722647,13.04,0.0,1.0,0.0
48201350700,Census Tract 3507,29.533973,-95.186965,0.5479279980169485,2360.0,92917.0,0.04533898305084746,1.17,0.0,0.391,0.0
48201341400,Census Tract 3414,29.5883409,-95.0634208,5.191485222686988,5678.0,147572.0,0.03670863628302891,3.79,0.0,1.0,0.0
48201421000,Census Tract 4210,29.713242,-95.4654299,0.7246214732622847,2913.0,210815.0,0.026433230346721594,1.5,0.0,0.498,0.0
48201555303,Census Tract 5553.03,30.1340396,-95.570628,8.130214543726225,16375.0,140579.0,0.09355725190839695,4.44,0.0,1.0,0.0
48201554302,Census Tract 5543.02,29.9751391,-95.6116274,2.2840008327296917,4855.0,143099.0,0.03980825343893289,2.46,0.0,0.821,0.0
48201413000,Census Tract 4130,29.6972884,-95.4423771,0.6180846907440051,3111.0,111219.0,0.05271616843458695,1.83,0.0,0.609,0.0
48201420800,Census Tract 4208,29.6843756,-95.4684615,0.8113164658504939,2829.0,226250.0,0.05905511811023622,0.97,0.0,0.323,0.0
48201251800,Census Tract 2518,29.9626494,-95.0329391,13.976712812013643,1813.0,87167.0,0.08659680088251517,7.65,0.0,1.0,0.0
48201411100,Census Tract 4111,29.7503923,-95.4140675,0.5206552859426061,3667.0,177796.0,0.046632124352331605,2.31,0.0,0.771,0.0
48201411200,Census Tract 4112,29.7530897,-95.4311683,1.3144021730663467,1700.0,176042.0,0.06,3.35,0.0,1.0,0.0
48201411400,Census Tract 4114,29.744645,-95.4330815,0.6682586662531049,2898.0,250001.0,0.025183630640083946,3.37,0.0,1.0,0.0
48201411600,Census Tract 4116,29.735475,-95.453745,0.5269194073636114,2806.0,127426.0,0.04490377761938703,2.89,0.0,0.963,0.0
48201423201,Census Tract 4232.01,29.6609441,-95.5441185,0.7484520845927745,2631.0,80141.0,0.14117199391171995,1.18,0.0,0.393,0.0
48201541401,Census Tract 5414.01,29.8574106,-95.6506938,0.5549693430832006,4542.0,81122.0,0.07793923381770146,0.94,0.0,0.314,0.0
48201554409,Census Tract 5544.09,29.9711748,-95.6704457,2.054487423882421,7224.0,151082.0,0.0,0.47,0.0,0.157,0.0
48201412202,Census Tract 4122.02,29.7053907,-95.4129548,0.5519681710044607,3496.0,167986.0,0.06686478454680535,3.27,0.0,1.0,0.0
48201542003,Census Tract 5420.03,29.811598,-95.7114603,0.45209667004996407,3809.0,92004.0,0.10974008926227356,1.08,0.0,0.359,0.0
48201555403,Census Tract 5554.03,30.1087654,-95.6300763,2.658724560708505,4474.0,82604.0,0.0723055934515689,1.33,0.0,0.444,0.0
48201542304,Census Tract 5423.04,29.822768,-95.7256964,0.7654784175823881,5523.0,84679.0,0.06402328119316116,1.95,0.0,0.649,0.0
48201541204,Census Tract 5412.04,29.8840144,-95.6598924,0.7092534490438259,5826.0,86160.0,0.023575976596110826,0.8,0.0,0.267,0.0
48201555200,Census Tract 5552,30.0956751,-95.471982,7.205958177159355,12804.0,101702.0,0.1275526233113415,2.41,0.0,0.803,0.0
48201431600,Census Tract 4316,29.7645271,-95.4837986,1.1353488414276929,3582.0,118409.0,0.09178743961352658,2.07,0.0,0.689,0.0
48201340400,Census Tract 3404,29.5797559,-95.1125417,0.612591615333709,1070.0,147115.0,0.07102803738317758,2.33,0.0,0.776,0.0
48201541701,Census Tract 5417.01,29.8232348,-95.6656646,3.082365501670199,6879.0,94661.0,0.23091519486206394,1.82,0.0,0.608,0.0
48201541902,Census Tract 5419.02,29.8227994,-95.6946413,1.144195214085365,4756.0,102899.0,0.1312026913372582,1.82,0.0,0.606,0.0
48201251300,Census Tract 2513,30.056098,-95.1997991,2.5234953684787382,7242.0,131636.0,0.028583264291632146,2.16,0.0,0.718,0.0
48201250802,Census Tract 2508.02,30.0216239,-95.1633909,1.4859913777750895,4597.0,140201.0,0.12725690667826844,1.47,0.0,0.491,0.0
48201251701,Census Tract 2517.01,30.0343158,-95.108073,3.9081345435211285,4631.0,86486.0,0.17318073850140359,3.42,0.0,1.0,0.0
48201250403,Census Tract 2504.03,29.9999182,-95.1401641,0.7966631167275899,4543.0,82480.0,0.08276469293418445,0.74,0.0,0.246,0.0
48201250801,Census Tract 2508.01,30.0114299,-95.1503648,1.169726605424455,3576.0,132574.0,0.03979678238780694,0.61,0.0,0.205,0.0
48201555001,Census Tract 5550.01,30.0670779,-95.4648732,0.7526304821530629,2483.0,134444.0,0.09383809907370116,2.03,0.0,0.676,0.0
48201251100,Census Tract 2511,30.0350367,-95.2354857,4.050169172398247,7435.0,107067.0,0.03559870550161812,1.06,0.0,0.354,0.0
48201250902,Census Tract 2509.02,30.0454205,-95.1435886,3.127934050631607,5784.0,190950.0,0.0031120331950207467,3.0,0.0,0.999,0.0
48201553601,Census Tract 5536.01,30.0268528,-95.4973489,1.1403021460202767,5173.0,115833.0,0.07080163838502047,1.19,0.0,0.398,0.0
48201410101,Census Tract 4101.01,29.7548997,-95.3821568,0.16671813987593945,2246.0,92813.0,0.17142857142857143,1.01,0.0,0.335,0.0
48201533804,Census Tract 5338.04,29.9127583,-95.4591561,1.9397243487731688,6437.0,91601.0,0.13857386981513128,0.8,0.0,0.266,0.0
48201252002,Census Tract 2520.02,29.8914099,-95.1790709,9.488408423620138,6630.0,135174.0,0.009368389241462678,3.04,0.0,1.0,0.0
48201410602,Census Tract 4106.02,29.7493804,-95.3778889,0.1461188175107105,2647.0,93715.0,0.07404608991310918,0.58,0.0,0.193,0.0
48201980700,Census Tract 9807,29.7620997,-95.3652151,0.48479180083957996,2067.0,90972.0,0.14997581035316884,1.62,0.0,0.54,0.0
48201510202,Census Tract 5102.02,29.7716159,-95.386583,1.0162652831637904,6566.0,112284.0,0.10767590618336886,1.8,0.0,0.602,0.0
48201410201,Census Tract 4102.01,29.7599093,-95.3922725,0.2416852793969004,1734.0,80037.0,0.09630911188004614,1.59,0.0,0.531,0.0
48201510201,Census Tract 5102.01,29.7649057,-95.3850246,0.3500112593180978,2450.0,118015.0,0.10163265306122449,1.72,0.0,0.573,0.0
48201431001,Census Tract 4310.01,29.7422707,-95.5481493,0.8420154484801863,2613.0,98911.0,0.062403697996918334,2.71,0.0,0.905,0.0
48201431002,Census Tract 4310.02,29.7531399,-95.5505255,0.7698367387485806,3020.0,106250.0,0.010596026490066225,3.0,0.0,1.0,0.0
48201341600,Census Tract 3416,29.5924178,-95.0146989,7.352869662401655,6841.0,120704.0,0.06077510275983558,2.43,0.0,0.811,0.0
48201553500,Census Tract 5535,30.0364405,-95.4753038,1.3671456584408799,7369.0,103684.0,0.06435305369586009,0.88,0.0,0.293,0.0
48201452103,Census Tract 4521.03,29.7315502,-95.5754462,0.2486517206443855,2559.0,84556.0,0.19140469558296858,1.9,0.0,0.632,0.0
48201412902,Census Tract 4129.02,29.683657,-95.4461584,0.47155390223007626,3184.0,95781.0,0.15859766277128548,0.93,0.0,0.311,0.0
48201412901,Census Tract 4129.01,29.6863532,-95.4542269,0.31156861179567347,1916.0,85773.0,0.17382198952879582,0.86,0.0,0.285,0.0
48201554408,Census Tract 5544.08,29.9984827,-95.6775962,2.9927133526493295,9287.0,111601.0,0.04220954021750835,1.47,0.0,0.491,0.0
48201554406,Census Tract 5544.06,30.0065617,-95.7127612,2.6149201125097057,5054.0,124500.0,0.05381875741986545,3.2,0.0,1.0,0.0
48201320902,Census Tract 3209.02,29.648769,-95.2312284,0.49353817303817665,3685.0,85656.0,0.06648575305291723,1.42,0.0,0.474,0.0
48201342801,Census Tract 3428.01,29.6847511,-95.102969,0.8789028765078,5306.0,126488.0,0.023369770071617037,5.39,0.0,1.0,0.0
