geoid,name,lat,lon,aland_sqmi,population,median_hh_income,poverty_rate,snap_rate
48201342001,Census Tract 3420.01,29.6410729,-95.1289991,1.9510456362674191,6399.0,147576.0,0.09126426004063135,0.037534754402224285
48201421101,Census Tract 4211.01,29.7222779,-95.4700803,0.4782087590355772,2746.0,57039.0,0.24726875455207575,0.11842105263157894
48201423301,Census Tract 4233.01,29.6696145,-95.5174645,0.6386260977854451,4664.0,52578.0,0.12049742710120069,0.16085918854415274
48201453401,Census Tract 4534.01,29.6544782,-95.5763225,0.3719766111204271,3639.0,74928.0,0.2283507997793712,0.2657973921765296
48201331100,Census Tract 3311,29.6749553,-95.3691233,1.2476215576140233,4129.0,58717.0,0.24660194174757283,0.3423749246534057
48201331200,Census Tract 3312,29.6635175,-95.3705233,1.3691653588324775,5016.0,32156.0,0.37042225335201123,0.4675603217158177
48201331300,Census Tract 3313,29.6462011,-95.379166,1.7523895119348638,5819.0,41975.0,0.337891639259131,0.26977475117862754
48201331400,Census Tract 3314,29.6526092,-95.3623778,0.6014514097518386,3353.0,21099.0,0.7807933194154488,0.46802030456852795
48201321700,Census Tract 3217,29.6779849,-95.2355748,0.7450953124259709,3202.0,77482.0,0.12589815682599187,0.18403115871470302
48201554905,Census Tract 5549.05,30.0608261,-95.5233122,3.78567568018681,8210.0,129497.0,0.09342265529841656,0.12407910042652191
48201541005,Census Tract 5410.05,29.9115067,-95.631272,0.6320372644490635,4587.0,78116.0,0.0329191192500545,0.08730461303850552
48201541004,Census Tract 5410.04,29.9182594,-95.6410942,1.4271729610372614,5738.0,76413.0,0.069856793573175,0.06433350488934637
48201554804,Census Tract 5548.04,30.0541221,-95.5555414,3.244996364095278,4671.0,137115.0,0.014712245781047165,0.07635746606334842
48201350102,Census Tract 3501.02,29.5645758,-95.2314615,1.7508474199134452,5213.0,120419.0,0.04316132745060426,0.0
48201555002,Census Tract 5550.02,30.0633677,-95.4875321,1.3896805109271333,4839.0,93409.0,0.1483777640008266,0.13719862227324914
48201554906,Census Tract 5549.06,30.0534364,-95.5012016,0.7564420826626884,4743.0,92700.0,0.07179161372299873,0.08879618593563766
48201553804,Census Tract 5538.04,30.033699,-95.5283334,1.0538998188682804,5826.0,69227.0,0.10332990044627531,0.14416709118695872
48201553803,Census Tract 5538.03,30.0373066,-95.5193169,1.031282726622247,4828.0,118500.0,0.03003314001657001,0.006032171581769437
48201240804,Census Tract 2408.04,30.0274141,-95.425315,0.3460239823263127,2993.0,41701.0,0.2579351820915469,0.23457792207792208
48201241302,Census Tract 2413.02,30.0538133,-95.4189823,3.6779829078057045,8982.0,96767.0,0.018704074816299265,0.09039900249376559
48201555704,Census Tract 5557.04,30.0127186,-95.7668733,3.0548638310158114,8211.0,165000.0,0.0023139690658872244,0.0
48201554404,Census Tract 5544.04,29.9748177,-95.6401025,2.30164299866226,4776.0,189167.0,0.005455308434746118,0.0
48201555505,Census Tract 5555.05,30.0173017,-95.6174434,2.889045695271551,11508.0,132500.0,0.1070559610705596,0.06625835189309577
48201250305,Census Tract 2503.05,29.9758067,-95.2100988,0.9153636616501688,5769.0,89746.0,0.10677760443751083,0.0381246780010304
48201250901,Census Tract 2509.01,30.042393,-95.1682727,1.3188226566800727,4067.0,93466.0,0.09540201622817802,0.015410016510731976
48201521402,Census Tract 5214.02,29.824482,-95.503472,0.3592997189473584,3430.0,43276.0,0.4084548104956268,0.21227364185110664
48201520501,Census Tract 5205.01,29.8148906,-95.4713169,1.7841873413079106,4009.0,44181.0,0.32125905570821883,0.37920250195465205
48201521701,Census Tract 5217.01,29.8574849,-95.5312384,1.5768493238372434,4632.0,31588.0,0.4830213321723988,0.10660744031093837
48201551901,Census Tract 5519.01,29.9034698,-95.5860688,0.14568174986718377,2362.0,73713.0,0.018628281117696866,0.07097361237488627
48201240903,Census Tract 2409.03,30.0232938,-95.2961955,1.2346782549515256,6344.0,91250.0,0.13546641197070997,0.13594232749742532
48201240904,Census Tract 2409.04,30.016377,-95.2808909,3.4214068264583655,9142.0,76500.0,0.0925399256180267,0.12172854534388314
48201241104,Census Tract 2411.04,30.0555703,-95.3649226,1.8228442755283538,11688.0,90348.0,0.18487394957983194,0.2648888888888889
48201241001,Census Tract 2410.01,30.0360198,-95.345555,1.3536093028627842,3587.0,82663.0,0.0959018678561472,0.11102941176470588
48201350804,Census Tract 3508.04,29.513441,-95.1479447,4.103920770508865,6520.0,154221.0,0.05076687116564417,0.033702455464612424
48201554808,Census Tract 5548.08,30.0377128,-95.5752702,0.7836201997081755,3205.0,147338.0,0.10764430577223089,0.09186602870813397
48201550202,Census Tract 5502.02,29.9568578,-95.4315035,0.6635887606449282,2240.0,21576.0,0.4533271719038817,0.46110484780157834
48201550201,Census Tract 5502.01,29.9617736,-95.4231577,0.303980932175013,1946.0,35625.0,0.3931140801644399,0.28463855421686746
48201551705,Census Tract 5517.05,29.9177092,-95.5771799,0.9206188981307718,4738.0,117615.0,0.07070493879273955,0.051329622758194186
48201521702,Census Tract 5217.02,29.8452404,-95.506807,0.5433210270606224,3159.0,34656.0,0.35327635327635326,0.2623413258110014
48201552304,Census Tract 5523.04,29.9623205,-95.5986953,0.951406298154782,2079.0,91350.0,0.02837902837902838,0.0
48201550307,Census Tract 5503.07,30.0037426,-95.4517305,1.051471622392892,2841.0,45972.0,0.2182330165434706,0.17212426532325778
48201550308,Census Tract 5503.08,29.9894493,-95.428432,0.5454963266221327,2993.0,36393.0,0.45506181089208153,0.15492957746478872
48201252001,Census Tract 2520.01,29.9402499,-95.1858641,2.856588403411628,7718.0,84720.0,0.060637470847369784,0.0
48201554908,Census Tract 5549.08,30.0881667,-95.5462932,2.143899031258487,7681.0,118409.0,0.05637286811613071,0.062066306861989204
48201520603,Census Tract 5206.03,29.806804,-95.4870314,0.1364840242451924,2037.0,32691.0,0.31795131845841784,0.2998661311914324
48201521201,Census Tract 5212.01,29.8070095,-95.5037111,0.18573637390173195,2057.0,59139.0,0.3884297520661157,0.1731301939058172
48201250405,Census Tract 2504.05,29.9888134,-95.1692983,0.9928640174336554,9951.0,114458.0,0.09556828459451311,0.17237834132967786
48201250303,Census Tract 2503.03,29.9414055,-95.2429539,0.8054133499477726,3416.0,82586.0,0.12939110070257612,0.02119309262166405
48201250201,Census Tract 2502.01,29.9477753,-95.2574989,1.7837811618370711,7894.0,59350.0,0.07638712946541677,0.1777691711851278
48201532004,Census Tract 5320.04,29.8497909,-95.4668048,0.6061657171082535,5291.0,30318.0,0.43677943677943676,0.2876712328767123
48201532003,Census Tract 5320.03,29.8597534,-95.4724104,0.3902786256420305,4018.0,32738.0,0.5214036834245893,0.18083756345177665
48201541207,Census Tract 5412.07,29.8996013,-95.6762678,0.8748125102396705,4262.0,170938.0,0.004953998584571833,0.0
48201551101,Census Tract 5511.01,29.9871263,-95.4877052,0.7060642452138516,3765.0,,0.2978149446992177,0.2971698113207547
48201232701,Census Tract 2327.01,29.7886493,-95.2278273,1.8026422522843166,7134.0,39069.0,0.3148984198645598,0.28931875525651807
48201233103,Census Tract 2331.03,29.7764643,-95.1762714,0.6300337803481268,5036.0,46522.0,0.2692613185067514,0.3168918918918919
48201420600,Census Tract 4206,29.6611026,-95.47013,0.4653361130681021,2358.0,92219.0,0.07845631891433417,0.041530054644808745
48201420700,Census Tract 4207,29.6720209,-95.4694801,0.8787557715853762,2872.0,199875.0,0.012186629526462395,0.02032520325203252
48201420900,Census Tract 4209,29.6971725,-95.4701609,1.3418355036386636,6130.0,246500.0,0.01553302812295618,0.010610079575596816
48201555401,Census Tract 5554.01,30.1064451,-95.606199,5.189889848567684,3953.0,153981.0,0.08727272727272728,0.08573784006595218
48201322800,Census Tract 3228,29.7061269,-95.181071,1.2012402636087778,5509.0,65417.0,0.20174799708667152,0.2255346727154893
48201314001,Census Tract 3140.01,29.6989346,-95.392391,0.5428909092559503,3169.0,62500.0,0.14938361131254532,0.06792452830188679
48201320602,Census Tract 3206.02,29.6779973,-95.2584571,0.5847161977898038,4365.0,52061.0,0.293241695303551,0.32283991962491626
48201534201,Census Tract 5342.01,29.9122332,-95.5480223,1.283196624404581,3371.0,69457.0,0.04520464263897373,0.15903614457831325
48201551703,Census Tract 5517.03,29.9160164,-95.5626131,1.1935861744168395,8108.0,81757.0,0.039590527873704984,0.1679712981082844
48201540901,Census Tract 5409.01,29.8897165,-95.6244438,0.6075950672993631,3102.0,96316.0,0.11057382333978079,0.008029197080291971
48201253300,Census Tract 2533,29.7636949,-95.0522898,2.9886465386128744,3682.0,98977.0,0.06110809342748506,0.11276948590381426
48201252100,Census Tract 2521,29.8857019,-95.1359238,8.958183981778975,3992.0,93000.0,0.16439737771053958,0.14035087719298245
48201253000,Census Tract 2530,29.8226332,-95.0194223,5.7858717351409,4911.0,53521.0,0.2543270209733252,0.21420824295010846
48201453800,Census Tract 4538,29.6710858,-95.6087294,0.7057391471963167,3614.0,59391.0,0.10049232551404576,0.14494074749316319
48201450500,Census Tract 4505,29.778364,-95.6347799,1.111009347452178,3412.0,144891.0,0.038686987104337635,0.007343124165554072
48201433400,Census Tract 4334,29.6860826,-95.5412492,0.6318442133697671,4329.0,46243.0,0.2383922383922384,0.1857638888888889
48201450100,Census Tract 4501,29.7772428,-95.5669287,0.319446254137437,1874.0,151111.0,0.016008537886873,0.029661016949152543
48201450200,Census Tract 4502,29.7792596,-95.5795765,1.0448325957758935,5965.0,150709.0,0.07292539815590947,0.10077519379844961
48201454000,Census Tract 4540,29.6960205,-95.6509213,0.7905186869757483,4332.0,64322.0,0.17475052216291484,0.17133956386292834
48201340600,Census Tract 3406,29.5758631,-95.1312524,0.6275673597590377,2463.0,124435.0,0.021112464474218433,0.01417004048582996
48201340800,Census Tract 3408,29.5814929,-95.1438192,1.1141333000173503,6143.0,142072.0,0.051277877258668406,0.06469135802469136
48201433300,Census Tract 4333,29.6984381,-95.5296222,0.9351726328967588,4680.0,86925.0,0.07243589743589744,0.06972789115646258
48201554103,Census Tract 5541.03,30.0117271,-95.5542214,1.041230262636225,5154.0,105958.0,0.03647652308886302,0.062263129399025445
48201554104,Census Tract 5541.04,30.0222443,-95.5601615,0.6978136281868877,4064.0,126094.0,0.1717547778605113,0.01624815361890694
48201555102,Census Tract 5551.02,30.0768899,-95.4532284,1.5663237928918523,6083.0,89318.0,0.03550879500246589,0.02314445331205108
48201553201,Census Tract 5532.01,30.0239023,-95.4508945,0.8880314898434032,2545.0,74046.0,0.2110839445802771,0.1282316442605998
48201550304,Census Tract 5503.04,30.0142088,-95.4362249,0.6382967526441656,1611.0,26174.0,0.32464307883302296,0.328748280605227
48201520502,Census Tract 5205.02,29.8349288,-95.4960956,1.1138468122156746,4644.0,49909.0,0.16602067183462532,0.027405602923264313
48201240905,Census Tract 2409.05,30.0117128,-95.3173786,0.8029523347889037,5370.0,74907.0,0.1340782122905028,0.043132803632236094
48201550406,Census Tract 5504.06,29.9864065,-95.4518192,1.2509223449678308,4271.0,41080.0,0.22734722547412783,0.1261437908496732
48201520604,Census Tract 5206.04,29.806917,-95.4950326,0.3836870895905387,3447.0,81483.0,0.20481578183928054,0.11931330472103004
48201521501,Census Tract 5215.01,29.8250079,-95.5228108,0.19147192146762404,2853.0,52917.0,0.35808639771510176,0.16267942583732056
48201250304,Census Tract 2503.04,29.9546046,-95.2302997,3.608527376598652,11105.0,97133.0,0.05133396855645545,0.11413651622528907
48201250602,Census Tract 2506.02,29.9892066,-95.2359085,3.7357762233124694,4634.0,50297.0,0.39253344842468707,0.37804117280099814
48201241301,Census Tract 2413.01,30.0849086,-95.4249316,2.94132392754498,5161.0,118261.0,0.15791513272621585,0.09802712700369914
48201433100,Census Tract 4331,29.6970199,-95.5546339,0.32436249292279573,3295.0,47480.0,0.31836115326251896,0.3018181818181818
48201520200,Census Tract 5202,29.789358,-95.476561,0.7267797843288168,3189.0,151607.0,0.038883662590153655,0.03528528528528529
48201520700,Census Tract 5207,29.7993191,-95.4967336,0.7594660347687852,4505.0,128966.0,0.035826242722794444,0.02235294117647059
48201412300,Census Tract 4123,29.7157544,-95.4241774,0.9193173477541563,6959.0,250001.0,0.01235809742779135,0.0
48201412400,Census Tract 4124,29.7161946,-95.4352661,0.6523292494960528,4525.0,250001.0,0.018342541436464087,0.0
48201233702,Census Tract 2337.02,29.7473922,-95.2378885,0.950814017443501,3057.0,44318.0,0.31861301929996727,0.2914691943127962
48201241101,Census Tract 2411.01,30.0624648,-95.3891185,0.7902484154647336,4538.0,79777.0,0.16978193146417445,0.16386247256766642
48201423600,Census Tract 4236,29.6367522,-95.5194957,1.2845765535193905,7068.0,66356.0,0.060837577815506506,0.20976200080677693
48201423100,Census Tract 4231,29.6692469,-95.5441443,0.6314534779852715,2871.0,34656.0,0.41553465691396724,0.4044350580781415
48201343000,Census Tract 3430,29.6575506,-95.1071561,2.2650617496464105,8808.0,63542.0,0.1486117432862995,0.12360655737704918
48201343200,Census Tract 3432,29.6581158,-95.0553648,1.8079430488196335,5446.0,118359.0,0.031215571061329415,0.028555738605161998
48201422702,Census Tract 4227.02,29.698989,-95.5093677,0.49656791667665223,3445.0,74914.0,0.206966618287373,0.1789568345323741
48201422701,Census Tract 4227.01,29.6973752,-95.4999729,0.7095129096944002,4750.0,55286.0,0.14526315789473684,0.2026300059772863
48201431801,Census Tract 4318.01,29.7444607,-95.4722754,0.4753400199972347,3660.0,78551.0,0.13633879781420766,0.07173194903256253
48201222502,Census Tract 2225.02,29.9238788,-95.3879088,1.3019152431553056,3969.0,52594.0,0.26824955796918415,0.22169811320754718
48201533802,Census Tract 5338.02,29.9279133,-95.4673459,2.1413542319312038,6909.0,71128.0,0.12650166449558548,0.20544959128065396
48201410401,Census Tract 4104.01,29.7475136,-95.4063924,0.3394042608172437,3899.0,116934.0,0.04744806360605283,0.0
48201410801,Census Tract 4108.01,29.7364644,-95.4049911,0.20347969859985188,2664.0,83026.0,0.2301051051051051,0.028350515463917526
48201432705,Census Tract 4327.05,29.7253976,-95.4962756,0.18243983367166888,5242.0,34030.0,0.5210913312693498,0.26497277676951
48201313901,Census Tract 3139.01,29.6945254,-95.3831759,0.8192273129778963,3964.0,80819.0,0.1057013118062563,0.08762638420799229
48201314003,Census Tract 3140.03,29.6919314,-95.3978089,0.3387440261260505,2689.0,52500.0,0.3289865871833085,0.04847645429362881
48201314402,Census Tract 3144.02,29.6881908,-95.4081943,0.733126531611761,2037.0,84961.0,0.09621993127147767,0.016548463356973995
48201412201,Census Tract 4122.01,29.7092496,-95.4082503,0.37313646200483913,2331.0,135417.0,0.15665236051502146,0.0
48201411902,Census Tract 4119.02,29.7266021,-95.3929645,0.32454511924380997,2391.0,113125.0,0.149246475449684,0.0
48201313801,Census Tract 3138.01,29.6887347,-95.3695345,0.34672398553984096,1549.0,19330.0,0.5364751452550033,0.4986111111111111
48201350604,Census Tract 3506.04,29.5414881,-95.184377,0.5617786407521385,3684.0,111250.0,0.010218171775752554,0.03982621288921072
48201222504,Census Tract 2225.04,29.9230752,-95.404839,0.11368430567814461,3340.0,36968.0,0.40718562874251496,0.24574468085106382
48201333501,Census Tract 3335.01,29.6632523,-95.2812822,0.38009518120915237,3311.0,41558.0,0.2379945635759589,0.3608768971332209
48201333302,Census Tract 3333.02,29.6396783,-95.2568873,2.0941957142807115,3515.0,53783.0,0.18036984352773827,0.31867057673509286
48201552902,Census Tract 5529.02,29.9934826,-95.5176966,1.1163765535587729,5286.0,90000.0,0.2077551796236457,0.16251482799525505
48201431505,Census Tract 4315.05,29.754609,-95.4842534,0.12180094525607688,1480.0,89904.0,0.07650273224043716,0.008839779005524863
48201520302,Census Tract 5203.02,29.7987278,-95.4802566,0.3115458317683165,2591.0,78026.0,0.23697414125820146,0.1310483870967742
48201520301,Census Tract 5203.01,29.7986856,-95.4719357,0.25994598098753435,2443.0,67930.0,0.2271796970937372,0.10797174571140263
48201410704,Census Tract 4107.04,29.7422384,-95.38543,0.19472174333649742,2087.0,74537.0,0.13128893148059415,0.04199475065616798
48201511003,Census Tract 5110.03,29.7954445,-95.4339739,0.4115748624035189,1889.0,73507.0,0.08205399682371625,0.0
48201511202,Census Tract 5112.02,29.8042125,-95.4172883,0.38219673525837156,3510.0,172860.0,0.02621082621082621,0.004595060310166571
48201432706,Census Tract 4327.06,29.7291733,-95.4937956,0.25953285167784035,2243.0,34085.0,0.507356219349086,0.28493150684931506
48201511501,Census Tract 5115.01,29.8083233,-95.4058178,0.4804767231151498,3757.0,123696.0,0.08570668086239021,0.020080321285140562
48201350803,Census Tract 3508.03,29.5305279,-95.1480356,1.5821593868243666,3059.0,60489.0,0.043963254593175856,0.10485573539760731
48201221601,Census Tract 2216.01,29.892647,-95.405513,0.4541997685078176,3264.0,69133.0,0.40808823529411764,0.04404145077720207
48201432003,Census Tract 4320.03,29.7347013,-95.4870018,0.1384751530770541,1763.0,38774.0,0.30005672149744755,0.051594746716697934
48201431303,Census Tract 4313.03,29.7405491,-95.4988604,0.10708813640074974,1615.0,55164.0,0.12198142414860681,0.052833813640730067
48201432102,Census Tract 4321.02,29.7337526,-95.5079975,0.3976798179200908,4822.0,54754.0,0.14922561741314358,0.12934071464519376
48201551501,Census Tract 5515.01,29.9467821,-95.5565346,1.4918361922518633,4311.0,70223.0,0.20359981299672744,0.41239721695129666
48201250601,Census Tract 2506.01,29.9930889,-95.2642168,1.6771829890755754,3429.0,52180.0,0.17703349282296652,0.142049025769956
48201241201,Census Tract 2412.01,30.041975,-95.3917049,0.6619605678421435,3062.0,76841.0,0.0643370346178968,0.1563393708293613
48201241105,Census Tract 2411.05,30.0439159,-95.3652759,0.7229399983616142,5514.0,78936.0,0.13638012332245195,0.2530562347188264
48201554809,Census Tract 5548.09,30.0550199,-95.5715259,2.8758865615024,10919.0,92083.0,0.1203064409344557,0.03985507246376811
48201532102,Census Tract 5321.02,29.8469526,-95.4824502,0.27816730015799185,3308.0,37267.0,0.4507255139056832,0.21285140562248997
48201532302,Census Tract 5323.02,29.8551297,-95.4963843,1.4907628282509762,4414.0,63657.0,0.4109651110104214,0.16312056737588654
48201350104,Census Tract 3501.04,29.5919985,-95.2587687,2.1754431915133385,5653.0,99877.0,0.1457633115160092,0.21246753246753247
48201551601,Census Tract 5516.01,29.9297849,-95.5565467,0.530376566091649,3000.0,68002.0,0.31808943089430897,0.29242262540021347
48201411504,Census Tract 4115.04,29.7353929,-95.4329529,0.35994566785868376,2669.0,126806.0,0.13862869988759835,0.03356481481481482
48201411506,Census Tract 4115.06,29.7330676,-95.4394595,0.14463772963034954,2971.0,99901.0,0.052844160215415686,0.09854014598540146
48201411505,Census Tract 4115.05,29.7355709,-95.4447356,0.3294181145874064,3303.0,101736.0,0.08174386920980926,0.0367561260210035
48201220702,Census Tract 2207.02,29.8274619,-95.3485071,0.8056399919148663,3805.0,29853.0,0.33912810912008556,0.2271214642262895
48201341001,Census Tract 3410.01,29.5520045,-95.1364907,0.4790272956117934,3973.0,62356.0,0.11200604077523282,0.029863855950812472
48201251903,Census Tract 2519.03,29.9650894,-95.1055239,9.059573250318898,4395.0,120078.0,0.022070534698521046,0.01345565749235474
48201322702,Census Tract 3227.02,29.7060332,-95.1668094,0.49101924255551893,4356.0,90929.0,0.10146923783287419,0.13713405238828968
48201431902,Census Tract 4319.02,29.7364815,-95.4641258,0.35743484552135646,2469.0,111667.0,0.044892915980230645,0.007594936708860759
48201431803,Census Tract 4318.03,29.745855,-95.4654037,0.13126469526533852,2339.0,74530.0,0.06412997007268063,0.044372990353697746
48201530800,Census Tract 5308,29.8534493,-95.4202266,1.7760803542839432,3919.0,45510.0,0.18123227635988656,0.20784103114930183
48201531500,Census Tract 5315,29.8369083,-95.476414,0.7365775127052611,2639.0,64688.0,0.12054586808188021,0.05371900826446281
48201531600,Census Tract 5316,29.8377907,-95.4542407,0.9094018582193415,3002.0,190234.0,0.029980013324450366,0.028951486697965573
48201531700,Census Tract 5317,29.8357787,-95.435762,0.7191832243585088,3947.0,219854.0,0.014807250446770488,0.0064794816414686825
48201553002,Census Tract 5530.02,30.0113973,-95.4792358,1.759266763583714,4832.0,85335.0,0.13389900662251655,0.03094059405940594
48201553001,Census Tract 5530.01,30.001603,-95.4963502,1.8067187188747365,7218.0,89772.0,0.08695049230342532,0.07707747892412686
48201211600,Census Tract 2116,29.7809192,-95.3115924,0.4550032470998487,2802.0,49485.0,0.17987152034261242,0.2654784240150094
48201211700,Census Tract 2117,29.8002294,-95.3046398,1.7151117346249132,3838.0,49508.0,0.19338353953738568,0.27292263610315187
48201531200,Census Tract 5312,29.826857,-95.451949,0.7393578343492859,3801.0,92837.0,0.11934374173061657,0.09209707529558182
48201342900,Census Tract 3429,29.6717497,-95.1052453,2.295234088931783,6997.0,114367.0,0.023438616549949977,0.04119850187265917
48201312300,Census Tract 3123,29.7377278,-95.3603674,0.5448140841078997,2733.0,74789.0,0.25749167591564925,0.25
48201332000,Census Tract 3320,29.6724402,-95.3468136,0.8530467732533337,5918.0,22162.0,0.46772505233775297,0.5027442371020856
48201412600,Census Tract 4126,29.7148302,-95.4445078,0.4677616068283804,3850.0,250001.0,0.023376623376623377,0.0073475385745775165
48201531800,Census Tract 5318,29.8534594,-95.4363437,1.257457510104168,2928.0,35875.0,0.3650956284153005,0.3642611683848797
48201531900,Census Tract 5319,29.8531323,-95.4532319,1.673334322758725,6140.0,40473.0,0.39580581241743723,0.32245494398441304
48201510100,Census Tract 5101,29.7699275,-95.3714316,0.5586442634286842,3096.0,180817.0,0.015180878552971577,0.0
48201510400,Census Tract 5104,29.7837507,-95.3925984,0.5708879489798121,3852.0,218356.0,0.03323811996883926,0.0
48201510500,Census Tract 5105,29.7838269,-95.4034913,0.6734166049897427,5097.0,140217.0,0.012556405728860114,0.01739788199697428
48201550601,Census Tract 5506.01,29.9572629,-95.458552,0.7858769668251488,7107.0,70445.0,0.16898832137329395,0.19338539274230593
48201321401,Census Tract 3214.01,29.6655228,-95.2267046,0.798822586100598,3726.0,52548.0,0.3132045088566828,0.2504655493482309
48201323702,Census Tract 3237.02,29.6453195,-95.1766173,0.4092242724620076,3622.0,66084.0,0.11512976256212037,0.0603305785123967
48201340203,Census Tract 3402.03,29.6082723,-95.1006897,4.410209049183628,4608.0,135756.0,0.031684027777777776,0.036013813517513565
48201342002,Census Tract 3420.02,29.6389403,-95.152781,1.3867855169420065,4221.0,81197.0,0.10822510822510822,0.024217365623154165
48201534001,Census Tract 5340.01,29.9067243,-95.484272,1.4999879671262275,3341.0,68889.0,0.0796168811733014,0.08928571428571429
48201533902,Census Tract 5339.02,29.9303913,-95.5011574,0.7478223519721101,5511.0,32020.0,0.2783523861368173,0.3436705643111337
48201550603,Census Tract 5506.03,29.9576622,-95.4700684,0.6730119699275376,5031.0,69919.0,0.16083499005964214,0.14168377823408623
48201551400,Census Tract 5514,29.9627026,-95.5229211,3.057209401629261,6451.0,82500.0,0.032243063090993646,0.05084033613445378
48201250701,Census Tract 2507.01,30.0123645,-95.2229316,6.773458894373071,7051.0,130218.0,0.10353141398383207,0.1343680709534368
48201250702,Census Tract 2507.02,30.0032624,-95.1784012,1.1715636794950384,4136.0,111364.0,0.05350598582946494,0.02096569250317662
48201251503,Census Tract 2515.03,30.0736328,-95.1850599,0.3571186278534692,2767.0,139571.0,0.003677822728944465,0.0034965034965034965
48201251402,Census Tract 2514.02,30.0732098,-95.2013121,1.030773071772905,6730.0,59179.0,0.24018510225406778,0.0992078460958129
48201251902,Census Tract 2519.02,29.9081093,-95.096189,6.366680579085748,7899.0,122281.0,0.12385670731707317,0.11240149315636665
48201511001,Census Tract 5110.01,29.799065,-95.4421699,0.8764916685273896,3593.0,97589.0,0.06255331248222917,0.007441327990841442
48201522302,Census Tract 5223.02,29.7894965,-95.5380653,0.50010731516447,3259.0,61620.0,0.15679656336299477,0.04172274562584118
48201522202,Census Tract 5222.02,29.800453,-95.5378892,0.6828143315298849,4088.0,61204.0,0.27299412915851273,0.18810289389067525
48201522301,Census Tract 5223.01,29.7902459,-95.5268985,0.5350854680178435,4012.0,57438.0,0.26922081283976185,0.06770186335403727
48201522201,Census Tract 5222.01,29.805881,-95.5332965,0.6288117670161815,5184.0,73152.0,0.2665505226480836,0.09119010819165378
48201240600,Census Tract 2406,29.9583819,-95.4082234,0.9952288931550346,3500.0,32641.0,0.49914285714285717,0.32441471571906355
48201311600,Census Tract 3116,29.7011087,-95.2861718,0.18965067758554305,3614.0,37955.0,0.44023242944106256,0.2664835164835165
48201233105,Census Tract 2331.05,29.7817278,-95.1624556,0.6321492340750553,4595.0,44508.0,0.3710554951033732,0.33053221288515405
48201252201,Census Tract 2522.01,29.8265714,-95.1639591,1.0331236617144162,5108.0,64598.0,0.01076742364917776,0.08460325801366264
48201232404,Census Tract 2324.04,29.8332625,-95.192846,1.4592696334810589,3969.0,52123.0,0.35500125976316455,0.21717171717171718
48201232203,Census Tract 2322.03,29.9245342,-95.2359858,3.8143715648177245,5823.0,73328.0,0.1573072299501975,0.09223646723646724
48201232306,Census Tract 2323.06,29.8444593,-95.201395,1.6464948173063236,4202.0,64439.0,0.18158019990480723,0.17307692307692307
48201541603,Census Tract 5416.03,29.8430246,-95.6544993,0.9162748627444471,6850.0,52350.0,0.2770802919708029,0.1780821917808219
48201221701,Census Tract 2217.01,29.8769151,-95.3770709,1.1169703786786882,5311.0,67326.0,0.28789305215590283,0.16752387950036737
48201330801,Census Tract 3308.01,29.6071481,-95.3286539,5.69163578129322,6752.0,64430.0,0.23981564079690754,0.12900703674745895
48201333502,Census Tract 3335.02,29.6670118,-95.2847899,0.35037805636876074,2504.0,83269.0,0.3146964856230032,0.11764705882352941
48201321301,Census Tract 3213.01,29.6494261,-95.2190701,0.21710640208305823,3718.0,32833.0,0.4250067805804177,0.2612546125461255
48201321102,Census Tract 3211.02,29.6274808,-95.213118,0.9877709438596612,4274.0,93553.0,0.04491444866920152,0.048576214405360134
48201321002,Census Tract 3210.02,29.6400281,-95.2257017,1.0263908122728795,5200.0,60607.0,0.13576923076923078,0.08249721293199554
48201333903,Census Tract 3339.03,29.6203684,-95.2345098,0.7304396466901155,3720.0,63494.0,0.198110661268556,0.12336160370084812
48201221301,Census Tract 2213.01,29.8524559,-95.3782561,0.7211739670882119,4052.0,69180.0,0.2250740375123396,0.09375
48201552401,Census Tract 5524.01,29.9319111,-95.5969355,0.9920717358042235,5253.0,54375.0,0.13896820864268036,0.21193415637860083
48201552402,Census Tract 5524.02,29.9448636,-95.5965247,1.3681607210158198,3108.0,109813.0,0.059202059202059204,0.03479125248508946
48201551202,Census Tract 5512.02,29.9713668,-95.50483,0.6082383134955782,3674.0,89265.0,0.06967882416984214,0.1873015873015873
48201551201,Census Tract 5512.01,29.9767364,-95.4988213,0.7701247709588906,4843.0,54877.0,0.14577741069584968,0.1410338225909381
48201552502,Census Tract 5525.02,29.9554002,-95.5711679,1.084674477521057,6384.0,94063.0,0.020363408521303257,0.14516874711049468
48201552501,Census Tract 5525.01,29.9447261,-95.57652,1.0260676447661377,5114.0,49431.0,0.35784122017989833,0.15258358662613983
48201552603,Census Tract 5526.03,29.9616788,-95.5566562,0.5579056499992967,5595.0,51952.0,0.36743515850144093,0.3009877977919814
48201552604,Census Tract 5526.04,29.9639022,-95.573699,0.570204934261262,3025.0,92869.0,0.23140495867768596,0.01636520241171404
48201552702,Census Tract 5527.02,29.9812965,-95.557482,1.1103155218731873,6008.0,62810.0,0.11907553173672751,0.050860420650095606
48201552801,Census Tract 5528.01,29.9861698,-95.5356613,1.3854075183379897,5357.0,89744.0,0.14772941398153383,0.0254602428515472
48201554807,Census Tract 5548.07,30.036248,-95.596532,2.1892146833060173,6545.0,105436.0,0.07627378759975445,0.089749430523918
48201532101,Census Tract 5321.01,29.8440369,-95.4780006,0.45012754904114216,3746.0,66076.0,0.07882701103040086,0.06951219512195123
48201532504,Census Tract 5325.04,29.8848443,-95.5121858,1.0383020638654592,4644.0,108854.0,0.04975231531337497,0.17346123101518784
48201532503,Census Tract 5325.03,29.8904068,-95.5178039,0.818393718417495,5605.0,93836.0,0.13862622658340767,0.07917705735660847
48201534204,Census Tract 5342.04,29.8848015,-95.53635,0.8768322106312681,4775.0,72234.0,0.14617801047120418,0.0465230166503428
48201534205,Census Tract 5342.05,29.8942571,-95.5378114,0.9656368654140269,3760.0,86750.0,0.12047872340425532,0.020486555697823303
48201534102,Census Tract 5341.02,29.9099181,-95.5159804,1.9039303620586892,5432.0,100333.0,0.2069029162052418,0.20238095238095238
48201534101,Census Tract 5341.01,29.9183655,-95.5327653,2.950163350363798,2973.0,95994.0,0.054462403373155305,0.005807200929152149
48201540101,Census Tract 5401.01,29.8464814,-95.5873121,4.621878360669386,7031.0,239125.0,0.04835727492533068,0.0
48201540102,Census Tract 5401.02,29.8681241,-95.5826896,3.8830062428356094,6316.0,71924.0,0.16386953768207727,0.0733509234828496
48201540903,Census Tract 5409.03,29.9059343,-95.6255423,0.5520222253066637,3562.0,63325.0,0.0982594048287479,0.10444027517198248
48201522002,Census Tract 5220.02,29.8263308,-95.5307746,0.3502294070377026,3096.0,97356.0,0.22714962762356128,0.2091020910209102
48201330302,Census Tract 3303.02,29.6157778,-95.4765614,2.3342620673266334,5141.0,61330.0,0.17703631010794896,0.2068527918781726
48201333201,Census Tract 3332.01,29.6693964,-95.2699523,0.4418495187609182,5266.0,60615.0,0.1910368401063426,0.17231795441912173
48201340301,Census Tract 3403.01,29.5914944,-95.126475,1.374566928031187,3541.0,218304.0,0.0073425585992657446,0.0
48201532600,Census Tract 5326,29.8918513,-95.486287,1.0330900708266186,6375.0,53333.0,0.1523137254901961,0.25919117647058826
48201310700,Census Tract 3107,29.7210983,-95.3160719,0.7517934126732343,3342.0,63527.0,0.08628983764281419,0.061577934573444515
48201231200,Census Tract 2312,29.8652468,-95.2461811,5.362396432005242,5432.0,28229.0,0.42507363770250367,0.43811011323701676
48201422000,Census Tract 4220,29.6620014,-95.4846575,0.5646307773976615,2279.0,126417.0,0.03609154929577465,0.01533406352683461
48201222100,Census Tract 2221,29.8795289,-95.3348519,0.8793816431844547,4972.0,69342.0,0.18082964156262585,0.13300142247510668
48201222200,Census Tract 2222,29.8940059,-95.323657,1.1548083902207567,3378.0,55357.0,0.32089994079336887,0.20398773006134968
48201222300,Census Tract 2223,29.8962384,-95.3488971,1.928507694963897,4725.0,39314.0,0.3018428299089176,0.17806267806267806
48201211900,Census Tract 2119,29.783817,-95.2995098,0.4816717092959937,4150.0,49202.0,0.11721966577863889,0.17074701820464533
48201311800,Census Tract 3118,29.7059412,-95.3210986,0.9493757869027438,3646.0,47753.0,0.26247942951179376,0.14725770097670923
48201311900,Census Tract 3119,29.7169192,-95.3254424,0.8009530978117116,1629.0,60238.0,0.16881522406384286,0.31643356643356646
48201312000,Census Tract 3120,29.7171408,-95.3442306,0.7080526713306031,2970.0,85536.0,0.1270062805303559,0.09282700421940929
48201550500,Census Tract 5505,29.9525166,-95.4454642,1.6893011914251608,6391.0,58533.0,0.20477168589034603,0.20506198347107438
48201454600,Census Tract 4546,29.7804684,-95.7356985,1.329993364332472,5446.0,42829.0,0.26219054763690924,0.01318781264211005
48201454700,Census Tract 4547,29.7663245,-95.7260129,1.324456659378255,7588.0,148118.0,0.04085397996837111,0.012620950778291964
48201532502,Census Tract 5325.02,29.8860231,-95.5002742,1.0407692566588655,5785.0,66204.0,0.21555747623163354,0.16526138279932545
48201522500,Census Tract 5225,29.7899543,-95.501186,1.4882732415323714,5510.0,250001.0,0.009618874773139746,0.013805522208883553
48201332600,Census Tract 3326,29.6750086,-95.3068508,1.2648587023822284,6387.0,45870.0,0.202638866264864,0.2236607142857143
48201220300,Census Tract 2203,29.8242369,-95.3656588,0.7684741842309075,3773.0,49536.0,0.29340047707394645,0.22099447513812154
48201220400,Census Tract 2204,29.8330345,-95.3659984,0.7417995444002251,4176.0,56200.0,0.2958152958152958,0.22229381443298968
48201220500,Census Tract 2205,29.8362058,-95.3814642,0.9280953803297576,3429.0,24835.0,0.2586769504598042,0.4561178731582319
48201220600,Census Tract 2206,29.8418052,-95.3668801,0.6412790057171344,3168.0,,0.3693181818181818,0.27645788336933047
48201220800,Census Tract 2208,29.8308466,-95.3387038,0.6697544260154924,3927.0,32955.0,0.48128342245989303,0.5142378559463987
48201210400,Census Tract 2104,29.7864417,-95.3621992,0.6995993506703783,3628.0,54004.0,0.2364939360529217,0.26440677966101694
48201230100,Census Tract 2301,29.814062,-95.3300177,0.5264985560107456,1783.0,51389.0,0.19068984856982613,0.2276657060518732
48201230200,Census Tract 2302,29.8195483,-95.3056459,3.0033373396451615,5269.0,37500.0,0.29294859545193963,0.32597266035751843
48201230500,Census Tract 2305,29.8485488,-95.3287189,1.3359262101014047,3566.0,34103.0,0.3220243143907266,0.16757176105508145
48201230600,Census Tract 2306,29.8448725,-95.3092658,0.836496118123106,3076.0,44265.0,0.19538361508452537,0.2168421052631579
48201230700,Census Tract 2307,29.8530072,-95.3099266,1.041849956600766,3446.0,41715.0,0.3702843876958793,0.3681858802502234
48201230800,Census Tract 2308,29.8398272,-95.2937237,0.7150160237608195,2351.0,41083.0,0.3219906422798809,0.29558998808104886
48201222800,Census Tract 2228,29.9181183,-95.3662639,2.6121749261621128,4090.0,38514.0,0.2271393643031785,0.2680851063829787
48201222900,Census Tract 2229,29.9143804,-95.3448185,2.241292528559137,7872.0,48733.0,0.29852642276422764,0.17822736030828518
48201223100,Census Tract 2231,29.9252826,-95.3232196,1.8346447158014174,2160.0,66250.0,0.15808993973110802,0.2680921052631579
48201433007,Census Tract 4330.07,29.7076821,-95.5424131,0.13928867032520856,1720.0,42127.0,0.3302325581395349,0.2222222222222222
48201453201,Census Tract 4532.01,29.6874517,-95.5629416,0.17193129122125583,3969.0,36822.0,0.4237843285462333,0.2673202614379085
48201254300,Census Tract 2543,29.7422322,-94.9733524,1.1652482064869403,5272.0,48010.0,0.24298179059180577,0.22422062350119903
48201254400,Census Tract 2544,29.7261744,-94.9758207,1.0625353797473611,2594.0,49583.0,0.25134926754047804,0.18355065195586762
48201254600,Census Tract 2546,29.716998,-94.999909,1.6369858933445065,3419.0,54306.0,0.12284293653114946,0.375097885669538
48201432501,Census Tract 4325.01,29.7243764,-95.534001,0.35362015619446224,3587.0,44900.0,0.33099775784753366,0.19250317662007624
48201451502,Census Tract 4515.02,29.7600794,-95.6143522,0.4708145165963716,2747.0,51818.0,0.11685475063705861,0.1693227091633466
48201451603,Census Tract 4516.03,29.7594273,-95.633117,0.5086034931642988,3324.0,113167.0,0.11026961526810057,0.03561643835616438
48201452402,Census Tract 4524.02,29.7076421,-95.5794849,0.527527132161236,3887.0,66250.0,0.15255981476717262,0.192090395480226
48201433005,Census Tract 4330.05,29.7150522,-95.5520841,0.29707703947721986,2088.0,42159.0,0.29932950191570884,0.40296662546353523
48201452501,Census Tract 4525.01,29.7093273,-95.5961331,0.7862391306499087,2500.0,34915.0,0.23598225090762404,0.4353658536585366
48201533100,Census Tract 5331,29.8761983,-95.4557044,1.3454038597883757,8754.0,61139.0,0.27427461731779756,0.18670618120237087
48201533200,Census Tract 5332,29.8668801,-95.4495929,1.0342819681901938,3688.0,38393.0,0.31814438649464727,0.26195286195286194
48201533500,Census Tract 5335,29.8927889,-95.4184936,1.0317696014442321,4225.0,54091.0,0.21136094674556213,0.09032258064516129
48201533600,Census Tract 5336,29.9085423,-95.4251114,1.3566695485717888,5377.0,46293.0,0.2890087409336061,0.2101405009163103
48201310200,Census Tract 3102,29.7434743,-95.3511272,0.720755046246139,2129.0,132929.0,0.1286989196806012,0.1517655897821187
48201310300,Census Tract 3103,29.7364559,-95.3359747,0.868390473035801,4058.0,32368.0,0.1773623041940374,0.17094017094017094
48201232402,Census Tract 2324.02,29.8118411,-95.1879798,0.5416360772405245,4646.0,49375.0,0.28324324324324324,0.34973097617217525
48201232403,Census Tract 2324.03,29.8112737,-95.2021933,0.7806317690006693,4018.0,54475.0,0.22797411647585863,0.21858736059479553
48201233101,Census Tract 2331.01,29.7875298,-95.1793273,0.6643675286988094,4399.0,53390.0,0.22137404580152673,0.2611232676878191
48201233003,Census Tract 2330.03,29.793671,-95.1707528,0.39363848662610273,2790.0,68393.0,0.1010752688172043,0.25842696629213485
48201431102,Census Tract 4311.02,29.7414554,-95.5283396,0.35919508526237987,4034.0,63037.0,0.1742613920881322,0.044938505203405865
48201431101,Census Tract 4311.01,29.7441598,-95.5356583,0.3234783189796188,5640.0,83615.0,0.10815602836879433,0.04152005629838142
48201433003,Census Tract 4330.03,29.7083526,-95.5513848,0.35717152384919637,5476.0,45979.0,0.23321100917431192,0.35474452554744523
48201432901,Census Tract 4329.01,29.7163167,-95.5279431,0.5651176522196467,3688.0,44750.0,0.3752711496746204,0.19362950544844929
48201433202,Census Tract 4332.02,29.6968042,-95.5412482,0.44405068716705426,3666.0,58911.0,0.17703218767048554,0.08155186064924783
48201433201,Census Tract 4332.01,29.6983882,-95.5483849,0.4232868852822649,3925.0,42956.0,0.22300103842159916,0.15155203895313452
48201542800,Census Tract 5428,29.8175005,-95.8220451,3.4359918354991987,8846.0,83201.0,0.13394578654871273,0.06063947078280044
48201320500,Census Tract 3205,29.6987643,-95.2453144,2.1366530520481812,4097.0,71406.0,0.08201122772760557,0.17401574803149605
48201554002,Census Tract 5540.02,29.9997208,-95.543807,1.648768572918275,4623.0,185224.0,0.02379407311269738,0.0
48201552102,Census Tract 5521.02,29.937928,-95.6133499,1.2222917116017187,5959.0,79773.0,0.12770599093807686,0.12132987910189982
48201333905,Census Tract 3339.05,29.61918,-95.25803,1.1029772642469777,3448.0,68250.0,0.1031955438287892,0.13125590179414542
48201454505,Census Tract 4545.05,29.7805578,-95.7037128,1.1504203391883525,2472.0,163033.0,0.04894822006472492,0.025612472160356347
48201232304,Census Tract 2323.04,29.8587079,-95.2223077,4.749975087723472,7403.0,39548.0,0.3648050870887476,0.3021148036253776
48201311702,Census Tract 3117.02,29.7010603,-95.2990496,0.42815601960427535,1917.0,32614.0,0.4225352112676056,0.2261380323054332
48201221502,Census Tract 2215.02,29.8672178,-95.4021729,0.20138702490028035,2953.0,35636.0,0.30037250253979003,0.27204301075268816
48201521502,Census Tract 5215.02,29.8277109,-95.515963,0.5937818764735565,2899.0,78409.0,0.16833390824422215,0.1936127744510978
48201551602,Census Tract 5516.02,29.9296089,-95.575611,0.6495813604333497,4671.0,54507.0,0.11510952168082253,0.07152061855670103
48201250202,Census Tract 2502.02,29.9454578,-95.2723151,0.5247124474250965,2312.0,53650.0,0.3157439446366782,0.107095046854083
48201241202,Census Tract 2412.02,30.0501627,-95.4006643,1.2355813479004736,5511.0,69647.0,0.18980221375430956,0.0965391621129326
48201550902,Census Tract 5509.02,29.9607733,-95.4895385,0.5882177582660795,4531.0,91157.0,0.02229088501434562,0.29901589704769116
48201550404,Census Tract 5504.04,29.9698614,-95.4555684,1.17130267443583,6260.0,90863.0,0.042140682582919406,0.18692493946731234
48201313201,Census Tract 3132.01,29.7064122,-95.3505672,0.5464279911308164,1632.0,47698.0,0.27818627450980393,0.2542579075425791
48201411302,Census Tract 4113.02,29.7439794,-95.4530532,0.20994690975627683,3086.0,89246.0,0.07647440051847051,0.0
48201510803,Census Tract 5108.03,29.7615945,-95.4183401,0.3125759523274414,2515.0,109842.0,0.06679920477137177,0.0
48201552004,Census Tract 5520.04,29.9095372,-95.5949663,0.6744729804956519,3265.0,54811.0,0.19734403953057442,0.19228413962033067
48201551902,Census Tract 5519.02,29.9001734,-95.5905766,0.5457449764122663,4690.0,55333.0,0.16396588486140726,0.2457943925233645
48201250101,Census Tract 2501.01,29.9610038,-95.2771512,3.135428293529888,3983.0,74023.0,0.09766507657544564,0.10584752035529238
48201553602,Census Tract 5536.02,30.0271814,-95.4861804,0.7176573486277511,2398.0,59081.0,0.12218515429524604,0.03583617747440273
48201220100,Census Tract 2201,29.8151628,-95.3434635,0.6799166348296479,1524.0,50417.0,0.15551181102362205,0.31866197183098594
48201220200,Census Tract 2202,29.8165562,-95.3649369,0.5751018679386911,2405.0,66167.0,0.2831600831600832,0.16801075268817203
48201231400,Census Tract 2314,29.8648347,-95.2857896,1.292289330239435,3699.0,49535.0,0.2239297475301866,0.17558402411454407
48201252700,Census Tract 2527,29.9156628,-95.0272178,18.15692312193665,5593.0,64291.0,0.21383872698015377,0.11133501259445844
48201532700,Census Tract 5327,29.8763913,-95.4806833,1.0161316918169172,5389.0,77628.0,0.11337910558545185,0.1573157315731573
48201530200,Census Tract 5302,29.8158099,-95.4242816,1.3642020155837704,4156.0,147083.0,0.18719923002887393,0.006497341996455995
48201555600,Census Tract 5556,30.0587778,-95.7322881,21.00214892492306,9965.0,145680.0,0.12598264420622768,0.015384615384615385
48201521800,Census Tract 5218,29.8502427,-95.5547902,2.722804005459315,4557.0,77584.0,0.06616838865684765,0.08387864366448543
48201521900,Census Tract 5219,29.8223872,-95.554418,1.4721330129967276,7366.0,90903.0,0.1457961870799616,0.04311649016641452
48201530300,Census Tract 5303,29.8175261,-95.3887898,0.7090020965385823,2393.0,94444.0,0.07062264939406603,0.14359504132231404
48201542700,Census Tract 5427,29.7931771,-95.8143542,1.7976904921003674,4903.0,82321.0,0.06465429328982256,0.03905390539053905
48201532800,Census Tract 5328,29.8727523,-95.4714706,0.5126965621475382,2314.0,71494.0,0.15946413137424373,0.1389776357827476
48201532900,Census Tract 5329,29.892596,-95.4731807,0.6589319825101437,5094.0,41808.0,0.3309776207302709,0.275990099009901
48201533000,Census Tract 5330,29.8893243,-95.4617333,0.6838981202890542,2525.0,32093.0,0.38811881188118813,0.3519607843137255
48201542500,Census Tract 5425,29.7936123,-95.7642913,1.6963104900122496,3885.0,67258.0,0.1166023166023166,0.06421514818880351
48201542600,Census Tract 5426,29.7937905,-95.7891972,1.691034017912924,6165.0,100461.0,0.07753216760145167,0.13120728929384967
48201553401,Census Tract 5534.01,30.0411598,-95.4437664,1.413349345453173,4462.0,112465.0,0.09060175794455713,0.050455501051156273
48201553801,Census Tract 5538.01,30.0419189,-95.5055064,1.4284536618973127,2642.0,129226.0,0.05898876404494382,0.03756906077348066
48201454303,Census Tract 4543.03,29.7144662,-95.6519492,0.5541083352695392,3949.0,69040.0,0.04142782699322564,0.09302325581395349
48201556100,Census Tract 5561,30.021634,-95.5443711,0.8204914114451283,3763.0,147292.0,0.04286892003297609,0.04460665044606651
48201554806,Census Tract 5548.06,30.0593178,-95.6043794,1.7308091039846512,2078.0,116006.0,0.04282964388835419,0.0
48201554803,Census Tract 5548.03,30.0914659,-95.5771541,6.091615223669888,7984.0,142257.0,0.07241465863453815,0.13044982698961938
48201554702,Census Tract 5547.02,30.0034487,-95.6023637,1.1999151610004881,4383.0,124167.0,0.06958704083960758,0.018012422360248446
48201553102,Census Tract 5531.02,30.0151924,-95.4595253,0.582497654786531,5005.0,81773.0,0.08343685300207039,0.2191780821917808
48201980400,Census Tract 9804,29.7222846,-95.3445785,0.5164703246456217,4285.0,,,
48201980200,Census Tract 9802,29.767066,-95.3516608,0.25580310482583646,9542.0,84514.0,0.2375,0.027586206896551724
48201432804,Census Tract 4328.04,29.7183288,-95.5067597,0.7496374182196536,2011.0,62216.0,0.19492789656887122,0.11231884057971014
48201453202,Census Tract 4532.02,29.6801873,-95.565005,0.5085861185671621,5057.0,52971.0,0.336651403543699,0.44675324675324674
48201253800,Census Tract 2538,29.7663585,-94.9482412,2.9139176241237648,7805.0,51898.0,0.2686739269698911,0.1760831889081456
48201253900,Census Tract 2539,29.7509319,-94.9347126,1.698027100209352,4042.0,77132.0,0.13187360039810897,0.15364412344057782
48201254000,Census Tract 2540,29.7349493,-94.9427542,0.9909902636580058,3662.0,51618.0,0.247320692497939,0.23506493506493506
48201254100,Census Tract 2541,29.7463599,-94.9558793,1.245515370338901,6168.0,67619.0,0.22242284963887066,0.21147715196599362
48201250500,Census Tract 2505,29.9931177,-95.1961736,1.7612019076025798,5469.0,70617.0,0.09288718230023771,0.056338028169014086
48201253700,Census Tract 2537,29.7635807,-94.9708803,1.5742593505574047,6116.0,58083.0,0.15060449050086355,0.13505882352941176
48201331602,Census Tract 3316.02,29.6292792,-95.322895,2.3347053126046977,3337.0,67520.0,0.146838477674558,0.14799672935404742
48201552602,Census Tract 5526.02,29.9752363,-95.5771132,2.0130397432596707,8045.0,68064.0,0.09593722313631185,0.047470331043098064
48201320601,Census Tract 3206.01,29.6840571,-95.2622172,0.5259506770477028,2104.0,36291.0,0.38640684410646386,0.20905459387483355
48201350601,Census Tract 3506.01,29.5545845,-95.1726284,5.139713556445632,3863.0,97700.0,0.06704633704374838,0.08241758241758242
48201431401,Census Tract 4314.01,29.744466,-95.4839917,0.14083500947037167,2729.0,83304.0,0.10589959692194943,0.0
48201540502,Census Tract 5405.02,29.846971,-95.6308828,1.6053892231960865,5191.0,96141.0,0.05432479291080717,0.10782501540357363
48201511301,Census Tract 5113.01,29.7972613,-95.4054495,0.697992393486316,5065.0,165743.0,0.07838104639684107,0.037372147915027534
48201223001,Census Tract 2230.01,29.9123301,-95.3191197,1.1984194012381006,4050.0,69821.0,0.22419753086419753,0.19681349578256796
48201330303,Census Tract 3303.03,29.626636,-95.4976108,2.0528267984983146,4734.0,54203.0,0.1307562315166878,0.10651450309082264
48201334003,Census Tract 3340.03,29.60549,-95.23047,1.0671933161886216,5903.0,70917.0,0.2932407250550568,0.127996381727725
48201343301,Census Tract 3433.01,29.6847813,-95.0651997,4.4479995701601895,4540.0,97161.0,0.18061674008810572,0.08115183246073299
48201341501,Census Tract 3415.01,29.5774193,-95.0406862,1.4447332733122085,6275.0,79452.0,0.07298804780876494,0.042682926829268296
48201341502,Census Tract 3415.02,29.5619448,-95.0360253,1.1605979920888518,5013.0,88125.0,0.03271494115300219,0.018189509306260575
48201541203,Census Tract 5412.03,29.8888536,-95.6490812,0.591242868678652,2482.0,112098.0,0.07431874483897605,0.04776739356178609
48201341302,Census Tract 3413.02,29.5531557,-95.1074083,0.7616668170727626,3368.0,78671.0,0.050475059382422804,0.08283730158730158
48201350801,Census Tract 3508.01,29.5246043,-95.1744382,0.7226276417153128,4785.0,82731.0,0.07210031347962383,0.05690339655932951
48201341201,Census Tract 3412.01,29.5268541,-95.1109772,3.0883450658003215,5291.0,71359.0,0.0889108910891089,0.1849785407725322
48201330301,Census Tract 3303.01,29.6361317,-95.4721681,1.2298006263820263,7924.0,71852.0,0.19687026754164563,0.14506593906321055
48201334001,Census Tract 3340.01,29.61554,-95.2262483,0.5163266946426253,2880.0,48286.0,0.1503994442514762,0.2261904761904762
48201533702,Census Tract 5337.02,29.9187464,-95.4384415,0.37945425162588875,3261.0,54840.0,0.19349892670959828,0.1793103448275862
48201554501,Census Tract 5545.01,30.0116138,-95.6633075,4.750674318732684,6542.0,150250.0,0.04529456771231829,0.02472885032537961
48201222402,Census Tract 2224.02,29.909138,-95.3884556,1.5717168678430729,7310.0,48260.0,0.3285851253252979,0.31646191646191646
48201251501,Census Tract 2515.01,30.0993337,-95.1602512,6.913708572971017,6877.0,150962.0,0.020212301875817944,0.009125840537944284
48201222501,Census Tract 2225.01,29.9283143,-95.4058397,0.3511467857665185,3447.0,54353.0,0.22135190020307513,0.16647662485746864
48201222401,Census Tract 2224.01,29.9005807,-95.3946562,1.9521479579302008,3332.0,45565.0,0.25113053964425686,0.23674911660777384
48201540601,Census Tract 5406.01,29.862197,-95.6324332,0.6229175314631078,4133.0,91406.0,0.1134768932978466,0.07686148919135308
48201340302,Census Tract 3403.02,29.5960011,-95.1128415,1.3241083952312045,6889.0,147031.0,0.05022499637102627,0.0
48201551702,Census Tract 5517.02,29.90153,-95.561624,0.7998287683258901,4086.0,120509.0,0.020313264806656878,0.0
48201540602,Census Tract 5406.02,29.8727277,-95.6344175,1.0530480775064253,7518.0,94141.0,0.14523873032808748,0.09659806803863923
48201310500,Census Tract 3105,29.7473866,-95.3164173,1.161639309610576,3409.0,42122.0,0.22851276034027573,0.18920765027322403
48201241103,Census Tract 2411.03,30.0477087,-95.3794662,1.0741628462533754,5775.0,90789.0,0.10354978354978354,0.08313425704730053
48201450801,Census Tract 4508.01,29.7601833,-95.5687222,0.34876260493720956,2244.0,79193.0,0.13725490196078433,0.06366307541625857
48201454302,Census Tract 4543.02,29.714961,-95.6700498,1.0547812900963474,5877.0,73447.0,0.1167262208609835,0.18732261116367077
48201451902,Census Tract 4519.02,29.7225162,-95.5987045,0.7944716008754187,2520.0,127014.0,0.09206349206349207,0.08286674132138858
48201453403,Census Tract 4534.03,29.6697612,-95.5851314,0.2640506330355316,3977.0,33510.0,0.42483994878361075,0.16358658453114305
48201453601,Census Tract 4536.01,29.6822336,-95.591578,0.46230714163394365,1596.0,57862.0,0.2951127819548872,0.3031578947368421
48201453501,Census Tract 4535.01,29.6640332,-95.589966,0.5913509772830579,5876.0,53196.0,0.15844111640571817,0.20457866536775451
48201453502,Census Tract 4535.02,29.6711525,-95.5982398,0.5048884181943214,3616.0,61264.0,0.2472939217318901,0.22507122507122507
48201341800,Census Tract 3418,29.6311648,-95.0255387,1.6930676179822308,2612.0,99408.0,0.18529862174578868,0.18402426693629928
48201451700,Census Tract 4517,29.7324307,-95.6315171,0.6746818617634504,4976.0,60417.0,0.18086816720257234,0.19822175732217573
48201451800,Census Tract 4518,29.7202612,-95.6312529,1.8285566569647302,5758.0,77727.0,0.1613407433136506,0.12486368593238822
48201554902,Census Tract 5549.02,30.0977881,-95.5199919,4.911472740313082,11291.0,111741.0,0.03979300499643112,0.036403615929635966
48201555301,Census Tract 5553.01,30.1219488,-95.5138496,2.713723268791377,5032.0,138208.0,0.03284889508261995,0.07098937954164337
48201321402,Census Tract 3214.02,29.6566446,-95.2197688,0.7551980615077033,4867.0,60307.0,0.15381451778737404,0.13679590343818582
48201343302,Census Tract 3433.02,29.6698498,-95.0668063,1.7429720941846332,4927.0,110595.0,0.06352750152222447,0.05130890052356021
48201410402,Census Tract 4104.02,29.7474979,-95.398717,0.28058816069236703,3044.0,180000.0,0.04697766097240473,0.02207977207977208
48201421401,Census Tract 4214.01,29.714443,-95.492511,0.11028004294583423,3347.0,36451.0,0.3450851508813863,0.26395173453996984
48201431302,Census Tract 4313.02,29.7436384,-95.4905071,0.5277136195038363,4324.0,82545.0,0.07354301572617947,0.02236770321876705
48201452202,Census Tract 4522.02,29.7227148,-95.5647321,0.578116167490823,3123.0,65574.0,0.12103746397694524,0.13916617733411626
48201323701,Census Tract 3237.01,29.6577449,-95.1787721,0.8923631699606529,4269.0,52310.0,0.06973751930005147,0.25961538461538464
48201251000,Census Tract 2510,30.0351615,-95.195972,2.989093258810366,3410.0,71615.0,0.12258064516129032,0.07257546563904946
48201422302,Census Tract 4223.02,29.6490268,-95.4971327,0.2681085667223391,2106.0,87568.0,0.13912630579297247,0.1325910931174089
48201423402,Census Tract 4234.02,29.6485541,-95.5296515,0.5923119855557947,4597.0,59583.0,0.12201533406352684,0.23377529658060014
48201423401,Census Tract 4234.01,29.650004,-95.5171626,0.8736982194099725,4767.0,69792.0,0.12223393045310854,0.20923603192702395
48201522402,Census Tract 5224.02,29.7986937,-95.5587071,1.1177101504145517,3862.0,73571.0,0.20079155672823218,0.1711864406779661
48201522401,Census Tract 5224.01,29.7985786,-95.5493255,1.054744610391281,6023.0,78125.0,0.1309978416071725,0.09570552147239264
48201552002,Census Tract 5520.02,29.9132313,-95.6088331,0.6448203347157451,1473.0,67250.0,0.16089613034623218,0.1432469304229195
48201552101,Census Tract 5521.01,29.9228991,-95.618571,0.8992257497274766,4399.0,81678.0,0.09312942250627711,0.13732193732193732
48201552103,Census Tract 5521.03,29.9382426,-95.6248007,0.602489638456294,3986.0,81354.0,0.15654791771199197,0.22029897718332023
48201455200,Census Tract 4552,29.7799704,-95.7650418,1.1568616815001518,4190.0,103271.0,0.020047732696897375,0.010814249363867684
48201320700,Census Tract 3207,29.6704813,-95.2506537,1.3297462589509725,3397.0,48984.0,0.17587939698492464,0.28532792427315756
48201320800,Census Tract 3208,29.6598065,-95.2410022,1.1280476496087082,4740.0,54241.0,0.26340227944280287,0.15384615384615385
48201333700,Census Tract 3337,29.6356215,-95.2931056,3.4539741574334872,4138.0,64841.0,0.14233929434509424,0.130327868852459
48201410300,Census Tract 4103,29.7567394,-95.4037107,0.3919388649239784,3821.0,100657.0,0.0912486659551761,0.0
48201410900,Census Tract 4109,29.7329507,-95.3993418,0.2849928141175907,3565.0,109067.0,0.06451612903225806,0.06333333333333334
48201455300,Census Tract 4553,29.7768327,-95.7902337,2.050472733637376,13436.0,74869.0,0.0670681219420399,0.13731399510265588
48201333100,Census Tract 3331,29.6755978,-95.2785846,0.467628401583666,3567.0,36715.0,0.3011873732985809,0.26148409893992935
48201511600,Census Tract 5116,29.8030113,-95.3770418,0.7526895557833275,3548.0,86026.0,0.06397970687711386,0.10731414868105515
48201520100,Census Tract 5201,29.7922757,-95.4604356,1.1395314861117258,3406.0,151217.0,0.029653552554315912,0.036645525017618044
48201980000,Census Tract 9800,29.646318,-95.2773397,2.1337159729277677,35.0,,0.0,0.0
48201333600,Census Tract 3336,29.6594247,-95.2998703,1.4262088639472559,3219.0,70868.0,0.06502525252525253,0.14925373134328357
48201420300,Census Tract 4203,29.6715522,-95.4541892,0.9253382248152483,4005.0,106465.0,0.0686641697877653,0.052827843380981974
48201420500,Census Tract 4205,29.6499141,-95.4728238,0.9021636010522072,3527.0,37288.0,0.2557471264367816,0.24980959634424982
48201453300,Census Tract 4533,29.6641983,-95.5651337,0.791272358389321,4680.0,36256.0,0.26965811965811964,0.3581730769230769
48201412700,Census Tract 4127,29.7135,-95.453667,0.7944044190998236,3144.0,140417.0,0.049760765550239235,0.02852485737571312
48201412800,Census Tract 4128,29.6979078,-95.4531845,0.7865503289897343,5026.0,250001.0,0.015121368881814564,0.017363344051446947
48201413100,Census Tract 4131,29.6985559,-95.4323395,0.5512735732211528,3346.0,250001.0,0.026024528866287765,0.017241379310344827
48201420200,Census Tract 4202,29.6679918,-95.443441,0.6382894167031524,2490.0,61389.0,0.25220883534136546,0.0905587668593449
48201430600,Census Tract 4306,29.7647541,-95.5317578,1.4435143487975317,3838.0,250001.0,0.04455445544554455,0.0
48201430700,Census Tract 4307,29.7770812,-95.5388154,0.7247782307386732,3831.0,88870.0,0.037066040198381625,0.01822079314040729
48201430800,Census Tract 4308,29.77607,-95.5529434,1.3056735615670452,6492.0,155388.0,0.06290571870170016,0.0011411182959300114
48201430900,Census Tract 4309,29.7583299,-95.5428231,1.0885972754523572,5559.0,85767.0,0.06260118726389638,0.0
48201430200,Census Tract 4302,29.7759823,-95.4847472,0.2731058869610023,1609.0,82434.0,0.0941101152368758,0.07661822985468957
48201430300,Census Tract 4303,29.7715167,-95.4986906,1.9540089703346168,4390.0,250001.0,0.027790432801822324,0.0
48201430400,Census Tract 4304,29.7585968,-95.5155297,2.1303626756803915,3097.0,250001.0,0.010009686793671296,0.009354536950420954
48201430500,Census Tract 4305,29.7798455,-95.5191678,0.9605592359263766,2291.0,223750.0,0.04277608031427324,0.024498886414253896
48201553403,Census Tract 5534.03,30.0576754,-95.4634665,2.5670843716730425,8462.0,82903.0,0.14098321909714015,0.09520547945205479
48201454502,Census Tract 4545.02,29.7418511,-95.7157159,2.848072148099553,2216.0,192174.0,0.04151624548736462,0.02459016393442623
48201511004,Census Tract 5110.04,29.794734,-95.4258623,0.39964700841811973,1842.0,89028.0,0.057003257328990226,0.014492753623188406
48201221302,Census Tract 2213.02,29.8523203,-95.3662381,0.6039066333783285,3464.0,52739.0,0.109107303877367,0.05537098560354374
48201311501,Census Tract 3115.01,29.7052377,-95.2868304,0.29620560690527653,2464.0,61212.0,0.14650974025974026,0.10758196721311475
48201311502,Census Tract 3115.02,29.709965,-95.2795647,0.6089827184573446,2610.0,35455.0,0.40727969348659004,0.18786127167630057
48201511502,Census Tract 5115.02,29.8086883,-95.3903678,0.7089677334464675,5455.0,205553.0,0.08780934922089825,0.02130492676431425
48201422100,Census Tract 4221,29.6482654,-95.4870792,0.9263057968246812,5004.0,101238.0,0.05495603517186251,0.0035826242722794446
48201333203,Census Tract 3332.03,29.6597943,-95.2630572,0.7485825871223788,2171.0,45907.0,0.1317941317941318,0.1377497371188223
48201341203,Census Tract 3412.03,29.5423272,-95.0969478,0.47858405033372914,2698.0,61250.0,0.114529280948851,0.05582922824302135
48201311701,Census Tract 3117.01,29.6992092,-95.3128178,0.6251244914016227,3554.0,65024.0,0.20327961549335596,0.2018739352640545
48201313202,Census Tract 3132.02,29.7071698,-95.3685697,0.6533887138192307,2629.0,85802.0,0.03302825308396339,0.007142857142857143
48201313101,Census Tract 3131.01,29.7071814,-95.3798092,0.2630726362678167,2555.0,87639.0,0.2606473594548552,0.0
48201312601,Census Tract 3126.01,29.7217905,-95.3845987,0.17797649271833918,3366.0,88269.0,0.2591044776119403,0.010692464358452138
48201312603,Census Tract 3126.03,29.7267813,-95.378449,0.39350914240297424,4160.0,78186.0,0.34326923076923077,0.03445342407486176
48201422200,Census Tract 4222,29.6387275,-95.501331,0.6851309444814402,5555.0,33479.0,0.41831728148282754,0.3043146239022528
48201232901,Census Tract 2329.01,29.8001981,-95.1996351,0.9282888175112125,4348.0,53601.0,0.042088316467341305,0.1365558912386707
48201232802,Census Tract 2328.02,29.7846376,-95.2082952,0.4079609461990928,2832.0,63429.0,0.0737994350282486,0.13924050632911392
48201541206,Census Tract 5412.06,29.8864369,-95.676694,0.8591946779246026,4980.0,111477.0,0.061655059401884475,0.08380592312539382
48201251504,Census Tract 2515.04,30.0658735,-95.1752915,1.099638638881628,5612.0,149901.0,0.07227575982209043,0.013333333333333334
48201253501,Census Tract 2535.01,29.7753458,-94.9896822,0.9360591234528872,8875.0,75425.0,0.1942831112629541,0.09082094376212023
48201253201,Census Tract 2532.01,29.7948425,-94.9343939,6.728755986451228,6367.0,103438.0,0.04439178515007899,0.014945054945054945
48201253602,Census Tract 2536.02,29.7556472,-94.9880545,0.9263822450520826,4180.0,36542.0,0.33803827751196175,0.40059880239520956
48201423204,Census Tract 4232.04,29.6690656,-95.5320244,0.24344551913792378,4070.0,28481.0,0.47002457002457004,0.3613595706618962
48201530600,Census Tract 5306,29.8313304,-95.405205,1.1936425453319939,3626.0,71029.0,0.29084783829309374,0.12556732223903178
48201421900,Census Tract 4219,29.6715074,-95.4848536,0.6417979270182828,3063.0,182868.0,0.06584224598930481,0.0
48201410705,Census Tract 4107.05,29.7366033,-95.3940763,0.18491474850824702,1123.0,,0.045871559633027525,0.020050125313283207
48201542104,Census Tract 5421.04,29.837111,-95.7106044,0.8352466915379005,7914.0,87566.0,0.11483314300215709,0.4107142857142857
48201542203,Census Tract 5422.03,29.862377,-95.7372844,3.088099118725298,12427.0,91030.0,0.23255813953488372,0.09991898460707535
48201541302,Census Tract 5413.02,29.8723558,-95.6761391,0.8238725080479231,7451.0,76314.0,0.06213931015971011,0.26159102000976087
48201423304,Census Tract 4233.04,29.6607543,-95.5203499,0.6148472241442067,3435.0,50689.0,0.19592430858806403,0.24271137026239067
48201331603,Census Tract 3316.03,29.6267678,-95.3499492,0.8354185069984743,4532.0,52944.0,0.2511032656663725,0.33243606998654107
48201454504,Census Tract 4545.04,29.7625437,-95.6982362,2.7745131231509785,5223.0,119083.0,0.10472908290254643,0.022774327122153208
48201542103,Census Tract 5421.03,29.8564033,-95.6955165,1.4498398604617533,9503.0,93578.0,0.1005998105861307,0.10740354535974973
48201451604,Census Tract 4516.04,29.7670441,-95.6339087,0.7739973756095738,3561.0,120147.0,0.04436860068259386,0.020833333333333332
48201550901,Census Tract 5509.01,29.9539193,-95.4888644,0.6414373076021573,5599.0,76438.0,0.24229868492163575,0.16842105263157894
48201334101,Census Tract 3341.01,29.6577988,-95.4044367,6.000882760809277,9558.0,79638.0,0.11372672107135384,0.04159132007233273
48201240705,Census Tract 2407.05,30.0147192,-95.4097904,1.1788803154003669,5463.0,79178.0,0.1411312465678199,0.1542449773169151
48201250306,Census Tract 2503.06,29.9674869,-95.2094271,0.8302763984503388,3936.0,78750.0,0.12754065040650406,0.06614509246088193
48201553202,Census Tract 5532.02,30.031439,-95.4455173,0.7412987699005306,4856.0,51086.0,0.21277495769881558,0.14322781525687597
48201241502,Census Tract 2415.02,29.9466521,-95.2983969,0.532444143150912,2390.0,30217.0,0.3652719665271967,0.441747572815534
48201250406,Census Tract 2504.06,29.9849665,-95.1866776,0.8438783913953953,4836.0,127372.0,0.016587186398507155,0.053652230122818355
48201554805,Census Tract 5548.05,30.0309063,-95.5820407,1.5264734168991996,8907.0,101542.0,0.13102054563826204,0.0265914585012087
48201551704,Census Tract 5517.04,29.9024201,-95.57704,0.818385224170006,3988.0,116417.0,0.06921721620941354,0.0671186440677966
48201552003,Census Tract 5520.03,29.9211525,-95.5934742,1.0301595554429013,4478.0,92610.0,0.1295673615781215,0.08451503119682359
48201241002,Census Tract 2410.02,30.0544916,-95.3392372,5.262341918627572,5504.0,83402.0,0.030886627906976744,0.08458864426419467
48201550407,Census Tract 5504.07,29.9794904,-95.459231,1.1559481637929219,6268.0,81477.0,0.19384173580089342,0.19282774838330394
48201550405,Census Tract 5504.05,29.9939476,-95.4715366,1.469568522459356,7219.0,51005.0,0.341533180778032,0.26046511627906976
48201550303,Census Tract 5503.03,29.9764022,-95.4270327,0.5679860051558306,3375.0,38340.0,0.4275555555555556,0.2527729130180969
48201240706,Census Tract 2407.06,29.9796575,-95.3989204,2.022347507996861,11268.0,86116.0,0.12386383888789877,0.2277196320964161
48201454503,Census Tract 4545.03,29.7716569,-95.7090582,0.5603106803451696,2700.0,151397.0,0.016296296296296295,0.025998142989786442
48201555101,Census Tract 5551.01,30.0773622,-95.4823316,1.3467922831506745,5214.0,79000.0,0.05243878928089454,0.16913946587537093
48201521401,Census Tract 5214.01,29.829259,-95.5024151,0.22760451977518925,3298.0,46444.0,0.3702243784111583,0.17078410311493017
48201530101,Census Tract 5301.01,29.8150191,-95.4510017,0.33951468603460117,3296.0,43353.0,0.23149271844660194,0.13452914798206278
48201453902,Census Tract 4539.02,29.6784575,-95.6222426,0.3598012656513701,3752.0,53021.0,0.3414179104477612,0.19133574007220217
48201550403,Census Tract 5504.03,29.9701897,-95.4337473,0.6321434425426764,2928.0,13491.0,0.6635928961748634,0.40186915887850466
48201541802,Census Tract 5418.02,29.791582,-95.7001888,1.3580456166650126,4140.0,61139.0,0.13840579710144926,0.07712215320910973
48201250102,Census Tract 2501.02,29.9709695,-95.2472297,2.3314164944178066,5534.0,79890.0,0.042349475234763394,0.05916775032509753
48201543007,Census Tract 5430.07,29.947261,-95.7031384,8.669112384458012,23471.0,173796.0,0.032678624685782455,0.016030311862430778
48201543008,Census Tract 5430.08,29.8878127,-95.6901903,0.9086257928805704,5255.0,93657.0,0.02797335870599429,0.12369109947643979
48201553101,Census Tract 5531.01,30.0225706,-95.4663955,0.7209415335887391,3508.0,95049.0,0.07103981667144085,0.12067796610169491
48201541009,Census Tract 5410.09,29.9123378,-95.6592289,0.8525274658500267,4861.0,106029.0,0.04978399506274429,0.009445100354191263
48201240906,Census Tract 2409.06,30.0239889,-95.3178052,1.4231802786152559,8525.0,90283.0,0.16304985337243402,0.2093465045592705
48201540904,Census Tract 5409.04,29.8886115,-95.6351217,1.1934610773174554,3804.0,95553.0,0.14353312302839116,0.0655379574003277
48201452701,Census Tract 4527.01,29.6963073,-95.618999,0.551487473817013,4022.0,73542.0,0.10069617105917454,0.17828843106180667
48201522102,Census Tract 5221.02,29.8157781,-95.5314944,0.5438021103502286,4532.0,92833.0,0.15419398598236492,0.2150793650793651
48201522001,Census Tract 5220.01,29.8280936,-95.5394096,0.4348718805508339,2213.0,91411.0,0.05603253502033439,0.012692656391659111
48201554410,Census Tract 5544.10,29.9622669,-95.6514854,1.3645232525797195,4586.0,102424.0,0.12908853030963802,0.023447401774397972
48201555503,Census Tract 5555.03,30.0383724,-95.6550756,8.993028543285476,13991.0,141206.0,0.022891118543292455,0.03470715835140998
48201454801,Census Tract 4548.01,29.7714165,-95.7420724,0.47793308209434215,4098.0,67500.0,0.06832601268911664,0.03880764904386952
48201232405,Census Tract 2324.05,29.8196608,-95.1958547,4.122123556775711,6431.0,61615.0,0.17126292698213727,0.06519558676028084
48201220701,Census Tract 2207.01,29.8413115,-95.350702,0.79094069663509,3498.0,59821.0,0.2412507171543316,0.3023255813953488
48201320202,Census Tract 3202.02,29.6895293,-95.2708229,0.7562420817445374,3033.0,39617.0,0.16950852557673018,0.2011878247958426
48201320201,Census Tract 3202.01,29.7010347,-95.2676678,0.7840120933991469,2983.0,36592.0,0.4669795507877975,0.5664516129032258
48201313802,Census Tract 3138.02,29.6875063,-95.3747524,0.5047297302071398,2707.0,43348.0,0.3267776096822995,0.270931326434619
48201552901,Census Tract 5529.01,29.9938758,-95.5087013,0.7489184960003543,5079.0,65574.0,0.10325544238066707,0.11529026982829109
48201240703,Census Tract 2407.03,30.0007605,-95.4126939,0.841527801453884,6277.0,69746.0,0.16122351441771546,0.0873015873015873
48201240101,Census Tract 2401.01,29.9427937,-95.3917008,0.6342596684739221,2243.0,35540.0,0.4096223021582734,0.1763888888888889
48201333906,Census Tract 3339.06,29.6056656,-95.2580461,0.7648745538063494,5712.0,107406.0,0.05672268907563025,0.07467532467532467
48201252303,Census Tract 2523.03,29.7936799,-95.1468291,0.4688438511789153,5424.0,102449.0,0.13661504424778761,0.21673003802281368
48201252305,Census Tract 2523.05,29.8058566,-95.1497428,0.9051176686675987,6067.0,114609.0,0.010323010323010324,0.14824797843665768
48201430102,Census Tract 4301.02,29.7742958,-95.4695169,1.1119896608328446,3009.0,135739.0,0.12097855227882037,0.06317300789662599
48201510602,Census Tract 5106.02,29.774322,-95.4175569,0.4615700726131905,4592.0,164076.0,0.026350174216027873,0.0
48201510801,Census Tract 5108.01,29.7666964,-95.4167219,0.33643745183061863,4526.0,128269.0,0.013256738842244807,0.011460101867572157
48201510901,Census Tract 5109.01,29.7808842,-95.4208421,0.5402213989314415,6490.0,216490.0,0.008628659476117103,0.015890613451589063
48201542004,Census Tract 5420.04,29.8044932,-95.7125097,0.5310028237928861,2989.0,81719.0,0.09785522788203753,0.12106299212598425
48201542401,Census Tract 5424.01,29.7953916,-95.7245276,0.4741338368537916,4991.0,49947.0,0.38436348751535,0.18198198198198198
48201543004,Census Tract 5430.04,29.9558355,-95.7460139,13.025421186199964,18217.0,196654.0,0.05022780918921886,0.004103479036574487
48201554407,Census Tract 5544.07,29.9837758,-95.6870155,2.492018003897323,6355.0,114223.0,0.08322496749024708,0.029633113828786452
48201423303,Census Tract 4233.03,29.6601449,-95.51088,0.17487802289563406,1375.0,24213.0,0.22181818181818183,0.3716475095785441
48201422403,Census Tract 4224.03,29.6617735,-95.4967033,0.34886762472434674,2550.0,81108.0,0.0639466457434288,0.09644670050761421
48201541901,Census Tract 5419.01,29.807571,-95.6958895,0.9767002366663375,2742.0,81125.0,0.1137855579868709,0.22650056625141562
48201541301,Census Tract 5413.01,29.872652,-95.657597,1.2251670143767572,6232.0,87109.0,0.11683681737157672,0.1928294573643411
48201330802,Census Tract 3308.02,29.5954262,-95.3869895,6.368236570784876,10276.0,108097.0,0.08322787890586976,0.18108326596604687
48201421602,Census Tract 4216.02,29.7021226,-95.4804176,0.32628489557042795,2868.0,42692.0,0.3284518828451883,0.16051660516605165
48201413204,Census Tract 4132.04,29.6983912,-95.4242624,0.08561274823767434,1061.0,61635.0,0.13854853911404336,0.011220196353436185
48201350300,Census Tract 3503,29.5828801,-95.2248554,0.8808943914418202,6328.0,100948.0,0.07206068268015171,0.0720081135902637
48201350400,Census Tract 3504,29.5958172,-95.2100565,1.026383862434025,5806.0,69519.0,0.10041336548398208,0.10746268656716418
48201541703,Census Tract 5417.03,29.8023949,-95.6658103,4.083892879338354,3705.0,76677.0,0.12361673414304994,0.13021978021978023
48201555703,Census Tract 5557.03,30.0009034,-95.7483171,1.4847512176416904,6280.0,155971.0,0.06910828025477707,0.02401129943502825
48201542901,Census Tract 5429.01,29.8147304,-95.7618657,2.184544391595682,9563.0,118148.0,0.06912056885914462,0.02064977973568282
48201330902,Census Tract 3309.02,29.6063514,-95.4047972,2.1024405397752965,3665.0,37140.0,0.38526603001364257,0.17497648165569143
48201542902,Census Tract 5429.02,29.8443347,-95.8041113,18.765269930138793,42523.0,132015.0,0.10207121918400693,0.04874399559020395
48201350500,Census Tract 3505,29.5822054,-95.1958041,2.249858591049671,7031.0,80079.0,0.18261368526753693,0.15829596412556055
48201542303,Census Tract 5423.03,29.8111934,-95.7277159,0.5235383107608166,3640.0,117593.0,0.04368131868131868,0.05818463925523662
48201555404,Census Tract 5554.04,30.0803243,-95.6158808,2.8211021401175467,3985.0,49883.0,0.1054783319705642,0.15041928721174005
48201422501,Census Tract 4225.01,29.6747948,-95.5010151,0.32660613256637694,3734.0,50911.0,0.26245313336904125,0.23619846261355695
48201411901,Census Tract 4119.01,29.7289065,-95.4018496,0.37415847441863354,2200.0,239519.0,0.016040329972502293,0.0
48201541604,Census Tract 5416.04,29.8391047,-95.6805694,2.8093839396042632,10089.0,110368.0,0.07275250272574091,0.09857516719976737
48201330102,Census Tract 3301.02,29.6347678,-95.4165137,0.5481612037207384,2022.0,40818.0,0.3758654797230465,0.14325842696629212
48201251505,Census Tract 2515.05,30.0568139,-95.1719783,1.0028632911368849,3839.0,171600.0,0.045584787705131545,0.006738544474393531
48201542001,Census Tract 5420.01,29.8192883,-95.7122578,0.5846814485955305,4304.0,88035.0,0.04065985130111524,0.09545454545454546
48201542402,Census Tract 5424.02,29.7927912,-95.7388598,1.706395864496845,5263.0,81355.0,0.1569159240604417,0.044132397191574725
48201330901,Census Tract 3309.01,29.6214158,-95.3998115,1.7180167672661633,10349.0,83794.0,0.08165040100492801,0.12521028598894496
48201541402,Census Tract 5414.02,29.8537562,-95.6574109,0.38499790641896037,2374.0,70298.0,0.04802021903959562,0.06511056511056511
48201540504,Census Tract 5405.04,29.8464571,-95.6430845,0.42770119126145334,3408.0,55045.0,0.3130868544600939,0.2514571190674438
48201421802,Census Tract 4218.02,29.685661,-95.4808616,0.33251735661442866,2399.0,89079.0,0.1509433962264151,0.14345991561181434
48201310400,Census Tract 3104,29.7510036,-95.3295187,0.6591609410901891,3018.0,57163.0,0.10636182902584493,0.08991077556623199
48201320100,Census Tract 3201,29.6946691,-95.2812699,0.38005695709545173,2253.0,54083.0,0.16341030195381884,0.27707317073170734
48201210800,Census Tract 2108,29.7943827,-95.3450894,1.4155497416549916,2250.0,40561.0,0.30666666666666664,0.24536082474226803
48201210900,Census Tract 2109,29.8041585,-95.3312426,0.4867230838368598,1812.0,45599.0,0.3346281908990011,0.4427934621099554
48201231500,Census Tract 2315,29.859841,-95.2965469,0.44772251869526924,3193.0,50104.0,0.16285624804259316,0.2983783783783784
48201231600,Census Tract 2316,29.8617444,-95.3074845,0.642787892952914,2767.0,36912.0,0.34947596675099385,0.1292083712465878
48201231700,Census Tract 2317,29.8761202,-95.3198604,1.6333422472738688,4756.0,53157.0,0.24011774600504626,0.12733748886910062
48201340900,Census Tract 3409,29.5663276,-95.1553438,1.5352695962762548,4640.0,48052.0,0.2478448275862069,0.17933130699088146
48201230300,Census Tract 2303,29.8347332,-95.3127198,0.673530891228686,2155.0,50521.0,0.23707498835584537,0.31746031746031744
48201423500,Census Tract 4235,29.6509447,-95.5411795,0.4798910061405649,2254.0,105291.0,0.07364685004436557,0.10761154855643044
48201420100,Census Tract 4201,29.6734152,-95.4357401,0.44812599545099846,2769.0,50725.0,0.14662332972192127,0.06169822846670739
48201241400,Census Tract 2414,30.0841109,-95.4007556,4.198850936037695,10417.0,92575.0,0.03990768343109914,0.016482101467937164
48201343100,Census Tract 3431,29.6582668,-95.0793268,0.7927325967531179,3900.0,82344.0,0.0640826873385013,0.07620416966211359
48201231100,Census Tract 2311,29.8289565,-95.2525557,4.270043926958414,5489.0,41360.0,0.3771178721078521,0.33428165007112376
48201231300,Census Tract 2313,29.857698,-95.271659,1.8569629649767003,5360.0,45417.0,0.23787313432835822,0.27995582551076753
48201530900,Census Tract 5309,29.8359653,-95.4201472,0.7726004579997859,4670.0,86563.0,0.13936377407487557,0.0633879781420765
48201531100,Census Tract 5311,29.824875,-95.4377439,0.6374905713370245,3552.0,181698.0,0.08079954954954954,0.08769344141488578
48201541100,Census Tract 5411,29.9010093,-95.6514946,1.3059388137499983,8045.0,83321.0,0.0435052827843381,0.12100364225010117
48201551000,Census Tract 5510,29.9697315,-95.4917709,0.42895911209414783,3693.0,52514.0,0.14053614947197401,0.20601640838650867
48201311100,Census Tract 3111,29.7331955,-95.2851837,0.9560202189499627,5091.0,42721.0,0.19642506383814576,0.1580110497237569
48201311300,Census Tract 3113,29.7097312,-95.2945706,0.5696149701629325,4120.0,67316.0,0.08592233009708738,0.17246963562753037
48201311400,Census Tract 3114,29.7192855,-95.2749811,0.8978925389738566,1668.0,45735.0,0.22422062350119903,0.29148936170212764
48201210500,Census Tract 2105,29.7952549,-95.3603917,0.8317883745033873,4767.0,55337.0,0.22466960352422907,0.16873706004140787
48201221400,Census Tract 2214,29.8534357,-95.391567,0.7796927685509722,5666.0,32690.0,0.40381221320155314,0.2748506246605106
48201531300,Census Tract 5313,29.8230775,-95.4639365,0.5948791788082765,5109.0,70092.0,0.1941747572815534,0.15984147952443858
48201531400,Census Tract 5314,29.8302031,-95.4709951,0.41126829728959646,2139.0,97464.0,0.04855769230769231,0.08414239482200647
48201533701,Census Tract 5337.01,29.9286062,-95.4309588,3.392074259367932,7269.0,51207.0,0.24294951162470765,0.23207171314741035
48201223002,Census Tract 2230.02,29.906774,-95.327696,0.285970424783147,2739.0,44201.0,0.08105147864184009,0.345841784989858
48201231800,Census Tract 2318,29.8771046,-95.3064708,1.0842312322429928,3251.0,57136.0,0.24423254383266688,0.2163355408388521
48201980100,Census Tract 9801,29.9882271,-95.3387998,11.768551709683331,0.0,,,
48201231900,Census Tract 2319,29.8824404,-95.2789532,3.407002513227754,5744.0,35976.0,0.38979805013927576,0.21351766513056836
48201233600,Census Tract 2336,29.7509314,-95.2595003,1.3801445598142148,2115.0,44821.0,0.45390070921985815,0.21517241379310345
48201232000,Census Tract 2320,29.9043012,-95.2703855,6.243375379819794,4849.0,43594.0,0.40461950917714995,0.29949238578680204
48201232100,Census Tract 2321,29.905324,-95.3062809,1.2399960399818206,3460.0,42262.0,0.26705202312138726,0.1851520572450805
48201230400,Census Tract 2304,29.8305873,-95.325201,1.1088908049079809,4227.0,59952.0,0.20383867832847424,0.22583139984532097
48201511400,Census Tract 5114,29.7957877,-95.383124,0.44252403923197936,2686.0,161607.0,0.0626865671641791,0.0264750378214826
48201451401,Census Tract 4514.01,29.7503672,-95.6123667,0.41885713521673273,3494.0,66038.0,0.10475100171722954,0.11850554582603619
48201212500,Census Tract 2125,29.7542789,-95.2795703,4.1616268269277885,3456.0,56250.0,0.1707175925925926,0.22633744855967078
48201431701,Census Tract 4317.01,29.761557,-95.4620762,0.3537467977024806,2075.0,107698.0,0.016867469879518072,0.0
48201431702,Census Tract 4317.02,29.7567464,-95.4704788,0.7626714548894203,2848.0,175787.0,0.046348314606741575,0.0
48201431804,Census Tract 4318.04,29.7484268,-95.4598549,0.41703936625407906,2598.0,126458.0,0.03679060665362035,0.004207573632538569
48201430101,Census Tract 4301.01,29.7802489,-95.4638738,0.5758397091637614,2796.0,79038.0,0.06256860592755215,0.03287671232876712
48201510902,Census Tract 5109.02,29.7853525,-95.4344532,1.5599627598290404,5731.0,118750.0,0.1926365381259815,0.10078627591136526
48201510802,Census Tract 5108.02,29.7679859,-95.4406837,2.7635034200987123,2817.0,250001.0,0.012069577564785232,0.0
48201232704,Census Tract 2327.04,29.7871088,-95.2115153,1.4301536697015957,1906.0,50417.0,0.09653725078698845,0.17464424320827943
48201232703,Census Tract 2327.03,29.7732559,-95.2217304,0.2533633252856902,2693.0,51250.0,0.34566517189835577,0.2776470588235294
48201341102,Census Tract 3411.02,29.5467467,-95.1178207,0.793911366643301,2143.0,50529.0,0.13623046875,0.04305864884929473
48201431901,Census Tract 4319.01,29.7295833,-95.4646225,0.13707128562841164,2492.0,41967.0,0.11641910879164993,0.026710097719869708
48201431506,Census Tract 4315.06,29.7562729,-95.4799066,0.2773298445760046,2849.0,87988.0,0.0526128688233203,0.036011080332409975
48201232902,Census Tract 2329.02,29.800392,-95.1872051,0.3332814527862833,4665.0,69922.0,0.08936261843238587,0.1554436752674638
48201510601,Census Tract 5106.01,29.7735934,-95.4034879,0.3431417297124194,3417.0,130616.0,0.03865447034523458,0.058195926285160036
48201510302,Census Tract 5103.02,29.7868983,-95.3824843,0.3591043512551106,3482.0,157159.0,0.02014388489208633,0.1414768806073154
48201330600,Census Tract 3306,29.6130687,-95.4329671,1.4235659946716899,7148.0,48489.0,0.22355903749300504,0.2560525235945835
48201330700,Census Tract 3307,29.5983841,-95.4420483,2.311607137069058,8886.0,73221.0,0.16205266711681296,0.2402471996910004
48201333204,Census Tract 3332.04,29.6596818,-95.2745514,0.06333465368688508,2338.0,39831.0,0.24850299401197604,0.2609727164887307
48201312902,Census Tract 3129.02,29.7147656,-95.3652246,0.372512134814395,2391.0,,0.30896027049873204,0.06802189210320563
48201312901,Census Tract 3129.01,29.7138838,-95.3578859,0.1770529363549858,1869.0,14302.0,0.39215686274509803,0.4725568942436412
48201410202,Census Tract 4102.02,29.7550071,-95.3918669,0.2535463377088631,3900.0,130972.0,0.05179487179487179,0.012839506172839505
48201350101,Census Tract 3501.01,29.5696931,-95.2079581,2.095065216341862,4367.0,79605.0,0.23465788854925934,0.32581648522550544
48201411507,Census Tract 4115.07,29.7381671,-95.4385028,0.11733914871138154,2167.0,85782.0,0.1324411628980157,0.010566037735849057
48201411301,Census Tract 4113.01,29.7521982,-95.4523634,0.3397451890232809,1918.0,114402.0,0.0881126173096976,0.0
48201410502,Census Tract 4105.02,29.7491,-95.3850823,0.2117179603577408,3032.0,154261.0,0.052770448548812667,0.03141993957703928
48201350103,Census Tract 3501.03,29.573237,-95.2462651,1.696747943757935,8504.0,116571.0,0.0629115710253998,0.02130681818181818
48201321900,Census Tract 3219,29.6957716,-95.2248643,0.9532846851563346,5314.0,64556.0,0.18454854552323385,0.27419354838709675
48201322000,Census Tract 3220,29.7011601,-95.2181221,0.2696939021855201,4240.0,48382.0,0.37924528301886795,0.33359133126934987
48201322100,Census Tract 3221,29.6900429,-95.2104213,0.8395320393961191,3883.0,34597.0,0.29436003090394025,0.1786764705882353
48201322200,Census Tract 3222,29.7044086,-95.2128723,0.3648503235792847,1670.0,61311.0,0.10479041916167664,0.19325842696629214
48201331700,Census Tract 3317,29.643418,-95.3324497,1.9881778530635803,3840.0,38994.0,0.42526041666666664,0.38076923076923075
48201331800,Census Tract 3318,29.6526787,-95.3454554,0.891575521557124,4268.0,31938.0,0.5215557638238051,0.3961988304093567
48201331900,Census Tract 3319,29.6626734,-95.3466946,0.6493489269338769,3361.0,34883.0,0.2606367152633145,0.35131298793470545
48201332100,Census Tract 3321,29.6803818,-95.344385,0.41493047626384666,3173.0,41299.0,0.3643239836117239,0.17054263565891473
48201332700,Census Tract 3327,29.6850652,-95.3137973,0.9639843481752509,2319.0,44909.0,0.2807244501940492,0.28150765606595995
48201332800,Census Tract 3328,29.6915893,-95.3074488,0.7532208323535509,4588.0,53333.0,0.28967538322813347,0.2865583456425406
48201333000,Census Tract 3330,29.6815728,-95.2849014,0.5767779374091413,3528.0,67813.0,0.20238095238095238,0.11175337186897881
48201332200,Census Tract 3322,29.680569,-95.3299245,1.1154796382443626,4861.0,31534.0,0.341963545981773,0.36409290646578785
48201332400,Census Tract 3324,29.6581099,-95.3287414,1.415824260289751,4057.0,50462.0,0.10697559773231452,0.297514033680834
48201332500,Census Tract 3325,29.6648417,-95.3077018,0.6848765031589277,3410.0,83870.0,0.0469208211143695,0.22450805008944544
48201422800,Census Tract 4228,29.6900285,-95.517789,0.8882940393112462,4533.0,53714.0,0.25489212242849973,0.06666666666666667
48201422900,Census Tract 4229,29.6824293,-95.5301552,0.623725643281042,4060.0,44650.0,0.32392972036624595,0.32901367890568756
48201450600,Census Tract 4506,29.7692487,-95.6150077,0.71755889257731,5678.0,75532.0,0.10755189692197566,0.08073817762399077
48201450700,Census Tract 4507,29.76685,-95.5833803,1.6907614297889577,6866.0,250001.0,0.012234197494902418,0.0
48201450900,Census Tract 4509,29.7421212,-95.5649411,0.6262835700817175,2783.0,105398.0,0.024793388429752067,0.020480225988700564
48201451100,Census Tract 4511,29.7563832,-95.5808314,0.9221335768989303,3990.0,71250.0,0.17941550190597205,0.03284072249589491
48201451200,Census Tract 4512,29.7558109,-95.5958668,0.6519273171489579,2770.0,166818.0,0.0029080334423845873,0.006809338521400778
48201312700,Census Tract 3127,29.7267574,-95.3682096,0.3331478614394103,2293.0,86667.0,0.13844086021505375,0.17424242424242425
48201312800,Census Tract 3128,29.7219583,-95.3579408,0.3609603443314649,3752.0,15833.0,0.5967532467532467,0.6070588235294118
48201313300,Census Tract 3133,29.7044774,-95.3359456,0.8764001623158031,2702.0,50313.0,0.2738404452690167,0.1871440195280716
48201532400,Census Tract 5324,29.8714527,-95.5032193,1.7956804442627345,7362.0,61144.0,0.18337408312958436,0.07488232777064613
48201342100,Census Tract 3421,29.6569777,-95.1420994,1.7847340619644776,3964.0,99286.0,0.1351282702565405,0.10928571428571429
48201342200,Census Tract 3422,29.6719173,-95.1464696,1.1107803888721328,4011.0,53459.0,0.1606574761399788,0.17534849596478358
48201342300,Census Tract 3423,29.673705,-95.131227,1.080182178905833,7114.0,63919.0,0.20551026145628337,0.24154025670945156
48201342400,Census Tract 3424,29.6947708,-95.1484586,1.281674609695409,3524.0,73586.0,0.04290617848970252,0.16179775280898875
48201342500,Census Tract 3425,29.6967437,-95.1336126,2.485274343595346,6356.0,101964.0,0.04222434671765456,0.054949847361535104
48201342700,Census Tract 3427,29.6953124,-95.1185744,1.3482617879662777,4713.0,81530.0,0.10778697220454063,0.09402205455600697
48201455102,Census Tract 4551.02,29.7662587,-95.7712397,0.6126553221898768,2886.0,106012.0,0.0550935550935551,0.06547619047619048
48201511302,Census Tract 5113.02,29.7973995,-95.3935238,0.613346831155916,4961.0,170768.0,0.04435483870967742,0.054782975136957436
48201520601,Census Tract 5206.01,29.8167961,-95.4926764,0.7586324402083838,2658.0,43147.0,0.3105542900531511,0.2609625668449198
48201554001,Census Tract 5540.01,30.0099126,-95.5258284,1.2924375934683345,3566.0,76563.0,0.07795849691531127,0.05100463678516229
48201212300,Census Tract 2123,29.7752018,-95.3549648,1.2623440190233153,4731.0,65176.0,0.25258930458676815,0.19791666666666666
48201212400,Census Tract 2124,29.7875116,-95.2846214,3.1368599603339495,2871.0,42344.0,0.2936259143155695,0.3901345291479821
48201421302,Census Tract 4213.02,29.7092106,-95.5026659,0.4700824669036801,5595.0,55064.0,0.2715668107885526,0.2426470588235294
48201421204,Census Tract 4212.04,29.7214544,-95.4895197,0.09049694054386992,3274.0,44222.0,0.3091020158827123,0.22205438066465258
48201421801,Census Tract 4218.01,29.6787924,-95.4800985,0.11921097197623816,2303.0,42045.0,0.18063395570994356,0.19658119658119658
48201541205,Census Tract 5412.05,29.894142,-95.6624018,0.526614772760482,3286.0,96223.0,0.031953743152769325,0.04391891891891892
48201421301,Census Tract 4213.01,29.7087134,-95.4950115,0.1030761488708147,3537.0,41842.0,0.4424653661294883,0.27155172413793105
48201421206,Census Tract 4212.06,29.7182163,-95.4869012,0.062432719044412915,2013.0,31203.0,0.4038748137108793,0.2242503259452412
48201423203,Census Tract 4232.03,29.6608837,-95.532177,0.318451268874744,2280.0,50821.0,0.3570175438596491,0.26586826347305387
48201421502,Census Tract 4215.02,29.7128442,-95.4805595,0.2523243243769177,3137.0,44367.0,0.37218287186091437,0.23424270931326435
48201432101,Census Tract 4321.01,29.7333477,-95.517431,0.22142225201180557,3193.0,62029.0,0.28249295333542124,0.16655196145905024
48201451501,Census Tract 4515.01,29.7601723,-95.6223627,0.294814094725709,2984.0,73154.0,0.039744021556079485,0.04310803618946248
48201432006,Census Tract 4320.06,29.7345738,-95.49828,0.13498440346121898,2264.0,35219.0,0.37985865724381623,0.012455516014234875
48201521202,Census Tract 5212.02,29.8068871,-95.5146086,0.5393777657149168,3481.0,66630.0,0.20781954887218046,0.051964512040557666
48201552303,Census Tract 5523.03,29.9597104,-95.5888936,0.4492800548030315,3250.0,63724.0,0.12586750788643533,0.07142857142857142
48201550306,Census Tract 5503.06,29.9910043,-95.4400653,0.8288458899527535,5063.0,70560.0,0.18250049377839225,0.1947261663286004
48201555504,Census Tract 5555.04,30.0265656,-95.6242863,1.1943336681958745,8095.0,127838.0,0.04941321803582458,0.00956768249468462
48201543009,Census Tract 5430.09,29.8876004,-95.7004083,0.4032385306973475,5268.0,75724.0,0.25394352482960075,0.06696035242290749
48201555304,Census Tract 5553.04,30.1268464,-95.5396552,2.571049254739629,9377.0,140601.0,0.12466673776261064,0.045845272206303724
48201452102,Census Tract 4521.02,29.7347268,-95.5783081,0.07420690437069227,1818.0,55909.0,0.19573978123200922,0.014223194748358862
48201333301,Census Tract 3333.01,29.6321549,-95.2406195,0.5674605201179862,4541.0,30325.0,0.4769874476987448,0.458700882117081
48201320901,Census Tract 3209.01,29.6477726,-95.2437602,0.40131188092597075,2816.0,54707.0,0.16964285714285715,0.17040358744394618
48201530102,Census Tract 5301.02,29.8109166,-95.454293,0.6633524661238697,2971.0,65192.0,0.3268259845169976,0.15252707581227437
48201410601,Census Tract 4106.01,29.74453,-95.3777657,0.24443471286823784,3723.0,98958.0,0.14251142780317289,0.04746835443037975
48201511201,Census Tract 5112.01,29.795914,-95.4175103,0.4246830306877355,2940.0,190938.0,0.010884353741496598,0.015078821110349555
48201421103,Census Tract 4211.03,29.7182901,-95.4806352,0.12594961295015367,1533.0,41982.0,0.1908548707753479,0.23217247097844113
48201410706,Census Tract 4107.06,29.7361984,-95.3850116,0.16668030186439736,1835.0,72305.0,0.2140120415982485,0.10526315789473684
48201241501,Census Tract 2415.01,29.9829277,-95.2917086,5.625555555156583,4295.0,44500.0,0.1656590084643289,0.1204250295159386
48201551300,Census Tract 5513,29.9517905,-95.5071337,0.766990779737595,3634.0,138299.0,0.02449091909741332,0.06500445235975066
48201521000,Census Tract 5210,29.7943621,-95.5176361,0.45504108511139074,2158.0,47985.0,0.22706209453197404,0.2719298245614035
48201521100,Census Tract 5211,29.8017669,-95.5197006,0.230835036536133,2494.0,36955.0,0.46952686447473935,0.18488529014844804
48201521300,Census Tract 5213,29.8159651,-95.5139394,1.1259518870918679,7160.0,60095.0,0.32122905027932963,0.1286970423661071
48201521600,Census Tract 5216,29.8424728,-95.5312861,2.57717746820081,2972.0,91667.0,0.061574697173620456,0.11053719008264463
48201553901,Census Tract 5539.01,30.0308737,-95.5400107,1.4974748281759487,6298.0,135581.0,0.009807073954983923,0.03756345177664975
48201240704,Census Tract 2407.04,30.0129474,-95.4218273,0.8456394033407358,4650.0,110398.0,0.13075268817204302,0.14274258219727345
48201340502,Census Tract 3405.02,29.5608759,-95.1203121,0.29682491476765893,2216.0,54180.0,0.2703068592057762,0.24780487804878049
48201340102,Census Tract 3401.02,29.6019656,-95.1899561,1.7159553678414379,5498.0,88884.0,0.1650201244054153,0.10456796917996698
48201340101,Census Tract 3401.01,29.5844148,-95.1715498,1.53604180059344,1610.0,59022.0,0.08198757763975155,0.14875
48201451302,Census Tract 4513.02,29.7481455,-95.5965344,0.6083387000568122,3254.0,139884.0,0.008604794099569761,0.008108108108108109
48201451903,Census Tract 4519.03,29.716624,-95.6095615,0.22391299703688602,3846.0,32231.0,0.3962558502340094,0.27361190612478536
48201452602,Census Tract 4526.02,29.7081626,-95.6241896,0.7243423214016222,2929.0,71591.0,0.14510071696824856,0.2792207792207792
48201452601,Census Tract 4526.01,29.7077035,-95.639154,0.2931538554437611,5351.0,35932.0,0.35451317510745656,0.2801615345784957
48201452001,Census Tract 4520.01,29.7323603,-95.6130668,0.41774323048919326,6370.0,72528.0,0.16246409192467284,0.21356421356421357
48201452101,Census Tract 4521.01,29.725027,-95.5834844,1.4169895166043833,7306.0,74299.0,0.1524951212712573,0.07148703956343792
48201310102,Census Tract 3101.02,29.7591877,-95.3430735,0.4394630213186577,2400.0,91102.0,0.24375,0.13385269121813032
48201324000,Census Tract 3240,29.6418575,-95.1720086,3.059792425070245,6065.0,90750.0,0.08724498258417648,0.23210922787193974
48201330200,Census Tract 3302,29.6390735,-95.4546937,1.6875367045603928,6130.0,57287.0,0.2962658331962494,0.20998719590268886
48201330400,Census Tract 3304,29.6166883,-95.4555072,1.6794494087465135,5047.0,45611.0,0.27640182286506837,0.23062261753494281
48201330500,Census Tract 3305,29.6237073,-95.4306139,1.0464800936866077,5466.0,71875.0,0.19923161361141603,0.17334839073969507
48201220900,Census Tract 2209,29.8488405,-95.3376376,0.5781281366577393,1790.0,23083.0,0.3843575418994413,0.25892857142857145
48201221000,Census Tract 2210,29.8597008,-95.3446749,0.9593627053368983,3508.0,34574.0,0.3768529076396807,0.326171875
48201221100,Census Tract 2211,29.8598711,-95.3562325,1.1824181694795504,3233.0,73110.0,0.11197030621713579,0.39068825910931176
48201254200,Census Tract 2542,29.7287156,-94.9645049,0.4865728900971673,2570.0,52940.0,0.25705329153605017,0.2567409144196952
48201323900,Census Tract 3239,29.6735244,-95.1641966,1.095549817022133,3268.0,32659.0,0.2843440594059406,0.2932575142160845
48201221200,Census Tract 2212,29.8645953,-95.3740348,0.9654916910023962,5407.0,47390.0,0.19521690767519467,0.2541363335539378
48201230900,Census Tract 2309,29.817866,-95.2809759,2.4546518091930545,4524.0,28250.0,0.358974358974359,0.441073512252042
48201231000,Census Tract 2310,29.8402169,-95.2770719,1.590852090822919,6115.0,52500.0,0.30464249406980687,0.5232558139534884
48201252400,Census Tract 2524,29.7818357,-95.1428558,2.0546241040465625,6395.0,52736.0,0.16403440187646598,0.18824087245139876
48201251600,Census Tract 2516,30.1013555,-95.1134386,22.388181542655808,7420.0,96293.0,0.10579514824797843,0.1800518134715026
48201332300,Census Tract 3323,29.6665605,-95.3233636,0.4646851448287151,2910.0,44451.0,0.15017182130584192,0.2613981762917933
48201312200,Census Tract 3122,29.7321055,-95.3497568,0.4197057877613191,1609.0,,0.4064636420136731,0.3236111111111111
48201312400,Census Tract 3124,29.7298981,-95.3610125,0.4179544283699434,2048.0,,0.55859375,0.4174757281553398
48201233001,Census Tract 2330.01,29.7971528,-95.1825606,0.3679175191271438,4148.0,44594.0,0.19047619047619047,0.3247058823529412
48201452900,Census Tract 4529,29.6963073,-95.5918491,0.5075289708569357,4267.0,60455.0,0.2073342736248237,0.1388036809815951
48201453100,Census Tract 4531,29.6967091,-95.5641902,0.8554521897013652,3712.0,39162.0,0.4107532751091703,0.23422770123277736
48201323400,Census Tract 3234,29.676607,-95.1995552,0.7682479283659723,6940.0,48812.0,0.27204610951008645,0.2548656163113994
48201323500,Census Tract 3235,29.6634266,-95.2017944,1.0315800252843632,5525.0,44899.0,0.43497188463631414,0.29343404997094713
48201421700,Census Tract 4217,29.6865353,-95.4883315,0.7268292054051168,4521.0,80609.0,0.1973014819730148,0.08725212464589235
48201530501,Census Tract 5305.01,29.8391541,-95.3923596,0.40265590254003136,1636.0,39425.0,0.28203517587939697,0.21595598349381018
48201553404,Census Tract 5534.04,30.0460218,-95.462355,0.7790591749087219,3489.0,147868.0,0.06649469762109488,0.03394495412844037
48201530502,Census Tract 5305.02,29.8357583,-95.3975741,0.507949436107643,2491.0,62922.0,0.19662243667068757,0.4156193895870736
48201313102,Census Tract 3131.02,29.7116772,-95.3922916,1.2093345092615118,1789.0,85956.0,0.2064139941690962,0.05751765893037336
48201312602,Census Tract 3126.02,29.725801,-95.3830479,0.20231405618306103,2519.0,131864.0,0.11252992817238627,0.01141552511415525
48201312502,Census Tract 3125.02,29.7361643,-95.3764282,0.3125852187792476,2089.0,101406.0,0.25682261208577,0.0
48201410703,Census Tract 4107.03,29.7413902,-95.3937139,0.22318712497873205,2286.0,93250.0,0.10153846153846154,0.0
48201410802,Census Tract 4108.02,29.7406837,-95.4050252,0.19414567891587736,1441.0,121094.0,0.05829285218598196,0.0
48201410501,Census Tract 4105.01,29.7491032,-95.3923612,0.21316043802224252,1825.0,136043.0,0.06958904109589041,0.010923535253227408
48201411003,Census Tract 4110.03,29.7346933,-95.4146908,0.25541700266724393,1671.0,107802.0,0.13285457809694792,0.0
48201411002,Census Tract 4110.02,29.7405008,-95.4146969,0.13128631698621968,2176.0,101875.0,0.09604779411764706,0.016832440703902066
48201411503,Census Tract 4115.03,29.7345889,-95.4240654,0.34591780423269974,3555.0,115417.0,0.07623066104078763,0.0055193176116407425
48201411001,Census Tract 4110.01,29.7402797,-95.4243669,0.17447917936580798,2673.0,124773.0,0.05761316872427984,0.025
48201411801,Census Tract 4118.01,29.7264326,-95.4380232,0.4718473398706066,3825.0,121557.0,0.04097277293153582,0.008859357696566999
48201553405,Census Tract 5534.05,30.0541997,-95.4468101,1.277278836619833,6522.0,118704.0,0.054464559680883706,0.06944444444444445
48201341101,Census Tract 3411.01,29.5387449,-95.1297098,0.9952466538543299,1956.0,72564.0,0.20353477765108324,0.26762589928057556
48201350603,Census Tract 3506.03,29.5345772,-95.171547,0.6753278106747757,4398.0,103673.0,0.020691223283310595,0.11086474501108648
48201433006,Census Tract 4330.06,29.7113758,-95.5415869,0.10914026937366907,2239.0,41006.0,0.25279142474318894,0.1101511879049676
48201431203,Census Tract 4312.03,29.74153,-95.5088059,0.17872591700816728,1958.0,42768.0,0.29111338100102147,0.2655038759689923
48201431403,Census Tract 4314.03,29.7442275,-95.478412,0.12972067273312696,1772.0,97500.0,0.15914221218961624,0.01859504132231405
48201431404,Census Tract 4314.04,29.7436083,-95.481055,0.1483999090636752,2044.0,71191.0,0.07632093933463796,0.0
48201451406,Census Tract 4514.06,29.7417968,-95.6111916,0.42249692026578456,2444.0,44375.0,0.24959083469721768,0.06872635561160151
48201431206,Census Tract 4312.06,29.740882,-95.5147681,0.17445485492981666,1895.0,71875.0,0.15614236509758897,0.03884462151394422
48201432903,Census Tract 4329.03,29.709988,-95.5367366,0.1486894856826196,2099.0,52750.0,0.25774178180085755,0.19672131147540983
48201431205,Census Tract 4312.05,29.7393055,-95.5184834,0.0838405393297346,3514.0,43843.0,0.22794536141149688,0.19850984566258648
48201222601,Census Tract 2226.01,29.9350797,-95.3903481,0.5250777000671251,2269.0,31607.0,0.5711767298369326,0.18122977346278318
48201250408,Census Tract 2504.08,29.955511,-95.1947328,4.221242158520952,17485.0,130054.0,0.12622247640835002,0.023776005005474738
48201314005,Census Tract 3140.05,29.6836581,-95.3970225,0.29835426541784393,2679.0,38990.0,0.2906534954407295,0.031771674744211095
48201432703,Census Tract 4327.03,29.7288262,-95.472348,0.1821324963534292,2048.0,75223.0,0.22998046875,0.005639097744360902
48201432704,Census Tract 4327.04,29.7288877,-95.4822382,0.26445102097399203,1742.0,42232.0,0.14695752009184845,0.21404109589041095
48201421104,Census Tract 4211.04,29.7230027,-95.4805288,0.19797774283990827,4854.0,37316.0,0.2865677791512155,0.3203943314849045
48201432004,Census Tract 4320.04,29.7346838,-95.4762155,0.4178301034748766,2018.0,128611.0,0.011892963330029732,0.01366742596810934
48201431504,Census Tract 4315.04,29.7538102,-95.4905097,0.3086079804435859,2503.0,121875.0,0.11146624051138633,0.03974121996303143
48201431304,Census Tract 4313.04,29.7460547,-95.4980367,0.17182125210605698,3114.0,67188.0,0.08028259473346179,0.05944272445820433
48201431503,Census Tract 4315.03,29.7528951,-95.4981534,0.11759165952310106,2295.0,110563.0,0.034858387799564274,0.00596252129471891
48201551502,Census Tract 5515.02,29.9400123,-95.5420901,2.3344412187282204,4924.0,66534.0,0.1437855402112104,0.28262436914203315
48201533803,Census Tract 5338.03,29.9034375,-95.4514052,1.3315509004402342,7014.0,64209.0,0.2055888223552894,0.3291470434327577
48201530701,Census Tract 5307.01,29.8630702,-95.4088157,0.37967046883470057,1421.0,20516.0,0.5607814761215629,0.4962630792227205
48201314401,Census Tract 3144.01,29.6970417,-95.4034498,0.18184832516470512,1510.0,47969.0,0.33708609271523177,0.012552301255230125
48201980300,Census Tract 9803,29.7172259,-95.4027324,0.4698392225437668,2918.0,,0.0,0.0
48201222602,Census Tract 2226.02,29.9364914,-95.4060248,0.48108444791277444,2320.0,31483.0,0.49181034482758623,0.352326685660019
48201541500,Census Tract 5415,29.8561649,-95.6779761,1.1865965670398386,5136.0,97824.0,0.1314252336448598,0.035181872391174714
48201541008,Census Tract 5410.08,29.9313827,-95.6593515,2.1722937562056996,3351.0,139393.0,0.008459214501510574,0.02553626149131767
48201253601,Census Tract 2536.01,29.7660281,-94.9933574,1.203973866891613,4254.0,98152.0,0.018805829807240243,0.07472178060413355
48201253102,Census Tract 2531.02,29.8277249,-94.9606696,10.035747615845233,8338.0,101836.0,0.06752218757495802,0.06833060556464812
48201522101,Census Tract 5221.01,29.8176644,-95.5410479,0.3462174195077676,3413.0,61950.0,0.23791385877527102,0.17693836978131214
48201350202,Census Tract 3502.02,29.5954032,-95.2383815,0.7215940462367606,4545.0,84153.0,0.12123212321232123,0.14382174206617152
48201350201,Census Tract 3502.01,29.5947429,-95.225701,0.6419697424788564,3813.0,104528.0,0.0999213217938631,0.14599824098504838
48201321101,Census Tract 3211.01,29.6165558,-95.2058454,1.1446423203850153,3896.0,56454.0,0.1601642710472279,0.2175548589341693
48201453405,Census Tract 4534.05,29.6669379,-95.5735673,0.487569033666336,4064.0,42721.0,0.29404527559055116,0.2323897300855826
48201432600,Census Tract 4326,29.7259349,-95.5106411,0.6270519133773167,2206.0,81731.0,0.22484134179510426,0.19014084507042253
48201453404,Census Tract 4534.04,29.6645122,-95.5789767,0.44176457628602783,4557.0,41071.0,0.45183234584156245,0.30402384500745155
48201453702,Census Tract 4537.02,29.6832754,-95.599648,0.38989947332229263,4492.0,51502.0,0.11487088156723063,0.23252160251374707
48201453604,Census Tract 4536.04,29.6792631,-95.5813011,0.4578380091482351,3589.0,98790.0,0.1058790749512399,0.06384976525821597
48201455103,Census Tract 4551.03,29.7629255,-95.7590016,0.5702910350426281,3810.0,112988.0,0.03779527559055118,0.03626943005181347
48201455104,Census Tract 4551.04,29.7712949,-95.7603187,0.4845771280394025,3393.0,83131.0,0.029472443265546714,0.06855184233076264
48201433601,Census Tract 4336.01,29.6671512,-95.5557475,0.2567888236367232,2878.0,36992.0,0.3766504517025712,0.3632923368022706
48201453603,Census Tract 4536.03,29.6837842,-95.57659,0.5300784952252156,3445.0,37128.0,0.19564586357039188,0.16323024054982818
48201432806,Census Tract 4328.06,29.7110597,-95.5124738,0.1599605798962529,4291.0,38096.0,0.27440633245382584,0.22253521126760564
48201432805,Census Tract 4328.05,29.7068143,-95.5169389,0.3400892060465868,2473.0,40325.0,0.3534169025475131,0.3163265306122449
48201454802,Census Tract 4548.02,29.7637449,-95.7442006,0.655036211729945,4324.0,98053.0,0.04370952821461609,0.05326460481099656
48201433505,Census Tract 4335.05,29.6832627,-95.5531423,0.07678529458577321,2175.0,34219.0,0.3080459770114943,0.3009320905459387
48201432803,Census Tract 4328.03,29.715307,-95.5169058,0.12519362492362948,2577.0,42096.0,0.31819945673263483,0.23411662315056572
48201432904,Census Tract 4329.04,29.709682,-95.5292996,0.43250932144240617,3861.0,60093.0,0.30924630924630925,0.10421994884910486
48201453701,Census Tract 4537.01,29.682745,-95.6094175,0.5111780223577937,4635.0,62167.0,0.26184649610678534,0.2476489028213166
48201450301,Census Tract 4503.01,29.7751728,-95.5943455,0.382140364343217,2690.0,64143.0,0.2037174721189591,0.07035647279549719
48201450302,Census Tract 4503.02,29.7790403,-95.6007307,0.6110472066993389,5835.0,69751.0,0.2863753213367609,0.0802828618968386
48201433504,Census Tract 4335.04,29.6793027,-95.547194,0.35309621556525217,3358.0,35489.0,0.4472900536033353,0.300179211469534
48201433507,Census Tract 4335.07,29.6792534,-95.5571892,0.1834776762739656,2911.0,27063.0,0.5231879079354174,0.39057239057239057
48201453002,Census Tract 4530.02,29.6961276,-95.5812956,0.7933349161205223,5049.0,61594.0,0.14596949891067537,0.1734019103600294
48201451605,Census Tract 4516.05,29.7474047,-95.6270511,0.33970464829662866,3203.0,70714.0,0.18662864385297845,0.12837837837837837
48201451606,Census Tract 4516.06,29.7451993,-95.6364039,1.3091399867468891,6423.0,128056.0,0.06741398100576054,0.052657004830917876
48201550305,Census Tract 5503.05,30.0049004,-95.4360327,0.9216011420222312,3275.0,75732.0,0.07354758961681088,0.11815068493150685
48201233701,Census Tract 2337.01,29.7356872,-95.2474594,2.6384306451507227,4630.0,57532.0,0.12387039894203218,0.24
48201233703,Census Tract 2337.03,29.742757,-95.2223882,2.618503526643603,2699.0,46286.0,0.22082252686180068,0.1572769953051643
48201453001,Census Tract 4530.01,29.6960983,-95.5730556,0.2642919468846519,3174.0,75855.0,0.16288594833018274,0.15185601799775028
48201433503,Census Tract 4335.03,29.6873811,-95.5544568,0.12020865995404126,2368.0,46335.0,0.31925675675675674,0.4071942446043165
48201432502,Census Tract 4325.02,29.7249143,-95.5248404,0.2875854901125396,1927.0,47250.0,0.3061754021795537,0.12967581047381546
48201454901,Census Tract 4549.01,29.7532214,-95.7296887,0.41462506945639993,2428.0,138382.0,0.11037891268533773,0.07451923076923077
48201411700,Census Tract 4117,29.7254882,-95.4543517,0.46747473292454617,3516.0,77193.0,0.028725824800910123,0.016873889875666074
48201412000,Census Tract 4120,29.7215371,-95.4107135,0.5774350832830658,3819.0,244483.0,0.06719160104986877,0.004972375690607734
48201432302,Census Tract 4323.02,29.7308302,-95.5462955,0.09729504125020867,2116.0,47712.0,0.32419659735349715,0.14120126448893572
48201551102,Census Tract 5511.02,29.9740648,-95.4801776,1.0736636161623152,6546.0,87565.0,0.25190956309196455,0.12340896513558385
48201240707,Census Tract 2407.07,29.9812868,-95.4150104,1.9473645382873979,5251.0,86902.0,0.08422256097560976,0.10742705570291777
48201411802,Census Tract 4118.02,29.7281886,-95.4187689,0.358928674772951,2196.0,113250.0,0.09699453551912568,0.0053639846743295016
48201533401,Census Tract 5334.01,29.8914887,-95.4330144,0.7921796984620134,4205.0,48534.0,0.24661117717003567,0.16607773851590105
48201421203,Census Tract 4212.03,29.7239806,-95.4871024,0.08558031565635257,2358.0,38185.0,0.44147582697201015,0.19282051282051282
48201452002,Census Tract 4520.02,29.7330853,-95.5992846,0.3379189258131382,3643.0,56033.0,0.06176305446378439,0.04804177545691906
48201451404,Census Tract 4514.04,29.7505376,-95.621921,0.2171183712499746,3643.0,61348.0,0.1372495196266813,0.0916626036079961
48201322900,Census Tract 3229,29.7034718,-95.1943063,0.6415929067720701,3755.0,53795.0,0.19653794940079894,0.27117031398667935
48201323000,Census Tract 3230,29.6948991,-95.1919944,0.5402503565933359,6571.0,41765.0,0.2545815516188149,0.3419324577861163
48201323100,Census Tract 3231,29.6884445,-95.1693711,0.7914186911074276,3503.0,39819.0,0.3746747614917606,0.4546313799621928
48201541007,Census Tract 5410.07,29.9228942,-95.6743804,1.7232198799553564,7383.0,127321.0,0.0198181077779286,0.03571428571428571
48201250407,Census Tract 2504.07,29.9707487,-95.1906465,1.6323808528989734,10145.0,193974.0,0.003942828979793002,0.0024449877750611247
48201240505,Census Tract 2405.05,29.9520504,-95.3944208,0.13246083975265818,1556.0,26810.0,0.4330175913396482,0.1782178217821782
48201554904,Census Tract 5549.04,30.070044,-95.5211691,0.7028673193407055,3847.0,115211.0,0.13724980504289055,0.10031595576619273
48201554907,Census Tract 5549.07,30.0781047,-95.5329241,1.2307292020734413,4476.0,88157.0,0.11729222520107238,0.07014276846679081
48201543006,Census Tract 5430.06,29.9098207,-95.706624,4.670783218383192,17618.0,145722.0,0.05876241052874625,0.11982758620689656
48201323200,Census Tract 3232,29.6869069,-95.1829177,0.8133006448435008,6023.0,71745.0,0.1861198738170347,0.23430079155672823
48201323300,Census Tract 3233,29.6871648,-95.2011254,0.5059467242110235,3278.0,19514.0,0.5061572466056204,0.5175526579739218
48201555305,Census Tract 5553.05,30.1476684,-95.5293569,4.661097845734898,12588.0,203088.0,0.06928719502471695,0.020572002007024585
48201542107,Census Tract 5421.07,29.8722427,-95.6878599,0.5315769577027132,3822.0,90175.0,0.07796964939822083,0.1616650532429816
48201542201,Census Tract 5422.01,29.8702618,-95.726161,0.7484953280345369,7542.0,87004.0,0.13617077698223282,0.189159891598916
48201233501,Census Tract 2335.01,29.764227,-95.2332664,0.549761983270263,3729.0,42727.0,0.2788910238814164,0.15298507462686567
48201341002,Census Tract 3410.02,29.5503439,-95.1445157,0.6890243986486873,3548.0,71106.0,0.11302142051860203,0.11396368190356919
48201310101,Census Tract 3101.01,29.7520372,-95.3434924,0.8477177912604394,2768.0,95786.0,0.23442028985507246,0.1558803061934586
48201510301,Census Tract 5103.01,29.7823909,-95.3766468,0.5542291852451786,3551.0,130503.0,0.05688538439876091,0.0
48201311001,Census Tract 3110.01,29.7459833,-95.3038272,0.3205987690808357,2746.0,61057.0,0.2884195193008012,0.19000979431929482
48201440101,Census Tract 4401.01,29.6506227,-95.559587,0.8678317832123176,1842.0,25323.0,0.41611479028697573,0.19193154034229828
48201233502,Census Tract 2335.02,29.7625516,-95.2458797,0.5330954974924577,2943.0,56761.0,0.27760788311247026,0.20268872802481902
48201211302,Census Tract 2113.02,29.7781578,-95.3230968,0.6116672867660385,2075.0,32804.0,0.35099009900990097,0.3201716738197425
48201454902,Census Tract 4549.02,29.7494783,-95.741026,1.3484401671635473,8609.0,96646.0,0.05145777674526658,0.021835677276091783
48201100001,Census Tract 1000.01,29.7550044,-95.3621664,0.9846998872902162,5869.0,102588.0,0.1121911705143783,0.007990529742527374
48201340702,Census Tract 3407.02,29.569193,-95.1406139,0.49954746703451086,3871.0,87604.0,0.12606561611986566,0.13646055437100213
48201433004,Census Tract 4330.04,29.7168441,-95.5431959,0.19541286620037804,2346.0,42368.0,0.39773755656108595,0.3110236220472441
48201340501,Census Tract 3405.01,29.5694074,-95.1206873,0.7869908715526883,3754.0,77065.0,0.15514469453376206,0.04943820224719101
48201341303,Census Tract 3413.03,29.5651387,-95.1087269,0.45216076300829044,2936.0,60057.0,0.12966130687649674,0.05231607629427793
48201252306,Census Tract 2523.06,29.8036724,-95.1332126,2.061438807145721,10710.0,61250.0,0.3299719887955182,0.2601047904191617
48201532301,Census Tract 5323.01,29.8592269,-95.5133509,0.9048890961897119,4612.0,58154.0,0.21986123156981788,0.28186528497409324
48201432005,Census Tract 4320.05,29.7347017,-95.4926459,0.13723537904581345,3676.0,47468.0,0.21137105549510338,0.11650485436893204
48201554701,Census Tract 5547.01,30.0029583,-95.5883784,0.5767879760652647,3382.0,87215.0,0.12684801892371378,0.0
48201554202,Census Tract 5542.02,30.0038177,-95.5747391,1.6084290054906856,3219.0,79896.0,0.06892190957951312,0.061191626409017714
48201233200,Census Tract 2332,29.7796854,-95.1921361,1.2150001723366985,6294.0,60774.0,0.1982840800762631,0.21545157780195864
48201554201,Census Tract 5542.01,30.0012522,-95.5650957,1.09742974843232,6498.0,83429.0,0.08065532451165722,0.07270734380708806
48201233400,Census Tract 2334,29.7707291,-95.2464385,1.0067772087185374,2760.0,39280.0,0.25507246376811593,0.3344017094017094
48201433602,Census Tract 4336.02,29.6729653,-95.5525108,0.3010886409049963,4053.0,42141.0,0.3461633358006415,0.2996389891696751
48201251702,Census Tract 2517.02,30.0230688,-95.07657,23.67728784669981,3949.0,79271.0,0.13421119270701443,0.12914608327452365
48201252202,Census Tract 2522.02,29.8391674,-95.1483316,7.419053363916794,6921.0,73500.0,0.06734250543084722,0.1405
48201333205,Census Tract 3332.05,29.6630381,-95.2749989,0.052169351464706144,1384.0,35451.0,0.3417630057803468,0.1318181818181818
48201253202,Census Tract 2532.02,29.7915968,-94.9913556,7.301197996619375,5206.0,53176.0,0.16634652324241261,0.20303169499310977
48201452703,Census Tract 4527.03,29.6970297,-95.6391055,0.5484137145324579,4034.0,50966.0,0.3103361766181636,0.17733230531996916
48201422405,Census Tract 4224.05,29.6594912,-95.5070287,0.0811922646239484,1698.0,18494.0,0.4923439340400471,0.3891213389121339
48201251904,Census Tract 2519.04,29.9354014,-95.1058359,7.260127923907728,7486.0,109583.0,0.0650547689019503,0.09320905459387484
48201253101,Census Tract 2531.01,29.8117735,-94.9911794,1.1065433037837382,6234.0,89524.0,0.07427013153673404,0.029721955896452542
48201252902,Census Tract 2529.02,29.8140399,-95.0465299,3.853511126736408,6326.0,82860.0,0.09121087575086943,0.10995310057321521
48201433506,Census Tract 4335.06,29.6794797,-95.5541748,0.05001605972623558,1562.0,36833.0,0.33419188667095945,0.3563049853372434
48201321001,Census Tract 3210.01,29.6333476,-95.2286299,0.5036895709918916,2805.0,36717.0,0.4552584670231729,0.3014218009478673
48201314004,Census Tract 3140.04,29.6872016,-95.397622,0.07218141244671583,2183.0,44831.0,0.2798900595510765,0.026622296173044926
48201511100,Census Tract 5111,29.8084275,-95.4266541,0.7248512040466472,4485.0,162212.0,0.10013562386980109,0.04912907548012506
48201540200,Census Tract 5402,29.822288,-95.5697684,0.966992856195004,2433.0,57045.0,0.11261816687217427,0.1171875
48201530400,Census Tract 5304,29.8261231,-95.3879776,0.6144236700762307,3549.0,63106.0,0.10171879402648633,0.18009478672985782
48201233002,Census Tract 2330.02,29.8017233,-95.1701831,0.6664694688501871,3994.0,71736.0,0.14797195793690535,0.22522522522522523
48201323801,Census Tract 3238.01,29.6743814,-95.1891936,0.5156896260809476,4084.0,85441.0,0.11969887076537014,0.24724264705882354
48201323802,Census Tract 3238.02,29.673244,-95.1791015,0.9313838124144902,5026.0,52167.0,0.328994793752503,0.19896640826873385
48201551800,Census Tract 5518,29.8866985,-95.5637825,2.405823013604491,3846.0,103387.0,0.035545023696682464,0.06915629322268327
48201210600,Census Tract 2106,29.8070404,-95.3653598,0.9010767234757692,5415.0,83618.0,0.06703601108033241,0.09389473684210527
48201210700,Census Tract 2107,29.8067305,-95.3535208,0.4376560632164447,2208.0,61161.0,0.20100045475216008,0.13360739979445016
48201232303,Census Tract 2323.03,29.9028146,-95.2176672,5.089014482000846,5515.0,52446.0,0.2781831448376505,0.3031474323578134
48201232202,Census Tract 2322.02,29.9245986,-95.27341,2.135790499825885,5736.0,157120.0,0.013772663877266387,0.11983223487118035
48201342802,Census Tract 3428.02,29.6972381,-95.1007038,1.9824979042085256,3666.0,131795.0,0.157392253136934,0.037070524412296565
48201232305,Census Tract 2323.05,29.8669963,-95.2001605,2.818952709400662,11986.0,66988.0,0.1524278324712164,0.20170697012802277
48201542002,Census Tract 5420.02,29.8273234,-95.7109839,0.5258923756217553,2483.0,140093.0,0.08699154248892468,0.058673469387755105
48201321302,Census Tract 3213.02,29.6447146,-95.2117152,0.39129252991049446,1929.0,62042.0,0.24935199585277346,0.27001862197392923
48201221702,Census Tract 2217.02,29.8879835,-95.3817022,0.9372189743372992,2959.0,38811.0,0.32882730652247383,0.2868480725623583
48201221602,Census Tract 2216.02,29.8789796,-95.3999888,1.7698780092083126,5586.0,69063.0,0.1686358754027927,0.13845223700120918
48201455000,Census Tract 4550,29.754417,-95.757963,0.48186900749903444,3601.0,105625.0,0.2490974729241877,0.07440212577502214
48201222505,Census Tract 2225.05,29.9200897,-95.4039884,0.5439407210251633,3304.0,75994.0,0.11371951219512196,0.1668545659526494
48201333802,Census Tract 3338.02,29.611946,-95.273954,1.3115048624682684,6105.0,86897.0,0.06208026208026208,0.20905391658189218
48201543010,Census Tract 5430.10,29.8845421,-95.7158545,0.5280441229515915,5584.0,81671.0,0.05748567335243553,0.030240549828178694
48201542106,Census Tract 5421.06,29.8720539,-95.7131657,1.1763289523363873,8489.0,87451.0,0.051360584285546,0.14715245843650512
48201543005,Census Tract 5430.05,29.9308998,-95.7785544,29.08770998180374,12043.0,112123.0,0.13044922361537822,0.09343103899502748
48201542305,Census Tract 5423.05,29.8249639,-95.7395706,1.0128193213983518,4761.0,87338.0,0.05524049569418189,0.055517477724468814
48201541006,Census Tract 5410.06,29.9279554,-95.6791206,0.8591143686756153,6258.0,104512.0,0.1372078130003202,0.07684265551489806
48201543011,Census Tract 5430.11,29.8886309,-95.708718,0.5150923260416049,4140.0,100188.0,0.07574281539210911,0.0890924229808493
48201421601,Census Tract 4216.01,29.7009353,-95.4900265,0.23622656707871914,3258.0,37008.0,0.3004910988336403,0.422177009155646
48201421501,Census Tract 4215.01,29.7108472,-95.4758568,0.3369096547705773,3991.0,46273.0,0.34687580354847003,0.21921708185053382
48201423002,Census Tract 4230.02,29.6774823,-95.5198711,0.5384600008839423,3080.0,34059.0,0.3626623376623377,0.2815854665565648
48201313000,Census Tract 3130,29.7190688,-95.3734456,0.4628662175595857,2401.0,56516.0,0.20616409829237817,0.18101545253863136
48201543100,Census Tract 5431,29.9640423,-95.8521748,49.20142046520824,4613.0,112981.0,0.1531122217174012,0.05845511482254697
48201420400,Census Tract 4204,29.6575147,-95.4559003,0.9812106820830154,3714.0,94625.0,0.03454790823211876,0.027202838557066823
48201240802,Census Tract 2408.02,30.0252659,-95.3655183,5.091422987266147,8990.0,75776.0,0.2998652291105121,0.1630780091775503
48201421403,Census Tract 4214.03,29.7091209,-95.4888961,0.2525405415857295,4503.0,32813.0,0.35747611641857363,0.38159675236806495
48201421402,Census Tract 4214.02,29.7145907,-95.4868557,0.06225704256225331,3661.0,37684.0,0.3881453154875717,0.23454833597464342
48201313400,Census Tract 3134,29.694189,-95.3381856,0.7214689491373766,3803.0,42500.0,0.28766763081777547,0.26783479349186484
48201313500,Census Tract 3135,29.6887139,-95.3478932,0.6284109929755624,1781.0,29922.0,0.36327905670971367,0.2576882290562036
48201313600,Census Tract 3136,29.6916477,-95.3575745,0.8944137585249379,4618.0,34013.0,0.4465136422693807,0.26655537006121316
48201313700,Census Tract 3137,29.6975415,-95.3665463,0.5164124093218327,2327.0,48240.0,0.1205183585313175,0.3213149522799576
48201450804,Census Tract 4508.04,29.7525856,-95.5607881,0.24468452096484722,2310.0,61250.0,0.05064935064935065,0.21441281138790036
48201451006,Census Tract 4510.06,29.743152,-95.5786091,0.3929523830902838,2465.0,103096.0,0.03286004056795132,0.07407407407407407
48201451904,Census Tract 4519.04,29.7238504,-95.6121198,0.5765180906564085,3601.0,56369.0,0.08719800055540128,0.0910569105691057
48201451301,Census Tract 4513.01,29.7407161,-95.5987278,0.5820347182983786,4018.0,90086.0,0.06819313091090094,0.1299254526091587
48201440102,Census Tract 4401.02,29.6393818,-95.5400914,1.2546814355838878,4477.0,66344.0,0.12374357828903283,0.12800819252432155
48201422303,Census Tract 4223.03,29.6477685,-95.5057959,0.14793465596257122,3079.0,40471.0,0.44949658980188373,0.3613505747126437
48201331604,Census Tract 3316.04,29.632015,-95.3440505,0.36141787538939707,2690.0,38938.0,0.2998859749144812,0.44835164835164837
48201331502,Census Tract 3315.02,29.6249858,-95.3720635,2.724823705850912,6146.0,54097.0,0.20685695538057744,0.20969649191959006
48201413302,Census Tract 4133.02,29.6852899,-95.4329933,0.6753258801639828,3768.0,170750.0,0.061040339702760085,0.04671280276816609
48201314301,Census Tract 3143.01,29.6800344,-95.4157978,0.11828007967187155,2226.0,50779.0,0.1963162623539982,0.22853087295954577
48201314302,Census Tract 3143.02,29.6847382,-95.4182205,0.4634646759054041,1650.0,41845.0,0.1593939393939394,0.13493975903614458
48201413301,Census Tract 4133.01,29.6908583,-95.4219185,0.5456557868136314,5185.0,70918.0,0.03323615160349854,0.050761421319796954
48201543201,Census Tract 5432.01,29.7978489,-95.5716634,1.8462663907750527,6682.0,80159.0,0.14476247564813427,0.10907732536421368
48201450402,Census Tract 4504.02,29.7806805,-95.614317,0.5827953395508059,2227.0,120909.0,0.06645711719802425,0.01877133105802048
48201554405,Census Tract 5544.05,29.9861749,-95.7079023,1.547926025034918,8825.0,146359.0,0.08203966005665722,0.08998875140607424
48201542105,Census Tract 5421.05,29.8528637,-95.711524,1.2291523608577493,10108.0,102706.0,0.1647210130589632,0.14236329352608423
48201533904,Census Tract 5339.04,29.9333063,-95.4897763,0.47285815532180187,4323.0,50430.0,0.0744853111265325,0.2740983606557377
48201240506,Census Tract 2405.06,29.9595964,-95.3907798,1.0872706284354332,5441.0,45556.0,0.3850395147950744,0.29128672745694023
48201540800,Census Tract 5408,29.8916184,-95.6038324,3.7045386281715404,6864.0,66179.0,0.11523892773892774,0.15077051228654728
48201531000,Census Tract 5310,29.8251751,-95.4199886,0.9213316427155336,5027.0,182632.0,0.0483389695643525,0.03154875717017208
48201252500,Census Tract 2525,29.7625504,-95.1252106,11.702220131041452,4545.0,47298.0,0.28734873487348733,0.2833448514167243
48201452300,Census Tract 4523,29.7109421,-95.5643445,0.7755962246483055,2216.0,71384.0,0.20216606498194944,0.17767106842737096
48201552200,Census Tract 5522,29.946007,-95.6475822,3.85427058968236,7367.0,88155.0,0.054974888014117006,0.06929027917928018
48201341700,Census Tract 3417,29.6231039,-95.0117714,1.017444439156132,3016.0,58967.0,0.09582228116710875,0.19636087945413191
48201321800,Census Tract 3218,29.6878761,-95.2387279,0.5038339731992052,4101.0,66856.0,0.26779577810505645,0.2898172323759791
48201311200,Census Tract 3112,29.7193035,-95.2990327,1.1351658290045201,4523.0,62096.0,0.0855626796374088,0.22235649546827796
48201211000,Census Tract 2110,29.7970912,-95.3321489,0.43230468729835214,1674.0,26563.0,0.2723404255319149,0.3408450704225352
48201412500,Census Tract 4125,29.7089395,-95.43671,0.24923898202760478,1706.0,162885.0,0.049824150058616644,0.007246376811594203
48201211200,Census Tract 2112,29.7981731,-95.3203735,0.6574833272111045,2330.0,30833.0,0.32889652211249465,0.36233269598470363
48201454100,Census Tract 4541,29.7053963,-95.6538245,0.6689903298436378,3837.0,62188.0,0.18165185572399373,0.20940550133096716
48201454200,Census Tract 4542,29.7053095,-95.6691898,0.5326831403870808,4270.0,66093.0,0.0784452296819788,0.31031390134529147
48201240504,Census Tract 2405.04,29.947808,-95.3935704,0.1644710253129309,2888.0,36176.0,0.24480609418282548,0.1536050156739812
48201550101,Census Tract 5501.01,29.9516654,-95.4240204,0.3270679107480536,2430.0,26842.0,0.5521702838063439,0.5406976744186046
48201240102,Census Tract 2401.02,29.9476296,-95.410321,0.7419072669024724,1689.0,42664.0,0.35168738898756663,0.10852713178294573
48201250404,Census Tract 2504.04,29.9895747,-95.1517146,1.2260766710624011,5041.0,123795.0,0.030152747470739934,0.0
48201541801,Census Tract 5418.01,29.7956969,-95.7120202,0.5519395994447249,3980.0,71294.0,0.19522613065326633,0.2032806092560047
48201530702,Census Tract 5307.02,29.8516318,-95.4039843,0.6970939337632712,4321.0,34674.0,0.3931960194399445,0.3746498599439776
48201333904,Census Tract 3339.04,29.6155079,-95.2452878,0.8074091120055374,6275.0,73715.0,0.1450199203187251,0.09311163895486936
48201252304,Census Tract 2523.04,29.7981484,-95.1584829,0.5873494145114049,4171.0,68632.0,0.08654998801246704,0.2884770346494762
48201252003,Census Tract 2520.03,29.9467989,-95.1550258,3.4900461377021537,10901.0,173138.0,0.005320612787817631,0.006622516556291391
48201233104,Census Tract 2331.04,29.7766026,-95.1662698,0.31026049768236197,2554.0,44635.0,0.32576350822239625,0.35246995994659547
48201323602,Census Tract 3236.02,29.6400294,-95.1867524,0.8518761115084811,4299.0,76691.0,0.02605257036520121,0.03347799132052077
48201312501,Census Tract 3125.01,29.7431037,-95.3699612,0.37881370814478377,3348.0,132250.0,0.1166267942583732,0.025934861278648975
48201510702,Census Tract 5107.02,29.7682184,-95.4037047,0.1979955035392035,2059.0,244293.0,0.04953861097620204,0.033953997809419496
48201431204,Census Tract 4312.04,29.745188,-95.5037723,0.3355706524845784,3195.0,78818.0,0.03317683881064163,0.04149128081779916
48201533301,Census Tract 5333.01,29.8721419,-95.419105,0.73397170923692,3154.0,39754.0,0.32729007633587787,0.48619768477292963
48201221501,Census Tract 2215.01,29.8643247,-95.3929568,0.6713953601895107,4845.0,42054.0,0.27472527472527475,0.11684782608695653
48201550700,Census Tract 5507,29.9424559,-95.4971206,2.3407675025967594,5079.0,105333.0,0.22228785193935813,0.1613372093023256
48201550800,Census Tract 5508,29.9505902,-95.4759391,0.7684792035589693,3591.0,70326.0,0.06633835457705678,0.2732793522267207
48201324101,Census Tract 3241.01,29.7100789,-95.2099917,1.1247260127383365,5105.0,50940.0,0.24407443682664054,0.3061594202898551
48201343601,Census Tract 3436.01,29.7168436,-95.0673412,18.855412428901076,0.0,,,
48201343602,Census Tract 3436.02,29.6647171,-95.0071196,2.0652226082999277,2906.0,68409.0,0.14496314496314497,0.0757314974182444
48201340201,Census Tract 3402.01,29.6096139,-95.1668693,3.8194283447888107,0.0,,,
48201324102,Census Tract 3241.02,29.7278496,-95.1800402,6.613400630630695,0.0,,,
48201340202,Census Tract 3402.02,29.6124159,-95.1410122,6.2943157681137,8505.0,170807.0,0.04315108759553204,0.004796163069544364
48201324200,Census Tract 3242,29.715847,-95.2454782,2.504684857414268,728.0,50313.0,0.23119777158774374,0.25597269624573377
48201542108,Census Tract 5421.08,29.8723741,-95.6979537,0.7426555328858248,5180.0,67125.0,0.0771622934888241,0.1111111111111111
48201554600,Census Tract 5546,30.0022936,-95.6187959,1.4071080040595245,4645.0,142781.0,0.03183885640025991,0.017675050985723997
48201432200,Census Tract 4322,29.7329622,-95.5301033,0.6465643581661076,3865.0,54854.0,0.048124191461836996,0.062195781503515415
48201313902,Census Tract 3139.02,29.6832036,-95.3862954,0.24476483021383447,2706.0,66013.0,0.12490761271249076,0.055944055944055944
48201341304,Census Tract 3413.04,29.5693697,-95.0880856,4.020339305727546,1543.0,80500.0,0.18464730290456433,0.006830601092896175
48201211102,Census Tract 2111.02,29.7870675,-95.3275202,0.4315811318531497,2401.0,29750.0,0.5456059975010412,0.21203830369357046
48201341204,Census Tract 3412.04,29.5463723,-95.0826346,0.8453224134685313,3504.0,71861.0,0.12300228310502283,0.1367335865436788
48201211501,Census Tract 2115.01,29.7638631,-95.2929525,1.419049757722633,3129.0,38641.0,0.36113774368807927,0.2226762002042901
48201211502,Census Tract 2115.02,29.7705946,-95.3031847,0.9215745009732883,2805.0,57063.0,0.2784313725490196,0.1408614668218859
48201311002,Census Tract 3110.02,29.7446647,-95.2950088,0.5766899061169821,3516.0,52092.0,0.22070534698521047,0.20524412296564196
48201211301,Census Tract 2113.01,29.7764213,-95.3335041,0.44436999365221025,2676.0,35208.0,0.4857997010463378,0.43103448275862066
48201211101,Census Tract 2111.01,29.7870574,-95.3359408,0.4940659746889726,2954.0,41784.0,0.34475738038683407,0.39764201500535906
48201340701,Census Tract 3407.01,29.5584075,-95.1305252,0.7351914059559138,3918.0,69716.0,0.15135273098519653,0.0787292817679558
48201510701,Census Tract 5107.01,29.7637653,-95.4040693,0.2181782216753111,2165.0,84615.0,0.23879907621247112,0.041888804265041886
48201552701,Census Tract 5527.01,29.97031,-95.5480677,0.8079697323398137,3266.0,65875.0,0.12737041719342604,0.09159347553324969
48201552802,Census Tract 5528.02,29.9767448,-95.5294136,1.0999587175711012,4051.0,103073.0,0.11603166749134092,0.035329341317365266
48201453901,Census Tract 4539.01,29.6853389,-95.6286556,0.8912871032446554,6103.0,85130.0,0.1839841164791529,0.16774573278399058
48201553700,Census Tract 5537,30.017556,-95.5100597,1.2131881949064238,4398.0,72511.0,0.12774918109499298,0.11049037864680322
48201554502,Census Tract 5545.02,29.9909867,-95.6332334,1.7845054894865908,6006.0,151694.0,0.04312354312354312,0.008675799086757991
48201554301,Census Tract 5543.01,29.98903,-95.593846,2.117858757274372,7922.0,124347.0,0.012609366958311889,0.01812366737739872
48201555701,Census Tract 5557.01,30.0106051,-95.7403319,4.15600556560084,12322.0,125665.0,0.0328680409024509,0.022542595019659238
48201221900,Census Tract 2219,29.8818677,-95.3491038,1.028600088824346,4854.0,59154.0,0.33106716110424395,0.12964563526361278
48201222000,Census Tract 2220,29.8683924,-95.3371157,0.4388228639397113,2028.0,40598.0,0.28057199211045364,0.09683426443202979
48201555501,Census Tract 5555.01,30.0778065,-95.6624252,16.346686626294975,5958.0,103764.0,0.05043712172158709,0.11504854368932038
48201251401,Census Tract 2514.01,30.0808776,-95.1912368,0.46417819269448307,2975.0,125521.0,0.09310924369747899,0.052995391705069124
48201334002,Census Tract 3340.02,29.6084085,-95.2143178,0.512422043512779,2420.0,67938.0,0.05909090909090909,0.05178571428571429
48201550602,Census Tract 5506.02,29.944128,-95.4594405,0.43346839920435004,2665.0,69375.0,0.1474671669793621,0.2369146005509642
48201452802,Census Tract 4528.02,29.6962861,-95.6001998,0.5013737302446536,6301.0,58906.0,0.22837644818282812,0.30278884462151395
48201542302,Census Tract 5423.02,29.8107442,-95.7416055,1.716014827573861,7713.0,83406.0,0.09451575262543757,0.12193158953722334
48201552301,Census Tract 5523.01,29.9561596,-95.6185558,1.6503218619022928,4900.0,77016.0,0.11909184726522187,0.1608222490931076
48201452801,Census Tract 4528.01,29.6961359,-95.6094894,0.6182406760160765,5413.0,54087.0,0.19286901902826528,0.19945205479452055
48201556000,Census Tract 5560,30.0737945,-95.8584492,51.345760425131836,15854.0,114077.0,0.07283715012722647,0.08996212121212122
48201343700,Census Tract 3437,29.637726,-95.0605551,15.467968306618983,3859.0,65521.0,0.17076962943767815,0.16240497581202487
48201520400,Census Tract 5204,29.808373,-95.4772723,0.7878719566785966,3837.0,34623.0,0.4787594474850143,0.2129032258064516
48201350700,Census Tract 3507,29.533973,-95.186965,0.5479279980169485,2360.0,92917.0,0.04533898305084746,0.06206896551724138
48201341400,Census Tract 3414,29.5883409,-95.0634208,5.191485222686988,5678.0,147572.0,0.03670863628302891,0.006424965580541533
48201310600,Census Tract 3106,29.732539,-95.3248198,0.6856483213739542,4598.0,51837.0,0.1341490058990605,0.132486388384755
48201254700,Census Tract 2547,29.6998838,-94.9596981,5.650274587553995,2665.0,61250.0,0.07129455909943715,0.13687436159346272
48201322600,Census Tract 3226,29.6990572,-95.1577745,0.9571468650487357,4985.0,66946.0,0.15606820461384152,0.16774573278399058
48201421000,Census Tract 4210,29.713242,-95.4654299,0.7246214732622847,2913.0,210815.0,0.026433230346721594,0.02966507177033493
48201555303,Census Tract 5553.03,30.1340396,-95.570628,8.130214543726225,16375.0,140579.0,0.09355725190839695,0.005759940542549238
48201554302,Census Tract 5543.02,29.9751391,-95.6116274,2.2840008327296917,4855.0,143099.0,0.03980825343893289,0.0
48201413000,Census Tract 4130,29.6972884,-95.4423771,0.6180846907440051,3111.0,111219.0,0.05271616843458695,0.01347517730496454
48201420800,Census Tract 4208,29.6843756,-95.4684615,0.8113164658504939,2829.0,226250.0,0.05905511811023622,0.007608695652173913
48201251800,Census Tract 2518,29.9626494,-95.0329391,13.976712812013643,1813.0,87167.0,0.08659680088251517,0.006535947712418301
48201540700,Census Tract 5407,29.8571415,-95.6151066,2.8815309889588647,5372.0,67156.0,0.31403574087862995,0.07153652392947103
48201211400,Census Tract 2114,29.7658557,-95.3281845,1.3927237681411595,4291.0,77773.0,0.19948729899790257,0.155631013016412
48201411100,Census Tract 4111,29.7503923,-95.4140675,0.5206552859426061,3667.0,177796.0,0.046632124352331605,0.019120458891013385
48201411200,Census Tract 4112,29.7530897,-95.4311683,1.3144021730663467,1700.0,176042.0,0.06,0.03663003663003663
48201411400,Census Tract 4114,29.744645,-95.4330815,0.6682586662531049,2898.0,250001.0,0.025183630640083946,0.0
48201252800,Census Tract 2528,29.8620069,-95.0331682,23.56691513923591,6690.0,63109.0,0.22783674689789207,0.1014799154334038
48201411600,Census Tract 4116,29.735475,-95.453745,0.5269194073636114,2806.0,127426.0,0.04490377761938703,0.0
48201332900,Census Tract 3329,29.690418,-95.2904739,0.7128364770755646,4635.0,41194.0,0.3064767415980414,0.2780358327803583
48201254800,Census Tract 2548,29.7468615,-95.0131108,7.148103857511532,2482.0,46875.0,0.3443177017321504,0.15711009174311927
48201534002,Census Tract 5340.02,29.9145954,-95.5026624,1.251800727378629,5216.0,55481.0,0.2026457055214724,0.1775827143821742
48201534003,Census Tract 5340.03,29.930164,-95.5124368,0.5115884489523777,2307.0,69661.0,0.2092616863259065,0.10610465116279069
48201221800,Census Tract 2218,29.8824395,-95.3611015,1.2129202400083605,4032.0,58540.0,0.21485742871435717,0.16679968076616122
48201232600,Census Tract 2326,29.7831801,-95.2494321,2.3627297655818196,2568.0,70764.0,0.10007788161993769,0.0908130939809926
48201423201,Census Tract 4232.01,29.6609441,-95.5441185,0.7484520845927745,2631.0,80141.0,0.14117199391171995,0.20856201975850713
48201534203,Census Tract 5342.03,29.8725945,-95.5371392,1.6307437797465412,2334.0,60461.0,0.16310767832803272,0.23547400611620795
48201423001,Census Tract 4230.01,29.6792289,-95.5112379,0.15049876039778423,3299.0,36117.0,0.328584419521067,0.38899253731343286
48201422406,Census Tract 4224.06,29.6620002,-95.5040573,0.2389501317054309,2757.0,44519.0,0.24954061006982728,0.22161671207992734
48201422601,Census Tract 4226.01,29.6813035,-95.5030309,0.4053972278660384,3272.0,46015.0,0.24631173829377806,0.17321016166281755
48201422602,Census Tract 4226.02,29.6870675,-95.4977289,0.46943111256213454,2359.0,73162.0,0.10512929207291224,0.044760935910478125
48201422502,Census Tract 4225.02,29.6694937,-95.499711,0.3861747457983504,3043.0,45382.0,0.09913793103448276,0.1593597773138483
48201541401,Census Tract 5414.01,29.8574106,-95.6506938,0.5549693430832006,4542.0,81122.0,0.07793923381770146,0.09811046511627906
48201541702,Census Tract 5417.02,29.7879676,-95.6666937,1.040985087765519,2644.0,64765.0,0.04236006051437216,0.1533948030176027
48201554409,Census Tract 5544.09,29.9711748,-95.6704457,2.054487423882421,7224.0,151082.0,0.0,0.0
48201422404,Census Tract 4224.04,29.654967,-95.4970625,0.1767703095748961,2676.0,40478.0,0.2234678624813154,0.3005524861878453
48201413206,Census Tract 4132.06,29.6988296,-95.4192516,0.10159583319477093,2653.0,73281.0,0.09460987561251413,0.01818181818181818
48201412202,Census Tract 4122.02,29.7053907,-95.4129548,0.5519681710044607,3496.0,167986.0,0.06686478454680535,0.0
48201413205,Census Tract 4132.05,29.7031646,-95.420566,0.11593682567137345,1503.0,63837.0,0.14171656686626746,0.03506787330316742
48201413203,Census Tract 4132.03,29.7034791,-95.4252449,0.0949459957173317,1874.0,63640.0,0.1622198505869797,0.006650041562759767
48201542003,Census Tract 5420.03,29.811598,-95.7114603,0.45209667004996407,3809.0,92004.0,0.10974008926227356,0.017101710171017102
48201555403,Census Tract 5554.03,30.1087654,-95.6300763,2.658724560708505,4474.0,82604.0,0.0723055934515689,0.20157384987893462
48201334102,Census Tract 3341.02,29.6491987,-95.4251091,4.634995023201092,6742.0,65064.0,0.21954143563614567,0.11244813278008299
48201540503,Census Tract 5405.03,29.8598465,-95.6403338,0.26451820274958715,5037.0,60318.0,0.10283899146317252,0.25670945157526254
48201542304,Census Tract 5423.04,29.822768,-95.7256964,0.7654784175823881,5523.0,84679.0,0.06402328119316116,0.1327930174563591
48201330101,Census Tract 3301.01,29.6347394,-95.425876,0.4448858261360899,5251.0,79040.0,0.170443725004761,0.09205776173285199
48201541403,Census Tract 5414.03,29.8548134,-95.6651534,0.2873449484677364,3278.0,52255.0,0.1912751677852349,0.13674496644295303
48201541204,Census Tract 5412.04,29.8840144,-95.6598924,0.7092534490438259,5826.0,86160.0,0.023575976596110826,0.03450194769059544
48201541404,Census Tract 5414.04,29.8636612,-95.6577721,0.48122769181361225,3421.0,79421.0,0.0719087985969015,0.08699551569506726
48201542202,Census Tract 5422.02,29.8497048,-95.7506737,5.450237375800154,11845.0,76866.0,0.1818489958478095,0.14773064372589736
48201421205,Census Tract 4212.05,29.718099,-95.4937154,0.15523160065781152,2377.0,33816.0,0.37904922170803534,0.3368544600938967
48201240400,Census Tract 2404,29.9868519,-95.3808064,8.067958659470449,7620.0,62357.0,0.21597751906864712,0.20930232558139536
48201532200,Census Tract 5322,29.8566387,-95.482225,0.7182067719994283,3566.0,36058.0,0.5123387549074594,0.1769578313253012
48201555200,Census Tract 5552,30.0956751,-95.471982,7.205958177159355,12804.0,101702.0,0.1275526233113415,0.10432190760059612
48201431600,Census Tract 4316,29.7645271,-95.4837986,1.1353488414276929,3582.0,118409.0,0.09178743961352658,0.0
48201340400,Census Tract 3404,29.5797559,-95.1125417,0.612591615333709,1070.0,147115.0,0.07102803738317758,0.015217391304347827
48201310900,Census Tract 3109,29.7357902,-95.3013251,0.6718976790978396,4145.0,45763.0,0.15036496350364964,0.07917570498915401
48201232801,Census Tract 2328.01,29.7877479,-95.1988151,0.3565236444270781,2807.0,69635.0,0.10224438902743142,0.07922705314009662
48201322701,Census Tract 3227.01,29.6950477,-95.1662502,0.3077597140011581,2882.0,71145.0,0.0652324774462179,0.3413566739606127
48201253502,Census Tract 2535.02,29.7790776,-95.0152081,1.3239219078886042,3665.0,69403.0,0.1863574351978172,0.296
48201533302,Census Tract 5333.02,29.8793086,-95.4249141,0.6321195042088437,3938.0,47569.0,0.1946805593638607,0.3014769765421373
48201252601,Census Tract 2526.01,29.7911155,-95.1159594,1.4938419929657516,3589.0,41075.0,0.38200055725828924,0.27586206896551724
48201232500,Census Tract 2325,29.8055793,-95.2458132,4.419537277335223,4397.0,44481.0,0.42979274611398965,0.1693548387096774
48201252602,Census Tract 2526.02,29.8310128,-95.1034251,11.412619573763218,3860.0,47609.0,0.13186528497409328,0.2831541218637993
48201252901,Census Tract 2529.01,29.8120904,-95.0716216,1.581537376246874,2268.0,49063.0,0.20195729537366547,0.04299889746416759
48201533402,Census Tract 5334.02,29.885003,-95.443086,1.8137801412532355,6434.0,53581.0,0.187639375597324,0.15704500978473582
48201454400,Census Tract 4544,29.7493996,-95.6721883,12.573185905475064,1013.0,60242.0,0.09180651530108588,0.26758409785932724
48201533903,Census Tract 5339.03,29.9218656,-95.4861431,0.6454114571205503,4135.0,73625.0,0.07980652962515115,0.14995715509854327
48201541701,Census Tract 5417.01,29.8232348,-95.6656646,3.082365501670199,6879.0,94661.0,0.23091519486206394,0.31421884142773554
48201541902,Census Tract 5419.02,29.8227994,-95.6946413,1.144195214085365,4756.0,102899.0,0.1312026913372582,0.029860650298606503
48201241503,Census Tract 2415.03,29.9536216,-95.3350445,6.835809759759862,2644.0,51519.0,0.17494270435446907,0.1793478260869565
48201240503,Census Tract 2405.03,29.9497216,-95.3889544,0.08345791209056941,2731.0,37138.0,0.3519072550486163,0.301255230125523
48201251300,Census Tract 2513,30.056098,-95.1997991,2.5234953684787382,7242.0,131636.0,0.028583264291632146,0.03273453093812375
48201250802,Census Tract 2508.02,30.0216239,-95.1633909,1.4859913777750895,4597.0,140201.0,0.12725690667826844,0.006422607578676943
48201251701,Census Tract 2517.01,30.0343158,-95.108073,3.9081345435211285,4631.0,86486.0,0.17318073850140359,0.11921458625525946
48201222702,Census Tract 2227.02,29.9351165,-95.3415611,2.324626887958957,3218.0,22941.0,0.41547545059042884,0.4640921409214092
48201550102,Census Tract 5501.02,29.9428126,-95.4298022,1.020947544041042,2295.0,45634.0,0.35947712418300654,0.38910133843212236
48201250403,Census Tract 2504.03,29.9999182,-95.1401641,0.7966631167275899,4543.0,82480.0,0.08276469293418445,0.0941385435168739
48201250801,Census Tract 2508.01,30.0114299,-95.1503648,1.169726605424455,3576.0,132574.0,0.03979678238780694,0.05084745762711865
48201555001,Census Tract 5550.01,30.0670779,-95.4648732,0.7526304821530629,2483.0,134444.0,0.09383809907370116,0.015479876160990712
48201251100,Census Tract 2511,30.0350367,-95.2354857,4.050169172398247,7435.0,107067.0,0.03559870550161812,0.018014411529223378
48201251200,Census Tract 2512,30.0576484,-95.222727,1.3368269864374012,6260.0,72500.0,0.06693290734824281,0.1149665551839465
48201250902,Census Tract 2509.02,30.0454205,-95.1435886,3.127934050631607,5784.0,190950.0,0.0031120331950207467,0.0114598903836572
48201553601,Census Tract 5536.01,30.0268528,-95.4973489,1.1403021460202767,5173.0,115833.0,0.07080163838502047,0.005841121495327103
48201240803,Census Tract 2408.03,30.0309154,-95.4153199,0.7753668799661015,2325.0,49066.0,0.2674772036474164,0.09607438016528926
48201232201,Census Tract 2322.01,29.9295865,-95.290185,1.7100819818049282,6726.0,46602.0,0.40653554282174387,0.27386797599563556
48201222701,Census Tract 2227.01,29.9349872,-95.3038018,0.41410769256388597,2706.0,19739.0,0.5133037694013304,0.7078891257995735
48201410101,Census Tract 4101.01,29.7548997,-95.3821568,0.16671813987593945,2246.0,92813.0,0.17142857142857143,0.128739800543971
48201533804,Census Tract 5338.04,29.9127583,-95.4591561,1.9397243487731688,6437.0,91601.0,0.13857386981513128,0.14757554462403374
48201333801,Census Tract 3338.01,29.6124739,-95.2899199,1.9858006220731261,4084.0,52550.0,0.3117042115572968,0.26369327073552423
48201252002,Census Tract 2520.02,29.8914099,-95.1790709,9.488408423620138,6630.0,135174.0,0.009368389241462678,0.012087912087912088
48201321200,Census Tract 3212,29.6366004,-95.2013929,1.1432650939853157,5008.0,33750.0,0.3592252396166134,0.42422096317280455
48201410602,Census Tract 4106.02,29.7493804,-95.3778889,0.1461188175107105,2647.0,93715.0,0.07404608991310918,0.0056179775280898875
48201980700,Census Tract 9807,29.7620997,-95.3652151,0.48479180083957996,2067.0,90972.0,0.14997581035316884,0.023791250959324637
48201510202,Census Tract 5102.02,29.7716159,-95.386583,1.0162652831637904,6566.0,112284.0,0.10767590618336886,0.027522935779816515
48201410102,Census Tract 4101.02,29.7585545,-95.3791929,0.29840716141357115,3956.0,73029.0,0.21132457027300303,0.08187815289095848
48201410201,Census Tract 4102.01,29.7599093,-95.3922725,0.2416852793969004,1734.0,80037.0,0.09630911188004614,0.01556420233463035
48201510201,Census Tract 5102.01,29.7649057,-95.3850246,0.3500112593180978,2450.0,118015.0,0.10163265306122449,0.0
48201321500,Census Tract 3215,29.665047,-95.2118806,0.3641904749902501,2700.0,40938.0,0.37666666666666665,0.31746031746031744
48201321600,Census Tract 3216,29.6772103,-95.2196252,1.114307045988717,6937.0,77050.0,0.15589847130083645,0.15132275132275133
48201451003,Census Tract 4510.03,29.744056,-95.5864149,0.09133632663665009,3829.0,43787.0,0.24732306085139724,0.12762133013780708
48201432303,Census Tract 4323.03,29.7330116,-95.5517775,0.4138463014025188,2778.0,58369.0,0.31281497480201587,0.27927927927927926
48201431001,Census Tract 4310.01,29.7422707,-95.5481493,0.8420154484801863,2613.0,98911.0,0.062403697996918334,0.035746201966041107
48201452502,Census Tract 4525.02,29.7086575,-95.6095718,0.43723328135278583,4498.0,43866.0,0.266118274788795,0.19504447268106734
48201451405,Census Tract 4514.05,29.7412332,-95.6211734,0.23854819935833607,2813.0,52619.0,0.13544258798435835,0.06231231231231231
48201431002,Census Tract 4310.02,29.7531399,-95.5505255,0.7698367387485806,3020.0,106250.0,0.010596026490066225,0.025472473294987676
48201451005,Census Tract 4510.05,29.7399119,-95.5741083,0.11608547500243158,1967.0,33341.0,0.373157092018302,0.2423112767940354
48201323601,Census Tract 3236.01,29.6517544,-95.1941205,1.1014915431407135,4141.0,49542.0,0.13933832407631008,0.24058823529411766
48201341600,Census Tract 3416,29.5924178,-95.0146989,7.352869662401655,6841.0,120704.0,0.06077510275983558,0.016181229773462782
48201310800,Census Tract 3108,29.730243,-95.3107424,0.7334338689300006,3124.0,53281.0,0.14884763124199743,0.09903381642512077
48201233300,Census Tract 2333,29.7549358,-95.1997032,4.160465045532583,4436.0,61282.0,0.2166366095581605,0.18552036199095023
48201432402,Census Tract 4324.02,29.7238351,-95.5519751,0.4254892119948767,2960.0,39861.0,0.31258503401360543,0.31815044858523117
48201432401,Census Tract 4324.01,29.7231758,-95.5432705,0.274571144652861,3781.0,42297.0,0.28020358960621483,0.11510353227771011
48201553300,Census Tract 5533,30.0265261,-95.4347362,0.5299931666481666,3916.0,43695.0,0.3544607190412783,0.24254881808838644
48201553500,Census Tract 5535,30.0364405,-95.4753038,1.3671456584408799,7369.0,103684.0,0.06435305369586009,0.01488933601609658
48201452401,Census Tract 4524.01,29.7139369,-95.5795752,0.34059693038513605,3187.0,45917.0,0.20635930047694753,0.14174454828660435
48201450401,Census Tract 4504.01,29.7733226,-95.6097768,0.16711080577122805,2020.0,63102.0,0.25643564356435644,0.06896551724137931
48201452204,Census Tract 4522.04,29.7330201,-95.5683818,0.21869173754623916,2414.0,51145.0,0.10853355426677713,0.07278241091736164
48201432301,Census Tract 4323.01,29.7324592,-95.5413274,0.16532238057262744,3510.0,43515.0,0.23817663817663817,0.16150442477876106
48201452203,Census Tract 4522.03,29.7317086,-95.5619818,0.3074940757160464,2195.0,50395.0,0.2720343020485946,0.2522281639928699
48201454305,Census Tract 4543.05,29.7269102,-95.6489919,0.6497890833946725,3546.0,46644.0,0.26875352509870276,0.16898608349900596
48201454304,Census Tract 4543.04,29.7239018,-95.6571042,0.3216624805277581,5934.0,65549.0,0.12773845635321873,0.13216715257531583
48201452702,Census Tract 4527.02,29.696058,-95.6286968,0.6819483043881619,4187.0,49904.0,0.1148793885837115,0.34196547144754313
48201452103,Census Tract 4521.03,29.7315502,-95.5754462,0.2486517206443855,2559.0,84556.0,0.19140469558296858,0.5468956406869221
48201451004,Census Tract 4510.04,29.7387558,-95.5848866,0.14004967767979445,1700.0,51826.0,0.25588235294117645,0.09918319719953325
48201451407,Census Tract 4514.07,29.7392062,-95.6163513,0.10280549125764134,1785.0,29990.0,0.2823529411764706,0.1652892561983471
48201450803,Census Tract 4508.03,29.7530873,-95.5683386,0.41820771138598006,4179.0,71755.0,0.22660923665948793,0.13816604708798016
48201422304,Census Tract 4223.04,29.6510865,-95.503642,0.2018337450977719,4382.0,48780.0,0.31811958010041075,0.32211538461538464
48201331501,Census Tract 3315.01,29.6342018,-95.3597071,0.8588444832667591,4551.0,75553.0,0.14348494836299713,0.15937072503419972
48201412902,Census Tract 4129.02,29.683657,-95.4461584,0.47155390223007626,3184.0,95781.0,0.15859766277128548,0.018666666666666668
48201412901,Census Tract 4129.01,29.6863532,-95.4542269,0.31156861179567347,1916.0,85773.0,0.17382198952879582,0.10766246362754607
48201543202,Census Tract 5432.02,29.8101336,-95.6123046,13.6844157172598,3905.0,73839.0,0.13341869398207426,0.04293785310734463
48201554408,Census Tract 5544.08,29.9984827,-95.6775962,2.9927133526493295,9287.0,111601.0,0.04220954021750835,0.0381453469253535
48201554406,Census Tract 5544.06,30.0065617,-95.7127612,2.6149201125097057,5054.0,124500.0,0.05381875741986545,0.0030413625304136255
48201320902,Census Tract 3209.02,29.648769,-95.2312284,0.49353817303817665,3685.0,85656.0,0.06648575305291723,0.12931034482758622
48201342801,Census Tract 3428.01,29.6847511,-95.102969,0.8789028765078,5306.0,126488.0,0.023369770071617037,0.016734279918864097
